{
  "experiment_id": "20251117_120903_gainakt3exp_baseline-bce0.7_621422",
  "dataset": "assist2015",
  "fold": 0,
  "train_auc": 0.6982017743172061,
  "train_acc": 0.7405809140314814,
  "valid_auc": 0.6896812006352406,
  "valid_acc": 0.7361239525445503,
  "test_auc": 0.6854892128870315,
  "test_acc": 0.7304074536376605,
  "train_encoder1_auc": 0.6982017743172061,
  "train_encoder1_acc": 0.7405809140314814,
  "valid_encoder1_auc": 0.6896812006352406,
  "valid_encoder1_acc": 0.7361239525445503,
  "test_encoder1_auc": 0.6854892128870315,
  "test_encoder1_acc": 0.7304074536376605,
  "train_encoder2_auc": 0.47092990953537,
  "train_encoder2_acc": 0.43715916237246455,
  "valid_encoder2_auc": 0.4722130917465125,
  "valid_encoder2_acc": 0.43192634478194436,
  "test_encoder2_auc": 0.4710309593172378,
  "test_encoder2_acc": 0.4400187232524964,
  "train_mastery_correlation": 0.0,
  "train_gain_correlation": 0.0,
  "train_correlation_students": 0,
  "test_mastery_correlation": 0.0,
  "test_gain_correlation": 0.0,
  "test_correlation_students": 0,
  "timestamp": "2025-11-17T12:15:01.232338Z"
}