{
  "experiment_id": "20251116_161535_gainakt3exp_dual-test_852785",
  "dataset": "assist2015",
  "fold": 0,
  "train_auc": 0.6803820797130989,
  "train_acc": 0.7303593050432237,
  "valid_auc": 0.6755979696817074,
  "valid_acc": 0.7315594312353405,
  "test_auc": 0.6715449447083063,
  "test_acc": 0.7257786495482644,
  "train_encoder1_auc": 0.6803820797130989,
  "train_encoder1_acc": 0.7303593050432237,
  "valid_encoder1_auc": 0.6755979696817074,
  "valid_encoder1_acc": 0.7315594312353405,
  "test_encoder1_auc": 0.6715449447083063,
  "test_encoder1_acc": 0.7257786495482644,
  "train_encoder2_auc": 0.4922572369959593,
  "train_encoder2_acc": 0.2657735664873896,
  "valid_encoder2_auc": 0.49539400874587747,
  "valid_encoder2_acc": 0.2598954734352646,
  "test_encoder2_auc": 0.49076274094851813,
  "test_encoder2_acc": 0.26664289110794104,
  "train_mastery_correlation": 0.0,
  "train_gain_correlation": 0.0,
  "train_correlation_students": 0,
  "test_mastery_correlation": 0.0,
  "test_gain_correlation": 0.0,
  "test_correlation_students": 0,
  "timestamp": "2025-11-16T16:25:08.985600Z"
}