{
  "experiment_id": "20251116_203019_gainakt3exp_phase2_bce0.4_660850",
  "dataset": "assist2015",
  "fold": 0,
  "train_auc": 0.7027779165560344,
  "train_acc": 0.7503402509879011,
  "valid_auc": 0.689202084895237,
  "valid_acc": 0.7410096448627237,
  "test_auc": 0.6848684658520434,
  "test_acc": 0.7337508915834522,
  "train_encoder1_auc": 0.7027779165560344,
  "train_encoder1_acc": 0.7503402509879011,
  "valid_encoder1_auc": 0.689202084895237,
  "valid_encoder1_acc": 0.7410096448627237,
  "test_encoder1_auc": 0.6848684658520434,
  "test_encoder1_acc": 0.7337508915834522,
  "train_encoder2_auc": 0.5442960810666347,
  "train_encoder2_acc": 0.5840396474530454,
  "valid_encoder2_auc": 0.5448306027299674,
  "valid_encoder2_acc": 0.5838207671120886,
  "test_encoder2_auc": 0.5433187442665761,
  "test_encoder2_acc": 0.5854879933428435,
  "train_mastery_correlation": 0.0,
  "train_gain_correlation": 0.0,
  "train_correlation_students": 0,
  "test_mastery_correlation": 0.0,
  "test_gain_correlation": 0.0,
  "test_correlation_students": 0,
  "timestamp": "2025-11-16T20:37:53.103826Z"
}