epoch,train_loss,train_auc,train_acc,val_loss,val_auc,val_acc,train_bce_loss,train_im_loss,val_bce_loss,val_im_loss,train_encoder1_auc,train_encoder1_acc,val_encoder1_auc,val_encoder1_acc,train_encoder2_auc,train_encoder2_acc,val_encoder2_auc,val_encoder2_acc
1,0.589679,0.679029,0.734370,0.589679,0.674488,0.740241,0.563429,0.607178,0.563429,0.607178,0.679029,0.734370,0.674488,0.740241,0.529347,0.734370,0.530087,0.740241
2,0.585510,0.690852,0.734370,0.585510,0.684470,0.740241,0.554343,0.606288,0.554343,0.606288,0.690852,0.734370,0.684470,0.740241,0.532912,0.734370,0.533251,0.740241
3,0.583975,0.696508,0.734370,0.583975,0.688774,0.740241,0.551806,0.605422,0.551806,0.605422,0.696508,0.734370,0.688774,0.740241,0.536104,0.734370,0.536629,0.740241
4,0.582736,0.699273,0.734370,0.582736,0.688973,0.740241,0.549965,0.604583,0.549965,0.604583,0.699273,0.734370,0.688973,0.740241,0.540506,0.734370,0.541318,0.740241
5,0.581556,0.702776,0.734370,0.581556,0.689201,0.740241,0.548232,0.603772,0.548232,0.603772,0.702776,0.734370,0.689201,0.740241,0.544299,0.734370,0.544835,0.740241
6,0.580365,0.705286,0.734370,0.580365,0.687781,0.740241,0.546431,0.602988,0.546431,0.602988,0.705286,0.734370,0.687781,0.740241,0.546726,0.734370,0.547001,0.740241
7,0.579196,0.707890,0.734370,0.579196,0.686393,0.740241,0.544646,0.602229,0.544646,0.602229,0.707890,0.734370,0.686393,0.740241,0.548668,0.734370,0.548804,0.740241
8,0.578145,0.709152,0.734370,0.578145,0.684735,0.740241,0.543120,0.601494,0.543120,0.601494,0.709152,0.734370,0.684735,0.740241,0.550247,0.734370,0.550280,0.740241
9,0.577373,0.710712,0.734370,0.577373,0.682859,0.740241,0.542257,0.600783,0.542257,0.600783,0.710712,0.734370,0.682859,0.740241,0.551795,0.734370,0.551750,0.740241
