epoch,train_loss,train_auc,train_acc,val_loss,val_auc,val_acc,train_bce_loss,train_im_loss,val_bce_loss,val_im_loss,train_encoder1_auc,train_encoder1_acc,val_encoder1_auc,val_encoder1_acc,train_encoder2_auc,train_encoder2_acc,val_encoder2_auc,val_encoder2_acc
1,0.599013,0.677991,0.734370,0.599013,0.673812,0.740241,0.563586,0.607869,0.563586,0.607869,0.677991,0.734370,0.673812,0.740241,0.521031,0.734370,0.522261,0.740241
2,0.596550,0.688848,0.734370,0.596550,0.683124,0.740241,0.554694,0.607014,0.554694,0.607014,0.688848,0.734370,0.683124,0.740241,0.526057,0.734370,0.527086,0.740241
3,0.595435,0.693580,0.734370,0.595435,0.686981,0.740241,0.552456,0.606179,0.552456,0.606179,0.693580,0.734370,0.686981,0.740241,0.528601,0.734370,0.529300,0.740241
4,0.594480,0.697427,0.734370,0.594480,0.689418,0.740241,0.550926,0.605369,0.550926,0.605369,0.697427,0.734370,0.689418,0.740241,0.530347,0.734370,0.530983,0.740241
5,0.593586,0.700160,0.734370,0.593586,0.690326,0.740241,0.549595,0.604584,0.549595,0.604584,0.700160,0.734370,0.690326,0.740241,0.531921,0.734370,0.532584,0.740241
6,0.592731,0.701890,0.734370,0.592731,0.689858,0.740241,0.548361,0.603823,0.548361,0.603823,0.701890,0.734370,0.689858,0.740241,0.533782,0.734370,0.534581,0.740241
