{
  "experiment_name": "optimal_v1",
  "best_val_auc": 0.7154218616474952,
  "final_consistency_metrics": {
    "monotonicity_violation_rate": 0.0,
    "negative_gain_rate": 0.0,
    "bounds_violation_rate": 0.0,
    "mastery_correlation": -0.02402916585485461,
    "gain_correlation": 0.03899743991750183
  },
  "train_history": {
    "train_loss": [
      0.548750095571261
    ],
    "train_auc": [
      0.691302039484479
    ],
    "val_auc": [
      0.7154218616474952
    ],
    "consistency_metrics": [
      {
        "monotonicity_violation_rate": 0.0,
        "negative_gain_rate": 0.0,
        "bounds_violation_rate": 0.0,
        "mastery_correlation": -0.0052095709691595245,
        "gain_correlation": 0.07351136125823296
      }
    ],
    "semantic_trajectory": [
      {
        "epoch": 1,
        "mastery_correlation": -0.0052095709691595245,
        "gain_correlation": 0.07351136125823296,
        "warmup_scale": 0.25,
        "alignment_corr_mastery": 0.1749931126832962,
        "alignment_corr_gain": 0.22051309049129486,
        "global_alignment_mastery_corr": 0.0004184626351343468,
        "global_alignment_gain_corr": 0.016049650424392894,
        "effective_alignment_weight": 0.03125,
        "peak_mastery_corr": 0.0004184626351343468,
        "retention_loss_value": 0.0,
        "mean_lag_corr": 0.0,
        "lag_corr_count": 0,
        "consistency_loss_weight_current": 0.3,
        "sparsity_loss_weight_current": 0.2,
        "loss_shares": {
          "main": 0.9701868150010362,
          "constraint_total": 0.029813181463374767,
          "alignment": -0.01289166041789262,
          "lag": 0.0,
          "retention": 0.0
        },
        "mean_mastery_variance": 0.015812130200970977,
        "min_mastery_variance": 0.011143878102302551,
        "max_mastery_variance": 0.039195865392684937,
        "per_lag_correlations": []
      }
    ]
  }
}