{
  "train": {
    "total_auc": 0.7511895960142875,
    "total_acc": 0.7609678146031031,
    "bce_auc": 0.7511895960142875,
    "bce_acc": 0.7609678146031031,
    "mastery_auc": "N/A",
    "mastery_acc": "N/A"
  },
  "valid": {
    "total_auc": 0.7246077320296858,
    "total_acc": 0.7529319020136449,
    "bce_auc": 0.7246077320296858,
    "bce_acc": 0.7529319020136449,
    "mastery_auc": "N/A",
    "mastery_acc": "N/A"
  },
  "test": {
    "total_auc": 0.7178427583917331,
    "total_acc": 0.7465302543984783,
    "bce_auc": 0.7178427583917331,
    "bce_acc": 0.7465302543984783,
    "mastery_auc": "N/A",
    "mastery_acc": "N/A"
  },
  "checkpoint_epoch": 7,
  "checkpoint_val_auc": 0.7246075623264819
}