epoch,train_loss,train_auc,train_acc,val_loss,val_auc,val_acc,train_bce_loss,train_im_loss,val_bce_loss,val_im_loss,train_encoder1_auc,train_encoder1_acc,val_encoder1_auc,val_encoder1_acc,train_encoder2_auc,train_encoder2_acc,val_encoder2_auc,val_encoder2_acc
1,0.567810,0.680382,0.734370,0.567810,0.675598,0.740241,0.563305,0.608354,0.563305,0.608354,0.680382,0.734370,0.675598,0.740241,0.505401,0.734370,0.508177,0.740241
2,0.559379,0.693518,0.734370,0.559379,0.686649,0.740241,0.553997,0.607817,0.553997,0.607817,0.693518,0.734370,0.686649,0.740241,0.507599,0.734370,0.510181,0.740241
3,0.556843,0.698830,0.734370,0.556843,0.689919,0.740241,0.551237,0.607296,0.551237,0.607296,0.698830,0.734370,0.689919,0.740241,0.508766,0.734370,0.511309,0.740241
4,0.554875,0.700914,0.734370,0.554875,0.688637,0.740241,0.549107,0.606787,0.549107,0.606787,0.700914,0.734370,0.688637,0.740241,0.509792,0.734370,0.512321,0.740241
5,0.552966,0.705300,0.734370,0.552966,0.689311,0.740241,0.547041,0.606291,0.547041,0.606291,0.705300,0.734370,0.689311,0.740241,0.510909,0.734370,0.513523,0.740241
6,0.550952,0.708423,0.734370,0.550952,0.688419,0.740241,0.544857,0.605807,0.544857,0.605807,0.708423,0.734370,0.688419,0.740241,0.512208,0.734370,0.514898,0.740241
