{
  "lambda_ref": 8.898158797765076,
  "lambda_initmastery": 16.20763531760319,
  "lambda_rate": 8.744321107986698
}