{
  "valid_auc": 0.6850713268887474,
  "valid_acc": 0.7445275322909586,
  "valid_metrics": {
    "l_sup": 0.530790182456972,
    "l_reg": 9.092452228169161e-08,
    "l_ref": 0.004880178079474717,
    "l_init": 0.035329749825871816,
    "l_rate": 0.06927986223826028
  },
  "test_auc": 0.6762743968112179,
  "test_acc": 0.7364129330178939,
  "test_metrics": {
    "l_sup": 0.5407458670386139,
    "l_reg": 9.196978389404726e-08,
    "l_ref": 0.0048192868451193225,
    "l_init": 0.03494474030927671,
    "l_rate": 0.06853087379531048
  },
  "window_test_auc": 0.6762743968112179,
  "window_test_acc": 0.7364129330178939,
  "window_metrics": {
    "l_sup": 0.5407458670386139,
    "l_reg": 9.196978389404726e-08,
    "l_ref": 0.0,
    "l_init": 0.03494474030927671,
    "l_rate": 0.06853087379531048
  },
  "checkpoint": "/workspaces/pykt-toolkit/experiments/20251231_010618_idkt_assist2015_S_hr_sweep_l1.0_285100/best_model.pt"
}