{
  "prediction_mse": 0.004886777140200138,
  "prediction_corr": 0.8919842123430564,
  "initmastery_mse": 0.03541457653045654,
  "initmastery_corr": 0.7242183276620009,
  "learning_rate_mse": 0.06918162852525711,
  "learning_rate_corr": 0.5826759679620207,
  "h2_functional_alignment": 0.14144810569687116,
  "h3_discriminant_overlap": 0.04643971633587411,
  "h3_latent_overlap": -0.05651510763147496
}