split,auc,acc,l_sup,l_ref,l_init,l_rate,l_reg
test,0.676274,0.736413,0.540746,0.004819,0.034945,0.068531,0.000000
