{
  "r2_true": 0.3939776969518537,
  "pearson_true": 0.6276821253741826,
  "r2_control": -0.018262168315137828,
  "pearson_control": -0.014501521373304014,
  "selectivity_r2": 0.4122398652669915
}