{
  "0": {
    "r2": -0.3229277055266151,
    "pearson": 0.2916664881763648,
    "count": 915
  },
  "1": {
    "r2": -7.0365917840731775,
    "pearson": 0.20531302493205253,
    "count": 653
  },
  "2": {
    "r2": -0.2686824316920178,
    "pearson": 0.3022018777707898,
    "count": 880
  },
  "3": {
    "r2": -6.19502644364886,
    "pearson": -0.08973883986216834,
    "count": 615
  },
  "4": {
    "r2": -602423.2226245791,
    "pearson": -0.09738277129117963,
    "count": 299
  },
  "5": {
    "r2": -0.8998119035007299,
    "pearson": 0.28101670285874186,
    "count": 492
  },
  "6": {
    "r2": -6.129595029886301,
    "pearson": 0.3636928601982319,
    "count": 412
  },
  "7": {
    "r2": -0.27461315420288135,
    "pearson": 0.1511106323797859,
    "count": 1391
  },
  "8": {
    "r2": -3.285910284993035,
    "pearson": 0.043510579940748174,
    "count": 763
  },
  "9": {
    "r2": -1.6263575702297826,
    "pearson": 0.16240855372033106,
    "count": 811
  },
  "10": {
    "r2": -0.5403986023896266,
    "pearson": 0.42655899644944434,
    "count": 1279
  },
  "11": {
    "r2": -20.753033974590853,
    "pearson": 0.12541514098397638,
    "count": 545
  },
  "12": {
    "r2": -18.867820083923114,
    "pearson": 0.20427566682696272,
    "count": 545
  },
  "13": {
    "r2": -9.301721118240216,
    "pearson": 0.15880334516186184,
    "count": 604
  },
  "14": {
    "r2": -1.0613173096663098,
    "pearson": 0.18335438284345643,
    "count": 712
  },
  "15": {
    "r2": -3566936.7953874855,
    "pearson": 0.23223855479522426,
    "count": 210
  },
  "16": {
    "r2": -3956919.988634334,
    "pearson": -0.059432153480614515,
    "count": 340
  },
  "17": {
    "r2": -2.2554312966230214,
    "pearson": 0.009087139311804016,
    "count": 585
  },
  "18": {
    "r2": -150.36806799819016,
    "pearson": 0.2968903846975438,
    "count": 273
  },
  "19": {
    "r2": -0.8132627726286594,
    "pearson": 0.15219209160564284,
    "count": 968
  },
  "20": {
    "r2": -0.8224916303736991,
    "pearson": 0.21518483715884745,
    "count": 624
  },
  "21": {
    "r2": -0.9337321902548286,
    "pearson": 0.36476202394442947,
    "count": 679
  },
  "22": {
    "r2": -839.9614998929508,
    "pearson": 0.020587766593403615,
    "count": 375
  },
  "23": {
    "r2": -21.561395739125324,
    "pearson": 0.06564551820359812,
    "count": 209
  },
  "24": {
    "r2": -4.455085706646101,
    "pearson": 0.26067501091047285,
    "count": 656
  },
  "25": {
    "r2": -2.941368485143253,
    "pearson": 0.3100179717858393,
    "count": 527
  },
  "26": {
    "r2": -1943709.0589105184,
    "pearson": -0.05154701165774855,
    "count": 327
  },
  "27": {
    "r2": -4.4309008574285205,
    "pearson": -0.029994934981691066,
    "count": 536
  },
  "28": {
    "r2": -76.69155059657673,
    "pearson": -0.11850956174476396,
    "count": 389
  },
  "29": {
    "r2": -24.153128484342556,
    "pearson": 0.09802855579653126,
    "count": 293
  },
  "30": {
    "r2": -6.6288477214730195,
    "pearson": 0.2183298446696442,
    "count": 437
  },
  "31": {
    "r2": -33.45528751617193,
    "pearson": 0.09809885810733676,
    "count": 231
  },
  "32": {
    "r2": -7.243311009300957,
    "pearson": 0.01909757398447622,
    "count": 601
  },
  "33": {
    "r2": -0.3630581564072153,
    "pearson": 0.31823474703483445,
    "count": 650
  },
  "34": {
    "r2": -2.8478222121866033,
    "pearson": 0.4345261470648164,
    "count": 501
  },
  "35": {
    "r2": -216.7331165562531,
    "pearson": 0.008831279268540153,
    "count": 218
  },
  "36": {
    "r2": -17.8554669547795,
    "pearson": 0.007114557007636219,
    "count": 562
  },
  "37": {
    "r2": -0.08002407047396298,
    "pearson": 0.43127609337309514,
    "count": 835
  },
  "38": {
    "r2": 0.5244706207073433,
    "pearson": 0.9058394943986933,
    "count": 58
  },
  "39": {
    "r2": -327.33754859826,
    "pearson": -0.43575969534230313,
    "count": 189
  },
  "40": {
    "r2": -62167098.36731807,
    "pearson": 0.14008882574944695,
    "count": 334
  },
  "41": {
    "r2": -1491.475882422568,
    "pearson": -0.13935921822634825,
    "count": 308
  },
  "42": {
    "r2": -292488598.7990611,
    "pearson": -0.0037618598920705557,
    "count": 236
  },
  "43": {
    "r2": -1198791101.4516525,
    "pearson": 0.1581116104916255,
    "count": 226
  },
  "44": {
    "r2": -273825.81461988244,
    "pearson": 0.004826894196158665,
    "count": 196
  },
  "45": {
    "r2": -2.457145288733099,
    "pearson": 0.16457218028808435,
    "count": 701
  },
  "46": {
    "r2": 0.4860130384247634,
    "pearson": 0.7274671809036402,
    "count": 78
  },
  "47": {
    "r2": -41534846.9594597,
    "pearson": -0.18035251759232812,
    "count": 296
  },
  "48": {
    "r2": -2568.434694187938,
    "pearson": -0.5429624205365842,
    "count": 65
  },
  "49": {
    "r2": -4.182102508235469,
    "pearson": 0.04948309574100473,
    "count": 181
  },
  "50": {
    "r2": -41.61585257113738,
    "pearson": 0.08672165534326252,
    "count": 388
  },
  "51": {
    "r2": -2.8802480150083247,
    "pearson": 0.38254869093583993,
    "count": 465
  },
  "52": {
    "r2": -16176913.523685941,
    "pearson": -0.05426524525358909,
    "count": 323
  },
  "53": {
    "r2": -32766205.212049194,
    "pearson": -0.0035420680303678864,
    "count": 353
  },
  "54": {
    "r2": -92587093.08751707,
    "pearson": 0.12325484733016716,
    "count": 146
  },
  "55": {
    "r2": 0.19565872933370543,
    "pearson": 0.6755012523811157,
    "count": 75
  },
  "56": {
    "r2": -49.79923730721786,
    "pearson": -0.04277377860116995,
    "count": 291
  },
  "57": {
    "r2": -1523875.1617688292,
    "pearson": 0.03542066249066216,
    "count": 328
  },
  "58": {
    "r2": -1.7443978153784832,
    "pearson": 0.47487072394094876,
    "count": 208
  },
  "59": {
    "r2": -8.600981274761855,
    "pearson": 0.2425437632469063,
    "count": 212
  },
  "60": {
    "r2": -2.57077780813822,
    "pearson": 0.37635161150544866,
    "count": 572
  },
  "61": {
    "r2": -10.687638915872316,
    "pearson": 0.1489225795055807,
    "count": 498
  },
  "62": {
    "r2": -5.617651648631805,
    "pearson": 0.016396224333910622,
    "count": 473
  },
  "63": {
    "r2": -783.2247747864527,
    "pearson": 0.32318120630509445,
    "count": 406
  },
  "64": {
    "r2": -139.33313963211697,
    "pearson": 0.07330160406912216,
    "count": 407
  },
  "65": {
    "r2": -0.22939116777990454,
    "pearson": 0.28669390436559694,
    "count": 211
  },
  "66": {
    "r2": -10.861538165318999,
    "pearson": 0.17619015998227472,
    "count": 456
  },
  "67": {
    "r2": -349.2775558804925,
    "pearson": -0.017556433617962997,
    "count": 477
  },
  "68": {
    "r2": -10.348240106723136,
    "pearson": -0.21291230087351612,
    "count": 38
  },
  "69": {
    "r2": -0.39390492530080357,
    "pearson": 0.44107471835275813,
    "count": 759
  },
  "70": {
    "r2": -10043.934913720848,
    "pearson": -0.006617502462273281,
    "count": 150
  },
  "71": {
    "r2": -17.705535238220158,
    "pearson": 0.08341418947622513,
    "count": 232
  },
  "72": {
    "r2": -14.679773673578326,
    "pearson": -0.6150453040163674,
    "count": 26
  },
  "73": {
    "r2": -186.51056444798385,
    "pearson": -0.040232623230148555,
    "count": 417
  },
  "74": {
    "r2": -48.78087891118904,
    "pearson": -0.048255971221079955,
    "count": 447
  },
  "75": {
    "r2": -5.60662156690959,
    "pearson": 0.04061209824041091,
    "count": 463
  },
  "76": {
    "r2": -3.9042734865190187,
    "pearson": 0.029044096540118563,
    "count": 628
  },
  "77": {
    "r2": -1.1150825777838107,
    "pearson": 0.14312899896394468,
    "count": 867
  },
  "78": {
    "r2": -18.00991315048747,
    "pearson": 0.20497457548970624,
    "count": 350
  },
  "79": {
    "r2": -19276.148248557183,
    "pearson": 8.005539318126246e-05,
    "count": 360
  },
  "81": {
    "r2": -28.38228482264534,
    "pearson": 0.05881647307919814,
    "count": 467
  },