{
  "valid_auc": 0.6850713268887474,
  "valid_acc": 0.7445275322909586,
  "valid_metrics": {
    "l_sup": 0.5326277221879666,
    "l_reg": 5.707067884941353e-07,
    "l_ref": 0.002874746176530607,
    "l_init": 0.0242173479607339,
    "l_rate": 0.051444895894671834
  },
  "test_auc": 0.6791208237481174,
  "test_acc": 0.743408461015531,
  "test_metrics": {
    "l_sup": 0.5326277221879666,
    "l_reg": 5.707067884941353e-07,
    "l_ref": 0.002874746176530607,
    "l_init": 0.0242173479607339,
    "l_rate": 0.051444895894671834
  },
  "best_epoch": 7,
  "params": {
    "model_name": "idkt",
    "dataset_name": "assist2015_S",
    "fold": 0,
    "seed": 42,
    "emb_type": "qid",
    "save_dir": "/workspaces/pykt-toolkit/experiments/20251231_010618_idkt_assist2015_S_hr_sweep_l1.0_285100",
    "d_model": 256,
    "d_ff": 512,
    "num_attn_heads": 8,
    "n_blocks": 4,
    "dropout": 0.2,
    "final_fc_dim": 512,
    "learning_rate": 0.0001,
    "weight_decay": 0.0,
    "batch_size": 64,
    "num_epochs": 100,
    "optimizer": "Adam",
    "gradient_clip": 1.0,
    "patience": 10,
    "seq_len": 200,
    "l2": 1e-05,
    "lambda_student": 1e-05,
    "lambda_gap": 1e-05,
    "lambda_ref": 1.0,
    "lambda_initmastery": 1.0,
    "lambda_rate": 1.0,
    "theory_guided": 1,
    "calibrate": 1,
    "use_wandb": 0,
    "add_uuid": 0
  }
}