{
  "experiment_id": "20251116_171717_gainakt3exp_auto-eval-test_525589",
  "dataset": "assist2015",
  "fold": 0,
  "train_auc": 0.680186386540661,
  "train_acc": 0.7303710378359098,
  "valid_auc": 0.6754212138196772,
  "valid_acc": 0.7314523742323527,
  "test_auc": 0.6713960654999869,
  "test_acc": 0.7257786495482644,
  "train_encoder1_auc": 0.680186386540661,
  "train_encoder1_acc": 0.7303710378359098,
  "valid_encoder1_auc": 0.6754212138196772,
  "valid_encoder1_acc": 0.7314523742323527,
  "test_encoder1_auc": 0.6713960654999869,
  "test_encoder1_acc": 0.7257786495482644,
  "train_encoder2_auc": 0.5123236871696749,
  "train_encoder2_acc": 0.4742136682341678,
  "valid_encoder2_auc": 0.5142233525982676,
  "valid_encoder2_acc": 0.4698829185685505,
  "test_encoder2_auc": 0.5110521265670447,
  "test_encoder2_acc": 0.4781933547313362,
  "train_mastery_correlation": 0.0,
  "train_gain_correlation": 0.0,
  "train_correlation_students": 0,
  "test_mastery_correlation": 0.0,
  "test_gain_correlation": 0.0,
  "test_correlation_students": 0,
  "timestamp": "2025-11-16T17:18:31.845042Z"
}