{
  "bkt_correlation": 0.47065781616000657,
  "p_value": 8.154226053024224e-81,
  "mse": 0.056542994487726046,
  "mae": 0.19654921459597266,
  "num_interactions": 1450,
  "num_students": 15,
  "num_skills": 80,
  "supplementary_correlations": {
    "time_lagged": {
      "correlation": 0.569934625150339,
      "p_value": 2.4301970496407327e-76,
      "num_interactions": 873,
      "min_attempt": 3,
      "operator": ">",
      "description": "Correlation after initialization (attempt > 3, optimal threshold)"
    },
    "trajectory_slopes": {
      "correlation": -0.22823035367047423,
      "p_value": 0.0014113490946605627,
      "num_trajectories": 193,
      "description": "Correlation of learning rates (removes initialization bias)"
    }
  },
  "model_mastery_stats": {
    "mean": 0.7641061586206895,
    "std": 0.10118446308037858,
    "min": 0.263442,
    "max": 0.941832
  },
  "bkt_mastery_stats": {
    "mean": 0.7648616279980411,
    "std": 0.26801405434597536,
    "min": 0.06522710548827383,
    "max": 1.0
  },
  "metadata": {
    "experiment_dir": "experiments/20251128_232738_ikt2_irt-baseline_400293",
    "dataset": "assist2015",
    "bkt_targets_file": "data/assist2015/bkt_targets.pkl",
    "bkt_metadata": {
      "dataset": "assist2015",
      "num_students": 15275,
      "num_skills": 100,
      "method": "BKT (Bayesian Knowledge Tracing)",
      "model": "pyBKT",
      "monotonic": false
    },
    "validation_passed": true
  }
}