{
  "difficulty_fidelity": 0.5738547706474193,
  "p_value": 2.6279964998821532e-08,
  "num_skills": 80,
  "mse": 3.8059845762199616,
  "mae": 1.8070490759643199,
  "model_beta_stats": {
    "mean": -0.23330525,
    "std": 0.06526707505712585,
    "min": -0.24769,
    "max": 0.240065
  },
  "rasch_beta_stats": {
    "mean": -2.0167481465265156,
    "std": 0.8264145367290852,
    "min": -3.2995128631591797,
    "max": 1.0935026407241821
  },
  "metadata": {
    "experiment_dir": "experiments/20251128_232738_ikt2_irt-baseline_400293",
    "dataset": "assist2015",
    "rasch_file": "{'dataset': 'assist2015', 'num_students': 15275, 'num_skills': 100, 'num_calibrated_skills': 100, 'max_iterations': 50}"
  }
}