{
  "tail_metrics": {
    "epoch": 1.0,
    "train_loss": 0.5416313973424348,
    "train_auc": 0.6924896214764971,
    "val_loss": 0.5151204053236513,
    "val_auc": 0.7170024327065099,
    "val_accuracy": 0.751335779423644,
    "monotonicity_violation_rate": 0.0,
    "negative_gain_rate": 0.0,
    "bounds_violation_rate": 0.0,
    "mastery_correlation": 0.10623927935406254,
    "gain_correlation": 0.0073696644896773696,
    "main_loss_share": 0.982029983721889,
    "constraint_loss_share": 0.017970017912254287,
    "alignment_loss_share": -0.005380512058129877,
    "lag_loss_share": 0.0,
    "retention_loss_share": 0.0
  },
  "best_summary": {
    "best_epoch": 1.0,
    "best_val_auc": 0.7170024327065099,
    "best_val_accuracy": 0.751335779423644,
    "mastery_corr": null,
    "gain_corr": null
  },
  "config_md5": "8c6337a3c42b525bf5db53691125874b"
}