{
  "train": {
    "total_auc": 0.7521763835850303,
    "total_acc": 0.7613503036446747,
    "bce_auc": 0.7534046553897528,
    "bce_acc": 0.7625165432376876,
    "mastery_auc": 0.6176069602204661,
    "mastery_acc": 0.7308168839579872
  },
  "valid": {
    "total_auc": 0.7245259166126929,
    "total_acc": 0.7535158493026696,
    "bce_auc": 0.7253726099846833,
    "bce_acc": 0.7539246124049869,
    "mastery_auc": 0.6058301811517416,
    "mastery_acc": 0.7323574925303409
  },
  "test": {
    "total_auc": 0.718180546863269,
    "total_acc": 0.7471023537803139,
    "bce_auc": 0.7189820582805642,
    "bce_acc": 0.7473401093675701,
    "mastery_auc": 0.6046556661841016,
    "mastery_acc": 0.7244264146457442
  },
  "checkpoint_epoch": 9,
  "checkpoint_val_auc": 0.7253726099846833
}