split,total_auc,bce_auc,mastery_auc,total_acc,bce_acc,mastery_acc
training,0.7521763835850303,0.7534046553897528,0.6176069602204661,0.7613503036446747,0.7625165432376876,0.7308168839579872
validation,0.7245259166126929,0.7253726099846833,0.6058301811517416,0.7535158493026696,0.7539246124049869,0.7323574925303409
test,0.718180546863269,0.7189820582805642,0.6046556661841016,0.7471023537803139,0.7473401093675701,0.7244264146457442
