{
  "bkt_correlation": 0.43697101006549194,
  "p_value": 4.080899471787195e-77,
  "mse": 0.05657555858122397,
  "mae": 0.18951314761259086,
  "num_interactions": 1633,
  "num_students": 14,
  "num_skills": 85,
  "supplementary_correlations": {
    "time_lagged": {
      "correlation": 0.5233466169589841,
      "p_value": 1.0370494545977817e-64,
      "num_interactions": 904,
      "min_attempt": 3,
      "operator": ">",
      "description": "Correlation after initialization (attempt > 3, optimal threshold)"
    },
    "trajectory_slopes": {
      "correlation": 0.030445899939547657,
      "p_value": 0.6360364290648309,
      "num_trajectories": 244,
      "description": "Correlation of learning rates (removes initialization bias)"
    }
  },
  "model_mastery_stats": {
    "mean": 0.7474453251684017,
    "std": 0.1530701160227522,
    "min": 0.2321,
    "max": 0.953629
  },
  "bkt_mastery_stats": {
    "mean": 0.740983822525266,
    "std": 0.2607357139045391,
    "min": 0.06524156001525609,
    "max": 0.9999999999997977
  },
  "metadata": {
    "experiment_dir": "/workspaces/pykt-toolkit/experiments/20251130_114317_ikt2_lambdareg-001_758459",
    "dataset": "assist2015",
    "bkt_targets_file": "data/assist2015/bkt_targets.pkl",
    "bkt_metadata": {
      "dataset": "assist2015",
      "num_students": 15275,
      "num_skills": 100,
      "method": "BKT (Bayesian Knowledge Tracing)",
      "model": "pyBKT",
      "monotonic": false
    },
    "validation_passed": true
  }
}