{
  "head_agreement": 0.8073333339212246,
  "p_value": 0.0,
  "num_interactions": 1633,
  "mse": 0.010185732836981017,
  "mae": 0.07647093937538273,
  "m_irt_stats": {
    "mean": 0.7474453251684017,
    "std": 0.1530701160227522,
    "min": 0.2321,
    "max": 0.953629
  },
  "p_correct_stats": {
    "mean": 0.7381426062461727,
    "std": 0.16762862377003157,
    "min": 0.21776,
    "max": 0.99282
  },
  "metadata": {
    "experiment_dir": "/workspaces/pykt-toolkit/experiments/20251130_114317_ikt2_lambdareg-001_758459",
    "metric_type": "head_agreement",
    "description": "Correlation between IRT mastery (M_IRT) and performance prediction (p_correct)"
  }
}