{
  "difficulty_fidelity": 0.9929906197839065,
  "p_value": 9.31639001263947e-79,
  "num_skills": 85,
  "mse": 0.034847512911535004,
  "mae": 0.1750570601905037,
  "model_beta_stats": {
    "mean": -1.8956680470588236,
    "std": 0.712956273254677,
    "min": -3.039478,
    "max": 0.034197
  },
  "rasch_beta_stats": {
    "mean": -2.0533771646373413,
    "std": 0.7615731793856645,
    "min": -3.247295379638672,
    "max": 0.06454437971115112
  },
  "metadata": {
    "experiment_dir": "/workspaces/pykt-toolkit/experiments/20251130_114317_ikt2_lambdareg-001_758459",
    "dataset": "assist2015",
    "rasch_file": "{'dataset': 'assist2015', 'num_students': 15275, 'num_skills': 100, 'num_calibrated_skills': 100, 'max_iterations': 50}"
  }
}