{
  "prediction_mse": 0.029876332730054855,
  "prediction_corr": 0.749521628506793,
  "initmastery_mse": 3.391900099813938e-05,
  "initmastery_corr": 0.9996328120548158,
  "learning_rate_mse": 2.1760391973657534e-05,
  "learning_rate_corr": 0.9993755297502435
}