split,auc,acc
test,0.813651,0.765314
