{
  "experiment_name": "optimal_v1",
  "best_val_auc": 0.7164268358922385,
  "final_consistency_metrics": {
    "monotonicity_violation_rate": 0.0,
    "negative_gain_rate": 0.0,
    "bounds_violation_rate": 0.0,
    "mastery_correlation": 0.07289998451247999,
    "gain_correlation": 0.02400960604740781
  },
  "train_history": {
    "train_loss": [
      0.5423320721776992
    ],
    "train_auc": [
      0.6918752603550723
    ],
    "val_auc": [
      0.7164268358922385
    ],
    "consistency_metrics": [
      {
        "monotonicity_violation_rate": 0.0,
        "negative_gain_rate": 0.0,
        "bounds_violation_rate": 0.0,
        "mastery_correlation": 0.12025360433822986,
        "gain_correlation": 0.0027740983252210623
      }
    ],
    "semantic_trajectory": [
      {
        "epoch": 1,
        "mastery_correlation": 0.12025360433822986,
        "gain_correlation": 0.0027740983252210623,
        "warmup_scale": 0.125,
        "alignment_corr_mastery": 0.02435952052474022,
        "alignment_corr_gain": 0.13162006437778473,
        "global_alignment_mastery_corr": 0.0942104323033891,
        "global_alignment_gain_corr": 0.02838500545117616,
        "effective_alignment_weight": 0.03125,
        "peak_mastery_corr": 0.0942104323033891,
        "retention_loss_value": 0.0,
        "mean_lag_corr": 0.0,
        "lag_corr_count": 0,
        "consistency_loss_weight_current": 0.3,
        "sparsity_loss_weight_current": 0.2,
        "loss_shares": {
          "main": 0.9811653074734664,
          "constraint_total": 0.01883468928179442,
          "alignment": -0.004854763129980224,
          "lag": 0.0,
          "retention": 0.0
        },
        "mean_mastery_variance": 0.013858346118943987,
        "min_mastery_variance": 0.009844142943620682,
        "max_mastery_variance": 0.04493306204676628,
        "per_lag_correlations": []
      }
    ]
  }
}