{
  "experiment_name": "optimal_v1",
  "best_val_auc": 0.7151330137405753,
  "final_consistency_metrics": {
    "monotonicity_violation_rate": 0.0,
    "negative_gain_rate": 0.0,
    "bounds_violation_rate": 0.0,
    "mastery_correlation": -0.004216655908856026,
    "gain_correlation": 0.05450415199297205
  },
  "train_history": {
    "train_loss": [
      0.5546004148416741
    ],
    "train_auc": [
      0.6851750174061204
    ],
    "val_auc": [
      0.7151330137405753
    ],
    "consistency_metrics": [
      {
        "monotonicity_violation_rate": 0.0,
        "negative_gain_rate": 0.0,
        "bounds_violation_rate": 0.0,
        "mastery_correlation": 0.041033278396229,
        "gain_correlation": 0.11744598880928495
      }
    ],
    "semantic_trajectory": [
      {
        "epoch": 1,
        "mastery_correlation": 0.041033278396229,
        "gain_correlation": 0.11744598880928495,
        "warmup_scale": 0.25,
        "alignment_corr_mastery": 0.19122478365898132,
        "alignment_corr_gain": 0.23138871788978577,
        "global_alignment_mastery_corr": 0.007226939786305593,
        "global_alignment_gain_corr": 0.04703988721380786,
        "effective_alignment_weight": 0.03125,
        "peak_mastery_corr": 0.007226939786305593,
        "retention_loss_value": 0.0,
        "mean_lag_corr": 0.0,
        "lag_corr_count": 0,
        "consistency_loss_weight_current": 0.3,
        "sparsity_loss_weight_current": 0.2,
        "loss_shares": {
          "main": 0.9652861489317053,
          "constraint_total": 0.034713848724774364,
          "alignment": -0.010242822585069112,
          "lag": 0.0,
          "retention": 0.0
        },
        "mean_mastery_variance": 0.01847734598284082,
        "min_mastery_variance": 0.014622827991843224,
        "max_mastery_variance": 0.038673944771289825,
        "per_lag_correlations": []
      }
    ]
  }
}