{
  "tail_metrics": {
    "epoch": 1.0,
    "train_loss": 0.5546004148416741,
    "train_auc": 0.6851750174061204,
    "val_loss": 0.5165452135331703,
    "val_auc": 0.7151330137405753,
    "val_accuracy": 0.7498175164721798,
    "monotonicity_violation_rate": 0.0,
    "negative_gain_rate": 0.0,
    "bounds_violation_rate": 0.0,
    "mastery_correlation": 0.041033278396229,
    "gain_correlation": 0.11744598880928495,
    "main_loss_share": 0.9652861489317053,
    "constraint_loss_share": 0.034713848724774364,
    "alignment_loss_share": -0.010242822585069112,
    "lag_loss_share": 0.0,
    "retention_loss_share": 0.0
  },
  "best_summary": {
    "best_epoch": 1.0,
    "best_val_auc": 0.7151330137405753,
    "best_val_accuracy": 0.7498175164721798,
    "mastery_corr": null,
    "gain_corr": null
  },
  "config_md5": "60173223e83eaf49de98b9c854965a03"
}