{
  "experiment_id": "20251118_230756_gainakt3exp_V3plus-bce030_389068",
  "dataset": "assist2015",
  "fold": 0,
  "train_auc": 0.6743660440367395,
  "train_acc": 0.7433334271956749,
  "valid_auc": 0.6646897635042259,
  "valid_acc": 0.7359390359030258,
  "test_auc": 0.6590156522858839,
  "test_acc": 0.7301919876367094,
  "train_encoder1_auc": 0.6743660440367395,
  "train_encoder1_acc": 0.7433334271956749,
  "valid_encoder1_auc": 0.6646897635042259,
  "valid_encoder1_acc": 0.7359390359030258,
  "test_encoder1_auc": 0.6590156522858839,
  "test_encoder1_acc": 0.7301919876367094,
  "train_encoder2_auc": 0.5972877383258745,
  "train_encoder2_acc": 0.7014215451618656,
  "valid_encoder2_auc": 0.5954567511483697,
  "valid_encoder2_acc": 0.7015445405794704,
  "test_encoder2_auc": 0.5921931613334362,
  "test_encoder2_acc": 0.6967204588682834,
  "train_mastery_correlation": 0.03644081696366207,
  "train_gain_correlation": 0.004683778384853504,
  "train_correlation_students": 3334,
  "test_mastery_correlation": 0.038081577558692715,
  "test_gain_correlation": 0.005317424937816803,
  "test_correlation_students": 3177,
  "timestamp": "2025-11-18T23:19:51.025716Z"
}