epoch,train_loss,train_auc,train_acc,val_loss,val_auc,val_acc,train_bce_loss,train_im_loss,val_bce_loss,val_im_loss,train_encoder1_auc,train_encoder1_acc,val_encoder1_auc,val_encoder1_acc,train_encoder2_auc,train_encoder2_acc,val_encoder2_auc,val_encoder2_acc
1,0.595316,0.656493,0.734370,0.595316,0.653091,0.740241,0.566074,0.607848,0.566074,0.607848,0.656493,0.734370,0.653091,0.740241,0.584514,0.734370,0.583797,0.740241
2,0.591833,0.665397,0.734370,0.591833,0.660915,0.740241,0.559028,0.605892,0.559028,0.605892,0.665397,0.734370,0.660915,0.740241,0.591314,0.734370,0.590380,0.740241
3,0.590029,0.668572,0.734370,0.590029,0.662694,0.740241,0.557335,0.604041,0.557335,0.604041,0.668572,0.734370,0.662694,0.740241,0.594622,0.734370,0.593426,0.740241
4,0.588510,0.671623,0.734370,0.588510,0.663992,0.740241,0.556182,0.602364,0.556182,0.602364,0.671623,0.734370,0.663992,0.740241,0.596134,0.734370,0.594623,0.740241
5,0.587069,0.674361,0.734370,0.587069,0.664684,0.740241,0.554858,0.600874,0.554858,0.600874,0.674361,0.734370,0.664684,0.740241,0.597305,0.734370,0.595461,0.740241
