{
  "experiment_id": "20251116_180412_gainakt3exp_lc_b1.5_m0.9_g1.1_o2.5_487731",
  "dataset": "assist2015",
  "fold": 0,
  "train_auc": 0.7001608669308191,
  "train_acc": 0.7482025361604671,
  "valid_auc": 0.6903256444875713,
  "valid_acc": 0.7413600132361385,
  "test_auc": 0.6860181657407145,
  "test_acc": 0.7358758321445554,
  "train_encoder1_auc": 0.7001608669308191,
  "train_encoder1_acc": 0.7482025361604671,
  "valid_encoder1_auc": 0.6903256444875713,
  "valid_encoder1_acc": 0.7413600132361385,
  "test_encoder1_auc": 0.6860181657407145,
  "test_encoder1_acc": 0.7358758321445554,
  "train_encoder2_auc": 0.5143905259099633,
  "train_encoder2_acc": 0.47323515332413485,
  "valid_encoder2_auc": 0.5161970483947873,
  "valid_encoder2_acc": 0.4691335195476355,
  "test_encoder2_auc": 0.5128720727583713,
  "test_encoder2_acc": 0.47713831431288634,
  "train_mastery_correlation": 0.0,
  "train_gain_correlation": 0.0,
  "train_correlation_students": 0,
  "test_mastery_correlation": 0.0,
  "test_gain_correlation": 0.0,
  "test_correlation_students": 0,
  "timestamp": "2025-11-16T18:09:13.519730Z"
}