epoch,train_loss,train_auc,train_acc,val_loss,val_auc,val_acc,train_bce_loss,train_im_loss,val_bce_loss,val_im_loss,train_encoder1_auc,train_encoder1_acc,val_encoder1_auc,val_encoder1_acc,train_encoder2_auc,train_encoder2_acc,val_encoder2_auc,val_encoder2_acc
1,0.600290,0.677991,0.734370,0.600290,0.673812,0.740241,0.563586,0.609466,0.563586,0.609466,0.677991,0.734370,0.673812,0.740241,0.507916,0.734370,0.510527,0.740241
2,0.597878,0.688848,0.734370,0.597878,0.683124,0.740241,0.554694,0.608674,0.554694,0.608674,0.688848,0.734370,0.683124,0.740241,0.510137,0.734370,0.512445,0.740241
3,0.596806,0.693580,0.734370,0.596806,0.686981,0.740241,0.552456,0.607893,0.552456,0.607893,0.693580,0.734370,0.686981,0.740241,0.511883,0.734370,0.513916,0.740241
4,0.595888,0.697427,0.734370,0.595888,0.689418,0.740241,0.550926,0.607129,0.550926,0.607129,0.697427,0.734370,0.689418,0.740241,0.513175,0.734370,0.515061,0.740241
5,0.595036,0.700160,0.734370,0.595036,0.690326,0.740241,0.549595,0.606396,0.549595,0.606396,0.700160,0.734370,0.690326,0.740241,0.514392,0.734370,0.516201,0.740241
6,0.594234,0.701890,0.734370,0.594234,0.689858,0.740241,0.548361,0.605702,0.548361,0.605702,0.701890,0.734370,0.689858,0.740241,0.515826,0.734370,0.517672,0.740241
