epoch,train_loss,train_auc,train_acc,val_loss,val_auc,val_acc,train_bce_loss,train_im_loss,val_bce_loss,val_im_loss,train_encoder1_auc,train_encoder1_acc,val_encoder1_auc,val_encoder1_acc,train_encoder2_auc,train_encoder2_acc,val_encoder2_auc,val_encoder2_acc
1,0.596508,0.677991,0.734370,0.596508,0.673812,0.740241,0.563586,0.604738,0.563586,0.604738,0.677991,0.734370,0.673812,0.740241,0.523448,0.734370,0.524643,0.740241
2,0.594080,0.688848,0.734370,0.594080,0.683124,0.740241,0.554694,0.603927,0.554694,0.603927,0.688848,0.734370,0.683124,0.740241,0.528865,0.734370,0.529637,0.740241
3,0.592999,0.693580,0.734370,0.592999,0.686981,0.740241,0.552456,0.603135,0.552456,0.603135,0.693580,0.734370,0.686981,0.740241,0.531045,0.734370,0.531582,0.740241
4,0.592083,0.697427,0.734370,0.592083,0.689418,0.740241,0.550926,0.602372,0.550926,0.602372,0.697427,0.734370,0.689418,0.740241,0.532468,0.734370,0.532926,0.740241
5,0.591268,0.700160,0.734370,0.591268,0.690326,0.740241,0.549595,0.601687,0.549595,0.601687,0.700160,0.734370,0.690326,0.740241,0.533651,0.734370,0.534329,0.740241
6,0.590528,0.701890,0.734370,0.590528,0.689858,0.740241,0.548361,0.601069,0.548361,0.601069,0.701890,0.734370,0.689858,0.740241,0.534957,0.734370,0.535848,0.740241
