{
  "loss_per": 0.5581498879414731,
  "loss_ali": 0.9445228317509526,
  "auc_per": 0.6755866980885079,
  "acc_per": 0.7379925838694293,
  "auc_ali": 0.02653133124508786,
  "acc_ali": 0.7931903749704361,
  "auc": 0.6755866980885079,
  "acc": 0.7379925838694293,
  "theta_mean": -1.2531925439834595,
  "theta_std": 0.7992945909500122,
  "beta_mean": -1.9631599187850952,
  "beta_std": 0.7828779220581055,
  "theta_beta_ratio": 1.0209696292877197,
  "mastery_mean": 0.6559517979621887,
  "mastery_std": 0.1458134651184082,
  "num_samples": 102749
}