epoch,train_loss,train_auc,train_acc,val_loss,val_auc,val_acc,train_bce_loss,train_im_loss,val_bce_loss,val_im_loss,train_encoder1_auc,train_encoder1_acc,val_encoder1_auc,val_encoder1_acc,train_encoder2_auc,train_encoder2_acc,val_encoder2_auc,val_encoder2_acc
1,0.597915,0.677991,0.734370,0.597915,0.673812,0.740241,0.563586,0.606497,0.563586,0.606497,0.677991,0.734370,0.673812,0.740241,0.517006,0.734370,0.518773,0.740241
2,0.595493,0.688848,0.734370,0.595493,0.683124,0.740241,0.554694,0.605693,0.554694,0.605693,0.688848,0.734370,0.683124,0.740241,0.520552,0.734370,0.521874,0.740241
3,0.594415,0.693580,0.734370,0.594415,0.686981,0.740241,0.552456,0.604905,0.552456,0.604905,0.693580,0.734370,0.686981,0.740241,0.522718,0.734370,0.523911,0.740241
4,0.593496,0.697427,0.734370,0.593496,0.689418,0.740241,0.550926,0.604139,0.550926,0.604139,0.697427,0.734370,0.689418,0.740241,0.524648,0.734370,0.525714,0.740241
5,0.592664,0.700160,0.734370,0.592664,0.690326,0.740241,0.549595,0.603431,0.549595,0.603431,0.700160,0.734370,0.690326,0.740241,0.525965,0.734370,0.526996,0.740241
6,0.591896,0.701890,0.734370,0.591896,0.689858,0.740241,0.548361,0.602780,0.548361,0.602780,0.701890,0.734370,0.689858,0.740241,0.527132,0.734370,0.528138,0.740241
