{
  "tail_metrics": {
    "epoch": 1.0,
    "train_loss": 0.5555362486562063,
    "train_auc": 0.68696919573686,
    "val_loss": 0.5166010061899821,
    "val_auc": 0.7152396752829442,
    "val_accuracy": 0.7503722663967533,
    "monotonicity_violation_rate": 0.0,
    "negative_gain_rate": 0.0,
    "bounds_violation_rate": 0.0,
    "mastery_correlation": 0.011360864710682535,
    "gain_correlation": 0.1135666833480064,
    "main_loss_share": 0.9621838227355732,
    "constraint_loss_share": 0.037816180830920566,
    "alignment_loss_share": -0.010524054398222942,
    "lag_loss_share": 0.0,
    "retention_loss_share": 0.0
  },
  "best_summary": {
    "best_epoch": 1.0,
    "best_val_auc": 0.7152396752829442,
    "best_val_accuracy": 0.7503722663967533,
    "mastery_corr": null,
    "gain_corr": null
  },
  "config_md5": "80e5bfa16f7bad39f64b9ef1e54459b4"
}