{
  "lambda_ref": 9.017639373816138,
  "lambda_initmastery": 11.779511405296711,
  "lambda_rate": 3.140357868387198
}