split,auc,acc,l_sup,l_ref,l_init,l_rate,l_reg
test,0.762886,0.709531,0.562184,0.016125,0.035154,0.146614,0.000003
