{
  "0": {
    "r2": -2333.9254244931685,
    "pearson": 0.1635388482774641,
    "count": 223
  },
  "1": {
    "r2": -71.56638695578333,
    "pearson": -0.06604205224894606,
    "count": 583
  },
  "2": {
    "r2": 0.858606355727966,
    "pearson": 0.940091334337446,
    "count": 215
  },
  "3": {
    "r2": -6.614004583547477,
    "pearson": 0.34449623350439085,
    "count": 107
  },
  "4": {
    "r2": -2.387562318328207,
    "pearson": 0.42691991957320397,
    "count": 134
  },
  "5": {
    "r2": -165.00616439653166,
    "pearson": 0.10305251938579395,
    "count": 372
  },
  "8": {
    "r2": -8.0680171792008,
    "pearson": 0.09140409441170376,
    "count": 175
  },
  "9": {
    "r2": -28089.791614018966,
    "pearson": 0.07857303482398965,
    "count": 226
  },
  "10": {
    "r2": -12707.130887147952,
    "pearson": 0.15269875171248462,
    "count": 64
  },
  "11": {
    "r2": -69205.08452871465,
    "pearson": 0.03593189094897802,
    "count": 279
  },
  "12": {
    "r2": -20781.2700300609,
    "pearson": -0.24021328522596014,
    "count": 388
  },
  "14": {
    "r2": -388161.6209841476,
    "pearson": 0.32128734587083146,
    "count": 65
  },
  "15": {
    "r2": -36652.38132901047,
    "pearson": -0.09386675243386619,
    "count": 243
  },
  "16": {
    "r2": 0.837538612788058,
    "pearson": 0.9402835819805566,
    "count": 21
  },
  "17": {
    "r2": -135.9636266854421,
    "pearson": 0.48853983343784413,
    "count": 76
  },
  "18": {
    "r2": 0.8565522446594394,
    "pearson": 0.9557076931382821,
    "count": 75
  },
  "19": {
    "r2": -145.65483170008443,
    "pearson": 0.4927879913156499,
    "count": 58
  },
  "20": {
    "r2": -13.661640582441143,
    "pearson": 0.1756051128121573,
    "count": 133
  },
  "21": {
    "r2": -9.188201171683941,
    "pearson": 0.002309065083540546,
    "count": 71
  },
  "22": {
    "r2": 0.9125703060644543,
    "pearson": 0.9743308677223365,
    "count": 69
  },
  "23": {
    "r2": -342.43291964795793,
    "pearson": -0.03247530385519548,
    "count": 305
  },
  "24": {
    "r2": 0.9788240815737091,
    "pearson": 0.9900337664789327,
    "count": 38
  },
  "25": {
    "r2": -781.775174124242,
    "pearson": 0.19061803228040325,
    "count": 215
  },
  "26": {
    "r2": 0.6021837878022509,
    "pearson": 0.8233072006499289,
    "count": 109
  },
  "27": {
    "r2": 0.9149360732158185,
    "pearson": 0.9912151459097316,
    "count": 40
  },
  "28": {
    "r2": -10957.937954128607,
    "pearson": -0.18211008180169086,
    "count": 186
  },
  "30": {
    "r2": -7290.288083424546,
    "pearson": 0.20416944027125314,
    "count": 81
  },
  "31": {
    "r2": 0.6488216580534482,
    "pearson": 0.8116099998839894,
    "count": 105
  },
  "32": {
    "r2": 0.7351465930584582,
    "pearson": 0.9155566596797572,
    "count": 60
  },
  "37": {
    "r2": -49.44460480912312,
    "pearson": -0.9917965492067097,
    "count": 22
  },
  "38": {
    "r2": 0.8490337377174546,
    "pearson": 0.935416778912187,
    "count": 41
  },
  "44": {
    "r2": 0.8705771678303429,
    "pearson": 0.9427772688781402,
    "count": 91
  },
  "45": {
    "r2": -589.2684080077041,
    "pearson": 0.09883257896166608,
    "count": 196
  },
  "46": {
    "r2": 0.7261410279503161,
    "pearson": 0.9179939950574425,
    "count": 121
  },
  "47": {
    "r2": -0.6722778093909987,
    "pearson": 0.550958139619722,
    "count": 62
  },
  "48": {
    "r2": -122.76625876032644,
    "pearson": -0.28001598576211,
    "count": 89
  },
  "49": {
    "r2": 0.6722054912415888,
    "pearson": 0.9241388432683593,
    "count": 36
  },
  "51": {
    "r2": 0.7876325566612108,
    "pearson": 0.9696438620027912,
    "count": 86
  },
  "52": {
    "r2": -0.0530877965415677,
    "pearson": 0.5313980538571429,
    "count": 69
  },
  "53": {
    "r2": 0.2769803213248042,
    "pearson": 0.5675016420892358,
    "count": 94
  },
  "54": {
    "r2": -93.47738034767671,
    "pearson": 0.6991978156213001,
    "count": 39
  },
  "55": {
    "r2": -0.39413365866062167,
    "pearson": 0.7576062151497924,
    "count": 102
  },
  "56": {
    "r2": -22651.610243123534,
    "pearson": -0.21687244674944223,
    "count": 52
  },
  "57": {
    "r2": -174908.85361709498,
    "pearson": 0.06541649545941862,
    "count": 257
  },
  "58": {
    "r2": -270.49956538876796,
    "pearson": -0.4461376549223671,
    "count": 26
  },
  "60": {
    "r2": 0.29510385465594957,
    "pearson": 0.8138722986175636,
    "count": 50
  },
  "61": {
    "r2": 0.7380745949473085,
    "pearson": 0.8856113986811657,
    "count": 111
  },
  "62": {
    "r2": -96400.44454207053,
    "pearson": 0.010139708477629093,
    "count": 352
  },
  "63": {
    "r2": -273.0913203391032,
    "pearson": -0.09243059609704131,
    "count": 162
  },
  "67": {
    "r2": 0.9579508005514064,
    "pearson": 0.9843805307582438,
    "count": 26
  },
  "72": {
    "r2": 0.7013180984873608,
    "pearson": 0.8591999670483892,
    "count": 80
  },
  "75": {
    "r2": -712.2301833561079,
    "pearson": 0.17390060650164413,
    "count": 26
  },
  "80": {
    "r2": -0.4025724033570097,
    "pearson": 0.06826540647606164,
    "count": 21
  },
  "91": {
    "r2": -4.0901137714013736,
    "pearson": 0.1728262342093169,
    "count": 23
  }
}