{
  "r2_true": 0.6390210035321942,
  "pearson_true": 0.8036634527886557,
  "r2_control": -18.42951061838925,
  "pearson_control": -0.02119143755385562,
  "selectivity_r2": 19.068531621921444
}