{
  "lambda_ref": 0.7179455314537551,
  "lambda_initmastery": 0.7134664392233822,
  "lambda_rate": 0.20359326705492192
}