{
  "valid_auc": 0.8383226192160914,
  "valid_acc": 0.7860861334595362,
  "valid_metrics": {
    "l_sup": 0.45279451587861447,
    "l_reg": 6.397919393445288e-05,
    "l_ref": 0.06599721033126116,
    "l_init": 0.04093993633857979,
    "l_rate": 0.15548162181918215
  },
  "test_auc": 0.8309724746824225,
  "test_acc": 0.7722118118376842,
  "test_metrics": {
    "l_sup": 0.47487421147914527,
    "l_reg": 6.224098391006312e-05,
    "l_ref": 0.06294713467359543,
    "l_init": 0.04105575721278893,
    "l_rate": 0.15864184740631462
  },
  "window_test_auc": 0.8324126625135967,
  "window_test_acc": 0.7730818826563507,
  "window_metrics": {
    "l_sup": 0.4431941468434649,
    "l_reg": 0.0001816819327519214,
    "l_ref": 0.0,
    "l_init": 0.04319376048091535,
    "l_rate": 0.15174271515976093
  },
  "checkpoint": "/workspaces/pykt-toolkit/experiments/20251226_165012_idkt_path2sweep_l0.05_398839/best_model.pt"
}