{
  "prediction_mse": 0.06574851274490356,
  "prediction_corr": 0.5466833849615557,
  "initmastery_mse": 0.04114360362291336,
  "initmastery_corr": 0.3819816534470025,
  "learning_rate_mse": 0.15503531694412231,
  "learning_rate_corr": 0.19372428219910415,
  "h2_functional_alignment": 0.2046715261664789,
  "h3_discriminant_overlap": -0.1923377032477508,
  "h3_latent_overlap": 0.04870812425646553
}