split,auc,acc,l_sup,l_ref,l_init,l_rate,l_reg
test,0.830972,0.772212,0.474874,0.062947,0.041056,0.158642,0.000062
