split,auc,acc,l_sup,l_ref,l_init,l_rate,l_reg
validation,0.838323,0.786086,0.452795,0.065997,0.040940,0.155482,0.000064
