{
  "r2_true": 0.6194782110722021,
  "pearson_true": 0.7871202575912484,
  "r2_control": -0.012446555684270777,
  "pearson_control": -0.0015918059544032415,
  "selectivity_r2": 0.6319247667564729
}