{
  "tail_metrics": {
    "epoch": 1.0,
    "train_loss": 0.537612842695083,
    "train_auc": 0.693918398216785,
    "val_loss": 0.5139013372131229,
    "val_auc": 0.71756537985875,
    "val_accuracy": 0.7519099942578517,
    "monotonicity_violation_rate": 0.0,
    "negative_gain_rate": 0.0,
    "bounds_violation_rate": 0.0,
    "mastery_correlation": 0.10989347807634044,
    "gain_correlation": -0.005848388811868052,
    "main_loss_share": 0.9866035673528241,
    "constraint_loss_share": 0.013396432490388669,
    "alignment_loss_share": -0.007228412807024039,
    "lag_loss_share": 0.0,
    "retention_loss_share": 0.0
  },
  "best_summary": {
    "best_epoch": 1.0,
    "best_val_auc": 0.71756537985875,
    "best_val_accuracy": 0.7519099942578517,
    "mastery_corr": null,
    "gain_corr": null
  },
  "config_md5": "b19be835456ff3bc9a8b0be0e63376b1"
}