epoch,train_loss,constraint_loss,val_auc,val_accuracy,mastery_corr,gain_corr,mastery_corr_macro,gain_corr_macro,monotonicity_violation_rate,retention_violation_rate,gain_future_alignment,peer_influence_share,alignment_share,sparsity_share,consistency_share,retention_share,lag_gain_share
1,0.5435356636739148,0.0,0.719085355051442,0.7550049148896826,0.19998510737410322,0.00386317320866463,0.6614080855022071,-0.00041053030072349633,0.5004784378502743,0.5004784378502743,-0.005817198094686236,0.6222913265228271,0.0,0.0,0.0,0.0,0.0
2,0.5091301653669288,0.0,0.7420042813384343,0.759880874753039,0.26244784777196384,0.0015142442469399996,0.6647912347112016,-0.0015537005804317533,0.5006537470749022,0.5006537470749022,-0.0048083690769438504,0.524166464805603,0.0,0.0,0.0,0.0,0.0
3,0.49426519855316436,0.0,0.7547433139043609,0.7661680405648716,0.1853770888709699,0.0011224110291102338,0.6628694859121097,0.00019301423092424108,0.4997572250735781,0.4997572250735781,-0.003670165798524834,0.4237346947193146,0.0,0.0,0.0,0.0,0.0
4,0.4808888620663183,0.0,0.758282277915119,0.76793934734158,0.37680826580011745,0.0018479799057369332,0.6630336948547387,0.0023495194121240775,0.4994467878001298,0.4994467878001298,-0.004176459417793728,0.5034086108207703,0.0,0.0,0.0,0.0,0.0
5,0.4692522451049923,0.0,0.7569906188019693,0.7641923522370048,0.35561990455494913,0.0013032757864290723,-0.000968105820598956,0.002972763669265906,0.49868867126816513,0.49868867126816513,-0.004356995523162131,0.6318275928497314,0.0,0.0,0.0,0.0,0.0
