{
  "config_md5": "7b5c40a77a50449ebb33d4739592b917",
  "epochs": [
    {
      "epoch": 1,
      "train_loss": 0.5435356636739148,
      "constraint_loss": 0.0,
      "val_auc": 0.719085355051442,
      "val_accuracy": 0.7550049148896826,
      "mastery_corr": 0.19998510737410322,
      "gain_corr": 0.00386317320866463,
      "mastery_corr_macro": 0.6614080855022071,
      "gain_corr_macro": -0.00041053030072349633,
      "monotonicity_violation_rate": 0.5004784378502743,
      "retention_violation_rate": 0.5004784378502743,
      "gain_future_alignment": -0.005817198094686236,
      "peer_influence_share": 0.6222913265228271,
      "alignment_share": 0.0,
      "sparsity_share": 0.0,
      "consistency_share": 0.0,
      "retention_share": 0.0,
      "lag_gain_share": 0.0
    },
    {
      "epoch": 2,
      "train_loss": 0.5091301653669288,
      "constraint_loss": 0.0,
      "val_auc": 0.7420042813384343,
      "val_accuracy": 0.759880874753039,
      "mastery_corr": 0.26244784777196384,
      "gain_corr": 0.0015142442469399996,
      "mastery_corr_macro": 0.6647912347112016,
      "gain_corr_macro": -0.0015537005804317533,
      "monotonicity_violation_rate": 0.5006537470749022,
      "retention_violation_rate": 0.5006537470749022,
      "gain_future_alignment": -0.0048083690769438504,
      "peer_influence_share": 0.524166464805603,
      "alignment_share": 0.0,
      "sparsity_share": 0.0,
      "consistency_share": 0.0,
      "retention_share": 0.0,
      "lag_gain_share": 0.0
    },
    {
      "epoch": 3,
      "train_loss": 0.49426519855316436,
      "constraint_loss": 0.0,
      "val_auc": 0.7547433139043609,
      "val_accuracy": 0.7661680405648716,
      "mastery_corr": 0.1853770888709699,
      "gain_corr": 0.0011224110291102338,
      "mastery_corr_macro": 0.6628694859121097,
      "gain_corr_macro": 0.00019301423092424108,
      "monotonicity_violation_rate": 0.4997572250735781,
      "retention_violation_rate": 0.4997572250735781,
      "gain_future_alignment": -0.003670165798524834,
      "peer_influence_share": 0.4237346947193146,
      "alignment_share": 0.0,
      "sparsity_share": 0.0,
      "consistency_share": 0.0,
      "retention_share": 0.0,
      "lag_gain_share": 0.0
    },
    {
      "epoch": 4,
      "train_loss": 0.4808888620663183,
      "constraint_loss": 0.0,
      "val_auc": 0.758282277915119,
      "val_accuracy": 0.76793934734158,
      "mastery_corr": 0.37680826580011745,
      "gain_corr": 0.0018479799057369332,
      "mastery_corr_macro": 0.6630336948547387,
      "gain_corr_macro": 0.0023495194121240775,
      "monotonicity_violation_rate": 0.4994467878001298,
      "retention_violation_rate": 0.4994467878001298,
      "gain_future_alignment": -0.004176459417793728,
      "peer_influence_share": 0.5034086108207703,
      "alignment_share": 0.0,
      "sparsity_share": 0.0,
      "consistency_share": 0.0,
      "retention_share": 0.0,
      "lag_gain_share": 0.0
    },
    {
      "epoch": 5,
      "train_loss": 0.4692522451049923,
      "constraint_loss": 0.0,
      "val_auc": 0.7569906188019693,
      "val_accuracy": 0.7641923522370048,
      "mastery_corr": 0.35561990455494913,
      "gain_corr": 0.0013032757864290723,
      "mastery_corr_macro": -0.000968105820598956,
      "gain_corr_macro": 0.002972763669265906,
      "monotonicity_violation_rate": 0.49868867126816513,
      "retention_violation_rate": 0.49868867126816513,
      "gain_future_alignment": -0.004356995523162131,
      "peer_influence_share": 0.6318275928497314,
      "alignment_share": 0.0,
      "sparsity_share": 0.0,
      "consistency_share": 0.0,
      "retention_share": 0.0,
      "lag_gain_share": 0.0
    }
  ]
}