epoch,train_loss,train_auc,train_acc,val_loss,val_auc,val_acc,train_bce_loss,train_im_loss,val_bce_loss,val_im_loss,train_encoder1_auc,train_encoder1_acc,val_encoder1_auc,val_encoder1_acc,train_encoder2_auc,train_encoder2_acc,val_encoder2_auc,val_encoder2_acc
1,0.600208,0.677991,0.734370,0.600208,0.673812,0.740241,0.563586,0.609364,0.563586,0.609364,0.677991,0.734370,0.673812,0.740241,0.511818,0.734370,0.513898,0.740241
2,0.597821,0.688848,0.734370,0.597821,0.683124,0.740241,0.554694,0.608603,0.554694,0.608603,0.688848,0.734370,0.683124,0.740241,0.514430,0.734370,0.516205,0.740241
3,0.596776,0.693580,0.734370,0.596776,0.686981,0.740241,0.552456,0.607856,0.552456,0.607856,0.693580,0.734370,0.686981,0.740241,0.516339,0.734370,0.517987,0.740241
4,0.595887,0.697427,0.734370,0.595887,0.689418,0.740241,0.550926,0.607128,0.550926,0.607128,0.697427,0.734370,0.689418,0.740241,0.517565,0.734370,0.519073,0.740241
5,0.595054,0.700160,0.734370,0.595054,0.690326,0.740241,0.549595,0.606418,0.549595,0.606418,0.700160,0.734370,0.690326,0.740241,0.518434,0.734370,0.519870,0.740241
6,0.594254,0.701890,0.734370,0.594254,0.689858,0.740241,0.548361,0.605728,0.548361,0.605728,0.701890,0.734370,0.689858,0.740241,0.519307,0.734370,0.520739,0.740241
