epoch,train_loss,train_auc,train_acc,val_loss,val_auc,val_acc,train_bce_loss,train_im_loss,val_bce_loss,val_im_loss,train_encoder1_auc,train_encoder1_acc,val_encoder1_auc,val_encoder1_acc,train_encoder2_auc,train_encoder2_acc,val_encoder2_auc,val_encoder2_acc
1,0.568047,0.680382,0.734370,0.568047,0.675598,0.740241,0.563305,0.610718,0.563305,0.610718,0.680382,0.734370,0.675598,0.740241,0.503673,0.734370,0.506473,0.740241
2,0.559615,0.693518,0.734370,0.559615,0.686649,0.740241,0.553997,0.610182,0.553997,0.610182,0.693518,0.734370,0.686649,0.740241,0.504963,0.734370,0.507661,0.740241
3,0.557080,0.698830,0.734370,0.557080,0.689919,0.740241,0.551237,0.609662,0.551237,0.609662,0.698830,0.734370,0.689919,0.740241,0.505904,0.734370,0.508524,0.740241
4,0.555112,0.700914,0.734370,0.555112,0.688637,0.740241,0.549107,0.609155,0.549107,0.609155,0.700914,0.734370,0.688637,0.740241,0.506438,0.734370,0.509029,0.740241
5,0.553203,0.705300,0.734370,0.553203,0.689311,0.740241,0.547041,0.608660,0.547041,0.608660,0.705300,0.734370,0.689311,0.740241,0.506867,0.734370,0.509454,0.740241
6,0.551189,0.708423,0.734370,0.551189,0.688419,0.740241,0.544857,0.608176,0.544857,0.608176,0.708423,0.734370,0.688419,0.740241,0.507498,0.734370,0.510188,0.740241
