{
  "experiment_id": "20251116_175917_gainakt3exp_lc_b1.5_m0.9_g0.9_o2.5_249548",
  "dataset": "assist2015",
  "fold": 0,
  "train_auc": 0.7001608669308191,
  "train_acc": 0.7482025361604671,
  "valid_auc": 0.6903256444875713,
  "valid_acc": 0.7413600132361385,
  "test_auc": 0.6860181657407145,
  "test_acc": 0.7358758321445554,
  "train_encoder1_auc": 0.7001608669308191,
  "train_encoder1_acc": 0.7482025361604671,
  "valid_encoder1_auc": 0.6903256444875713,
  "valid_encoder1_acc": 0.7413600132361385,
  "test_encoder1_auc": 0.6860181657407145,
  "test_encoder1_acc": 0.7358758321445554,
  "train_encoder2_auc": 0.5092166637509684,
  "train_encoder2_acc": 0.44836163282929253,
  "valid_encoder2_auc": 0.5116400400369513,
  "valid_encoder2_acc": 0.44310893536676754,
  "test_encoder2_auc": 0.5075300738883225,
  "test_encoder2_acc": 0.4509851997146933,
  "train_mastery_correlation": 0.0,
  "train_gain_correlation": 0.0,
  "train_correlation_students": 0,
  "test_mastery_correlation": 0.0,
  "test_gain_correlation": 0.0,
  "test_correlation_students": 0,
  "timestamp": "2025-11-16T18:04:16.454532Z"
}