epoch,train_loss,train_auc,train_acc,val_loss,val_auc,val_acc,train_bce_loss,train_im_loss,val_bce_loss,val_im_loss,train_encoder1_auc,train_encoder1_acc,val_encoder1_auc,val_encoder1_acc,train_encoder2_auc,train_encoder2_acc,val_encoder2_auc,val_encoder2_acc
1,0.601221,0.677991,0.734370,0.601221,0.673812,0.740241,0.563586,0.610630,0.563586,0.610630,0.677991,0.734370,0.673812,0.740241,0.504886,0.734370,0.507965,0.740241
2,0.598854,0.688848,0.734370,0.598854,0.683124,0.740241,0.554694,0.609894,0.554694,0.609894,0.688848,0.734370,0.683124,0.740241,0.506305,0.734370,0.509114,0.740241
3,0.597827,0.693580,0.734370,0.597827,0.686981,0.740241,0.552456,0.609170,0.552456,0.609170,0.693580,0.734370,0.686981,0.740241,0.507459,0.734370,0.510080,0.740241
4,0.596954,0.697427,0.734370,0.596954,0.689418,0.740241,0.550926,0.608461,0.550926,0.608461,0.697427,0.734370,0.689418,0.740241,0.508326,0.734370,0.510808,0.740241
5,0.596139,0.700160,0.734370,0.596139,0.690326,0.740241,0.549595,0.607775,0.549595,0.607775,0.700160,0.734370,0.690326,0.740241,0.509217,0.734370,0.511640,0.740241
6,0.595366,0.701890,0.734370,0.595366,0.689858,0.740241,0.548361,0.607118,0.548361,0.607118,0.701890,0.734370,0.689858,0.740241,0.510469,0.734370,0.512947,0.740241
