{
  "experiment_id": "20251112_002814_gainakt2exp_moderate_capacity_6M_506636",
  "dataset": "assist2015",
  "fold": 0,
  "train_auc": 0.7510438747567535,
  "train_acc": 0.7616295441106073,
  "train_mastery_correlation": 0.12788654189447748,
  "train_gain_correlation": 0.03811904008135241,
  "train_correlation_students": 3334,
  "valid_auc": 0.7242847003803239,
  "valid_acc": 0.753817555401999,
  "test_auc": 0.7177248318764514,
  "test_acc": 0.7470800641940085,
  "test_mastery_correlation": 0.12189962623433846,
  "test_gain_correlation": 0.021602803405709293,
  "test_correlation_students": 3176,
  "timestamp": "2025-11-12T01:24:20.959325Z"
}