{
  "train": {
    "total_auc": 0.7501710884537355,
    "total_acc": 0.7611508461690085,
    "bce_auc": 0.7501710884537355,
    "bce_acc": 0.7611508461690085,
    "mastery_auc": "N/A",
    "mastery_acc": "N/A"
  },
  "valid": {
    "total_auc": 0.725221771668837,
    "total_acc": 0.7535158493026696,
    "bce_auc": 0.725221771668837,
    "bce_acc": 0.7535158493026696,
    "mastery_auc": "N/A",
    "mastery_acc": "N/A"
  },
  "test": {
    "total_auc": 0.719105812025421,
    "total_acc": 0.7472212315739419,
    "bce_auc": 0.719105812025421,
    "bce_acc": 0.7472212315739419,
    "mastery_auc": "N/A",
    "mastery_acc": "N/A"
  },
  "checkpoint_epoch": 7,
  "checkpoint_val_auc": 0.7252217374326317
}