split,total_auc,bce_auc,mastery_auc,total_acc,bce_acc,mastery_acc
training,0.7501710884537355,0.7501710884537355,N/A,0.7611508461690085,0.7611508461690085,N/A
validation,0.725221771668837,0.725221771668837,N/A,0.7535158493026696,0.7535158493026696,N/A
test,0.719105812025421,0.719105812025421,N/A,0.7472212315739419,0.7472212315739419,N/A
