epoch,train_loss,train_auc,train_acc,val_loss,val_auc,val_acc,train_bce_loss,train_im_loss,val_bce_loss,val_im_loss,train_encoder1_auc,train_encoder1_acc,val_encoder1_auc,val_encoder1_acc,train_encoder2_auc,train_encoder2_acc,val_encoder2_auc,val_encoder2_acc
1,0.601544,0.677991,0.734370,0.601544,0.673812,0.740241,0.563586,0.611033,0.563586,0.611033,0.677991,0.734370,0.673812,0.740241,0.506736,0.734370,0.509616,0.740241
2,0.599111,0.688848,0.734370,0.599111,0.683124,0.740241,0.554694,0.610215,0.554694,0.610215,0.688848,0.734370,0.683124,0.740241,0.508928,0.734370,0.511398,0.740241
3,0.598019,0.693580,0.734370,0.598019,0.686981,0.740241,0.552456,0.609410,0.552456,0.609410,0.693580,0.734370,0.686981,0.740241,0.510840,0.734370,0.513131,0.740241
4,0.597082,0.697427,0.734370,0.597082,0.689418,0.740241,0.550926,0.608621,0.550926,0.608621,0.697427,0.734370,0.689418,0.740241,0.512434,0.734370,0.514549,0.740241
5,0.596199,0.700160,0.734370,0.596199,0.690326,0.740241,0.549595,0.607850,0.549595,0.607850,0.700160,0.734370,0.690326,0.740241,0.514318,0.734370,0.516453,0.740241
6,0.595350,0.701890,0.734370,0.595350,0.689858,0.740241,0.548361,0.607098,0.548361,0.607098,0.701890,0.734370,0.689858,0.740241,0.516799,0.734370,0.518965,0.740241
