epoch,train_loss,train_auc,train_acc,val_loss,val_auc,val_acc,train_bce_loss,train_im_loss,val_bce_loss,val_im_loss,train_encoder1_auc,train_encoder1_acc,val_encoder1_auc,val_encoder1_acc,train_encoder2_auc,train_encoder2_acc,val_encoder2_auc,val_encoder2_acc
1,0.567873,0.680382,0.734370,0.567873,0.675598,0.740241,0.563305,0.608981,0.563305,0.608981,0.680382,0.734370,0.675598,0.740241,0.508324,0.734370,0.510632,0.740241
2,0.559447,0.693518,0.734370,0.559447,0.686649,0.740241,0.553997,0.608499,0.553997,0.608499,0.693518,0.734370,0.686649,0.740241,0.510244,0.734370,0.512467,0.740241
3,0.556917,0.698830,0.734370,0.556917,0.689919,0.740241,0.551237,0.608039,0.551237,0.608039,0.698830,0.734370,0.689919,0.740241,0.511178,0.734370,0.513373,0.740241
4,0.554956,0.700914,0.734370,0.554956,0.688637,0.740241,0.549107,0.607594,0.549107,0.607594,0.700914,0.734370,0.688637,0.740241,0.511498,0.734370,0.513698,0.740241
5,0.553053,0.705300,0.734370,0.553053,0.689311,0.740241,0.547041,0.607163,0.547041,0.607163,0.705300,0.734370,0.689311,0.740241,0.511591,0.734370,0.513813,0.740241
6,0.551046,0.708423,0.734370,0.551046,0.688419,0.740241,0.544857,0.606745,0.544857,0.606745,0.708423,0.734370,0.688419,0.740241,0.511490,0.734370,0.513716,0.740241
