epoch,train_loss,train_auc,train_acc,val_loss,val_auc,val_acc,train_bce_loss,train_im_loss,val_bce_loss,val_im_loss,train_encoder1_auc,train_encoder1_acc,val_encoder1_auc,val_encoder1_acc,train_encoder2_auc,train_encoder2_acc,val_encoder2_auc,val_encoder2_acc
1,0.567507,0.680382,0.734370,0.567507,0.675598,0.740241,0.563305,0.605324,0.563305,0.605324,0.680382,0.734370,0.675598,0.740241,0.515329,0.734370,0.517560,0.740241
2,0.559077,0.693518,0.734370,0.559077,0.686649,0.740241,0.553997,0.604797,0.553997,0.604797,0.693518,0.734370,0.686649,0.740241,0.517601,0.734370,0.519851,0.740241
3,0.556543,0.698830,0.734370,0.556543,0.689919,0.740241,0.551237,0.604293,0.551237,0.604293,0.698830,0.734370,0.689919,0.740241,0.519712,0.734370,0.521811,0.740241
4,0.554577,0.700914,0.734370,0.554577,0.688637,0.740241,0.549107,0.603807,0.549107,0.603807,0.700914,0.734370,0.688637,0.740241,0.520852,0.734370,0.522896,0.740241
5,0.552671,0.705300,0.734370,0.552671,0.689311,0.740241,0.547041,0.603345,0.547041,0.603345,0.705300,0.734370,0.689311,0.740241,0.521734,0.734370,0.523858,0.740241
6,0.550662,0.708423,0.734370,0.550662,0.688419,0.740241,0.544857,0.602911,0.544857,0.602911,0.708423,0.734370,0.688419,0.740241,0.522449,0.734370,0.524598,0.740241
