{
  "experiment_id": "20251119_203954_gainakt3exp_recover-baseline-714616_134038",
  "dataset": "assist2015",
  "fold": 0,
  "train_auc": 0.7501634540955576,
  "train_acc": 0.7612822534470944,
  "train_mastery_correlation": 0.0,
  "train_gain_correlation": 0.0,
  "train_correlation_students": 0,
  "valid_auc": 0.7237943305346788,
  "valid_acc": 0.754060866772426,
  "test_auc": 0.7182887553065747,
  "test_acc": 0.7484768782691393,
  "test_mastery_correlation": 0.0,
  "test_gain_correlation": 0.0,
  "test_correlation_students": 0,
  "timestamp": "2025-11-19T21:00:58.295585Z"
}