{
  "difficulty_fidelity": 0.9316541592703175,
  "p_value": 1.0397003241590997e-34,
  "num_skills": 77,
  "mse": 0.07878153103449793,
  "mae": 0.09423902525187156,
  "model_beta_stats": {
    "mean": -2.025018168831169,
    "std": 0.7558574400671515,
    "min": -3.219109,
    "max": 0.045558
  },
  "rasch_beta_stats": {
    "mean": -2.009524720636281,
    "std": 0.7600139827208694,
    "min": -3.247295379638672,
    "max": 0.06454437971115112
  },
  "metadata": {
    "experiment_dir": "/workspaces/pykt-toolkit/experiments/20251129_224249_ikt2_test_760279",
    "dataset": "assist2015",
    "rasch_file": "{'dataset': 'assist2015', 'num_students': 15275, 'num_skills': 100, 'num_calibrated_skills': 100, 'max_iterations': 50}"
  }
}