{
  "difficulty_fidelity": 0.6841509620054215,
  "p_value": 2.7821004453103193e-13,
  "num_skills": 87,
  "mse": 2.836131313759952,
  "mae": 1.5278067784551095,
  "model_beta_stats": {
    "mean": -0.49622791954022993,
    "std": 0.14682354154783459,
    "min": -0.549549,
    "max": 0.514978
  },
  "rasch_beta_stats": {
    "mean": -1.9876333055482514,
    "std": 0.8752876641453811,
    "min": -3.247295379638672,
    "max": 1.0935026407241821
  },
  "metadata": {
    "experiment_dir": "/workspaces/pykt-toolkit/experiments/20251129_234920_ikt2_recovered-baseline_194542",
    "dataset": "assist2015",
    "rasch_file": "{'dataset': 'assist2015', 'num_students': 15275, 'num_skills': 100, 'num_calibrated_skills': 100, 'max_iterations': 50}"
  }
}