{
  "lambda_ref": 0.8898158797765077,
  "lambda_initmastery": 1.6207635317603193,
  "lambda_rate": 0.8744321107986699
}