{
  "prediction_mse": 0.017929010093212128,
  "prediction_corr": 0.6311800351990495,
  "initmastery_mse": 0.025265894830226898,
  "initmastery_corr": 0.9159559193974501,
  "learning_rate_mse": 0.05167950689792633,
  "learning_rate_corr": 0.8828350060238531,
  "h2_functional_alignment": 0.20302536157521453,
  "h3_discriminant_overlap": -0.1241042004696959,
  "h3_latent_overlap": -0.13854870950711912
}