epoch,train_loss,train_auc,train_acc,val_loss,val_auc,val_acc,train_bce_loss,train_im_loss,val_bce_loss,val_im_loss,train_encoder1_auc,train_encoder1_acc,val_encoder1_auc,val_encoder1_acc,train_encoder2_auc,train_encoder2_acc,val_encoder2_auc,val_encoder2_acc
1,0.596879,0.677991,0.734370,0.596879,0.673812,0.740241,0.563586,0.605203,0.563586,0.605203,0.677991,0.734370,0.673812,0.740241,0.520327,0.734370,0.521719,0.740241
2,0.594472,0.688848,0.734370,0.594472,0.683124,0.740241,0.554694,0.604417,0.554694,0.604417,0.688848,0.734370,0.683124,0.740241,0.524098,0.734370,0.525269,0.740241
3,0.593412,0.693580,0.734370,0.593412,0.686981,0.740241,0.552456,0.603651,0.552456,0.603651,0.693580,0.734370,0.686981,0.740241,0.527000,0.734370,0.527941,0.740241
4,0.592514,0.697427,0.734370,0.592514,0.689418,0.740241,0.550926,0.602911,0.550926,0.602911,0.697427,0.734370,0.689418,0.740241,0.528555,0.734370,0.529323,0.740241
5,0.591708,0.700160,0.734370,0.591708,0.690326,0.740241,0.549595,0.602237,0.549595,0.602237,0.700160,0.734370,0.690326,0.740241,0.529698,0.734370,0.530478,0.740241
6,0.590972,0.701890,0.734370,0.590972,0.689858,0.740241,0.548361,0.601624,0.548361,0.601624,0.701890,0.734370,0.689858,0.740241,0.530529,0.734370,0.531252,0.740241
