split,total_auc,bce_auc,mastery_auc,total_acc,bce_acc,mastery_acc
training,0.7440632811922397,0.7440632811922397,N/A,0.7580885872778982,0.7580885872778982,N/A
validation,0.7209855467007921,0.7209855467007921,N/A,0.7527275204624863,0.7527275204624863,N/A
test,0.7162118134977709,0.7162118134977709,N/A,0.7466937113647171,0.7466937113647171,N/A
