epoch,train_loss,train_auc,val_loss,val_auc,val_accuracy,monotonicity_violation_rate,negative_gain_rate,bounds_violation_rate,mastery_correlation,gain_correlation,main_loss_share,constraint_loss_share,alignment_loss_share,lag_loss_share,retention_loss_share
1,0.718673229835194,0.6792212923927733,0.51985173748464,0.7083342260608545,0.7491265121801672,0.0,0.0,0.0,0.003722519493992886,0.06469606941266645,0.7448453437619739,0.255154660867354,-0.001265817225916741,0.0,0.0
2,0.7656204978419091,0.7152043226439175,0.5136143486110532,0.7187362519161252,0.7518029372548638,0.0,0.0,0.0,0.0025754034936643507,0.04618167614405946,0.6786996789935762,0.3213003254372488,-0.005757558724941417,0.0,0.0
