split,auc,acc
test,0.750590,0.724864
