{
  "valid_auc": 0.8523633979502838,
  "valid_acc": 0.7887742546142925,
  "valid_metrics": {
    "l_sup": 0.4423899502351203,
    "l_reg": 0.00011396693480492104,
    "l_ref": 0.06548049518217643,
    "l_init": 1.8042981104158353e-08,
    "l_rate": 3.2711884921281838e-09
  },
  "test_auc": 0.8465070659869385,
  "test_acc": 0.779804212974929,
  "test_metrics": {
    "l_sup": 0.46013524206447304,
    "l_reg": 0.00010951508569026677,
    "l_ref": 0.06309195359547932,
    "l_init": 1.8707470283733486e-08,
    "l_rate": 3.498763297234402e-09
  },
  "window_test_auc": 0.8475943738676049,
  "window_test_acc": 0.7803997421018698,
  "window_metrics": {
    "l_sup": 0.42562470251866663,
    "l_reg": 0.00033680863055460036,
    "l_ref": 0.0,
    "l_init": 6.988258387608387e-07,
    "l_rate": 4.6083038773340825e-08
  },
  "checkpoint": "/workspaces/pykt-toolkit/experiments/20251224_002850_idkt_alignment_fix_final_792370/best_model.pt"
}