{
  "prediction_mse": 0.06521208584308624,
  "prediction_corr": 0.5683228936726978,
  "initmastery_mse": 1.8077884078593343e-08,
  "initmastery_corr": 0.9999996749719245,
  "learning_rate_mse": 3.2354223744590627e-09,
  "learning_rate_corr": 0.9999998655895403,
  "h2_functional_alignment": 0.6582817571637869,
  "h3_discriminant_overlap": -0.10740046662412749,
  "h3_latent_overlap": -0.3212543124466217
}