split,auc,acc,l_sup,l_ref,l_init,l_rate,l_reg
test,0.846507,0.779804,0.460135,0.063092,0.000000,0.000000,0.000110
