{
  "r2_true": 0.6314779613021119,
  "pearson_true": 0.7947028951335581,
  "r2_control": -0.011389647470149145,
  "pearson_control": -0.007190450757535185,
  "selectivity_r2": 0.642867608772261
}