{
  "train": {
    "total_auc": 0.7446278513784911,
    "total_acc": 0.7594167394099813,
    "bce_auc": 0.7446278517736742,
    "bce_acc": 0.7594143928514441,
    "mastery_auc": 0.5,
    "mastery_acc": 0.2656304264166174
  },
  "valid": {
    "total_auc": 0.710729931114637,
    "total_acc": 0.7509367487761438,
    "bce_auc": 0.7107299316072444,
    "bce_acc": 0.7509367487761438,
    "mastery_auc": 0.5,
    "mastery_acc": 0.25975921906782545
  },
  "test": {
    "total_auc": 0.7063447421889147,
    "total_acc": 0.7459432952924394,
    "bce_auc": 0.7063447430358548,
    "bce_acc": 0.7459581550166429,
    "mastery_auc": 0.5,
    "mastery_acc": 0.26662803138373753
  },
  "checkpoint_epoch": 12,
  "checkpoint_val_auc": 0.7107299316072444
}