epoch,train_loss,train_auc,train_acc,val_loss,val_auc,val_acc,train_bce_loss,train_im_loss,val_bce_loss,val_im_loss,train_encoder1_auc,train_encoder1_acc,val_encoder1_auc,val_encoder1_acc,train_encoder2_auc,train_encoder2_acc,val_encoder2_auc,val_encoder2_acc
1,0.597883,0.677991,0.734370,0.597883,0.673812,0.740241,0.563586,0.606457,0.563586,0.606457,0.677991,0.734370,0.673812,0.740241,0.521147,0.734370,0.522392,0.740241
2,0.595502,0.688848,0.734370,0.595502,0.683124,0.740241,0.554694,0.605704,0.554694,0.605704,0.688848,0.734370,0.683124,0.740241,0.523861,0.734370,0.524911,0.740241
3,0.594467,0.693580,0.734370,0.594467,0.686981,0.740241,0.552456,0.604970,0.552456,0.604970,0.693580,0.734370,0.686981,0.740241,0.526242,0.734370,0.527137,0.740241
4,0.593593,0.697427,0.734370,0.593593,0.689418,0.740241,0.550926,0.604259,0.550926,0.604259,0.697427,0.734370,0.689418,0.740241,0.527659,0.734370,0.528366,0.740241
5,0.592810,0.700160,0.734370,0.592810,0.690326,0.740241,0.549595,0.603614,0.549595,0.603614,0.700160,0.734370,0.690326,0.740241,0.528237,0.734370,0.528903,0.740241
6,0.592097,0.701890,0.734370,0.592097,0.689858,0.740241,0.548361,0.603031,0.548361,0.603031,0.701890,0.734370,0.689858,0.740241,0.528570,0.734370,0.529193,0.740241
