split,total_auc,bce_auc,mastery_auc,total_acc,bce_acc,mastery_acc
training,0.7530699509424257,0.7530699509424257,N/A,0.7614207004007922,0.7614207004007922,N/A
validation,0.724645274861087,0.724645274861087,N/A,0.7535158493026696,0.7535158493026696,N/A
test,0.7180786875057408,0.7180786875057408,N/A,0.7469017475035663,0.7469017475035663,N/A
