{
  "train": {
    "total_auc": 0.7530288752757983,
    "total_acc": 0.761408967608106,
    "bce_auc": 0.7540579826200293,
    "bce_acc": 0.7626432573986991,
    "mastery_auc": 0.6444805021925435,
    "mastery_acc": 0.7347192108054328
  },
  "valid": {
    "total_auc": 0.7247661106849812,
    "total_acc": 0.7540900641368773,
    "bce_auc": 0.7252526739079639,
    "bce_acc": 0.7543820377813896,
    "mastery_auc": 0.6306472365414535,
    "mastery_acc": 0.7343137159485738
  },
  "test": {
    "total_auc": 0.7184010284972965,
    "total_acc": 0.7473178197812649,
    "bce_auc": 0.7189041255429157,
    "bce_acc": 0.7473029600570613,
    "mastery_auc": 0.6276322068300587,
    "mastery_acc": 0.7259272467902995
  },
  "checkpoint_epoch": 9,
  "checkpoint_val_auc": 0.7252526739079639
}