split,total_auc,bce_auc,mastery_auc,total_acc,bce_acc,mastery_acc
training,0.7530288752757983,0.7540579826200293,0.6444805021925435,0.761408967608106,0.7626432573986991,0.7347192108054328
validation,0.7247661106849812,0.7252526739079639,0.6306472365414535,0.7540900641368773,0.7543820377813896,0.7343137159485738
test,0.7184010284972965,0.7189041255429157,0.6276322068300587,0.7473178197812649,0.7473029600570613,0.7259272467902995
