{
  "experiment_id": "20251116_222649_gainakt3exp_p1bce09_b1.5_m0.9_g0.9_o2.5_531831",
  "dataset": "assist2015",
  "fold": 0,
  "train_auc": 0.6988300596151721,
  "train_acc": 0.7410337998291705,
  "valid_auc": 0.689919021572016,
  "valid_acc": 0.7362115446379041,
  "test_auc": 0.6857817397552349,
  "test_acc": 0.7304000237755587,
  "train_encoder1_auc": 0.6988300596151721,
  "train_encoder1_acc": 0.7410337998291705,
  "valid_encoder1_auc": 0.689919021572016,
  "valid_encoder1_acc": 0.7362115446379041,
  "test_encoder1_auc": 0.6857817397552349,
  "test_encoder1_acc": 0.7304000237755587,
  "train_encoder2_auc": 0.4966385911021393,
  "train_encoder2_acc": 0.39766658219055934,
  "valid_encoder2_auc": 0.49984034918643516,
  "valid_encoder2_acc": 0.391848095845215,
  "test_encoder2_auc": 0.49522684316417653,
  "test_encoder2_acc": 0.39923621017593913,
  "train_mastery_correlation": 0.0,
  "train_gain_correlation": 0.0,
  "train_correlation_students": 0,
  "test_mastery_correlation": 0.0,
  "test_gain_correlation": 0.0,
  "test_correlation_students": 0,
  "timestamp": "2025-11-16T22:32:04.813754Z"
}