epoch,train_loss,train_auc,train_acc,val_loss,val_auc,val_acc,train_bce_loss,train_im_loss,val_bce_loss,val_im_loss,train_encoder1_auc,train_encoder1_acc,val_encoder1_auc,val_encoder1_acc,train_encoder2_auc,train_encoder2_acc,val_encoder2_auc,val_encoder2_acc
1,0.568057,0.680382,0.734370,0.568057,0.675598,0.740241,0.563305,0.610826,0.563305,0.610826,0.680382,0.734370,0.675598,0.740241,0.496283,0.734370,0.499492,0.740241
2,0.559646,0.693518,0.734370,0.559646,0.686649,0.740241,0.553997,0.610491,0.553997,0.610491,0.693518,0.734370,0.686649,0.740241,0.496640,0.734370,0.499842,0.740241
3,0.557129,0.698830,0.734370,0.557129,0.689919,0.740241,0.551237,0.610160,0.551237,0.610160,0.698830,0.734370,0.689919,0.740241,0.496639,0.734370,0.499840,0.740241
4,0.555179,0.700914,0.734370,0.555179,0.688637,0.740241,0.549107,0.609827,0.549107,0.609827,0.700914,0.734370,0.688637,0.740241,0.496537,0.734370,0.499751,0.740241
5,0.553286,0.705300,0.734370,0.553286,0.689311,0.740241,0.547041,0.609492,0.547041,0.609492,0.705300,0.734370,0.689311,0.740241,0.496336,0.734370,0.499549,0.740241
6,0.551287,0.708423,0.734370,0.551287,0.688419,0.740241,0.544857,0.609153,0.544857,0.609153,0.708423,0.734370,0.688419,0.740241,0.496093,0.734370,0.499301,0.740241
