{
  "best_summary": {
    "best_epoch": 12.0,
    "best_val_accuracy": 0.695919181695199,
    "best_val_auc": 0.6365917663719787,
    "gain_corr": null,
    "mastery_corr": null
  },
  "config_md5": "0c239d8ada9395a195854147d1bc149c",
  "tail_metrics": {
    "alignment_loss_share": 0.0,
    "bounds_violation_rate": 0.0,
    "constraint_loss_share": 0.15313717321715434,
    "epoch": 12.0,
    "gain_correlation": 0.061801063357144956,
    "lag_loss_share": 0.0,
    "main_loss_share": 0.8468628270662291,
    "mastery_correlation": 0.059729093046710216,
    "monotonicity_violation_rate": 0.0,
    "negative_gain_rate": 0.0,
    "retention_loss_share": 0.0,
    "train_auc": 0.9276073652972225,
    "train_loss": 0.3405636624659899,
    "val_accuracy": 0.695919181695199,
    "val_auc": 0.6365917663719787,
    "val_loss": 0.9046235242668463
  }
}