{
  "experiment_id": "20251116_180411_gainakt3exp_lc_b1.5_m0.9_g1.1_o2.0_798988",
  "dataset": "assist2015",
  "fold": 0,
  "train_auc": 0.7001608669308191,
  "train_acc": 0.7482025361604671,
  "valid_auc": 0.6903256444875713,
  "valid_acc": 0.7413600132361385,
  "test_auc": 0.6860181657407145,
  "test_acc": 0.7358758321445554,
  "train_encoder1_auc": 0.7001608669308191,
  "train_encoder1_acc": 0.7482025361604671,
  "valid_encoder1_auc": 0.6903256444875713,
  "valid_encoder1_acc": 0.7413600132361385,
  "test_encoder1_auc": 0.6860181657407145,
  "test_encoder1_acc": 0.7358758321445554,
  "train_encoder2_auc": 0.5187176454732096,
  "train_encoder2_acc": 0.5651451581111142,
  "valid_encoder2_auc": 0.5202922295572923,
  "valid_encoder2_acc": 0.5642585329297609,
  "test_encoder2_auc": 0.51727198284993,
  "test_encoder2_acc": 0.5670470756062768,
  "train_mastery_correlation": 0.0,
  "train_gain_correlation": 0.0,
  "train_correlation_students": 0,
  "test_mastery_correlation": 0.0,
  "test_gain_correlation": 0.0,
  "test_correlation_students": 0,
  "timestamp": "2025-11-16T18:09:11.562428Z"
}