epoch,train_loss,train_auc,train_acc,val_loss,val_auc,val_acc,train_bce_loss,train_im_loss,val_bce_loss,val_im_loss,train_encoder1_auc,train_encoder1_acc,val_encoder1_auc,val_encoder1_acc,train_encoder2_auc,train_encoder2_acc,val_encoder2_auc,val_encoder2_acc
1,0.599147,0.677991,0.734370,0.599147,0.673812,0.740241,0.563586,0.608037,0.563586,0.608037,0.677991,0.734370,0.673812,0.740241,0.509688,0.734370,0.512142,0.740241
2,0.596701,0.688848,0.734370,0.596701,0.683124,0.740241,0.554694,0.607202,0.554694,0.607202,0.688848,0.734370,0.683124,0.740241,0.512886,0.734370,0.514902,0.740241
3,0.595597,0.693580,0.734370,0.595597,0.686981,0.740241,0.552456,0.606382,0.552456,0.606382,0.693580,0.734370,0.686981,0.740241,0.515064,0.734370,0.516905,0.740241
4,0.594649,0.697427,0.734370,0.594649,0.689418,0.740241,0.550926,0.605580,0.550926,0.605580,0.697427,0.734370,0.689418,0.740241,0.517129,0.734370,0.518787,0.740241
5,0.593773,0.700160,0.734370,0.593773,0.690326,0.740241,0.549595,0.604817,0.549595,0.604817,0.700160,0.734370,0.690326,0.740241,0.518718,0.734370,0.520292,0.740241
6,0.592951,0.701890,0.734370,0.592951,0.689858,0.740241,0.548361,0.604099,0.548361,0.604099,0.701890,0.734370,0.689858,0.740241,0.520399,0.734370,0.521973,0.740241
