{
  "valid_auc": 0.8435886185814832,
  "valid_acc": 0.7866919072408898,
  "test_auc": 0.8364375054516966,
  "test_acc": 0.7772518738692169,
  "window_test_auc": 0.8381360531438617,
  "window_test_acc": 0.7781270148291425,
  "checkpoint": "/workspaces/pykt-toolkit/experiments/20251219_165435_idkt_pareto_highres_l0.05_912367/best_model.pt"
}