split,auc,acc
test,0.836438,0.777252
