{
  "timestamp": "2025-11-27T21:12:44.880495",
  "checkpoint": "model_best.pth",
  "dataset": "assist2015",
  "fold": 0,
  "num_concepts": 100,
  "num_parameters": 10725989,
  "results": {
    "test": {
      "auc": 0.7157509899099757,
      "acc": 0.745675820256776,
      "bce_loss": 0.09185737450836134,
      "rasch_loss": 0.0,
      "num_samples": 134592
    }
  }
}