student_id,skill_id,idkt_im,bkt_im
943,0,0.5021458268165588,0.0865730494260788
943,2,0.5059922337532043,0.4455474615097046
943,1,0.4945177733898163,0.10744237899780273
943,326,0.4820404052734375,0.0268031544983387
943,327,0.5124539136886597,0.4999903440475464
943,327,0.5124539136886597,0.4999903440475464
943,326,0.4820404052734375,0.0268031544983387
943,327,0.5124539136886597,0.4999903440475464
943,327,0.5124539136886597,0.4999903440475464
943,328,0.5161398649215698,0.00013764863251708448
943,327,0.5124539136886597,0.4999903440475464
943,327,0.5124539136886597,0.4999903440475464
943,328,0.5161398649215698,0.00013764863251708448
943,327,0.5124539136886597,0.4999903440475464
943,327,0.5124539136886597,0.4999903440475464
943,326,0.4820404052734375,0.0268031544983387
943,327,0.5124539136886597,0.4999903440475464
943,327,0.5124539136886597,0.4999903440475464
943,328,0.5161398649215698,0.00013764863251708448
943,327,0.5124539136886597,0.4999903440475464
943,327,0.5124539136886597,0.4999903440475464
943,328,0.5161398649215698,0.00013764863251708448
943,327,0.5124539136886597,0.4999903440475464
943,327,0.5124539136886597,0.4999903440475464
943,328,0.5161398649215698,0.00013764863251708448
943,327,0.5124539136886597,0.4999903440475464
943,327,0.5124539136886597,0.4999903440475464
943,326,0.4820404052734375,0.0268031544983387
943,327,0.5124539136886597,0.4999903440475464
943,327,0.5124539136886597,0.4999903440475464
943,327,0.5124539136886597,0.4999903440475464
943,326,0.4820404052734375,0.0268031544983387
943,327,0.5124539136886597,0.4999903440475464
943,327,0.5124539136886597,0.4999903440475464
943,326,0.4820404052734375,0.0268031544983387
943,327,0.5124539136886597,0.4999903440475464
943,327,0.5124539136886597,0.4999903440475464
943,326,0.4820404052734375,0.0268031544983387
943,329,0.49659988284111023,0.00013933998707216233
943,329,0.49659988284111023,0.00013933998707216233
943,327,0.5124539136886597,0.4999903440475464
943,329,0.49659988284111023,0.00013933998707216233
943,322,0.5190252065658569,0.0012795778457075357
943,322,0.5190252065658569,0.0012795778457075357
943,328,0.5161398649215698,0.00013764863251708448
943,329,0.49659988284111023,0.00013933998707216233
943,327,0.5124539136886597,0.4999903440475464
943,329,0.49659988284111023,0.00013933998707216233
943,322,0.5190252065658569,0.0012795778457075357
943,327,0.5124539136886597,0.4999903440475464
943,326,0.4820404052734375,0.0268031544983387
943,326,0.4820404052734375,0.0268031544983387
943,329,0.49659988284111023,0.00013933998707216233
943,327,0.5124539136886597,0.4999903440475464
943,329,0.49659988284111023,0.00013933998707216233
943,322,0.5190252065658569,0.0012795778457075357
943,322,0.5190252065658569,0.0012795778457075357
943,326,0.4820404052734375,0.0268031544983387
943,327,0.5124539136886597,0.4999903440475464
943,322,0.5190252065658569,0.0012795778457075357
943,327,0.5124539136886597,0.4999903440475464
943,327,0.5124539136886597,0.4999903440475464
943,329,0.49659988284111023,0.00013933998707216233
943,327,0.5124539136886597,0.4999903440475464
943,322,0.5190252065658569,0.0012795778457075357
943,328,0.5161398649215698,0.00013764863251708448
943,329,0.49659988284111023,0.00013933998707216233
943,329,0.49659988284111023,0.00013933998707216233
943,327,0.5124539136886597,0.4999903440475464
943,322,0.5190252065658569,0.0012795778457075357
943,326,0.4820404052734375,0.0268031544983387
943,327,0.5124539136886597,0.4999903440475464
943,329,0.49659988284111023,0.00013933998707216233
943,322,0.5190252065658569,0.0012795778457075357
943,322,0.5190252065658569,0.0012795778457075357
943,327,0.5124539136886597,0.4999903440475464
943,326,0.4820404052734375,0.0268031544983387
943,327,0.5124539136886597,0.4999903440475464
943,329,0.49659988284111023,0.00013933998707216233
943,322,0.5190252065658569,0.0012795778457075357
943,327,0.5124539136886597,0.4999903440475464
943,322,0.5190252065658569,0.0012795778457075357
943,328,0.5161398649215698,0.00013764863251708448
943,329,0.49659988284111023,0.00013933998707216233
943,329,0.49659988284111023,0.00013933998707216233
943,327,0.5124539136886597,0.4999903440475464
943,322,0.5190252065658569,0.0012795778457075357
943,327,0.5124539136886597,0.4999903440475464
943,322,0.5190252065658569,0.0012795778457075357
943,326,0.4820404052734375,0.0268031544983387
943,327,0.5124539136886597,0.4999903440475464
943,329,0.49659988284111023,0.00013933998707216233
943,322,0.5190252065658569,0.0012795778457075357
943,327,0.5124539136886597,0.4999903440475464
943,322,0.5190252065658569,0.0012795778457075357
943,328,0.5161398649215698,0.00013764863251708448
943,329,0.49659988284111023,0.00013933998707216233
943,329,0.49659988284111023,0.00013933998707216233
943,327,0.5124539136886597,0.4999903440475464
943,322,0.5190252065658569,0.0012795778457075357
943,322,0.5190252065658569,0.0012795778457075357
943,327,0.5124539136886597,0.4999903440475464
943,328,0.5161398649215698,0.00013764863251708448
943,329,0.49659988284111023,0.00013933998707216233
943,329,0.49659988284111023,0.00013933998707216233
943,327,0.5124539136886597,0.4999903440475464
943,322,0.5190252065658569,0.0012795778457075357
943,322,0.5190252065658569,0.0012795778457075357
943,327,0.5124539136886597,0.4999903440475464
943,326,0.4820404052734375,0.0268031544983387
943,327,0.5124539136886597,0.4999903440475464
943,329,0.49659988284111023,0.00013933998707216233
943,322,0.5190252065658569,0.0012795778457075357
943,322,0.5190252065658569,0.0012795778457075357
943,327,0.5124539136886597,0.4999903440475464
943,331,0.4912794828414917,0.9457815885543823
943,296,0.49653539061546326,0.5000894069671631
943,330,0.5099700689315796,0.00578850694000721
943,330,0.5099700689315796,0.00578850694000721
943,296,0.49653539061546326,0.5000894069671631
943,331,0.4912794828414917,0.9457815885543823
943,331,0.4912794828414917,0.9457815885543823
943,331,0.4912794828414917,0.9457815885543823
943,296,0.49653539061546326,0.5000894069671631
943,330,0.5099700689315796,0.00578850694000721
943,331,0.4912794828414917,0.9457815885543823
943,331,0.4912794828414917,0.9457815885543823
943,331,0.4912794828414917,0.9457815885543823
943,331,0.4912794828414917,0.9457815885543823
943,332,0.49080410599708557,4.959729225088304e-32
943,298,0.48720353841781616,0.0031079575419425964
943,330,0.5099700689315796,0.00578850694000721
943,332,0.49080410599708557,4.959729225088304e-32
943,297,0.499426007270813,0.5538933277130127
943,298,0.48720353841781616,0.0031079575419425964
943,333,0.4921584725379944,0.002781059592962265
943,330,0.5099700689315796,0.00578850694000721
943,332,0.49080410599708557,4.959729225088304e-32
943,298,0.48720353841781616,0.0031079575419425964
943,331,0.4912794828414917,0.9457815885543823
943,332,0.49080410599708557,4.959729225088304e-32
943,297,0.499426007270813,0.5538933277130127
943,298,0.48720353841781616,0.0031079575419425964
943,333,0.4921584725379944,0.002781059592962265
943,330,0.5099700689315796,0.00578850694000721
943,332,0.49080410599708557,4.959729225088304e-32
943,298,0.48720353841781616,0.0031079575419425964
943,331,0.4912794828414917,0.9457815885543823
943,332,0.49080410599708557,4.959729225088304e-32
943,297,0.499426007270813,0.5538933277130127
943,298,0.48720353841781616,0.0031079575419425964
943,333,0.4921584725379944,0.002781059592962265
943,331,0.4912794828414917,0.9457815885543823
943,332,0.49080410599708557,4.959729225088304e-32
943,298,0.48720353841781616,0.0031079575419425964
943,330,0.5099700689315796,0.00578850694000721
943,330,0.5099700689315796,0.00578850694000721
943,330,0.5099700689315796,0.00578850694000721
943,330,0.5099700689315796,0.00578850694000721
943,330,0.5099700689315796,0.00578850694000721
943,330,0.5099700689315796,0.00578850694000721
943,352,0.5188940763473511,2.1020346921418742e-12
943,298,0.48720353841781616,0.0031079575419425964
943,330,0.5099700689315796,0.00578850694000721
943,352,0.5188940763473511,2.1020346921418742e-12
943,298,0.48720353841781616,0.0031079575419425964
943,330,0.5099700689315796,0.00578850694000721
943,352,0.5188940763473511,2.1020346921418742e-12
943,298,0.48720353841781616,0.0031079575419425964
943,330,0.5099700689315796,0.00578850694000721
943,352,0.5188940763473511,2.1020346921418742e-12
943,298,0.48720353841781616,0.0031079575419425964
943,330,0.5099700689315796,0.00578850694000721
943,332,0.49080410599708557,4.959729225088304e-32
943,298,0.48720353841781616,0.0031079575419425964
943,328,0.5161398649215698,0.00013764863251708448
943,329,0.49659988284111023,0.00013933998707216233
943,329,0.49659988284111023,0.00013933998707216233
943,327,0.5124539136886597,0.4999903440475464
943,322,0.5190252065658569,0.0012795778457075357
943,327,0.5124539136886597,0.4999903440475464
943,316,0.46911901235580444,0.6573690176010132
943,325,0.5156877636909485,0.9924314022064209
943,316,0.46911901235580444,0.6573690176010132
943,0,0.5021458268165588,0.0865730494260788
943,0,0.5021458268165588,0.0865730494260788
943,0,0.5021458268165588,0.0865730494260788
943,0,0.5021458268165588,0.0865730494260788
943,0,0.5021458268165588,0.0865730494260788
943,0,0.5021458268165588,0.0865730494260788
943,0,0.5021458268165588,0.0865730494260788
943,0,0.5021458268165588,0.0865730494260788
943,0,0.5021458268165588,0.0865730494260788
943,0,0.5021458268165588,0.0865730494260788
943,0,0.5021458268165588,0.0865730494260788
943,0,0.5021458268165588,0.0865730494260788
943,0,0.5021458268165588,0.0865730494260788
943,0,0.5021458268165588,0.0865730494260788
943,0,0.5021458268165588,0.0865730494260788
943,0,0.5021458268165588,0.0865730494260788
489,58,0.5067395567893982,0.6685538291931152
489,53,0.5028008818626404,0.7408033013343811
489,54,0.46204447746276855,0.8244580030441284
489,55,0.5023034811019897,0.8663299083709717
489,53,0.5028008818626404,0.7408033013343811
489,54,0.46204447746276855,0.8244580030441284
489,56,0.5040811896324158,0.9742206335067749
489,58,0.5067395567893982,0.6685538291931152
489,53,0.5028008818626404,0.7408033013343811
489,54,0.46204447746276855,0.8244580030441284
489,55,0.5023034811019897,0.8663299083709717
489,53,0.5028008818626404,0.7408033013343811
489,54,0.46204447746276855,0.8244580030441284
489,56,0.5040811896324158,0.9742206335067749
489,58,0.5067395567893982,0.6685538291931152
489,53,0.5028008818626404,0.7408033013343811
489,54,0.46204447746276855,0.8244580030441284
489,55,0.5023034811019897,0.8663299083709717
489,53,0.5028008818626404,0.7408033013343811
489,54,0.46204447746276855,0.8244580030441284
489,56,0.5040811896324158,0.9742206335067749
489,58,0.5067395567893982,0.6685538291931152
489,53,0.5028008818626404,0.7408033013343811
489,54,0.46204447746276855,0.8244580030441284
489,55,0.5023034811019897,0.8663299083709717
489,53,0.5028008818626404,0.7408033013343811
489,54,0.46204447746276855,0.8244580030441284
489,56,0.5040811896324158,0.9742206335067749
489,57,0.5007960200309753,0.9568685293197632
489,53,0.5028008818626404,0.7408033013343811
489,54,0.46204447746276855,0.8244580030441284
489,55,0.5023034811019897,0.8663299083709717
489,53,0.5028008818626404,0.7408033013343811
489,54,0.46204447746276855,0.8244580030441284
489,56,0.5040811896324158,0.9742206335067749
489,57,0.5007960200309753,0.9568685293197632
489,53,0.5028008818626404,0.7408033013343811
489,54,0.46204447746276855,0.8244580030441284
489,55,0.5023034811019897,0.8663299083709717
489,53,0.5028008818626404,0.7408033013343811
489,56,0.5040811896324158,0.9742206335067749
489,54,0.46204447746276855,0.8244580030441284
489,57,0.5007960200309753,0.9568685293197632
489,53,0.5028008818626404,0.7408033013343811
489,54,0.46204447746276855,0.8244580030441284
489,55,0.5023034811019897,0.8663299083709717
489,53,0.5028008818626404,0.7408033013343811
489,54,0.46204447746276855,0.8244580030441284
489,56,0.5040811896324158,0.9742206335067749
489,58,0.5067395567893982,0.6685538291931152
489,53,0.5028008818626404,0.7408033013343811
489,54,0.46204447746276855,0.8244580030441284
489,55,0.5023034811019897,0.8663299083709717
489,53,0.5028008818626404,0.7408033013343811
489,54,0.46204447746276855,0.8244580030441284
489,56,0.5040811896324158,0.9742206335067749
489,58,0.5067395567893982,0.6685538291931152
489,53,0.5028008818626404,0.7408033013343811
489,54,0.46204447746276855,0.8244580030441284
489,55,0.5023034811019897,0.8663299083709717
489,53,0.5028008818626404,0.7408033013343811
489,54,0.46204447746276855,0.8244580030441284
489,56,0.5040811896324158,0.9742206335067749
489,57,0.5007960200309753,0.9568685293197632
489,53,0.5028008818626404,0.7408033013343811
489,54,0.46204447746276855,0.8244580030441284
489,55,0.5023034811019897,0.8663299083709717
489,0,0.5007027387619019,0.0865730494260788
489,0,0.5007027387619019,0.0865730494260788
489,0,0.5007027387619019,0.0865730494260788
489,0,0.5007027387619019,0.0865730494260788
489,0,0.5007027387619019,0.0865730494260788
489,0,0.5007027387619019,0.0865730494260788
489,0,0.5007027387619019,0.0865730494260788
489,0,0.5007027387619019,0.0865730494260788
489,0,0.5007027387619019,0.0865730494260788
489,0,0.5007027387619019,0.0865730494260788
489,0,0.5007027387619019,0.0865730494260788
489,0,0.5007027387619019,0.0865730494260788
489,0,0.5007027387619019,0.0865730494260788
489,0,0.5007027387619019,0.0865730494260788
489,0,0.5007027387619019,0.0865730494260788
489,0,0.5007027387619019,0.0865730494260788
489,0,0.5007027387619019,0.0865730494260788
489,0,0.5007027387619019,0.0865730494260788
489,0,0.5007027387619019,0.0865730494260788
489,0,0.5007027387619019,0.0865730494260788
489,0,0.5007027387619019,0.0865730494260788
489,0,0.5007027387619019,0.0865730494260788
489,0,0.5007027387619019,0.0865730494260788
489,0,0.5007027387619019,0.0865730494260788
489,0,0.5007027387619019,0.0865730494260788
489,0,0.5007027387619019,0.0865730494260788
489,0,0.5007027387619019,0.0865730494260788
489,0,0.5007027387619019,0.0865730494260788
489,0,0.5007027387619019,0.0865730494260788
489,0,0.5007027387619019,0.0865730494260788
489,0,0.5007027387619019,0.0865730494260788
489,0,0.5007027387619019,0.0865730494260788
489,0,0.5007027387619019,0.0865730494260788
489,0,0.5007027387619019,0.0865730494260788
489,0,0.5007027387619019,0.0865730494260788
489,0,0.5007027387619019,0.0865730494260788
489,0,0.5007027387619019,0.0865730494260788
489,0,0.5007027387619019,0.0865730494260788
489,0,0.5007027387619019,0.0865730494260788
489,0,0.5007027387619019,0.0865730494260788
489,0,0.5007027387619019,0.0865730494260788
489,0,0.5007027387619019,0.0865730494260788
489,0,0.5007027387619019,0.0865730494260788
489,0,0.5007027387619019,0.0865730494260788
489,0,0.5007027387619019,0.0865730494260788
489,0,0.5007027387619019,0.0865730494260788
489,0,0.5007027387619019,0.0865730494260788
489,0,0.5007027387619019,0.0865730494260788
489,0,0.5007027387619019,0.0865730494260788
489,0,0.5007027387619019,0.0865730494260788
489,0,0.5007027387619019,0.0865730494260788
489,0,0.5007027387619019,0.0865730494260788
489,0,0.5007027387619019,0.0865730494260788
489,0,0.5007027387619019,0.0865730494260788
489,0,0.5007027387619019,0.0865730494260788
489,0,0.5007027387619019,0.0865730494260788
489,0,0.5007027387619019,0.0865730494260788
489,0,0.5007027387619019,0.0865730494260788
489,0,0.5007027387619019,0.0865730494260788
489,0,0.5007027387619019,0.0865730494260788
489,0,0.5007027387619019,0.0865730494260788
489,0,0.5007027387619019,0.0865730494260788
489,0,0.5007027387619019,0.0865730494260788
489,0,0.5007027387619019,0.0865730494260788
489,0,0.5007027387619019,0.0865730494260788
489,0,0.5007027387619019,0.0865730494260788
489,0,0.5007027387619019,0.0865730494260788
489,0,0.5007027387619019,0.0865730494260788
489,0,0.5007027387619019,0.0865730494260788
489,0,0.5007027387619019,0.0865730494260788
489,0,0.5007027387619019,0.0865730494260788
489,0,0.5007027387619019,0.0865730494260788
489,0,0.5007027387619019,0.0865730494260788
489,0,0.5007027387619019,0.0865730494260788
489,0,0.5007027387619019,0.0865730494260788
489,0,0.5007027387619019,0.0865730494260788
489,0,0.5007027387619019,0.0865730494260788
489,0,0.5007027387619019,0.0865730494260788
489,0,0.5007027387619019,0.0865730494260788
489,0,0.5007027387619019,0.0865730494260788
489,0,0.5007027387619019,0.0865730494260788
489,0,0.5007027387619019,0.0865730494260788
489,0,0.5007027387619019,0.0865730494260788
489,0,0.5007027387619019,0.0865730494260788
489,0,0.5007027387619019,0.0865730494260788
489,0,0.5007027387619019,0.0865730494260788
489,0,0.5007027387619019,0.0865730494260788
489,0,0.5007027387619019,0.0865730494260788
489,0,0.5007027387619019,0.0865730494260788
489,0,0.5007027387619019,0.0865730494260788
489,0,0.5007027387619019,0.0865730494260788
489,0,0.5007027387619019,0.0865730494260788
489,0,0.5007027387619019,0.0865730494260788
489,0,0.5007027387619019,0.0865730494260788
489,0,0.5007027387619019,0.0865730494260788
489,0,0.5007027387619019,0.0865730494260788
489,0,0.5007027387619019,0.0865730494260788
489,0,0.5007027387619019,0.0865730494260788
489,0,0.5007027387619019,0.0865730494260788
489,0,0.5007027387619019,0.0865730494260788
489,0,0.5007027387619019,0.0865730494260788
489,0,0.5007027387619019,0.0865730494260788
489,0,0.5007027387619019,0.0865730494260788
489,0,0.5007027387619019,0.0865730494260788
489,0,0.5007027387619019,0.0865730494260788
489,0,0.5007027387619019,0.0865730494260788
489,0,0.5007027387619019,0.0865730494260788
489,0,0.5007027387619019,0.0865730494260788
489,0,0.5007027387619019,0.0865730494260788
489,0,0.5007027387619019,0.0865730494260788
489,0,0.5007027387619019,0.0865730494260788
489,0,0.5007027387619019,0.0865730494260788
489,0,0.5007027387619019,0.0865730494260788
489,0,0.5007027387619019,0.0865730494260788
489,0,0.5007027387619019,0.0865730494260788
489,0,0.5007027387619019,0.0865730494260788
489,0,0.5007027387619019,0.0865730494260788
489,0,0.5007027387619019,0.0865730494260788
489,0,0.5007027387619019,0.0865730494260788
489,0,0.5007027387619019,0.0865730494260788
489,0,0.5007027387619019,0.0865730494260788
489,0,0.5007027387619019,0.0865730494260788
489,0,0.5007027387619019,0.0865730494260788
489,0,0.5007027387619019,0.0865730494260788
489,0,0.5007027387619019,0.0865730494260788
489,0,0.5007027387619019,0.0865730494260788
489,0,0.5007027387619019,0.0865730494260788
489,0,0.5007027387619019,0.0865730494260788
489,0,0.5007027387619019,0.0865730494260788
489,0,0.5007027387619019,0.0865730494260788
489,0,0.5007027387619019,0.0865730494260788
489,0,0.5007027387619019,0.0865730494260788
489,0,0.5007027387619019,0.0865730494260788
528,120,0.507305920124054,0.6052386164665222
528,115,0.49344009160995483,0.000789010024163872
528,121,0.4925076365470886,0.9880691766738892
528,116,0.45877689123153687,6.283398761297576e-07
528,118,0.4876607656478882,0.9337958693504333
528,119,0.5170698165893555,0.30007487535476685
528,115,0.49344009160995483,0.000789010024163872
528,116,0.45877689123153687,6.283398761297576e-07
528,121,0.4925076365470886,0.9880691766738892
528,120,0.507305920124054,0.6052386164665222
528,119,0.5170698165893555,0.30007487535476685
528,122,0.49010637402534485,0.290972501039505
528,115,0.49344009160995483,0.000789010024163872
528,121,0.4925076365470886,0.9880691766738892
528,0,0.5021265745162964,0.0865730494260788
528,0,0.5021265745162964,0.0865730494260788
528,0,0.5021265745162964,0.0865730494260788
528,0,0.5021265745162964,0.0865730494260788
528,0,0.5021265745162964,0.0865730494260788
528,0,0.5021265745162964,0.0865730494260788
528,0,0.5021265745162964,0.0865730494260788
528,0,0.5021265745162964,0.0865730494260788
528,0,0.5021265745162964,0.0865730494260788
528,0,0.5021265745162964,0.0865730494260788
528,0,0.5021265745162964,0.0865730494260788
528,0,0.5021265745162964,0.0865730494260788
528,0,0.5021265745162964,0.0865730494260788
528,0,0.5021265745162964,0.0865730494260788
528,0,0.5021265745162964,0.0865730494260788
528,0,0.5021265745162964,0.0865730494260788
528,0,0.5021265745162964,0.0865730494260788
528,0,0.5021265745162964,0.0865730494260788
528,0,0.5021265745162964,0.0865730494260788
528,0,0.5021265745162964,0.0865730494260788
528,0,0.5021265745162964,0.0865730494260788
528,0,0.5021265745162964,0.0865730494260788
528,0,0.5021265745162964,0.0865730494260788
528,0,0.5021265745162964,0.0865730494260788
528,0,0.5021265745162964,0.0865730494260788
528,0,0.5021265745162964,0.0865730494260788
528,0,0.5021265745162964,0.0865730494260788
528,0,0.5021265745162964,0.0865730494260788
528,0,0.5021265745162964,0.0865730494260788
528,0,0.5021265745162964,0.0865730494260788
528,0,0.5021265745162964,0.0865730494260788
528,0,0.5021265745162964,0.0865730494260788
528,0,0.5021265745162964,0.0865730494260788
528,0,0.5021265745162964,0.0865730494260788
528,0,0.5021265745162964,0.0865730494260788
528,0,0.5021265745162964,0.0865730494260788
528,0,0.5021265745162964,0.0865730494260788
528,0,0.5021265745162964,0.0865730494260788
528,0,0.5021265745162964,0.0865730494260788
528,0,0.5021265745162964,0.0865730494260788
528,0,0.5021265745162964,0.0865730494260788
528,0,0.5021265745162964,0.0865730494260788
528,0,0.5021265745162964,0.0865730494260788
528,0,0.5021265745162964,0.0865730494260788
528,0,0.5021265745162964,0.0865730494260788
528,0,0.5021265745162964,0.0865730494260788
528,0,0.5021265745162964,0.0865730494260788
528,0,0.5021265745162964,0.0865730494260788
528,0,0.5021265745162964,0.0865730494260788
528,0,0.5021265745162964,0.0865730494260788
528,0,0.5021265745162964,0.0865730494260788
528,0,0.5021265745162964,0.0865730494260788
528,0,0.5021265745162964,0.0865730494260788
528,0,0.5021265745162964,0.0865730494260788
528,0,0.5021265745162964,0.0865730494260788
528,0,0.5021265745162964,0.0865730494260788
528,0,0.5021265745162964,0.0865730494260788
528,0,0.5021265745162964,0.0865730494260788
528,0,0.5021265745162964,0.0865730494260788
528,0,0.5021265745162964,0.0865730494260788
528,0,0.5021265745162964,0.0865730494260788
528,0,0.5021265745162964,0.0865730494260788
528,0,0.5021265745162964,0.0865730494260788
528,0,0.5021265745162964,0.0865730494260788
528,0,0.5021265745162964,0.0865730494260788
528,0,0.5021265745162964,0.0865730494260788
528,0,0.5021265745162964,0.0865730494260788
528,0,0.5021265745162964,0.0865730494260788
528,0,0.5021265745162964,0.0865730494260788
528,0,0.5021265745162964,0.0865730494260788
528,0,0.5021265745162964,0.0865730494260788
528,0,0.5021265745162964,0.0865730494260788
528,0,0.5021265745162964,0.0865730494260788
528,0,0.5021265745162964,0.0865730494260788
528,0,0.5021265745162964,0.0865730494260788
528,0,0.5021265745162964,0.0865730494260788
528,0,0.5021265745162964,0.0865730494260788
528,0,0.5021265745162964,0.0865730494260788
528,0,0.5021265745162964,0.0865730494260788
528,0,0.5021265745162964,0.0865730494260788
528,0,0.5021265745162964,0.0865730494260788
528,0,0.5021265745162964,0.0865730494260788
528,0,0.5021265745162964,0.0865730494260788
528,0,0.5021265745162964,0.0865730494260788
528,0,0.5021265745162964,0.0865730494260788
528,0,0.5021265745162964,0.0865730494260788
528,0,0.5021265745162964,0.0865730494260788
528,0,0.5021265745162964,0.0865730494260788
528,0,0.5021265745162964,0.0865730494260788
528,0,0.5021265745162964,0.0865730494260788
528,0,0.5021265745162964,0.0865730494260788
528,0,0.5021265745162964,0.0865730494260788
528,0,0.5021265745162964,0.0865730494260788
528,0,0.5021265745162964,0.0865730494260788
528,0,0.5021265745162964,0.0865730494260788
528,0,0.5021265745162964,0.0865730494260788
528,0,0.5021265745162964,0.0865730494260788
528,0,0.5021265745162964,0.0865730494260788
528,0,0.5021265745162964,0.0865730494260788
528,0,0.5021265745162964,0.0865730494260788
528,0,0.5021265745162964,0.0865730494260788
528,0,0.5021265745162964,0.0865730494260788
528,0,0.5021265745162964,0.0865730494260788
528,0,0.5021265745162964,0.0865730494260788
528,0,0.5021265745162964,0.0865730494260788
528,0,0.5021265745162964,0.0865730494260788
528,0,0.5021265745162964,0.0865730494260788
528,0,0.5021265745162964,0.0865730494260788
528,0,0.5021265745162964,0.0865730494260788
528,0,0.5021265745162964,0.0865730494260788
528,0,0.5021265745162964,0.0865730494260788
528,0,0.5021265745162964,0.0865730494260788
528,0,0.5021265745162964,0.0865730494260788
528,0,0.5021265745162964,0.0865730494260788
528,0,0.5021265745162964,0.0865730494260788
528,0,0.5021265745162964,0.0865730494260788
528,0,0.5021265745162964,0.0865730494260788
528,0,0.5021265745162964,0.0865730494260788
528,0,0.5021265745162964,0.0865730494260788
528,0,0.5021265745162964,0.0865730494260788
528,0,0.5021265745162964,0.0865730494260788
528,0,0.5021265745162964,0.0865730494260788
528,0,0.5021265745162964,0.0865730494260788
528,0,0.5021265745162964,0.0865730494260788
528,0,0.5021265745162964,0.0865730494260788
528,0,0.5021265745162964,0.0865730494260788
528,0,0.5021265745162964,0.0865730494260788
528,0,0.5021265745162964,0.0865730494260788
528,0,0.5021265745162964,0.0865730494260788
528,0,0.5021265745162964,0.0865730494260788
528,0,0.5021265745162964,0.0865730494260788
528,0,0.5021265745162964,0.0865730494260788
528,0,0.5021265745162964,0.0865730494260788
528,0,0.5021265745162964,0.0865730494260788
528,0,0.5021265745162964,0.0865730494260788
528,0,0.5021265745162964,0.0865730494260788
528,0,0.5021265745162964,0.0865730494260788
528,0,0.5021265745162964,0.0865730494260788
528,0,0.5021265745162964,0.0865730494260788
528,0,0.5021265745162964,0.0865730494260788
528,0,0.5021265745162964,0.0865730494260788
528,0,0.5021265745162964,0.0865730494260788
528,0,0.5021265745162964,0.0865730494260788
528,0,0.5021265745162964,0.0865730494260788
528,0,0.5021265745162964,0.0865730494260788
528,0,0.5021265745162964,0.0865730494260788
528,0,0.5021265745162964,0.0865730494260788
528,0,0.5021265745162964,0.0865730494260788
528,0,0.5021265745162964,0.0865730494260788
528,0,0.5021265745162964,0.0865730494260788
528,0,0.5021265745162964,0.0865730494260788
528,0,0.5021265745162964,0.0865730494260788
528,0,0.5021265745162964,0.0865730494260788
528,0,0.5021265745162964,0.0865730494260788
528,0,0.5021265745162964,0.0865730494260788
528,0,0.5021265745162964,0.0865730494260788
528,0,0.5021265745162964,0.0865730494260788
528,0,0.5021265745162964,0.0865730494260788
528,0,0.5021265745162964,0.0865730494260788
528,0,0.5021265745162964,0.0865730494260788
528,0,0.5021265745162964,0.0865730494260788
528,0,0.5021265745162964,0.0865730494260788
528,0,0.5021265745162964,0.0865730494260788
528,0,0.5021265745162964,0.0865730494260788
528,0,0.5021265745162964,0.0865730494260788
528,0,0.5021265745162964,0.0865730494260788
528,0,0.5021265745162964,0.0865730494260788
528,0,0.5021265745162964,0.0865730494260788
528,0,0.5021265745162964,0.0865730494260788
528,0,0.5021265745162964,0.0865730494260788
528,0,0.5021265745162964,0.0865730494260788
528,0,0.5021265745162964,0.0865730494260788
528,0,0.5021265745162964,0.0865730494260788
528,0,0.5021265745162964,0.0865730494260788
528,0,0.5021265745162964,0.0865730494260788
528,0,0.5021265745162964,0.0865730494260788
528,0,0.5021265745162964,0.0865730494260788
528,0,0.5021265745162964,0.0865730494260788
528,0,0.5021265745162964,0.0865730494260788
528,0,0.5021265745162964,0.0865730494260788
528,0,0.5021265745162964,0.0865730494260788
528,0,0.5021265745162964,0.0865730494260788
528,0,0.5021265745162964,0.0865730494260788
528,0,0.5021265745162964,0.0865730494260788
528,0,0.5021265745162964,0.0865730494260788
528,0,0.5021265745162964,0.0865730494260788
961,0,0.5021172165870667,0.0865730494260788
961,2,0.5059636235237122,0.4455474615097046
961,1,0.49448922276496887,0.10744237899780273
961,4,0.4961046576499939,0.6352908611297607
961,3,0.48018890619277954,0.7426278591156006
961,5,0.4915212392807007,0.3134657144546509
961,6,0.5161164402961731,0.9404323101043701
961,6,0.5161164402961731,0.9404323101043701
961,0,0.5021172165870667,0.0865730494260788
961,1,0.49448922276496887,0.10744237899780273
961,2,0.5059636235237122,0.4455474615097046
961,3,0.48018890619277954,0.7426278591156006
961,4,0.4961046576499939,0.6352908611297607
961,5,0.4915212392807007,0.3134657144546509
961,326,0.4820118248462677,0.0268031544983387
961,327,0.5124253034591675,0.4999903440475464
961,327,0.5124253034591675,0.4999903440475464
961,327,0.5124253034591675,0.4999903440475464
961,327,0.5124253034591675,0.4999903440475464
961,326,0.4820118248462677,0.0268031544983387
961,327,0.5124253034591675,0.4999903440475464
961,327,0.5124253034591675,0.4999903440475464
961,328,0.5161113142967224,0.00013764863251708448
961,327,0.5124253034591675,0.4999903440475464
961,327,0.5124253034591675,0.4999903440475464
961,328,0.5161113142967224,0.00013764863251708448
961,327,0.5124253034591675,0.4999903440475464
961,327,0.5124253034591675,0.4999903440475464
961,327,0.5124253034591675,0.4999903440475464
961,326,0.4820118248462677,0.0268031544983387
961,327,0.5124253034591675,0.4999903440475464
961,327,0.5124253034591675,0.4999903440475464
961,328,0.5161113142967224,0.00013764863251708448
961,327,0.5124253034591675,0.4999903440475464
961,327,0.5124253034591675,0.4999903440475464
961,328,0.5161113142967224,0.00013764863251708448
961,327,0.5124253034591675,0.4999903440475464
961,327,0.5124253034591675,0.4999903440475464
961,337,0.5047451853752136,0.0722617581486702
961,326,0.4820118248462677,0.0268031544983387
961,327,0.5124253034591675,0.4999903440475464
961,327,0.5124253034591675,0.4999903440475464
961,327,0.5124253034591675,0.4999903440475464
961,326,0.4820118248462677,0.0268031544983387
961,327,0.5124253034591675,0.4999903440475464
961,327,0.5124253034591675,0.4999903440475464
961,328,0.5161113142967224,0.00013764863251708448
961,327,0.5124253034591675,0.4999903440475464
961,327,0.5124253034591675,0.4999903440475464
961,328,0.5161113142967224,0.00013764863251708448
961,327,0.5124253034591675,0.4999903440475464
961,327,0.5124253034591675,0.4999903440475464
961,326,0.4820118248462677,0.0268031544983387
961,327,0.5124253034591675,0.4999903440475464
961,327,0.5124253034591675,0.4999903440475464
961,337,0.5047451853752136,0.0722617581486702
961,326,0.4820118248462677,0.0268031544983387
961,327,0.5124253034591675,0.4999903440475464
961,327,0.5124253034591675,0.4999903440475464
961,328,0.5161113142967224,0.00013764863251708448
961,327,0.5124253034591675,0.4999903440475464
961,327,0.5124253034591675,0.4999903440475464
961,327,0.5124253034591675,0.4999903440475464
961,326,0.4820118248462677,0.0268031544983387
961,327,0.5124253034591675,0.4999903440475464
961,327,0.5124253034591675,0.4999903440475464
961,328,0.5161113142967224,0.00013764863251708448
961,327,0.5124253034591675,0.4999903440475464
961,327,0.5124253034591675,0.4999903440475464
961,326,0.4820118248462677,0.0268031544983387
961,327,0.5124253034591675,0.4999903440475464
961,327,0.5124253034591675,0.4999903440475464
961,326,0.4820118248462677,0.0268031544983387
961,329,0.49657124280929565,0.00013933998707216233
961,0,0.5021172165870667,0.0865730494260788
961,0,0.5021172165870667,0.0865730494260788
961,0,0.5021172165870667,0.0865730494260788
961,0,0.5021172165870667,0.0865730494260788
961,0,0.5021172165870667,0.0865730494260788
961,0,0.5021172165870667,0.0865730494260788
961,0,0.5021172165870667,0.0865730494260788
961,0,0.5021172165870667,0.0865730494260788
961,0,0.5021172165870667,0.0865730494260788
961,0,0.5021172165870667,0.0865730494260788
961,0,0.5021172165870667,0.0865730494260788
961,0,0.5021172165870667,0.0865730494260788
961,0,0.5021172165870667,0.0865730494260788
961,0,0.5021172165870667,0.0865730494260788
961,0,0.5021172165870667,0.0865730494260788
961,0,0.5021172165870667,0.0865730494260788
961,0,0.5021172165870667,0.0865730494260788
961,0,0.5021172165870667,0.0865730494260788
961,0,0.5021172165870667,0.0865730494260788
961,0,0.5021172165870667,0.0865730494260788
961,0,0.5021172165870667,0.0865730494260788
961,0,0.5021172165870667,0.0865730494260788
961,0,0.5021172165870667,0.0865730494260788
961,0,0.5021172165870667,0.0865730494260788
961,0,0.5021172165870667,0.0865730494260788
961,0,0.5021172165870667,0.0865730494260788
961,0,0.5021172165870667,0.0865730494260788
961,0,0.5021172165870667,0.0865730494260788
961,0,0.5021172165870667,0.0865730494260788
961,0,0.5021172165870667,0.0865730494260788
961,0,0.5021172165870667,0.0865730494260788
961,0,0.5021172165870667,0.0865730494260788
961,0,0.5021172165870667,0.0865730494260788
961,0,0.5021172165870667,0.0865730494260788
961,0,0.5021172165870667,0.0865730494260788
961,0,0.5021172165870667,0.0865730494260788
961,0,0.5021172165870667,0.0865730494260788
961,0,0.5021172165870667,0.0865730494260788
961,0,0.5021172165870667,0.0865730494260788
961,0,0.5021172165870667,0.0865730494260788
961,0,0.5021172165870667,0.0865730494260788
961,0,0.5021172165870667,0.0865730494260788
961,0,0.5021172165870667,0.0865730494260788
961,0,0.5021172165870667,0.0865730494260788
961,0,0.5021172165870667,0.0865730494260788
961,0,0.5021172165870667,0.0865730494260788
961,0,0.5021172165870667,0.0865730494260788
961,0,0.5021172165870667,0.0865730494260788
961,0,0.5021172165870667,0.0865730494260788
961,0,0.5021172165870667,0.0865730494260788
961,0,0.5021172165870667,0.0865730494260788
961,0,0.5021172165870667,0.0865730494260788
961,0,0.5021172165870667,0.0865730494260788
961,0,0.5021172165870667,0.0865730494260788
961,0,0.5021172165870667,0.0865730494260788
961,0,0.5021172165870667,0.0865730494260788
961,0,0.5021172165870667,0.0865730494260788
961,0,0.5021172165870667,0.0865730494260788
961,0,0.5021172165870667,0.0865730494260788
961,0,0.5021172165870667,0.0865730494260788
961,0,0.5021172165870667,0.0865730494260788
961,0,0.5021172165870667,0.0865730494260788
961,0,0.5021172165870667,0.0865730494260788
961,0,0.5021172165870667,0.0865730494260788
961,0,0.5021172165870667,0.0865730494260788
961,0,0.5021172165870667,0.0865730494260788
961,0,0.5021172165870667,0.0865730494260788
961,0,0.5021172165870667,0.0865730494260788
961,0,0.5021172165870667,0.0865730494260788
961,0,0.5021172165870667,0.0865730494260788
961,0,0.5021172165870667,0.0865730494260788
961,0,0.5021172165870667,0.0865730494260788
961,0,0.5021172165870667,0.0865730494260788
961,0,0.5021172165870667,0.0865730494260788
961,0,0.5021172165870667,0.0865730494260788
961,0,0.5021172165870667,0.0865730494260788
961,0,0.5021172165870667,0.0865730494260788
961,0,0.5021172165870667,0.0865730494260788
961,0,0.5021172165870667,0.0865730494260788
961,0,0.5021172165870667,0.0865730494260788
961,0,0.5021172165870667,0.0865730494260788
961,0,0.5021172165870667,0.0865730494260788
961,0,0.5021172165870667,0.0865730494260788
961,0,0.5021172165870667,0.0865730494260788
961,0,0.5021172165870667,0.0865730494260788
961,0,0.5021172165870667,0.0865730494260788
961,0,0.5021172165870667,0.0865730494260788
961,0,0.5021172165870667,0.0865730494260788
961,0,0.5021172165870667,0.0865730494260788
961,0,0.5021172165870667,0.0865730494260788
961,0,0.5021172165870667,0.0865730494260788
961,0,0.5021172165870667,0.0865730494260788
961,0,0.5021172165870667,0.0865730494260788
961,0,0.5021172165870667,0.0865730494260788
961,0,0.5021172165870667,0.0865730494260788
961,0,0.5021172165870667,0.0865730494260788
961,0,0.5021172165870667,0.0865730494260788
961,0,0.5021172165870667,0.0865730494260788
961,0,0.5021172165870667,0.0865730494260788
961,0,0.5021172165870667,0.0865730494260788
961,0,0.5021172165870667,0.0865730494260788
961,0,0.5021172165870667,0.0865730494260788
961,0,0.5021172165870667,0.0865730494260788
961,0,0.5021172165870667,0.0865730494260788
961,0,0.5021172165870667,0.0865730494260788
961,0,0.5021172165870667,0.0865730494260788
961,0,0.5021172165870667,0.0865730494260788
961,0,0.5021172165870667,0.0865730494260788
961,0,0.5021172165870667,0.0865730494260788
961,0,0.5021172165870667,0.0865730494260788
961,0,0.5021172165870667,0.0865730494260788
961,0,0.5021172165870667,0.0865730494260788
961,0,0.5021172165870667,0.0865730494260788
961,0,0.5021172165870667,0.0865730494260788
961,0,0.5021172165870667,0.0865730494260788
961,0,0.5021172165870667,0.0865730494260788
961,0,0.5021172165870667,0.0865730494260788
961,0,0.5021172165870667,0.0865730494260788
961,0,0.5021172165870667,0.0865730494260788
961,0,0.5021172165870667,0.0865730494260788
961,0,0.5021172165870667,0.0865730494260788
961,0,0.5021172165870667,0.0865730494260788
961,0,0.5021172165870667,0.0865730494260788
961,0,0.5021172165870667,0.0865730494260788
961,0,0.5021172165870667,0.0865730494260788
961,0,0.5021172165870667,0.0865730494260788
760,0,0.5019386410713196,0.0865730494260788
760,1,0.49431100487709045,0.10744237899780273
760,2,0.5057851076126099,0.4455474615097046
760,3,0.480010062456131,0.7426278591156006
760,4,0.49592527747154236,0.6352908611297607
760,5,0.49134260416030884,0.3134657144546509
760,6,0.5159375071525574,0.9404323101043701
760,6,0.5159375071525574,0.9404323101043701
760,0,0.5019386410713196,0.0865730494260788
760,0,0.5019386410713196,0.0865730494260788
760,0,0.5019386410713196,0.0865730494260788
760,0,0.5019386410713196,0.0865730494260788
760,0,0.5019386410713196,0.0865730494260788
760,0,0.5019386410713196,0.0865730494260788
760,0,0.5019386410713196,0.0865730494260788
760,0,0.5019386410713196,0.0865730494260788
760,0,0.5019386410713196,0.0865730494260788
760,0,0.5019386410713196,0.0865730494260788
760,0,0.5019386410713196,0.0865730494260788
760,0,0.5019386410713196,0.0865730494260788
760,0,0.5019386410713196,0.0865730494260788
760,0,0.5019386410713196,0.0865730494260788
760,0,0.5019386410713196,0.0865730494260788
760,0,0.5019386410713196,0.0865730494260788
760,0,0.5019386410713196,0.0865730494260788
760,0,0.5019386410713196,0.0865730494260788
760,0,0.5019386410713196,0.0865730494260788
760,0,0.5019386410713196,0.0865730494260788
760,0,0.5019386410713196,0.0865730494260788
760,0,0.5019386410713196,0.0865730494260788
760,0,0.5019386410713196,0.0865730494260788
760,0,0.5019386410713196,0.0865730494260788
760,0,0.5019386410713196,0.0865730494260788
760,0,0.5019386410713196,0.0865730494260788
760,0,0.5019386410713196,0.0865730494260788
760,0,0.5019386410713196,0.0865730494260788
760,0,0.5019386410713196,0.0865730494260788
760,0,0.5019386410713196,0.0865730494260788
760,0,0.5019386410713196,0.0865730494260788
760,0,0.5019386410713196,0.0865730494260788
760,0,0.5019386410713196,0.0865730494260788
760,0,0.5019386410713196,0.0865730494260788
760,0,0.5019386410713196,0.0865730494260788
760,0,0.5019386410713196,0.0865730494260788
760,0,0.5019386410713196,0.0865730494260788
760,0,0.5019386410713196,0.0865730494260788
760,0,0.5019386410713196,0.0865730494260788
760,0,0.5019386410713196,0.0865730494260788
760,0,0.5019386410713196,0.0865730494260788
760,0,0.5019386410713196,0.0865730494260788
760,0,0.5019386410713196,0.0865730494260788
760,0,0.5019386410713196,0.0865730494260788
760,0,0.5019386410713196,0.0865730494260788
760,0,0.5019386410713196,0.0865730494260788
760,0,0.5019386410713196,0.0865730494260788
760,0,0.5019386410713196,0.0865730494260788
760,0,0.5019386410713196,0.0865730494260788
760,0,0.5019386410713196,0.0865730494260788
760,0,0.5019386410713196,0.0865730494260788
760,0,0.5019386410713196,0.0865730494260788
760,0,0.5019386410713196,0.0865730494260788
760,0,0.5019386410713196,0.0865730494260788
760,0,0.5019386410713196,0.0865730494260788
760,0,0.5019386410713196,0.0865730494260788
760,0,0.5019386410713196,0.0865730494260788
760,0,0.5019386410713196,0.0865730494260788
760,0,0.5019386410713196,0.0865730494260788
760,0,0.5019386410713196,0.0865730494260788
760,0,0.5019386410713196,0.0865730494260788
760,0,0.5019386410713196,0.0865730494260788
760,0,0.5019386410713196,0.0865730494260788
760,0,0.5019386410713196,0.0865730494260788
760,0,0.5019386410713196,0.0865730494260788
760,0,0.5019386410713196,0.0865730494260788
760,0,0.5019386410713196,0.0865730494260788
760,0,0.5019386410713196,0.0865730494260788
760,0,0.5019386410713196,0.0865730494260788
760,0,0.5019386410713196,0.0865730494260788
760,0,0.5019386410713196,0.0865730494260788
760,0,0.5019386410713196,0.0865730494260788
760,0,0.5019386410713196,0.0865730494260788
760,0,0.5019386410713196,0.0865730494260788
760,0,0.5019386410713196,0.0865730494260788
760,0,0.5019386410713196,0.0865730494260788
760,0,0.5019386410713196,0.0865730494260788
760,0,0.5019386410713196,0.0865730494260788
760,0,0.5019386410713196,0.0865730494260788
760,0,0.5019386410713196,0.0865730494260788
760,0,0.5019386410713196,0.0865730494260788
760,0,0.5019386410713196,0.0865730494260788
760,0,0.5019386410713196,0.0865730494260788
760,0,0.5019386410713196,0.0865730494260788
760,0,0.5019386410713196,0.0865730494260788
760,0,0.5019386410713196,0.0865730494260788
760,0,0.5019386410713196,0.0865730494260788
760,0,0.5019386410713196,0.0865730494260788
760,0,0.5019386410713196,0.0865730494260788
760,0,0.5019386410713196,0.0865730494260788
760,0,0.5019386410713196,0.0865730494260788
760,0,0.5019386410713196,0.0865730494260788
760,0,0.5019386410713196,0.0865730494260788
760,0,0.5019386410713196,0.0865730494260788
760,0,0.5019386410713196,0.0865730494260788
760,0,0.5019386410713196,0.0865730494260788
760,0,0.5019386410713196,0.0865730494260788
760,0,0.5019386410713196,0.0865730494260788
760,0,0.5019386410713196,0.0865730494260788
760,0,0.5019386410713196,0.0865730494260788
760,0,0.5019386410713196,0.0865730494260788
760,0,0.5019386410713196,0.0865730494260788
760,0,0.5019386410713196,0.0865730494260788
760,0,0.5019386410713196,0.0865730494260788
760,0,0.5019386410713196,0.0865730494260788
760,0,0.5019386410713196,0.0865730494260788
760,0,0.5019386410713196,0.0865730494260788
760,0,0.5019386410713196,0.0865730494260788
760,0,0.5019386410713196,0.0865730494260788
760,0,0.5019386410713196,0.0865730494260788
760,0,0.5019386410713196,0.0865730494260788
760,0,0.5019386410713196,0.0865730494260788
760,0,0.5019386410713196,0.0865730494260788
760,0,0.5019386410713196,0.0865730494260788
760,0,0.5019386410713196,0.0865730494260788
760,0,0.5019386410713196,0.0865730494260788
760,0,0.5019386410713196,0.0865730494260788
760,0,0.5019386410713196,0.0865730494260788
760,0,0.5019386410713196,0.0865730494260788
760,0,0.5019386410713196,0.0865730494260788
760,0,0.5019386410713196,0.0865730494260788
760,0,0.5019386410713196,0.0865730494260788
760,0,0.5019386410713196,0.0865730494260788
760,0,0.5019386410713196,0.0865730494260788
760,0,0.5019386410713196,0.0865730494260788
760,0,0.5019386410713196,0.0865730494260788
760,0,0.5019386410713196,0.0865730494260788
760,0,0.5019386410713196,0.0865730494260788
760,0,0.5019386410713196,0.0865730494260788
760,0,0.5019386410713196,0.0865730494260788
760,0,0.5019386410713196,0.0865730494260788
760,0,0.5019386410713196,0.0865730494260788
760,0,0.5019386410713196,0.0865730494260788
760,0,0.5019386410713196,0.0865730494260788
760,0,0.5019386410713196,0.0865730494260788
760,0,0.5019386410713196,0.0865730494260788
760,0,0.5019386410713196,0.0865730494260788
760,0,0.5019386410713196,0.0865730494260788
760,0,0.5019386410713196,0.0865730494260788
760,0,0.5019386410713196,0.0865730494260788
760,0,0.5019386410713196,0.0865730494260788
760,0,0.5019386410713196,0.0865730494260788
760,0,0.5019386410713196,0.0865730494260788
760,0,0.5019386410713196,0.0865730494260788
760,0,0.5019386410713196,0.0865730494260788
760,0,0.5019386410713196,0.0865730494260788
760,0,0.5019386410713196,0.0865730494260788
760,0,0.5019386410713196,0.0865730494260788
760,0,0.5019386410713196,0.0865730494260788
760,0,0.5019386410713196,0.0865730494260788
760,0,0.5019386410713196,0.0865730494260788
760,0,0.5019386410713196,0.0865730494260788
760,0,0.5019386410713196,0.0865730494260788
760,0,0.5019386410713196,0.0865730494260788
760,0,0.5019386410713196,0.0865730494260788
760,0,0.5019386410713196,0.0865730494260788
760,0,0.5019386410713196,0.0865730494260788
760,0,0.5019386410713196,0.0865730494260788
760,0,0.5019386410713196,0.0865730494260788
760,0,0.5019386410713196,0.0865730494260788
760,0,0.5019386410713196,0.0865730494260788
760,0,0.5019386410713196,0.0865730494260788
760,0,0.5019386410713196,0.0865730494260788
760,0,0.5019386410713196,0.0865730494260788
760,0,0.5019386410713196,0.0865730494260788
760,0,0.5019386410713196,0.0865730494260788
760,0,0.5019386410713196,0.0865730494260788
760,0,0.5019386410713196,0.0865730494260788
760,0,0.5019386410713196,0.0865730494260788
760,0,0.5019386410713196,0.0865730494260788
760,0,0.5019386410713196,0.0865730494260788
760,0,0.5019386410713196,0.0865730494260788
760,0,0.5019386410713196,0.0865730494260788
760,0,0.5019386410713196,0.0865730494260788
760,0,0.5019386410713196,0.0865730494260788
760,0,0.5019386410713196,0.0865730494260788
760,0,0.5019386410713196,0.0865730494260788
760,0,0.5019386410713196,0.0865730494260788
760,0,0.5019386410713196,0.0865730494260788
760,0,0.5019386410713196,0.0865730494260788
760,0,0.5019386410713196,0.0865730494260788
760,0,0.5019386410713196,0.0865730494260788
760,0,0.5019386410713196,0.0865730494260788
760,0,0.5019386410713196,0.0865730494260788
760,0,0.5019386410713196,0.0865730494260788
760,0,0.5019386410713196,0.0865730494260788
760,0,0.5019386410713196,0.0865730494260788
760,0,0.5019386410713196,0.0865730494260788
760,0,0.5019386410713196,0.0865730494260788
760,0,0.5019386410713196,0.0865730494260788
760,0,0.5019386410713196,0.0865730494260788
760,0,0.5019386410713196,0.0865730494260788
44,0,0.5017303228378296,0.0865730494260788
44,1,0.49410322308540344,0.10744237899780273
44,2,0.505577027797699,0.4455474615097046
44,3,0.4798014760017395,0.7426278591156006
44,4,0.4957160949707031,0.6352908611297607
44,5,0.4911342263221741,0.3134657144546509
44,6,0.515728771686554,0.9404323101043701
44,6,0.515728771686554,0.9404323101043701
44,0,0.5017303228378296,0.0865730494260788
44,1,0.49410322308540344,0.10744237899780273
44,2,0.505577027797699,0.4455474615097046
44,4,0.4957160949707031,0.6352908611297607
44,3,0.4798014760017395,0.7426278591156006
44,5,0.4911342263221741,0.3134657144546509
44,6,0.515728771686554,0.9404323101043701
44,6,0.515728771686554,0.9404323101043701
44,0,0.5017303228378296,0.0865730494260788
44,2,0.505577027797699,0.4455474615097046
44,1,0.49410322308540344,0.10744237899780273
44,3,0.4798014760017395,0.7426278591156006
44,4,0.4957160949707031,0.6352908611297607
44,5,0.4911342263221741,0.3134657144546509
44,6,0.515728771686554,0.9404323101043701
44,6,0.515728771686554,0.9404323101043701
44,0,0.5017303228378296,0.0865730494260788
44,2,0.505577027797699,0.4455474615097046
44,1,0.49410322308540344,0.10744237899780273
44,3,0.4798014760017395,0.7426278591156006
44,4,0.4957160949707031,0.6352908611297607
44,5,0.4911342263221741,0.3134657144546509
44,6,0.515728771686554,0.9404323101043701
44,6,0.515728771686554,0.9404323101043701
44,0,0.5017303228378296,0.0865730494260788
44,2,0.505577027797699,0.4455474615097046
44,1,0.49410322308540344,0.10744237899780273
44,3,0.4798014760017395,0.7426278591156006
44,4,0.4957160949707031,0.6352908611297607
44,5,0.4911342263221741,0.3134657144546509
44,6,0.515728771686554,0.9404323101043701
44,6,0.515728771686554,0.9404323101043701
44,0,0.5017303228378296,0.0865730494260788
44,1,0.49410322308540344,0.10744237899780273
44,2,0.505577027797699,0.4455474615097046
44,4,0.4957160949707031,0.6352908611297607
44,3,0.4798014760017395,0.7426278591156006
44,5,0.4911342263221741,0.3134657144546509
44,6,0.515728771686554,0.9404323101043701
44,6,0.515728771686554,0.9404323101043701
44,7,0.5067506432533264,0.37016135454177856
44,9,0.4864865243434906,0.7043098211288452
44,8,0.5062230229377747,0.3491012752056122
44,0,0.5017303228378296,0.0865730494260788
44,0,0.5017303228378296,0.0865730494260788
44,0,0.5017303228378296,0.0865730494260788
44,0,0.5017303228378296,0.0865730494260788
44,0,0.5017303228378296,0.0865730494260788
44,0,0.5017303228378296,0.0865730494260788
44,0,0.5017303228378296,0.0865730494260788
44,0,0.5017303228378296,0.0865730494260788
44,0,0.5017303228378296,0.0865730494260788
44,0,0.5017303228378296,0.0865730494260788
44,0,0.5017303228378296,0.0865730494260788
44,0,0.5017303228378296,0.0865730494260788
44,0,0.5017303228378296,0.0865730494260788
44,0,0.5017303228378296,0.0865730494260788
44,0,0.5017303228378296,0.0865730494260788
44,0,0.5017303228378296,0.0865730494260788
44,0,0.5017303228378296,0.0865730494260788
44,0,0.5017303228378296,0.0865730494260788
44,0,0.5017303228378296,0.0865730494260788
44,0,0.5017303228378296,0.0865730494260788
44,0,0.5017303228378296,0.0865730494260788
44,0,0.5017303228378296,0.0865730494260788
44,0,0.5017303228378296,0.0865730494260788
44,0,0.5017303228378296,0.0865730494260788
44,0,0.5017303228378296,0.0865730494260788
44,0,0.5017303228378296,0.0865730494260788
44,0,0.5017303228378296,0.0865730494260788
44,0,0.5017303228378296,0.0865730494260788
44,0,0.5017303228378296,0.0865730494260788
44,0,0.5017303228378296,0.0865730494260788
44,0,0.5017303228378296,0.0865730494260788
44,0,0.5017303228378296,0.0865730494260788
44,0,0.5017303228378296,0.0865730494260788
44,0,0.5017303228378296,0.0865730494260788
44,0,0.5017303228378296,0.0865730494260788
44,0,0.5017303228378296,0.0865730494260788
44,0,0.5017303228378296,0.0865730494260788
44,0,0.5017303228378296,0.0865730494260788
44,0,0.5017303228378296,0.0865730494260788
44,0,0.5017303228378296,0.0865730494260788
44,0,0.5017303228378296,0.0865730494260788
44,0,0.5017303228378296,0.0865730494260788
44,0,0.5017303228378296,0.0865730494260788
44,0,0.5017303228378296,0.0865730494260788
44,0,0.5017303228378296,0.0865730494260788
44,0,0.5017303228378296,0.0865730494260788
44,0,0.5017303228378296,0.0865730494260788
44,0,0.5017303228378296,0.0865730494260788
44,0,0.5017303228378296,0.0865730494260788
44,0,0.5017303228378296,0.0865730494260788
44,0,0.5017303228378296,0.0865730494260788
44,0,0.5017303228378296,0.0865730494260788
44,0,0.5017303228378296,0.0865730494260788
44,0,0.5017303228378296,0.0865730494260788
44,0,0.5017303228378296,0.0865730494260788
44,0,0.5017303228378296,0.0865730494260788
44,0,0.5017303228378296,0.0865730494260788
44,0,0.5017303228378296,0.0865730494260788
44,0,0.5017303228378296,0.0865730494260788
44,0,0.5017303228378296,0.0865730494260788
44,0,0.5017303228378296,0.0865730494260788
44,0,0.5017303228378296,0.0865730494260788
44,0,0.5017303228378296,0.0865730494260788
44,0,0.5017303228378296,0.0865730494260788
44,0,0.5017303228378296,0.0865730494260788
44,0,0.5017303228378296,0.0865730494260788
44,0,0.5017303228378296,0.0865730494260788
44,0,0.5017303228378296,0.0865730494260788
44,0,0.5017303228378296,0.0865730494260788
44,0,0.5017303228378296,0.0865730494260788
44,0,0.5017303228378296,0.0865730494260788
44,0,0.5017303228378296,0.0865730494260788
44,0,0.5017303228378296,0.0865730494260788
44,0,0.5017303228378296,0.0865730494260788
44,0,0.5017303228378296,0.0865730494260788
44,0,0.5017303228378296,0.0865730494260788
44,0,0.5017303228378296,0.0865730494260788
44,0,0.5017303228378296,0.0865730494260788
44,0,0.5017303228378296,0.0865730494260788
44,0,0.5017303228378296,0.0865730494260788
44,0,0.5017303228378296,0.0865730494260788
44,0,0.5017303228378296,0.0865730494260788
44,0,0.5017303228378296,0.0865730494260788
44,0,0.5017303228378296,0.0865730494260788
44,0,0.5017303228378296,0.0865730494260788
44,0,0.5017303228378296,0.0865730494260788
44,0,0.5017303228378296,0.0865730494260788
44,0,0.5017303228378296,0.0865730494260788
44,0,0.5017303228378296,0.0865730494260788
44,0,0.5017303228378296,0.0865730494260788
44,0,0.5017303228378296,0.0865730494260788
44,0,0.5017303228378296,0.0865730494260788
44,0,0.5017303228378296,0.0865730494260788
44,0,0.5017303228378296,0.0865730494260788
44,0,0.5017303228378296,0.0865730494260788
44,0,0.5017303228378296,0.0865730494260788
44,0,0.5017303228378296,0.0865730494260788
44,0,0.5017303228378296,0.0865730494260788
44,0,0.5017303228378296,0.0865730494260788
44,0,0.5017303228378296,0.0865730494260788
44,0,0.5017303228378296,0.0865730494260788
44,0,0.5017303228378296,0.0865730494260788
44,0,0.5017303228378296,0.0865730494260788
44,0,0.5017303228378296,0.0865730494260788
44,0,0.5017303228378296,0.0865730494260788
44,0,0.5017303228378296,0.0865730494260788
44,0,0.5017303228378296,0.0865730494260788
44,0,0.5017303228378296,0.0865730494260788
44,0,0.5017303228378296,0.0865730494260788
44,0,0.5017303228378296,0.0865730494260788
44,0,0.5017303228378296,0.0865730494260788
44,0,0.5017303228378296,0.0865730494260788
44,0,0.5017303228378296,0.0865730494260788
44,0,0.5017303228378296,0.0865730494260788
44,0,0.5017303228378296,0.0865730494260788
44,0,0.5017303228378296,0.0865730494260788
44,0,0.5017303228378296,0.0865730494260788
44,0,0.5017303228378296,0.0865730494260788
44,0,0.5017303228378296,0.0865730494260788
44,0,0.5017303228378296,0.0865730494260788
44,0,0.5017303228378296,0.0865730494260788
44,0,0.5017303228378296,0.0865730494260788
44,0,0.5017303228378296,0.0865730494260788
44,0,0.5017303228378296,0.0865730494260788
44,0,0.5017303228378296,0.0865730494260788
44,0,0.5017303228378296,0.0865730494260788
44,0,0.5017303228378296,0.0865730494260788
44,0,0.5017303228378296,0.0865730494260788
44,0,0.5017303228378296,0.0865730494260788
44,0,0.5017303228378296,0.0865730494260788
44,0,0.5017303228378296,0.0865730494260788
44,0,0.5017303228378296,0.0865730494260788
44,0,0.5017303228378296,0.0865730494260788
44,0,0.5017303228378296,0.0865730494260788
44,0,0.5017303228378296,0.0865730494260788
44,0,0.5017303228378296,0.0865730494260788
44,0,0.5017303228378296,0.0865730494260788
44,0,0.5017303228378296,0.0865730494260788
44,0,0.5017303228378296,0.0865730494260788
44,0,0.5017303228378296,0.0865730494260788
44,0,0.5017303228378296,0.0865730494260788
44,0,0.5017303228378296,0.0865730494260788
44,0,0.5017303228378296,0.0865730494260788
44,0,0.5017303228378296,0.0865730494260788
44,0,0.5017303228378296,0.0865730494260788
44,0,0.5017303228378296,0.0865730494260788
44,0,0.5017303228378296,0.0865730494260788
44,0,0.5017303228378296,0.0865730494260788
44,0,0.5017303228378296,0.0865730494260788
677,0,0.4999617338180542,0.0865730494260788
677,2,0.5038096904754639,0.4455474615097046
677,1,0.49233877658843994,0.10744237899780273
677,5,0.48936542868614197,0.3134657144546509
677,4,0.4939400255680084,0.6352908611297607
677,3,0.478030800819397,0.7426278591156006
677,6,0.5139563679695129,0.9404323101043701
677,6,0.5139563679695129,0.9404323101043701
677,0,0.4999617338180542,0.0865730494260788
677,1,0.49233877658843994,0.10744237899780273
677,2,0.5038096904754639,0.4455474615097046
677,4,0.4939400255680084,0.6352908611297607
677,3,0.478030800819397,0.7426278591156006
677,5,0.48936542868614197,0.3134657144546509
677,6,0.5139563679695129,0.9404323101043701
677,6,0.5139563679695129,0.9404323101043701
677,0,0.4999617338180542,0.0865730494260788
677,2,0.5038096904754639,0.4455474615097046
677,1,0.49233877658843994,0.10744237899780273
677,3,0.478030800819397,0.7426278591156006
677,4,0.4939400255680084,0.6352908611297607
677,5,0.48936542868614197,0.3134657144546509
677,6,0.5139563679695129,0.9404323101043701
677,6,0.5139563679695129,0.9404323101043701
677,0,0.4999617338180542,0.0865730494260788
677,2,0.5038096904754639,0.4455474615097046
677,1,0.49233877658843994,0.10744237899780273
677,3,0.478030800819397,0.7426278591156006
677,4,0.4939400255680084,0.6352908611297607
677,5,0.48936542868614197,0.3134657144546509
677,6,0.5139563679695129,0.9404323101043701
677,6,0.5139563679695129,0.9404323101043701
677,0,0.4999617338180542,0.0865730494260788
677,1,0.49233877658843994,0.10744237899780273
677,2,0.5038096904754639,0.4455474615097046
677,4,0.4939400255680084,0.6352908611297607
677,3,0.478030800819397,0.7426278591156006
677,5,0.48936542868614197,0.3134657144546509
677,6,0.5139563679695129,0.9404323101043701
677,6,0.5139563679695129,0.9404323101043701
677,0,0.4999617338180542,0.0865730494260788
677,2,0.5038096904754639,0.4455474615097046
677,1,0.49233877658843994,0.10744237899780273
677,3,0.478030800819397,0.7426278591156006
677,4,0.4939400255680084,0.6352908611297607
677,5,0.48936542868614197,0.3134657144546509
677,6,0.5139563679695129,0.9404323101043701
677,6,0.5139563679695129,0.9404323101043701
677,0,0.4999617338180542,0.0865730494260788
677,2,0.5038096904754639,0.4455474615097046
677,1,0.49233877658843994,0.10744237899780273
677,3,0.478030800819397,0.7426278591156006
677,4,0.4939400255680084,0.6352908611297607
677,5,0.48936542868614197,0.3134657144546509
677,6,0.5139563679695129,0.9404323101043701
677,6,0.5139563679695129,0.9404323101043701
677,0,0.4999617338180542,0.0865730494260788
677,1,0.49233877658843994,0.10744237899780273
677,2,0.5038096904754639,0.4455474615097046
677,4,0.4939400255680084,0.6352908611297607
677,3,0.478030800819397,0.7426278591156006
677,5,0.48936542868614197,0.3134657144546509
677,6,0.5139563679695129,0.9404323101043701
677,6,0.5139563679695129,0.9404323101043701
677,0,0.4999617338180542,0.0865730494260788
677,1,0.49233877658843994,0.10744237899780273
677,2,0.5038096904754639,0.4455474615097046
677,3,0.478030800819397,0.7426278591156006
677,4,0.4939400255680084,0.6352908611297607
677,5,0.48936542868614197,0.3134657144546509
677,6,0.5139563679695129,0.9404323101043701
677,6,0.5139563679695129,0.9404323101043701
677,0,0.4999617338180542,0.0865730494260788
677,2,0.5038096904754639,0.4455474615097046
677,1,0.49233877658843994,0.10744237899780273
677,3,0.478030800819397,0.7426278591156006
677,4,0.4939400255680084,0.6352908611297607
677,5,0.48936542868614197,0.3134657144546509
677,6,0.5139563679695129,0.9404323101043701
677,6,0.5139563679695129,0.9404323101043701
677,0,0.4999617338180542,0.0865730494260788
677,1,0.49233877658843994,0.10744237899780273
677,2,0.5038096904754639,0.4455474615097046
677,4,0.4939400255680084,0.6352908611297607
677,3,0.478030800819397,0.7426278591156006
677,5,0.48936542868614197,0.3134657144546509
677,6,0.5139563679695129,0.9404323101043701
677,6,0.5139563679695129,0.9404323101043701
677,0,0.4999617338180542,0.0865730494260788
677,1,0.49233877658843994,0.10744237899780273
677,2,0.5038096904754639,0.4455474615097046
677,4,0.4939400255680084,0.6352908611297607
677,3,0.478030800819397,0.7426278591156006
677,5,0.48936542868614197,0.3134657144546509
677,6,0.5139563679695129,0.9404323101043701
677,6,0.5139563679695129,0.9404323101043701
677,0,0.4999617338180542,0.0865730494260788
677,1,0.49233877658843994,0.10744237899780273
677,2,0.5038096904754639,0.4455474615097046
677,4,0.4939400255680084,0.6352908611297607
677,3,0.478030800819397,0.7426278591156006
677,5,0.48936542868614197,0.3134657144546509
677,6,0.5139563679695129,0.9404323101043701
677,6,0.5139563679695129,0.9404323101043701
677,0,0.4999617338180542,0.0865730494260788
677,1,0.49233877658843994,0.10744237899780273
677,2,0.5038096904754639,0.4455474615097046
677,4,0.4939400255680084,0.6352908611297607
677,3,0.478030800819397,0.7426278591156006
677,5,0.48936542868614197,0.3134657144546509
677,6,0.5139563679695129,0.9404323101043701
677,6,0.5139563679695129,0.9404323101043701
677,0,0.4999617338180542,0.0865730494260788
677,1,0.49233877658843994,0.10744237899780273
677,2,0.5038096904754639,0.4455474615097046
677,4,0.4939400255680084,0.6352908611297607
677,3,0.478030800819397,0.7426278591156006
677,5,0.48936542868614197,0.3134657144546509
677,6,0.5139563679695129,0.9404323101043701
677,6,0.5139563679695129,0.9404323101043701
677,0,0.4999617338180542,0.0865730494260788
677,2,0.5038096904754639,0.4455474615097046
677,1,0.49233877658843994,0.10744237899780273
677,3,0.478030800819397,0.7426278591156006
677,4,0.4939400255680084,0.6352908611297607
677,5,0.48936542868614197,0.3134657144546509
677,6,0.5139563679695129,0.9404323101043701
677,6,0.5139563679695129,0.9404323101043701
677,0,0.4999617338180542,0.0865730494260788
677,2,0.5038096904754639,0.4455474615097046
677,1,0.49233877658843994,0.10744237899780273
677,3,0.478030800819397,0.7426278591156006
677,4,0.4939400255680084,0.6352908611297607
677,5,0.48936542868614197,0.3134657144546509
677,6,0.5139563679695129,0.9404323101043701
677,6,0.5139563679695129,0.9404323101043701
677,0,0.4999617338180542,0.0865730494260788
677,0,0.4999617338180542,0.0865730494260788
677,0,0.4999617338180542,0.0865730494260788
677,0,0.4999617338180542,0.0865730494260788
677,0,0.4999617338180542,0.0865730494260788
677,0,0.4999617338180542,0.0865730494260788
677,0,0.4999617338180542,0.0865730494260788
677,0,0.4999617338180542,0.0865730494260788
677,0,0.4999617338180542,0.0865730494260788
677,0,0.4999617338180542,0.0865730494260788
677,0,0.4999617338180542,0.0865730494260788
677,0,0.4999617338180542,0.0865730494260788
677,0,0.4999617338180542,0.0865730494260788
677,0,0.4999617338180542,0.0865730494260788
677,0,0.4999617338180542,0.0865730494260788
677,0,0.4999617338180542,0.0865730494260788
677,0,0.4999617338180542,0.0865730494260788
677,0,0.4999617338180542,0.0865730494260788
677,0,0.4999617338180542,0.0865730494260788
677,0,0.4999617338180542,0.0865730494260788
677,0,0.4999617338180542,0.0865730494260788
677,0,0.4999617338180542,0.0865730494260788
677,0,0.4999617338180542,0.0865730494260788
677,0,0.4999617338180542,0.0865730494260788
677,0,0.4999617338180542,0.0865730494260788
677,0,0.4999617338180542,0.0865730494260788
677,0,0.4999617338180542,0.0865730494260788
677,0,0.4999617338180542,0.0865730494260788
677,0,0.4999617338180542,0.0865730494260788
677,0,0.4999617338180542,0.0865730494260788
677,0,0.4999617338180542,0.0865730494260788
677,0,0.4999617338180542,0.0865730494260788
677,0,0.4999617338180542,0.0865730494260788
677,0,0.4999617338180542,0.0865730494260788
677,0,0.4999617338180542,0.0865730494260788
677,0,0.4999617338180542,0.0865730494260788
677,0,0.4999617338180542,0.0865730494260788
677,0,0.4999617338180542,0.0865730494260788
677,0,0.4999617338180542,0.0865730494260788
677,0,0.4999617338180542,0.0865730494260788
677,0,0.4999617338180542,0.0865730494260788
677,0,0.4999617338180542,0.0865730494260788
677,0,0.4999617338180542,0.0865730494260788
677,0,0.4999617338180542,0.0865730494260788
677,0,0.4999617338180542,0.0865730494260788
677,0,0.4999617338180542,0.0865730494260788
677,0,0.4999617338180542,0.0865730494260788
677,0,0.4999617338180542,0.0865730494260788
677,0,0.4999617338180542,0.0865730494260788
677,0,0.4999617338180542,0.0865730494260788
677,0,0.4999617338180542,0.0865730494260788
677,0,0.4999617338180542,0.0865730494260788
677,0,0.4999617338180542,0.0865730494260788
677,0,0.4999617338180542,0.0865730494260788
677,0,0.4999617338180542,0.0865730494260788
677,0,0.4999617338180542,0.0865730494260788
677,0,0.4999617338180542,0.0865730494260788
677,0,0.4999617338180542,0.0865730494260788
677,0,0.4999617338180542,0.0865730494260788
677,0,0.4999617338180542,0.0865730494260788
677,0,0.4999617338180542,0.0865730494260788
677,0,0.4999617338180542,0.0865730494260788
677,0,0.4999617338180542,0.0865730494260788
677,0,0.4999617338180542,0.0865730494260788
51,0,0.5015907287597656,0.0865730494260788
51,2,0.5054374933242798,0.4455474615097046
51,1,0.49396392703056335,0.10744237899780273
51,3,0.4796617031097412,0.7426278591156006
51,4,0.495575875043869,0.6352908611297607
51,5,0.4909946322441101,0.3134657144546509
51,6,0.5155888795852661,0.9404323101043701
51,6,0.5155888795852661,0.9404323101043701
51,0,0.5015907287597656,0.0865730494260788
51,2,0.5054374933242798,0.4455474615097046
51,1,0.49396392703056335,0.10744237899780273
51,3,0.4796617031097412,0.7426278591156006
51,4,0.495575875043869,0.6352908611297607
51,5,0.4909946322441101,0.3134657144546509
51,6,0.5155888795852661,0.9404323101043701
51,6,0.5155888795852661,0.9404323101043701
51,0,0.5015907287597656,0.0865730494260788
51,2,0.5054374933242798,0.4455474615097046
51,1,0.49396392703056335,0.10744237899780273
51,3,0.4796617031097412,0.7426278591156006
51,4,0.495575875043869,0.6352908611297607
51,5,0.4909946322441101,0.3134657144546509
51,6,0.5155888795852661,0.9404323101043701
51,6,0.5155888795852661,0.9404323101043701
51,0,0.5015907287597656,0.0865730494260788
51,2,0.5054374933242798,0.4455474615097046
51,1,0.49396392703056335,0.10744237899780273
51,3,0.4796617031097412,0.7426278591156006
51,4,0.495575875043869,0.6352908611297607
51,5,0.4909946322441101,0.3134657144546509
51,6,0.5155888795852661,0.9404323101043701
51,6,0.5155888795852661,0.9404323101043701
51,0,0.5015907287597656,0.0865730494260788
51,2,0.5054374933242798,0.4455474615097046
51,1,0.49396392703056335,0.10744237899780273
51,3,0.4796617031097412,0.7426278591156006
51,4,0.495575875043869,0.6352908611297607
51,5,0.4909946322441101,0.3134657144546509
51,6,0.5155888795852661,0.9404323101043701
51,6,0.5155888795852661,0.9404323101043701
51,0,0.5015907287597656,0.0865730494260788
51,2,0.5054374933242798,0.4455474615097046
51,1,0.49396392703056335,0.10744237899780273
51,3,0.4796617031097412,0.7426278591156006
51,4,0.495575875043869,0.6352908611297607
51,5,0.4909946322441101,0.3134657144546509
51,6,0.5155888795852661,0.9404323101043701
51,6,0.5155888795852661,0.9404323101043701
51,0,0.5015907287597656,0.0865730494260788
51,2,0.5054374933242798,0.4455474615097046
51,1,0.49396392703056335,0.10744237899780273
51,3,0.4796617031097412,0.7426278591156006
51,4,0.495575875043869,0.6352908611297607
51,5,0.4909946322441101,0.3134657144546509
51,6,0.5155888795852661,0.9404323101043701
51,6,0.5155888795852661,0.9404323101043701
51,7,0.5066110491752625,0.37016135454177856
51,8,0.5060834288597107,0.3491012752056122
51,9,0.48634669184684753,0.7043098211288452
51,12,0.5072891712188721,0.999262273311615
51,10,0.5056623220443726,0.6246944665908813
51,11,0.5163610577583313,0.6153284907341003
51,13,0.4835148751735687,0.16971169412136078
51,6,0.5155888795852661,0.9404323101043701
51,14,0.47233936190605164,0.6417677998542786
51,7,0.5066110491752625,0.37016135454177856
51,8,0.5060834288597107,0.3491012752056122
51,9,0.48634669184684753,0.7043098211288452
51,12,0.5072891712188721,0.999262273311615
51,11,0.5163610577583313,0.6153284907341003
51,10,0.5056623220443726,0.6246944665908813
51,13,0.4835148751735687,0.16971169412136078
51,6,0.5155888795852661,0.9404323101043701
51,14,0.47233936190605164,0.6417677998542786
51,7,0.5066110491752625,0.37016135454177856
51,8,0.5060834288597107,0.3491012752056122
51,9,0.48634669184684753,0.7043098211288452
51,12,0.5072891712188721,0.999262273311615
51,10,0.5056623220443726,0.6246944665908813
51,11,0.5163610577583313,0.6153284907341003
51,13,0.4835148751735687,0.16971169412136078
51,6,0.5155888795852661,0.9404323101043701
51,14,0.47233936190605164,0.6417677998542786
51,0,0.5015907287597656,0.0865730494260788
51,0,0.5015907287597656,0.0865730494260788
51,0,0.5015907287597656,0.0865730494260788
51,0,0.5015907287597656,0.0865730494260788
51,0,0.5015907287597656,0.0865730494260788
51,0,0.5015907287597656,0.0865730494260788
51,0,0.5015907287597656,0.0865730494260788
51,0,0.5015907287597656,0.0865730494260788
51,0,0.5015907287597656,0.0865730494260788
51,0,0.5015907287597656,0.0865730494260788
51,0,0.5015907287597656,0.0865730494260788
51,0,0.5015907287597656,0.0865730494260788
51,0,0.5015907287597656,0.0865730494260788
51,0,0.5015907287597656,0.0865730494260788
51,0,0.5015907287597656,0.0865730494260788
51,0,0.5015907287597656,0.0865730494260788
51,0,0.5015907287597656,0.0865730494260788
51,0,0.5015907287597656,0.0865730494260788
51,0,0.5015907287597656,0.0865730494260788
51,0,0.5015907287597656,0.0865730494260788
51,0,0.5015907287597656,0.0865730494260788
51,0,0.5015907287597656,0.0865730494260788
51,0,0.5015907287597656,0.0865730494260788
51,0,0.5015907287597656,0.0865730494260788
51,0,0.5015907287597656,0.0865730494260788
51,0,0.5015907287597656,0.0865730494260788
51,0,0.5015907287597656,0.0865730494260788
51,0,0.5015907287597656,0.0865730494260788
51,0,0.5015907287597656,0.0865730494260788
51,0,0.5015907287597656,0.0865730494260788
51,0,0.5015907287597656,0.0865730494260788
51,0,0.5015907287597656,0.0865730494260788
51,0,0.5015907287597656,0.0865730494260788
51,0,0.5015907287597656,0.0865730494260788
51,0,0.5015907287597656,0.0865730494260788
51,0,0.5015907287597656,0.0865730494260788
51,0,0.5015907287597656,0.0865730494260788
51,0,0.5015907287597656,0.0865730494260788
51,0,0.5015907287597656,0.0865730494260788
51,0,0.5015907287597656,0.0865730494260788
51,0,0.5015907287597656,0.0865730494260788
51,0,0.5015907287597656,0.0865730494260788
51,0,0.5015907287597656,0.0865730494260788
51,0,0.5015907287597656,0.0865730494260788
51,0,0.5015907287597656,0.0865730494260788
51,0,0.5015907287597656,0.0865730494260788
51,0,0.5015907287597656,0.0865730494260788
51,0,0.5015907287597656,0.0865730494260788
51,0,0.5015907287597656,0.0865730494260788
51,0,0.5015907287597656,0.0865730494260788
51,0,0.5015907287597656,0.0865730494260788
51,0,0.5015907287597656,0.0865730494260788
51,0,0.5015907287597656,0.0865730494260788
51,0,0.5015907287597656,0.0865730494260788
51,0,0.5015907287597656,0.0865730494260788
51,0,0.5015907287597656,0.0865730494260788
51,0,0.5015907287597656,0.0865730494260788
51,0,0.5015907287597656,0.0865730494260788
51,0,0.5015907287597656,0.0865730494260788
51,0,0.5015907287597656,0.0865730494260788
51,0,0.5015907287597656,0.0865730494260788
51,0,0.5015907287597656,0.0865730494260788
51,0,0.5015907287597656,0.0865730494260788
51,0,0.5015907287597656,0.0865730494260788
51,0,0.5015907287597656,0.0865730494260788
51,0,0.5015907287597656,0.0865730494260788
51,0,0.5015907287597656,0.0865730494260788
51,0,0.5015907287597656,0.0865730494260788
51,0,0.5015907287597656,0.0865730494260788
51,0,0.5015907287597656,0.0865730494260788
51,0,0.5015907287597656,0.0865730494260788
51,0,0.5015907287597656,0.0865730494260788
51,0,0.5015907287597656,0.0865730494260788
51,0,0.5015907287597656,0.0865730494260788
51,0,0.5015907287597656,0.0865730494260788
51,0,0.5015907287597656,0.0865730494260788
51,0,0.5015907287597656,0.0865730494260788
51,0,0.5015907287597656,0.0865730494260788
51,0,0.5015907287597656,0.0865730494260788
51,0,0.5015907287597656,0.0865730494260788
51,0,0.5015907287597656,0.0865730494260788
51,0,0.5015907287597656,0.0865730494260788
51,0,0.5015907287597656,0.0865730494260788
51,0,0.5015907287597656,0.0865730494260788
51,0,0.5015907287597656,0.0865730494260788
51,0,0.5015907287597656,0.0865730494260788
51,0,0.5015907287597656,0.0865730494260788
51,0,0.5015907287597656,0.0865730494260788
51,0,0.5015907287597656,0.0865730494260788
51,0,0.5015907287597656,0.0865730494260788
51,0,0.5015907287597656,0.0865730494260788
51,0,0.5015907287597656,0.0865730494260788
51,0,0.5015907287597656,0.0865730494260788
51,0,0.5015907287597656,0.0865730494260788
51,0,0.5015907287597656,0.0865730494260788
51,0,0.5015907287597656,0.0865730494260788
51,0,0.5015907287597656,0.0865730494260788
51,0,0.5015907287597656,0.0865730494260788
51,0,0.5015907287597656,0.0865730494260788
51,0,0.5015907287597656,0.0865730494260788
51,0,0.5015907287597656,0.0865730494260788
51,0,0.5015907287597656,0.0865730494260788
51,0,0.5015907287597656,0.0865730494260788
51,0,0.5015907287597656,0.0865730494260788
51,0,0.5015907287597656,0.0865730494260788
51,0,0.5015907287597656,0.0865730494260788
51,0,0.5015907287597656,0.0865730494260788
51,0,0.5015907287597656,0.0865730494260788
51,0,0.5015907287597656,0.0865730494260788
51,0,0.5015907287597656,0.0865730494260788
51,0,0.5015907287597656,0.0865730494260788
51,0,0.5015907287597656,0.0865730494260788
51,0,0.5015907287597656,0.0865730494260788
51,0,0.5015907287597656,0.0865730494260788
51,0,0.5015907287597656,0.0865730494260788
51,0,0.5015907287597656,0.0865730494260788
51,0,0.5015907287597656,0.0865730494260788
268,53,0.5028924942016602,0.7408033013343811
268,54,0.46213552355766296,0.8244580030441284
268,56,0.5041728019714355,0.9742206335067749
268,58,0.5068312883377075,0.6685538291931152
268,53,0.5028924942016602,0.7408033013343811
268,54,0.46213552355766296,0.8244580030441284
268,55,0.5023952126502991,0.8663299083709717
268,53,0.5028924942016602,0.7408033013343811
268,54,0.46213552355766296,0.8244580030441284
268,56,0.5041728019714355,0.9742206335067749
268,57,0.5008875131607056,0.9568685293197632
268,53,0.5028924942016602,0.7408033013343811
268,54,0.46213552355766296,0.8244580030441284
268,55,0.5023952126502991,0.8663299083709717
268,53,0.5028924942016602,0.7408033013343811
268,54,0.46213552355766296,0.8244580030441284
268,56,0.5041728019714355,0.9742206335067749
268,58,0.5068312883377075,0.6685538291931152
268,53,0.5028924942016602,0.7408033013343811
268,54,0.46213552355766296,0.8244580030441284
268,55,0.5023952126502991,0.8663299083709717
268,53,0.5028924942016602,0.7408033013343811
268,54,0.46213552355766296,0.8244580030441284
268,56,0.5041728019714355,0.9742206335067749
268,58,0.5068312883377075,0.6685538291931152
268,0,0.5007942914962769,0.0865730494260788
268,0,0.5007942914962769,0.0865730494260788
268,0,0.5007942914962769,0.0865730494260788
268,0,0.5007942914962769,0.0865730494260788
268,0,0.5007942914962769,0.0865730494260788
268,0,0.5007942914962769,0.0865730494260788
268,0,0.5007942914962769,0.0865730494260788
268,0,0.5007942914962769,0.0865730494260788
268,0,0.5007942914962769,0.0865730494260788
268,0,0.5007942914962769,0.0865730494260788
268,0,0.5007942914962769,0.0865730494260788
268,0,0.5007942914962769,0.0865730494260788
268,0,0.5007942914962769,0.0865730494260788
268,0,0.5007942914962769,0.0865730494260788
268,0,0.5007942914962769,0.0865730494260788
268,0,0.5007942914962769,0.0865730494260788
268,0,0.5007942914962769,0.0865730494260788
268,0,0.5007942914962769,0.0865730494260788
268,0,0.5007942914962769,0.0865730494260788
268,0,0.5007942914962769,0.0865730494260788
268,0,0.5007942914962769,0.0865730494260788
268,0,0.5007942914962769,0.0865730494260788
268,0,0.5007942914962769,0.0865730494260788
268,0,0.5007942914962769,0.0865730494260788
268,0,0.5007942914962769,0.0865730494260788
268,0,0.5007942914962769,0.0865730494260788
268,0,0.5007942914962769,0.0865730494260788
268,0,0.5007942914962769,0.0865730494260788
268,0,0.5007942914962769,0.0865730494260788
268,0,0.5007942914962769,0.0865730494260788
268,0,0.5007942914962769,0.0865730494260788
268,0,0.5007942914962769,0.0865730494260788
268,0,0.5007942914962769,0.0865730494260788
268,0,0.5007942914962769,0.0865730494260788
268,0,0.5007942914962769,0.0865730494260788
268,0,0.5007942914962769,0.0865730494260788
268,0,0.5007942914962769,0.0865730494260788
268,0,0.5007942914962769,0.0865730494260788
268,0,0.5007942914962769,0.0865730494260788
268,0,0.5007942914962769,0.0865730494260788
268,0,0.5007942914962769,0.0865730494260788
268,0,0.5007942914962769,0.0865730494260788
268,0,0.5007942914962769,0.0865730494260788
268,0,0.5007942914962769,0.0865730494260788
268,0,0.5007942914962769,0.0865730494260788
268,0,0.5007942914962769,0.0865730494260788
268,0,0.5007942914962769,0.0865730494260788
268,0,0.5007942914962769,0.0865730494260788
268,0,0.5007942914962769,0.0865730494260788
268,0,0.5007942914962769,0.0865730494260788
268,0,0.5007942914962769,0.0865730494260788
268,0,0.5007942914962769,0.0865730494260788
268,0,0.5007942914962769,0.0865730494260788
268,0,0.5007942914962769,0.0865730494260788
268,0,0.5007942914962769,0.0865730494260788
268,0,0.5007942914962769,0.0865730494260788
268,0,0.5007942914962769,0.0865730494260788
268,0,0.5007942914962769,0.0865730494260788
268,0,0.5007942914962769,0.0865730494260788
268,0,0.5007942914962769,0.0865730494260788
268,0,0.5007942914962769,0.0865730494260788
268,0,0.5007942914962769,0.0865730494260788
268,0,0.5007942914962769,0.0865730494260788
268,0,0.5007942914962769,0.0865730494260788
268,0,0.5007942914962769,0.0865730494260788
268,0,0.5007942914962769,0.0865730494260788
268,0,0.5007942914962769,0.0865730494260788
268,0,0.5007942914962769,0.0865730494260788
268,0,0.5007942914962769,0.0865730494260788
268,0,0.5007942914962769,0.0865730494260788
268,0,0.5007942914962769,0.0865730494260788
268,0,0.5007942914962769,0.0865730494260788
268,0,0.5007942914962769,0.0865730494260788
268,0,0.5007942914962769,0.0865730494260788
268,0,0.5007942914962769,0.0865730494260788
268,0,0.5007942914962769,0.0865730494260788
268,0,0.5007942914962769,0.0865730494260788
268,0,0.5007942914962769,0.0865730494260788
268,0,0.5007942914962769,0.0865730494260788
268,0,0.5007942914962769,0.0865730494260788
268,0,0.5007942914962769,0.0865730494260788
268,0,0.5007942914962769,0.0865730494260788
268,0,0.5007942914962769,0.0865730494260788
268,0,0.5007942914962769,0.0865730494260788
268,0,0.5007942914962769,0.0865730494260788
268,0,0.5007942914962769,0.0865730494260788
268,0,0.5007942914962769,0.0865730494260788
268,0,0.5007942914962769,0.0865730494260788
268,0,0.5007942914962769,0.0865730494260788
268,0,0.5007942914962769,0.0865730494260788
268,0,0.5007942914962769,0.0865730494260788
268,0,0.5007942914962769,0.0865730494260788
268,0,0.5007942914962769,0.0865730494260788
268,0,0.5007942914962769,0.0865730494260788
268,0,0.5007942914962769,0.0865730494260788
268,0,0.5007942914962769,0.0865730494260788
268,0,0.5007942914962769,0.0865730494260788
268,0,0.5007942914962769,0.0865730494260788
268,0,0.5007942914962769,0.0865730494260788
268,0,0.5007942914962769,0.0865730494260788
268,0,0.5007942914962769,0.0865730494260788
268,0,0.5007942914962769,0.0865730494260788
268,0,0.5007942914962769,0.0865730494260788
268,0,0.5007942914962769,0.0865730494260788
268,0,0.5007942914962769,0.0865730494260788
268,0,0.5007942914962769,0.0865730494260788
268,0,0.5007942914962769,0.0865730494260788
268,0,0.5007942914962769,0.0865730494260788
268,0,0.5007942914962769,0.0865730494260788
268,0,0.5007942914962769,0.0865730494260788
268,0,0.5007942914962769,0.0865730494260788
268,0,0.5007942914962769,0.0865730494260788
268,0,0.5007942914962769,0.0865730494260788
268,0,0.5007942914962769,0.0865730494260788
268,0,0.5007942914962769,0.0865730494260788
268,0,0.5007942914962769,0.0865730494260788
268,0,0.5007942914962769,0.0865730494260788
268,0,0.5007942914962769,0.0865730494260788
268,0,0.5007942914962769,0.0865730494260788
268,0,0.5007942914962769,0.0865730494260788
268,0,0.5007942914962769,0.0865730494260788
268,0,0.5007942914962769,0.0865730494260788
268,0,0.5007942914962769,0.0865730494260788
268,0,0.5007942914962769,0.0865730494260788
268,0,0.5007942914962769,0.0865730494260788
268,0,0.5007942914962769,0.0865730494260788
268,0,0.5007942914962769,0.0865730494260788
268,0,0.5007942914962769,0.0865730494260788
268,0,0.5007942914962769,0.0865730494260788
268,0,0.5007942914962769,0.0865730494260788
268,0,0.5007942914962769,0.0865730494260788
268,0,0.5007942914962769,0.0865730494260788
268,0,0.5007942914962769,0.0865730494260788
268,0,0.5007942914962769,0.0865730494260788
268,0,0.5007942914962769,0.0865730494260788
268,0,0.5007942914962769,0.0865730494260788
268,0,0.5007942914962769,0.0865730494260788
268,0,0.5007942914962769,0.0865730494260788
268,0,0.5007942914962769,0.0865730494260788
268,0,0.5007942914962769,0.0865730494260788
268,0,0.5007942914962769,0.0865730494260788
268,0,0.5007942914962769,0.0865730494260788
268,0,0.5007942914962769,0.0865730494260788
268,0,0.5007942914962769,0.0865730494260788
268,0,0.5007942914962769,0.0865730494260788
268,0,0.5007942914962769,0.0865730494260788
268,0,0.5007942914962769,0.0865730494260788
268,0,0.5007942914962769,0.0865730494260788
268,0,0.5007942914962769,0.0865730494260788
268,0,0.5007942914962769,0.0865730494260788
268,0,0.5007942914962769,0.0865730494260788
268,0,0.5007942914962769,0.0865730494260788
268,0,0.5007942914962769,0.0865730494260788
268,0,0.5007942914962769,0.0865730494260788
268,0,0.5007942914962769,0.0865730494260788
268,0,0.5007942914962769,0.0865730494260788
268,0,0.5007942914962769,0.0865730494260788
268,0,0.5007942914962769,0.0865730494260788
268,0,0.5007942914962769,0.0865730494260788
268,0,0.5007942914962769,0.0865730494260788
268,0,0.5007942914962769,0.0865730494260788
268,0,0.5007942914962769,0.0865730494260788
268,0,0.5007942914962769,0.0865730494260788
268,0,0.5007942914962769,0.0865730494260788
268,0,0.5007942914962769,0.0865730494260788
268,0,0.5007942914962769,0.0865730494260788
268,0,0.5007942914962769,0.0865730494260788
268,0,0.5007942914962769,0.0865730494260788
268,0,0.5007942914962769,0.0865730494260788
268,0,0.5007942914962769,0.0865730494260788
268,0,0.5007942914962769,0.0865730494260788
268,0,0.5007942914962769,0.0865730494260788
268,0,0.5007942914962769,0.0865730494260788
268,0,0.5007942914962769,0.0865730494260788
268,0,0.5007942914962769,0.0865730494260788
1069,7,0.504787266254425,0.37016135454177856
1069,9,0.48452016711235046,0.7043098211288452
1069,8,0.5042591094970703,0.3491012752056122
1069,10,0.5038354396820068,0.6246944665908813
1069,11,0.5145341157913208,0.6153284907341003
1069,12,0.5054563283920288,0.999262273311615
1069,13,0.4816954731941223,0.16971169412136078
1069,6,0.5137605667114258,0.9404323101043701
1069,14,0.47051548957824707,0.6417677998542786
1069,7,0.504787266254425,0.37016135454177856
1069,8,0.5042591094970703,0.3491012752056122
1069,9,0.48452016711235046,0.7043098211288452
1069,12,0.5054563283920288,0.999262273311615
1069,10,0.5038354396820068,0.6246944665908813
1069,11,0.5145341157913208,0.6153284907341003
1069,13,0.4816954731941223,0.16971169412136078
1069,6,0.5137605667114258,0.9404323101043701
1069,14,0.47051548957824707,0.6417677998542786
1069,7,0.504787266254425,0.37016135454177856
1069,8,0.5042591094970703,0.3491012752056122
1069,9,0.48452016711235046,0.7043098211288452
1069,12,0.5054563283920288,0.999262273311615
1069,10,0.5038354396820068,0.6246944665908813
1069,11,0.5145341157913208,0.6153284907341003
1069,13,0.4816954731941223,0.16971169412136078
1069,6,0.5137605667114258,0.9404323101043701
1069,14,0.47051548957824707,0.6417677998542786
1069,7,0.504787266254425,0.37016135454177856
1069,9,0.48452016711235046,0.7043098211288452
1069,8,0.5042591094970703,0.3491012752056122
1069,10,0.5038354396820068,0.6246944665908813
1069,11,0.5145341157913208,0.6153284907341003
1069,12,0.5054563283920288,0.999262273311615
1069,13,0.4816954731941223,0.16971169412136078
1069,6,0.5137605667114258,0.9404323101043701
1069,14,0.47051548957824707,0.6417677998542786
1069,7,0.504787266254425,0.37016135454177856
1069,8,0.5042591094970703,0.3491012752056122
1069,9,0.48452016711235046,0.7043098211288452
1069,12,0.5054563283920288,0.999262273311615
1069,10,0.5038354396820068,0.6246944665908813
1069,11,0.5145341157913208,0.6153284907341003
1069,13,0.4816954731941223,0.16971169412136078
1069,6,0.5137605667114258,0.9404323101043701
1069,14,0.47051548957824707,0.6417677998542786
1069,7,0.504787266254425,0.37016135454177856
1069,8,0.5042591094970703,0.3491012752056122
1069,9,0.48452016711235046,0.7043098211288452
1069,12,0.5054563283920288,0.999262273311615
1069,10,0.5038354396820068,0.6246944665908813
1069,11,0.5145341157913208,0.6153284907341003
1069,13,0.4816954731941223,0.16971169412136078
1069,6,0.5137605667114258,0.9404323101043701
1069,14,0.47051548957824707,0.6417677998542786
1069,7,0.504787266254425,0.37016135454177856
1069,9,0.48452016711235046,0.7043098211288452
1069,8,0.5042591094970703,0.3491012752056122
1069,10,0.5038354396820068,0.6246944665908813
1069,11,0.5145341157913208,0.6153284907341003
1069,12,0.5054563283920288,0.999262273311615
1069,13,0.4816954731941223,0.16971169412136078
1069,6,0.5137605667114258,0.9404323101043701
1069,14,0.47051548957824707,0.6417677998542786
1069,7,0.504787266254425,0.37016135454177856
1069,8,0.5042591094970703,0.3491012752056122
1069,9,0.48452016711235046,0.7043098211288452
1069,12,0.5054563283920288,0.999262273311615
1069,10,0.5038354396820068,0.6246944665908813
1069,11,0.5145341157913208,0.6153284907341003
1069,13,0.4816954731941223,0.16971169412136078
1069,6,0.5137605667114258,0.9404323101043701
1069,14,0.47051548957824707,0.6417677998542786
1069,7,0.504787266254425,0.37016135454177856
1069,9,0.48452016711235046,0.7043098211288452
1069,8,0.5042591094970703,0.3491012752056122
1069,10,0.5038354396820068,0.6246944665908813
1069,11,0.5145341157913208,0.6153284907341003
1069,12,0.5054563283920288,0.999262273311615
1069,13,0.4816954731941223,0.16971169412136078
1069,6,0.5137605667114258,0.9404323101043701
1069,14,0.47051548957824707,0.6417677998542786
1069,7,0.504787266254425,0.37016135454177856
1069,9,0.48452016711235046,0.7043098211288452
1069,8,0.5042591094970703,0.3491012752056122
1069,10,0.5038354396820068,0.6246944665908813
1069,11,0.5145341157913208,0.6153284907341003
1069,12,0.5054563283920288,0.999262273311615
1069,13,0.4816954731941223,0.16971169412136078
1069,6,0.5137605667114258,0.9404323101043701
1069,14,0.47051548957824707,0.6417677998542786
1069,7,0.504787266254425,0.37016135454177856
1069,8,0.5042591094970703,0.3491012752056122
1069,9,0.48452016711235046,0.7043098211288452
1069,12,0.5054563283920288,0.999262273311615
1069,10,0.5038354396820068,0.6246944665908813
1069,11,0.5145341157913208,0.6153284907341003
1069,13,0.4816954731941223,0.16971169412136078
1069,6,0.5137605667114258,0.9404323101043701
1069,14,0.47051548957824707,0.6417677998542786
1069,7,0.504787266254425,0.37016135454177856
1069,9,0.48452016711235046,0.7043098211288452
1069,8,0.5042591094970703,0.3491012752056122
1069,10,0.5038354396820068,0.6246944665908813
1069,11,0.5145341157913208,0.6153284907341003
1069,12,0.5054563283920288,0.999262273311615
1069,13,0.4816954731941223,0.16971169412136078
1069,6,0.5137605667114258,0.9404323101043701
1069,14,0.47051548957824707,0.6417677998542786
1069,7,0.504787266254425,0.37016135454177856
1069,9,0.48452016711235046,0.7043098211288452
1069,8,0.5042591094970703,0.3491012752056122
1069,10,0.5038354396820068,0.6246944665908813
1069,11,0.5145341157913208,0.6153284907341003
1069,12,0.5054563283920288,0.999262273311615
1069,13,0.4816954731941223,0.16971169412136078
1069,6,0.5137605667114258,0.9404323101043701
1069,14,0.47051548957824707,0.6417677998542786
1069,7,0.504787266254425,0.37016135454177856
1069,8,0.5042591094970703,0.3491012752056122
1069,9,0.48452016711235046,0.7043098211288452
1069,12,0.5054563283920288,0.999262273311615
1069,10,0.5038354396820068,0.6246944665908813
1069,11,0.5145341157913208,0.6153284907341003
1069,13,0.4816954731941223,0.16971169412136078
1069,6,0.5137605667114258,0.9404323101043701
1069,14,0.47051548957824707,0.6417677998542786
1069,7,0.504787266254425,0.37016135454177856
1069,8,0.5042591094970703,0.3491012752056122
1069,9,0.48452016711235046,0.7043098211288452
1069,12,0.5054563283920288,0.999262273311615
1069,10,0.5038354396820068,0.6246944665908813
1069,11,0.5145341157913208,0.6153284907341003
1069,13,0.4816954731941223,0.16971169412136078
1069,6,0.5137605667114258,0.9404323101043701
1069,0,0.49976646900177,0.0865730494260788
1069,0,0.49976646900177,0.0865730494260788
1069,0,0.49976646900177,0.0865730494260788
1069,0,0.49976646900177,0.0865730494260788
1069,0,0.49976646900177,0.0865730494260788
1069,0,0.49976646900177,0.0865730494260788
1069,0,0.49976646900177,0.0865730494260788
1069,0,0.49976646900177,0.0865730494260788
1069,0,0.49976646900177,0.0865730494260788
1069,0,0.49976646900177,0.0865730494260788
1069,0,0.49976646900177,0.0865730494260788
1069,0,0.49976646900177,0.0865730494260788
1069,0,0.49976646900177,0.0865730494260788
1069,0,0.49976646900177,0.0865730494260788
1069,0,0.49976646900177,0.0865730494260788
1069,0,0.49976646900177,0.0865730494260788
1069,0,0.49976646900177,0.0865730494260788
1069,0,0.49976646900177,0.0865730494260788
1069,0,0.49976646900177,0.0865730494260788
1069,0,0.49976646900177,0.0865730494260788
1069,0,0.49976646900177,0.0865730494260788
1069,0,0.49976646900177,0.0865730494260788
1069,0,0.49976646900177,0.0865730494260788
1069,0,0.49976646900177,0.0865730494260788
1069,0,0.49976646900177,0.0865730494260788
1069,0,0.49976646900177,0.0865730494260788
1069,0,0.49976646900177,0.0865730494260788
1069,0,0.49976646900177,0.0865730494260788
1069,0,0.49976646900177,0.0865730494260788
1069,0,0.49976646900177,0.0865730494260788
1069,0,0.49976646900177,0.0865730494260788
1069,0,0.49976646900177,0.0865730494260788
1069,0,0.49976646900177,0.0865730494260788
1069,0,0.49976646900177,0.0865730494260788
1069,0,0.49976646900177,0.0865730494260788
1069,0,0.49976646900177,0.0865730494260788
1069,0,0.49976646900177,0.0865730494260788
1069,0,0.49976646900177,0.0865730494260788
1069,0,0.49976646900177,0.0865730494260788
1069,0,0.49976646900177,0.0865730494260788
1069,0,0.49976646900177,0.0865730494260788
1069,0,0.49976646900177,0.0865730494260788
1069,0,0.49976646900177,0.0865730494260788
1069,0,0.49976646900177,0.0865730494260788
1069,0,0.49976646900177,0.0865730494260788
1069,0,0.49976646900177,0.0865730494260788
1069,0,0.49976646900177,0.0865730494260788
1069,0,0.49976646900177,0.0865730494260788
1069,0,0.49976646900177,0.0865730494260788
1069,0,0.49976646900177,0.0865730494260788
1069,0,0.49976646900177,0.0865730494260788
1069,0,0.49976646900177,0.0865730494260788
1069,0,0.49976646900177,0.0865730494260788
1069,0,0.49976646900177,0.0865730494260788
1069,0,0.49976646900177,0.0865730494260788
1069,0,0.49976646900177,0.0865730494260788
1069,0,0.49976646900177,0.0865730494260788
1069,0,0.49976646900177,0.0865730494260788
1069,0,0.49976646900177,0.0865730494260788
1069,0,0.49976646900177,0.0865730494260788
1069,0,0.49976646900177,0.0865730494260788
1069,0,0.49976646900177,0.0865730494260788
1069,0,0.49976646900177,0.0865730494260788
1069,0,0.49976646900177,0.0865730494260788
1069,0,0.49976646900177,0.0865730494260788
1069,0,0.49976646900177,0.0865730494260788
434,279,0.4875473976135254,0.23227645456790924
434,279,0.4875473976135254,0.23227645456790924
434,280,0.5015999674797058,0.8001254200935364
434,279,0.4875473976135254,0.23227645456790924
434,280,0.5015999674797058,0.8001254200935364
434,0,0.49975812435150146,0.0865730494260788
434,0,0.49975812435150146,0.0865730494260788
434,0,0.49975812435150146,0.0865730494260788
434,0,0.49975812435150146,0.0865730494260788
434,0,0.49975812435150146,0.0865730494260788
434,0,0.49975812435150146,0.0865730494260788
434,0,0.49975812435150146,0.0865730494260788
434,0,0.49975812435150146,0.0865730494260788
434,0,0.49975812435150146,0.0865730494260788
434,0,0.49975812435150146,0.0865730494260788
434,0,0.49975812435150146,0.0865730494260788
434,0,0.49975812435150146,0.0865730494260788
434,0,0.49975812435150146,0.0865730494260788
434,0,0.49975812435150146,0.0865730494260788
434,0,0.49975812435150146,0.0865730494260788
434,0,0.49975812435150146,0.0865730494260788
434,0,0.49975812435150146,0.0865730494260788
434,0,0.49975812435150146,0.0865730494260788
434,0,0.49975812435150146,0.0865730494260788
434,0,0.49975812435150146,0.0865730494260788
434,0,0.49975812435150146,0.0865730494260788
434,0,0.49975812435150146,0.0865730494260788
434,0,0.49975812435150146,0.0865730494260788
434,0,0.49975812435150146,0.0865730494260788
434,0,0.49975812435150146,0.0865730494260788
434,0,0.49975812435150146,0.0865730494260788
434,0,0.49975812435150146,0.0865730494260788
434,0,0.49975812435150146,0.0865730494260788
434,0,0.49975812435150146,0.0865730494260788
434,0,0.49975812435150146,0.0865730494260788
434,0,0.49975812435150146,0.0865730494260788
434,0,0.49975812435150146,0.0865730494260788
434,0,0.49975812435150146,0.0865730494260788
434,0,0.49975812435150146,0.0865730494260788
434,0,0.49975812435150146,0.0865730494260788
434,0,0.49975812435150146,0.0865730494260788
434,0,0.49975812435150146,0.0865730494260788
434,0,0.49975812435150146,0.0865730494260788
434,0,0.49975812435150146,0.0865730494260788
434,0,0.49975812435150146,0.0865730494260788
434,0,0.49975812435150146,0.0865730494260788
434,0,0.49975812435150146,0.0865730494260788
434,0,0.49975812435150146,0.0865730494260788
434,0,0.49975812435150146,0.0865730494260788
434,0,0.49975812435150146,0.0865730494260788
434,0,0.49975812435150146,0.0865730494260788
434,0,0.49975812435150146,0.0865730494260788
434,0,0.49975812435150146,0.0865730494260788
434,0,0.49975812435150146,0.0865730494260788
434,0,0.49975812435150146,0.0865730494260788
434,0,0.49975812435150146,0.0865730494260788
434,0,0.49975812435150146,0.0865730494260788
434,0,0.49975812435150146,0.0865730494260788
434,0,0.49975812435150146,0.0865730494260788
434,0,0.49975812435150146,0.0865730494260788
434,0,0.49975812435150146,0.0865730494260788
434,0,0.49975812435150146,0.0865730494260788
434,0,0.49975812435150146,0.0865730494260788
434,0,0.49975812435150146,0.0865730494260788
434,0,0.49975812435150146,0.0865730494260788
434,0,0.49975812435150146,0.0865730494260788
434,0,0.49975812435150146,0.0865730494260788
434,0,0.49975812435150146,0.0865730494260788
434,0,0.49975812435150146,0.0865730494260788
434,0,0.49975812435150146,0.0865730494260788
434,0,0.49975812435150146,0.0865730494260788
434,0,0.49975812435150146,0.0865730494260788
434,0,0.49975812435150146,0.0865730494260788
434,0,0.49975812435150146,0.0865730494260788
434,0,0.49975812435150146,0.0865730494260788
434,0,0.49975812435150146,0.0865730494260788
434,0,0.49975812435150146,0.0865730494260788
434,0,0.49975812435150146,0.0865730494260788
434,0,0.49975812435150146,0.0865730494260788
434,0,0.49975812435150146,0.0865730494260788
434,0,0.49975812435150146,0.0865730494260788
434,0,0.49975812435150146,0.0865730494260788
434,0,0.49975812435150146,0.0865730494260788
434,0,0.49975812435150146,0.0865730494260788
434,0,0.49975812435150146,0.0865730494260788
434,0,0.49975812435150146,0.0865730494260788
434,0,0.49975812435150146,0.0865730494260788
434,0,0.49975812435150146,0.0865730494260788
434,0,0.49975812435150146,0.0865730494260788
434,0,0.49975812435150146,0.0865730494260788
434,0,0.49975812435150146,0.0865730494260788
434,0,0.49975812435150146,0.0865730494260788
434,0,0.49975812435150146,0.0865730494260788
434,0,0.49975812435150146,0.0865730494260788
434,0,0.49975812435150146,0.0865730494260788
434,0,0.49975812435150146,0.0865730494260788
434,0,0.49975812435150146,0.0865730494260788
434,0,0.49975812435150146,0.0865730494260788
434,0,0.49975812435150146,0.0865730494260788
434,0,0.49975812435150146,0.0865730494260788
434,0,0.49975812435150146,0.0865730494260788
434,0,0.49975812435150146,0.0865730494260788
434,0,0.49975812435150146,0.0865730494260788
434,0,0.49975812435150146,0.0865730494260788
434,0,0.49975812435150146,0.0865730494260788
434,0,0.49975812435150146,0.0865730494260788
434,0,0.49975812435150146,0.0865730494260788
434,0,0.49975812435150146,0.0865730494260788
434,0,0.49975812435150146,0.0865730494260788
434,0,0.49975812435150146,0.0865730494260788
434,0,0.49975812435150146,0.0865730494260788
434,0,0.49975812435150146,0.0865730494260788
434,0,0.49975812435150146,0.0865730494260788
434,0,0.49975812435150146,0.0865730494260788
434,0,0.49975812435150146,0.0865730494260788
434,0,0.49975812435150146,0.0865730494260788
434,0,0.49975812435150146,0.0865730494260788
434,0,0.49975812435150146,0.0865730494260788
434,0,0.49975812435150146,0.0865730494260788
434,0,0.49975812435150146,0.0865730494260788
434,0,0.49975812435150146,0.0865730494260788
434,0,0.49975812435150146,0.0865730494260788
434,0,0.49975812435150146,0.0865730494260788
434,0,0.49975812435150146,0.0865730494260788
434,0,0.49975812435150146,0.0865730494260788
434,0,0.49975812435150146,0.0865730494260788
434,0,0.49975812435150146,0.0865730494260788
434,0,0.49975812435150146,0.0865730494260788
434,0,0.49975812435150146,0.0865730494260788
434,0,0.49975812435150146,0.0865730494260788
434,0,0.49975812435150146,0.0865730494260788
434,0,0.49975812435150146,0.0865730494260788
434,0,0.49975812435150146,0.0865730494260788
434,0,0.49975812435150146,0.0865730494260788
434,0,0.49975812435150146,0.0865730494260788
434,0,0.49975812435150146,0.0865730494260788
434,0,0.49975812435150146,0.0865730494260788
434,0,0.49975812435150146,0.0865730494260788
434,0,0.49975812435150146,0.0865730494260788
434,0,0.49975812435150146,0.0865730494260788
434,0,0.49975812435150146,0.0865730494260788
434,0,0.49975812435150146,0.0865730494260788
434,0,0.49975812435150146,0.0865730494260788
434,0,0.49975812435150146,0.0865730494260788
434,0,0.49975812435150146,0.0865730494260788
434,0,0.49975812435150146,0.0865730494260788
434,0,0.49975812435150146,0.0865730494260788
434,0,0.49975812435150146,0.0865730494260788
434,0,0.49975812435150146,0.0865730494260788
434,0,0.49975812435150146,0.0865730494260788
434,0,0.49975812435150146,0.0865730494260788
434,0,0.49975812435150146,0.0865730494260788
434,0,0.49975812435150146,0.0865730494260788
434,0,0.49975812435150146,0.0865730494260788
434,0,0.49975812435150146,0.0865730494260788
434,0,0.49975812435150146,0.0865730494260788
434,0,0.49975812435150146,0.0865730494260788
434,0,0.49975812435150146,0.0865730494260788
434,0,0.49975812435150146,0.0865730494260788
434,0,0.49975812435150146,0.0865730494260788
434,0,0.49975812435150146,0.0865730494260788
434,0,0.49975812435150146,0.0865730494260788
434,0,0.49975812435150146,0.0865730494260788
434,0,0.49975812435150146,0.0865730494260788
434,0,0.49975812435150146,0.0865730494260788
434,0,0.49975812435150146,0.0865730494260788
434,0,0.49975812435150146,0.0865730494260788
434,0,0.49975812435150146,0.0865730494260788
434,0,0.49975812435150146,0.0865730494260788
434,0,0.49975812435150146,0.0865730494260788
434,0,0.49975812435150146,0.0865730494260788
434,0,0.49975812435150146,0.0865730494260788
434,0,0.49975812435150146,0.0865730494260788
434,0,0.49975812435150146,0.0865730494260788
434,0,0.49975812435150146,0.0865730494260788
434,0,0.49975812435150146,0.0865730494260788
434,0,0.49975812435150146,0.0865730494260788
434,0,0.49975812435150146,0.0865730494260788
434,0,0.49975812435150146,0.0865730494260788
434,0,0.49975812435150146,0.0865730494260788
434,0,0.49975812435150146,0.0865730494260788
434,0,0.49975812435150146,0.0865730494260788
434,0,0.49975812435150146,0.0865730494260788
434,0,0.49975812435150146,0.0865730494260788
434,0,0.49975812435150146,0.0865730494260788
434,0,0.49975812435150146,0.0865730494260788
434,0,0.49975812435150146,0.0865730494260788
434,0,0.49975812435150146,0.0865730494260788
434,0,0.49975812435150146,0.0865730494260788
434,0,0.49975812435150146,0.0865730494260788
434,0,0.49975812435150146,0.0865730494260788
434,0,0.49975812435150146,0.0865730494260788
434,0,0.49975812435150146,0.0865730494260788
434,0,0.49975812435150146,0.0865730494260788
434,0,0.49975812435150146,0.0865730494260788
434,0,0.49975812435150146,0.0865730494260788
434,0,0.49975812435150146,0.0865730494260788
434,0,0.49975812435150146,0.0865730494260788
434,0,0.49975812435150146,0.0865730494260788
434,0,0.49975812435150146,0.0865730494260788
454,104,0.5308147072792053,1.1646202580095633e-07
454,105,0.5134778022766113,0.0001257673866348341
454,107,0.5261861681938171,3.0459325112055374e-14
454,106,0.49006471037864685,0.9862083196640015
454,108,0.475421667098999,1.9808755091695614e-41
454,109,0.5049047470092773,0.979371190071106
454,110,0.5332282781600952,0.9824228882789612
454,111,0.48439928889274597,0.9252668023109436
454,112,0.4814756512641907,0.06074321269989014
454,104,0.5308147072792053,1.1646202580095633e-07
454,105,0.5134778022766113,0.0001257673866348341
454,107,0.5261861681938171,3.0459325112055374e-14
454,106,0.49006471037864685,0.9862083196640015
454,108,0.475421667098999,1.9808755091695614e-41
454,109,0.5049047470092773,0.979371190071106
454,110,0.5332282781600952,0.9824228882789612
454,113,0.5259825587272644,0.2145785689353943
454,112,0.4814756512641907,0.06074321269989014
454,114,0.5229583978652954,0.04828978702425957
454,104,0.5308147072792053,1.1646202580095633e-07
454,105,0.5134778022766113,0.0001257673866348341
454,107,0.5261861681938171,3.0459325112055374e-14
454,106,0.49006471037864685,0.9862083196640015
454,109,0.5049047470092773,0.979371190071106
454,108,0.475421667098999,1.9808755091695614e-41
454,110,0.5332282781600952,0.9824228882789612
454,113,0.5259825587272644,0.2145785689353943
454,112,0.4814756512641907,0.06074321269989014
454,114,0.5229583978652954,0.04828978702425957
454,104,0.5308147072792053,1.1646202580095633e-07
454,105,0.5134778022766113,0.0001257673866348341
454,107,0.5261861681938171,3.0459325112055374e-14
454,106,0.49006471037864685,0.9862083196640015
454,108,0.475421667098999,1.9808755091695614e-41
454,109,0.5049047470092773,0.979371190071106
454,110,0.5332282781600952,0.9824228882789612
454,111,0.48439928889274597,0.9252668023109436
454,112,0.4814756512641907,0.06074321269989014
454,104,0.5308147072792053,1.1646202580095633e-07
454,105,0.5134778022766113,0.0001257673866348341
454,107,0.5261861681938171,3.0459325112055374e-14
454,106,0.49006471037864685,0.9862083196640015
454,108,0.475421667098999,1.9808755091695614e-41
454,109,0.5049047470092773,0.979371190071106
454,110,0.5332282781600952,0.9824228882789612
454,111,0.48439928889274597,0.9252668023109436
454,112,0.4814756512641907,0.06074321269989014
454,114,0.5229583978652954,0.04828978702425957
454,104,0.5308147072792053,1.1646202580095633e-07
454,105,0.5134778022766113,0.0001257673866348341
454,107,0.5261861681938171,3.0459325112055374e-14
454,106,0.49006471037864685,0.9862083196640015
454,108,0.475421667098999,1.9808755091695614e-41
454,109,0.5049047470092773,0.979371190071106
454,110,0.5332282781600952,0.9824228882789612
454,113,0.5259825587272644,0.2145785689353943
454,112,0.4814756512641907,0.06074321269989014
454,104,0.5308147072792053,1.1646202580095633e-07
454,105,0.5134778022766113,0.0001257673866348341
454,107,0.5261861681938171,3.0459325112055374e-14
454,106,0.49006471037864685,0.9862083196640015
454,109,0.5049047470092773,0.979371190071106
454,108,0.475421667098999,1.9808755091695614e-41
454,110,0.5332282781600952,0.9824228882789612
454,113,0.5259825587272644,0.2145785689353943
454,112,0.4814756512641907,0.06074321269989014
454,104,0.5308147072792053,1.1646202580095633e-07
454,105,0.5134778022766113,0.0001257673866348341
454,107,0.5261861681938171,3.0459325112055374e-14
454,106,0.49006471037864685,0.9862083196640015
454,108,0.475421667098999,1.9808755091695614e-41
454,109,0.5049047470092773,0.979371190071106
454,110,0.5332282781600952,0.9824228882789612
454,113,0.5259825587272644,0.2145785689353943
454,112,0.4814756512641907,0.06074321269989014
454,104,0.5308147072792053,1.1646202580095633e-07
454,105,0.5134778022766113,0.0001257673866348341
454,107,0.5261861681938171,3.0459325112055374e-14
454,106,0.49006471037864685,0.9862083196640015
454,109,0.5049047470092773,0.979371190071106
454,108,0.475421667098999,1.9808755091695614e-41
454,0,0.502039909362793,0.0865730494260788
454,0,0.502039909362793,0.0865730494260788
454,0,0.502039909362793,0.0865730494260788
454,0,0.502039909362793,0.0865730494260788
454,0,0.502039909362793,0.0865730494260788
454,0,0.502039909362793,0.0865730494260788
454,0,0.502039909362793,0.0865730494260788
454,0,0.502039909362793,0.0865730494260788
454,0,0.502039909362793,0.0865730494260788
454,0,0.502039909362793,0.0865730494260788
454,0,0.502039909362793,0.0865730494260788
454,0,0.502039909362793,0.0865730494260788
454,0,0.502039909362793,0.0865730494260788
454,0,0.502039909362793,0.0865730494260788
454,0,0.502039909362793,0.0865730494260788
454,0,0.502039909362793,0.0865730494260788
454,0,0.502039909362793,0.0865730494260788
454,0,0.502039909362793,0.0865730494260788
454,0,0.502039909362793,0.0865730494260788
454,0,0.502039909362793,0.0865730494260788
454,0,0.502039909362793,0.0865730494260788
454,0,0.502039909362793,0.0865730494260788
454,0,0.502039909362793,0.0865730494260788
454,0,0.502039909362793,0.0865730494260788
454,0,0.502039909362793,0.0865730494260788
454,0,0.502039909362793,0.0865730494260788
454,0,0.502039909362793,0.0865730494260788
454,0,0.502039909362793,0.0865730494260788
454,0,0.502039909362793,0.0865730494260788
454,0,0.502039909362793,0.0865730494260788
454,0,0.502039909362793,0.0865730494260788
454,0,0.502039909362793,0.0865730494260788
454,0,0.502039909362793,0.0865730494260788
454,0,0.502039909362793,0.0865730494260788
454,0,0.502039909362793,0.0865730494260788
454,0,0.502039909362793,0.0865730494260788
454,0,0.502039909362793,0.0865730494260788
454,0,0.502039909362793,0.0865730494260788
454,0,0.502039909362793,0.0865730494260788
454,0,0.502039909362793,0.0865730494260788
454,0,0.502039909362793,0.0865730494260788
454,0,0.502039909362793,0.0865730494260788
454,0,0.502039909362793,0.0865730494260788
454,0,0.502039909362793,0.0865730494260788
454,0,0.502039909362793,0.0865730494260788
454,0,0.502039909362793,0.0865730494260788
454,0,0.502039909362793,0.0865730494260788
454,0,0.502039909362793,0.0865730494260788
454,0,0.502039909362793,0.0865730494260788
454,0,0.502039909362793,0.0865730494260788
454,0,0.502039909362793,0.0865730494260788
454,0,0.502039909362793,0.0865730494260788
454,0,0.502039909362793,0.0865730494260788
454,0,0.502039909362793,0.0865730494260788
454,0,0.502039909362793,0.0865730494260788
454,0,0.502039909362793,0.0865730494260788
454,0,0.502039909362793,0.0865730494260788
454,0,0.502039909362793,0.0865730494260788
454,0,0.502039909362793,0.0865730494260788
454,0,0.502039909362793,0.0865730494260788
454,0,0.502039909362793,0.0865730494260788
454,0,0.502039909362793,0.0865730494260788
454,0,0.502039909362793,0.0865730494260788
454,0,0.502039909362793,0.0865730494260788
454,0,0.502039909362793,0.0865730494260788
454,0,0.502039909362793,0.0865730494260788
454,0,0.502039909362793,0.0865730494260788
454,0,0.502039909362793,0.0865730494260788
454,0,0.502039909362793,0.0865730494260788
454,0,0.502039909362793,0.0865730494260788
454,0,0.502039909362793,0.0865730494260788
454,0,0.502039909362793,0.0865730494260788
454,0,0.502039909362793,0.0865730494260788
454,0,0.502039909362793,0.0865730494260788
454,0,0.502039909362793,0.0865730494260788
454,0,0.502039909362793,0.0865730494260788
454,0,0.502039909362793,0.0865730494260788
454,0,0.502039909362793,0.0865730494260788
454,0,0.502039909362793,0.0865730494260788
454,0,0.502039909362793,0.0865730494260788
454,0,0.502039909362793,0.0865730494260788
454,0,0.502039909362793,0.0865730494260788
454,0,0.502039909362793,0.0865730494260788
454,0,0.502039909362793,0.0865730494260788
454,0,0.502039909362793,0.0865730494260788
454,0,0.502039909362793,0.0865730494260788
454,0,0.502039909362793,0.0865730494260788
454,0,0.502039909362793,0.0865730494260788
454,0,0.502039909362793,0.0865730494260788
454,0,0.502039909362793,0.0865730494260788
454,0,0.502039909362793,0.0865730494260788
454,0,0.502039909362793,0.0865730494260788
454,0,0.502039909362793,0.0865730494260788
454,0,0.502039909362793,0.0865730494260788
454,0,0.502039909362793,0.0865730494260788
454,0,0.502039909362793,0.0865730494260788
454,0,0.502039909362793,0.0865730494260788
454,0,0.502039909362793,0.0865730494260788
454,0,0.502039909362793,0.0865730494260788
454,0,0.502039909362793,0.0865730494260788
454,0,0.502039909362793,0.0865730494260788
454,0,0.502039909362793,0.0865730494260788
454,0,0.502039909362793,0.0865730494260788
454,0,0.502039909362793,0.0865730494260788
454,0,0.502039909362793,0.0865730494260788
454,0,0.502039909362793,0.0865730494260788
454,0,0.502039909362793,0.0865730494260788
454,0,0.502039909362793,0.0865730494260788
454,0,0.502039909362793,0.0865730494260788
454,0,0.502039909362793,0.0865730494260788
454,0,0.502039909362793,0.0865730494260788
454,0,0.502039909362793,0.0865730494260788
454,0,0.502039909362793,0.0865730494260788
454,0,0.502039909362793,0.0865730494260788
454,0,0.502039909362793,0.0865730494260788
454,0,0.502039909362793,0.0865730494260788
454,0,0.502039909362793,0.0865730494260788
454,0,0.502039909362793,0.0865730494260788
454,0,0.502039909362793,0.0865730494260788
115,0,0.5021004676818848,0.0865730494260788
115,1,0.49447253346443176,0.10744237899780273
115,2,0.505946934223175,0.4455474615097046
115,4,0.4960878789424896,0.6352908611297607
115,3,0.48017218708992004,0.7426278591156006
115,5,0.4915045201778412,0.3134657144546509
115,6,0.516099750995636,0.9404323101043701
115,6,0.516099750995636,0.9404323101043701
115,0,0.5021004676818848,0.0865730494260788
115,2,0.505946934223175,0.4455474615097046
115,1,0.49447253346443176,0.10744237899780273
115,3,0.48017218708992004,0.7426278591156006
115,4,0.4960878789424896,0.6352908611297607
115,5,0.4915045201778412,0.3134657144546509
115,6,0.516099750995636,0.9404323101043701
115,6,0.516099750995636,0.9404323101043701
115,0,0.5021004676818848,0.0865730494260788
115,2,0.505946934223175,0.4455474615097046
115,1,0.49447253346443176,0.10744237899780273
115,4,0.4960878789424896,0.6352908611297607
115,3,0.48017218708992004,0.7426278591156006
115,0,0.5021004676818848,0.0865730494260788
115,0,0.5021004676818848,0.0865730494260788
115,0,0.5021004676818848,0.0865730494260788
115,0,0.5021004676818848,0.0865730494260788
115,0,0.5021004676818848,0.0865730494260788
115,0,0.5021004676818848,0.0865730494260788
115,0,0.5021004676818848,0.0865730494260788
115,0,0.5021004676818848,0.0865730494260788
115,0,0.5021004676818848,0.0865730494260788
115,0,0.5021004676818848,0.0865730494260788
115,0,0.5021004676818848,0.0865730494260788
115,0,0.5021004676818848,0.0865730494260788
115,0,0.5021004676818848,0.0865730494260788
115,0,0.5021004676818848,0.0865730494260788
115,0,0.5021004676818848,0.0865730494260788
115,0,0.5021004676818848,0.0865730494260788
115,0,0.5021004676818848,0.0865730494260788
115,0,0.5021004676818848,0.0865730494260788
115,0,0.5021004676818848,0.0865730494260788
115,0,0.5021004676818848,0.0865730494260788
115,0,0.5021004676818848,0.0865730494260788
115,0,0.5021004676818848,0.0865730494260788
115,0,0.5021004676818848,0.0865730494260788
115,0,0.5021004676818848,0.0865730494260788
115,0,0.5021004676818848,0.0865730494260788
115,0,0.5021004676818848,0.0865730494260788
115,0,0.5021004676818848,0.0865730494260788
115,0,0.5021004676818848,0.0865730494260788
115,0,0.5021004676818848,0.0865730494260788
115,0,0.5021004676818848,0.0865730494260788
115,0,0.5021004676818848,0.0865730494260788
115,0,0.5021004676818848,0.0865730494260788
115,0,0.5021004676818848,0.0865730494260788
115,0,0.5021004676818848,0.0865730494260788
115,0,0.5021004676818848,0.0865730494260788
115,0,0.5021004676818848,0.0865730494260788
115,0,0.5021004676818848,0.0865730494260788
115,0,0.5021004676818848,0.0865730494260788
115,0,0.5021004676818848,0.0865730494260788
115,0,0.5021004676818848,0.0865730494260788
115,0,0.5021004676818848,0.0865730494260788
115,0,0.5021004676818848,0.0865730494260788
115,0,0.5021004676818848,0.0865730494260788
115,0,0.5021004676818848,0.0865730494260788
115,0,0.5021004676818848,0.0865730494260788
115,0,0.5021004676818848,0.0865730494260788
115,0,0.5021004676818848,0.0865730494260788
115,0,0.5021004676818848,0.0865730494260788
115,0,0.5021004676818848,0.0865730494260788
115,0,0.5021004676818848,0.0865730494260788
115,0,0.5021004676818848,0.0865730494260788
115,0,0.5021004676818848,0.0865730494260788
115,0,0.5021004676818848,0.0865730494260788
115,0,0.5021004676818848,0.0865730494260788
115,0,0.5021004676818848,0.0865730494260788
115,0,0.5021004676818848,0.0865730494260788
115,0,0.5021004676818848,0.0865730494260788
115,0,0.5021004676818848,0.0865730494260788
115,0,0.5021004676818848,0.0865730494260788
115,0,0.5021004676818848,0.0865730494260788
115,0,0.5021004676818848,0.0865730494260788
115,0,0.5021004676818848,0.0865730494260788
115,0,0.5021004676818848,0.0865730494260788
115,0,0.5021004676818848,0.0865730494260788
115,0,0.5021004676818848,0.0865730494260788
115,0,0.5021004676818848,0.0865730494260788
115,0,0.5021004676818848,0.0865730494260788
115,0,0.5021004676818848,0.0865730494260788
115,0,0.5021004676818848,0.0865730494260788
115,0,0.5021004676818848,0.0865730494260788
115,0,0.5021004676818848,0.0865730494260788
115,0,0.5021004676818848,0.0865730494260788
115,0,0.5021004676818848,0.0865730494260788
115,0,0.5021004676818848,0.0865730494260788
115,0,0.5021004676818848,0.0865730494260788
115,0,0.5021004676818848,0.0865730494260788
115,0,0.5021004676818848,0.0865730494260788
115,0,0.5021004676818848,0.0865730494260788
115,0,0.5021004676818848,0.0865730494260788
115,0,0.5021004676818848,0.0865730494260788
115,0,0.5021004676818848,0.0865730494260788
115,0,0.5021004676818848,0.0865730494260788
115,0,0.5021004676818848,0.0865730494260788
115,0,0.5021004676818848,0.0865730494260788
115,0,0.5021004676818848,0.0865730494260788
115,0,0.5021004676818848,0.0865730494260788
115,0,0.5021004676818848,0.0865730494260788
115,0,0.5021004676818848,0.0865730494260788
115,0,0.5021004676818848,0.0865730494260788
115,0,0.5021004676818848,0.0865730494260788
115,0,0.5021004676818848,0.0865730494260788
115,0,0.5021004676818848,0.0865730494260788
115,0,0.5021004676818848,0.0865730494260788
115,0,0.5021004676818848,0.0865730494260788
115,0,0.5021004676818848,0.0865730494260788
115,0,0.5021004676818848,0.0865730494260788
115,0,0.5021004676818848,0.0865730494260788
115,0,0.5021004676818848,0.0865730494260788
115,0,0.5021004676818848,0.0865730494260788
115,0,0.5021004676818848,0.0865730494260788
115,0,0.5021004676818848,0.0865730494260788
115,0,0.5021004676818848,0.0865730494260788
115,0,0.5021004676818848,0.0865730494260788
115,0,0.5021004676818848,0.0865730494260788
115,0,0.5021004676818848,0.0865730494260788
115,0,0.5021004676818848,0.0865730494260788
115,0,0.5021004676818848,0.0865730494260788
115,0,0.5021004676818848,0.0865730494260788
115,0,0.5021004676818848,0.0865730494260788
115,0,0.5021004676818848,0.0865730494260788
115,0,0.5021004676818848,0.0865730494260788
115,0,0.5021004676818848,0.0865730494260788
115,0,0.5021004676818848,0.0865730494260788
115,0,0.5021004676818848,0.0865730494260788
115,0,0.5021004676818848,0.0865730494260788
115,0,0.5021004676818848,0.0865730494260788
115,0,0.5021004676818848,0.0865730494260788
115,0,0.5021004676818848,0.0865730494260788
115,0,0.5021004676818848,0.0865730494260788
115,0,0.5021004676818848,0.0865730494260788
115,0,0.5021004676818848,0.0865730494260788
115,0,0.5021004676818848,0.0865730494260788
115,0,0.5021004676818848,0.0865730494260788
115,0,0.5021004676818848,0.0865730494260788
115,0,0.5021004676818848,0.0865730494260788
115,0,0.5021004676818848,0.0865730494260788
115,0,0.5021004676818848,0.0865730494260788
115,0,0.5021004676818848,0.0865730494260788
115,0,0.5021004676818848,0.0865730494260788
115,0,0.5021004676818848,0.0865730494260788
115,0,0.5021004676818848,0.0865730494260788
115,0,0.5021004676818848,0.0865730494260788
115,0,0.5021004676818848,0.0865730494260788
115,0,0.5021004676818848,0.0865730494260788
115,0,0.5021004676818848,0.0865730494260788
115,0,0.5021004676818848,0.0865730494260788
115,0,0.5021004676818848,0.0865730494260788
115,0,0.5021004676818848,0.0865730494260788
115,0,0.5021004676818848,0.0865730494260788
115,0,0.5021004676818848,0.0865730494260788
115,0,0.5021004676818848,0.0865730494260788
115,0,0.5021004676818848,0.0865730494260788
115,0,0.5021004676818848,0.0865730494260788
115,0,0.5021004676818848,0.0865730494260788
115,0,0.5021004676818848,0.0865730494260788
115,0,0.5021004676818848,0.0865730494260788
115,0,0.5021004676818848,0.0865730494260788
115,0,0.5021004676818848,0.0865730494260788
115,0,0.5021004676818848,0.0865730494260788
115,0,0.5021004676818848,0.0865730494260788
115,0,0.5021004676818848,0.0865730494260788
115,0,0.5021004676818848,0.0865730494260788
115,0,0.5021004676818848,0.0865730494260788
115,0,0.5021004676818848,0.0865730494260788
115,0,0.5021004676818848,0.0865730494260788
115,0,0.5021004676818848,0.0865730494260788
115,0,0.5021004676818848,0.0865730494260788
115,0,0.5021004676818848,0.0865730494260788
115,0,0.5021004676818848,0.0865730494260788
115,0,0.5021004676818848,0.0865730494260788
115,0,0.5021004676818848,0.0865730494260788
115,0,0.5021004676818848,0.0865730494260788
115,0,0.5021004676818848,0.0865730494260788
115,0,0.5021004676818848,0.0865730494260788
115,0,0.5021004676818848,0.0865730494260788
115,0,0.5021004676818848,0.0865730494260788
115,0,0.5021004676818848,0.0865730494260788
115,0,0.5021004676818848,0.0865730494260788
115,0,0.5021004676818848,0.0865730494260788
115,0,0.5021004676818848,0.0865730494260788
115,0,0.5021004676818848,0.0865730494260788
115,0,0.5021004676818848,0.0865730494260788
115,0,0.5021004676818848,0.0865730494260788
115,0,0.5021004676818848,0.0865730494260788
115,0,0.5021004676818848,0.0865730494260788
115,0,0.5021004676818848,0.0865730494260788
115,0,0.5021004676818848,0.0865730494260788
115,0,0.5021004676818848,0.0865730494260788
115,0,0.5021004676818848,0.0865730494260788
419,315,0.5073856115341187,0.8792101144790649
419,315,0.5073856115341187,0.8792101144790649
419,316,0.46823394298553467,0.6573690176010132
419,0,0.5012568235397339,0.0865730494260788
419,0,0.5012568235397339,0.0865730494260788
419,0,0.5012568235397339,0.0865730494260788
419,0,0.5012568235397339,0.0865730494260788
419,0,0.5012568235397339,0.0865730494260788
419,0,0.5012568235397339,0.0865730494260788
419,0,0.5012568235397339,0.0865730494260788
419,0,0.5012568235397339,0.0865730494260788
419,0,0.5012568235397339,0.0865730494260788
419,0,0.5012568235397339,0.0865730494260788
419,0,0.5012568235397339,0.0865730494260788
419,0,0.5012568235397339,0.0865730494260788
419,0,0.5012568235397339,0.0865730494260788
419,0,0.5012568235397339,0.0865730494260788
419,0,0.5012568235397339,0.0865730494260788
419,0,0.5012568235397339,0.0865730494260788
419,0,0.5012568235397339,0.0865730494260788
419,0,0.5012568235397339,0.0865730494260788
419,0,0.5012568235397339,0.0865730494260788
419,0,0.5012568235397339,0.0865730494260788
419,0,0.5012568235397339,0.0865730494260788
419,0,0.5012568235397339,0.0865730494260788
419,0,0.5012568235397339,0.0865730494260788
419,0,0.5012568235397339,0.0865730494260788
419,0,0.5012568235397339,0.0865730494260788
419,0,0.5012568235397339,0.0865730494260788
419,0,0.5012568235397339,0.0865730494260788
419,0,0.5012568235397339,0.0865730494260788
419,0,0.5012568235397339,0.0865730494260788
419,0,0.5012568235397339,0.0865730494260788
419,0,0.5012568235397339,0.0865730494260788
419,0,0.5012568235397339,0.0865730494260788
419,0,0.5012568235397339,0.0865730494260788
419,0,0.5012568235397339,0.0865730494260788
419,0,0.5012568235397339,0.0865730494260788
419,0,0.5012568235397339,0.0865730494260788
419,0,0.5012568235397339,0.0865730494260788
419,0,0.5012568235397339,0.0865730494260788
419,0,0.5012568235397339,0.0865730494260788
419,0,0.5012568235397339,0.0865730494260788
419,0,0.5012568235397339,0.0865730494260788
419,0,0.5012568235397339,0.0865730494260788
419,0,0.5012568235397339,0.0865730494260788
419,0,0.5012568235397339,0.0865730494260788
419,0,0.5012568235397339,0.0865730494260788
419,0,0.5012568235397339,0.0865730494260788
419,0,0.5012568235397339,0.0865730494260788
419,0,0.5012568235397339,0.0865730494260788
419,0,0.5012568235397339,0.0865730494260788
419,0,0.5012568235397339,0.0865730494260788
419,0,0.5012568235397339,0.0865730494260788
419,0,0.5012568235397339,0.0865730494260788
419,0,0.5012568235397339,0.0865730494260788
419,0,0.5012568235397339,0.0865730494260788
419,0,0.5012568235397339,0.0865730494260788
419,0,0.5012568235397339,0.0865730494260788
419,0,0.5012568235397339,0.0865730494260788
419,0,0.5012568235397339,0.0865730494260788
419,0,0.5012568235397339,0.0865730494260788
419,0,0.5012568235397339,0.0865730494260788
419,0,0.5012568235397339,0.0865730494260788
419,0,0.5012568235397339,0.0865730494260788
419,0,0.5012568235397339,0.0865730494260788
419,0,0.5012568235397339,0.0865730494260788
419,0,0.5012568235397339,0.0865730494260788
419,0,0.5012568235397339,0.0865730494260788
419,0,0.5012568235397339,0.0865730494260788
419,0,0.5012568235397339,0.0865730494260788
419,0,0.5012568235397339,0.0865730494260788
419,0,0.5012568235397339,0.0865730494260788
419,0,0.5012568235397339,0.0865730494260788
419,0,0.5012568235397339,0.0865730494260788
419,0,0.5012568235397339,0.0865730494260788
419,0,0.5012568235397339,0.0865730494260788
419,0,0.5012568235397339,0.0865730494260788
419,0,0.5012568235397339,0.0865730494260788
419,0,0.5012568235397339,0.0865730494260788
419,0,0.5012568235397339,0.0865730494260788
419,0,0.5012568235397339,0.0865730494260788
419,0,0.5012568235397339,0.0865730494260788
419,0,0.5012568235397339,0.0865730494260788
419,0,0.5012568235397339,0.0865730494260788
419,0,0.5012568235397339,0.0865730494260788
419,0,0.5012568235397339,0.0865730494260788
419,0,0.5012568235397339,0.0865730494260788
419,0,0.5012568235397339,0.0865730494260788
419,0,0.5012568235397339,0.0865730494260788
419,0,0.5012568235397339,0.0865730494260788
419,0,0.5012568235397339,0.0865730494260788
419,0,0.5012568235397339,0.0865730494260788
419,0,0.5012568235397339,0.0865730494260788
419,0,0.5012568235397339,0.0865730494260788
419,0,0.5012568235397339,0.0865730494260788
419,0,0.5012568235397339,0.0865730494260788
419,0,0.5012568235397339,0.0865730494260788
419,0,0.5012568235397339,0.0865730494260788
419,0,0.5012568235397339,0.0865730494260788
419,0,0.5012568235397339,0.0865730494260788
419,0,0.5012568235397339,0.0865730494260788
419,0,0.5012568235397339,0.0865730494260788
419,0,0.5012568235397339,0.0865730494260788
419,0,0.5012568235397339,0.0865730494260788
419,0,0.5012568235397339,0.0865730494260788
419,0,0.5012568235397339,0.0865730494260788
419,0,0.5012568235397339,0.0865730494260788
419,0,0.5012568235397339,0.0865730494260788
419,0,0.5012568235397339,0.0865730494260788
419,0,0.5012568235397339,0.0865730494260788
419,0,0.5012568235397339,0.0865730494260788
419,0,0.5012568235397339,0.0865730494260788
419,0,0.5012568235397339,0.0865730494260788
419,0,0.5012568235397339,0.0865730494260788
419,0,0.5012568235397339,0.0865730494260788
419,0,0.5012568235397339,0.0865730494260788
419,0,0.5012568235397339,0.0865730494260788
419,0,0.5012568235397339,0.0865730494260788
419,0,0.5012568235397339,0.0865730494260788
419,0,0.5012568235397339,0.0865730494260788
419,0,0.5012568235397339,0.0865730494260788
419,0,0.5012568235397339,0.0865730494260788
419,0,0.5012568235397339,0.0865730494260788
419,0,0.5012568235397339,0.0865730494260788
419,0,0.5012568235397339,0.0865730494260788
419,0,0.5012568235397339,0.0865730494260788
419,0,0.5012568235397339,0.0865730494260788
419,0,0.5012568235397339,0.0865730494260788
419,0,0.5012568235397339,0.0865730494260788
419,0,0.5012568235397339,0.0865730494260788
419,0,0.5012568235397339,0.0865730494260788
419,0,0.5012568235397339,0.0865730494260788
419,0,0.5012568235397339,0.0865730494260788
419,0,0.5012568235397339,0.0865730494260788
419,0,0.5012568235397339,0.0865730494260788
419,0,0.5012568235397339,0.0865730494260788
419,0,0.5012568235397339,0.0865730494260788
419,0,0.5012568235397339,0.0865730494260788
419,0,0.5012568235397339,0.0865730494260788
419,0,0.5012568235397339,0.0865730494260788
419,0,0.5012568235397339,0.0865730494260788
419,0,0.5012568235397339,0.0865730494260788
419,0,0.5012568235397339,0.0865730494260788
419,0,0.5012568235397339,0.0865730494260788
419,0,0.5012568235397339,0.0865730494260788
419,0,0.5012568235397339,0.0865730494260788
419,0,0.5012568235397339,0.0865730494260788
419,0,0.5012568235397339,0.0865730494260788
419,0,0.5012568235397339,0.0865730494260788
419,0,0.5012568235397339,0.0865730494260788
419,0,0.5012568235397339,0.0865730494260788
419,0,0.5012568235397339,0.0865730494260788
419,0,0.5012568235397339,0.0865730494260788
419,0,0.5012568235397339,0.0865730494260788
419,0,0.5012568235397339,0.0865730494260788
419,0,0.5012568235397339,0.0865730494260788
419,0,0.5012568235397339,0.0865730494260788
419,0,0.5012568235397339,0.0865730494260788
419,0,0.5012568235397339,0.0865730494260788
419,0,0.5012568235397339,0.0865730494260788
419,0,0.5012568235397339,0.0865730494260788
419,0,0.5012568235397339,0.0865730494260788
419,0,0.5012568235397339,0.0865730494260788
419,0,0.5012568235397339,0.0865730494260788
419,0,0.5012568235397339,0.0865730494260788
419,0,0.5012568235397339,0.0865730494260788
419,0,0.5012568235397339,0.0865730494260788
419,0,0.5012568235397339,0.0865730494260788
419,0,0.5012568235397339,0.0865730494260788
419,0,0.5012568235397339,0.0865730494260788
419,0,0.5012568235397339,0.0865730494260788
419,0,0.5012568235397339,0.0865730494260788
419,0,0.5012568235397339,0.0865730494260788
419,0,0.5012568235397339,0.0865730494260788
419,0,0.5012568235397339,0.0865730494260788
419,0,0.5012568235397339,0.0865730494260788
419,0,0.5012568235397339,0.0865730494260788
419,0,0.5012568235397339,0.0865730494260788
419,0,0.5012568235397339,0.0865730494260788
419,0,0.5012568235397339,0.0865730494260788
419,0,0.5012568235397339,0.0865730494260788
419,0,0.5012568235397339,0.0865730494260788
419,0,0.5012568235397339,0.0865730494260788
419,0,0.5012568235397339,0.0865730494260788
419,0,0.5012568235397339,0.0865730494260788
419,0,0.5012568235397339,0.0865730494260788
419,0,0.5012568235397339,0.0865730494260788
419,0,0.5012568235397339,0.0865730494260788
419,0,0.5012568235397339,0.0865730494260788
419,0,0.5012568235397339,0.0865730494260788
419,0,0.5012568235397339,0.0865730494260788
419,0,0.5012568235397339,0.0865730494260788
419,0,0.5012568235397339,0.0865730494260788
419,0,0.5012568235397339,0.0865730494260788
419,0,0.5012568235397339,0.0865730494260788
419,0,0.5012568235397339,0.0865730494260788
419,0,0.5012568235397339,0.0865730494260788
419,0,0.5012568235397339,0.0865730494260788
419,0,0.5012568235397339,0.0865730494260788
245,0,0.5016661286354065,0.0865730494260788
245,2,0.5055128335952759,0.4455474615097046
245,1,0.4940391480922699,0.10744237899780273
245,3,0.47973719239234924,0.7426278591156006
245,4,0.49565160274505615,0.6352908611297607
245,5,0.49107006192207336,0.3134657144546509
245,6,0.5156644582748413,0.9404323101043701
245,6,0.5156644582748413,0.9404323101043701
245,0,0.5016661286354065,0.0865730494260788
245,1,0.4940391480922699,0.10744237899780273
245,2,0.5055128335952759,0.4455474615097046
245,4,0.49565160274505615,0.6352908611297607
245,3,0.47973719239234924,0.7426278591156006
245,5,0.49107006192207336,0.3134657144546509
245,6,0.5156644582748413,0.9404323101043701
245,6,0.5156644582748413,0.9404323101043701
245,0,0.5016661286354065,0.0865730494260788
245,2,0.5055128335952759,0.4455474615097046
245,1,0.4940391480922699,0.10744237899780273
245,3,0.47973719239234924,0.7426278591156006
245,4,0.49565160274505615,0.6352908611297607
245,5,0.49107006192207336,0.3134657144546509
245,6,0.5156644582748413,0.9404323101043701
245,6,0.5156644582748413,0.9404323101043701
245,0,0.5016661286354065,0.0865730494260788
245,1,0.4940391480922699,0.10744237899780273
245,2,0.5055128335952759,0.4455474615097046
245,4,0.49565160274505615,0.6352908611297607
245,3,0.47973719239234924,0.7426278591156006
245,5,0.49107006192207336,0.3134657144546509
245,6,0.5156644582748413,0.9404323101043701
245,6,0.5156644582748413,0.9404323101043701
245,0,0.5016661286354065,0.0865730494260788
245,1,0.4940391480922699,0.10744237899780273
245,2,0.5055128335952759,0.4455474615097046
245,0,0.5016661286354065,0.0865730494260788
245,0,0.5016661286354065,0.0865730494260788
245,0,0.5016661286354065,0.0865730494260788
245,0,0.5016661286354065,0.0865730494260788
245,0,0.5016661286354065,0.0865730494260788
245,0,0.5016661286354065,0.0865730494260788
245,0,0.5016661286354065,0.0865730494260788
245,0,0.5016661286354065,0.0865730494260788
245,0,0.5016661286354065,0.0865730494260788
245,0,0.5016661286354065,0.0865730494260788
245,0,0.5016661286354065,0.0865730494260788
245,0,0.5016661286354065,0.0865730494260788
245,0,0.5016661286354065,0.0865730494260788
245,0,0.5016661286354065,0.0865730494260788
245,0,0.5016661286354065,0.0865730494260788
245,0,0.5016661286354065,0.0865730494260788
245,0,0.5016661286354065,0.0865730494260788
245,0,0.5016661286354065,0.0865730494260788
245,0,0.5016661286354065,0.0865730494260788
245,0,0.5016661286354065,0.0865730494260788
245,0,0.5016661286354065,0.0865730494260788
245,0,0.5016661286354065,0.0865730494260788
245,0,0.5016661286354065,0.0865730494260788
245,0,0.5016661286354065,0.0865730494260788
245,0,0.5016661286354065,0.0865730494260788
245,0,0.5016661286354065,0.0865730494260788
245,0,0.5016661286354065,0.0865730494260788
245,0,0.5016661286354065,0.0865730494260788
245,0,0.5016661286354065,0.0865730494260788
245,0,0.5016661286354065,0.0865730494260788
245,0,0.5016661286354065,0.0865730494260788
245,0,0.5016661286354065,0.0865730494260788
245,0,0.5016661286354065,0.0865730494260788
245,0,0.5016661286354065,0.0865730494260788
245,0,0.5016661286354065,0.0865730494260788
245,0,0.5016661286354065,0.0865730494260788
245,0,0.5016661286354065,0.0865730494260788
245,0,0.5016661286354065,0.0865730494260788
245,0,0.5016661286354065,0.0865730494260788
245,0,0.5016661286354065,0.0865730494260788
245,0,0.5016661286354065,0.0865730494260788
245,0,0.5016661286354065,0.0865730494260788
245,0,0.5016661286354065,0.0865730494260788
245,0,0.5016661286354065,0.0865730494260788
245,0,0.5016661286354065,0.0865730494260788
245,0,0.5016661286354065,0.0865730494260788
245,0,0.5016661286354065,0.0865730494260788
245,0,0.5016661286354065,0.0865730494260788
245,0,0.5016661286354065,0.0865730494260788
245,0,0.5016661286354065,0.0865730494260788
245,0,0.5016661286354065,0.0865730494260788
245,0,0.5016661286354065,0.0865730494260788
245,0,0.5016661286354065,0.0865730494260788
245,0,0.5016661286354065,0.0865730494260788
245,0,0.5016661286354065,0.0865730494260788
245,0,0.5016661286354065,0.0865730494260788
245,0,0.5016661286354065,0.0865730494260788
245,0,0.5016661286354065,0.0865730494260788
245,0,0.5016661286354065,0.0865730494260788
245,0,0.5016661286354065,0.0865730494260788
245,0,0.5016661286354065,0.0865730494260788
245,0,0.5016661286354065,0.0865730494260788
245,0,0.5016661286354065,0.0865730494260788
245,0,0.5016661286354065,0.0865730494260788
245,0,0.5016661286354065,0.0865730494260788
245,0,0.5016661286354065,0.0865730494260788
245,0,0.5016661286354065,0.0865730494260788
245,0,0.5016661286354065,0.0865730494260788
245,0,0.5016661286354065,0.0865730494260788
245,0,0.5016661286354065,0.0865730494260788
245,0,0.5016661286354065,0.0865730494260788
245,0,0.5016661286354065,0.0865730494260788
245,0,0.5016661286354065,0.0865730494260788
245,0,0.5016661286354065,0.0865730494260788
245,0,0.5016661286354065,0.0865730494260788
245,0,0.5016661286354065,0.0865730494260788
245,0,0.5016661286354065,0.0865730494260788
245,0,0.5016661286354065,0.0865730494260788
245,0,0.5016661286354065,0.0865730494260788
245,0,0.5016661286354065,0.0865730494260788
245,0,0.5016661286354065,0.0865730494260788
245,0,0.5016661286354065,0.0865730494260788
245,0,0.5016661286354065,0.0865730494260788
245,0,0.5016661286354065,0.0865730494260788
245,0,0.5016661286354065,0.0865730494260788
245,0,0.5016661286354065,0.0865730494260788
245,0,0.5016661286354065,0.0865730494260788
245,0,0.5016661286354065,0.0865730494260788
245,0,0.5016661286354065,0.0865730494260788
245,0,0.5016661286354065,0.0865730494260788
245,0,0.5016661286354065,0.0865730494260788
245,0,0.5016661286354065,0.0865730494260788
245,0,0.5016661286354065,0.0865730494260788
245,0,0.5016661286354065,0.0865730494260788
245,0,0.5016661286354065,0.0865730494260788
245,0,0.5016661286354065,0.0865730494260788
245,0,0.5016661286354065,0.0865730494260788
245,0,0.5016661286354065,0.0865730494260788
245,0,0.5016661286354065,0.0865730494260788
245,0,0.5016661286354065,0.0865730494260788
245,0,0.5016661286354065,0.0865730494260788
245,0,0.5016661286354065,0.0865730494260788
245,0,0.5016661286354065,0.0865730494260788
245,0,0.5016661286354065,0.0865730494260788
245,0,0.5016661286354065,0.0865730494260788
245,0,0.5016661286354065,0.0865730494260788
245,0,0.5016661286354065,0.0865730494260788
245,0,0.5016661286354065,0.0865730494260788
245,0,0.5016661286354065,0.0865730494260788
245,0,0.5016661286354065,0.0865730494260788
245,0,0.5016661286354065,0.0865730494260788
245,0,0.5016661286354065,0.0865730494260788
245,0,0.5016661286354065,0.0865730494260788
245,0,0.5016661286354065,0.0865730494260788
245,0,0.5016661286354065,0.0865730494260788
245,0,0.5016661286354065,0.0865730494260788
245,0,0.5016661286354065,0.0865730494260788
245,0,0.5016661286354065,0.0865730494260788
245,0,0.5016661286354065,0.0865730494260788
245,0,0.5016661286354065,0.0865730494260788
245,0,0.5016661286354065,0.0865730494260788
245,0,0.5016661286354065,0.0865730494260788
245,0,0.5016661286354065,0.0865730494260788
245,0,0.5016661286354065,0.0865730494260788
245,0,0.5016661286354065,0.0865730494260788
245,0,0.5016661286354065,0.0865730494260788
245,0,0.5016661286354065,0.0865730494260788
245,0,0.5016661286354065,0.0865730494260788
245,0,0.5016661286354065,0.0865730494260788
245,0,0.5016661286354065,0.0865730494260788
245,0,0.5016661286354065,0.0865730494260788
245,0,0.5016661286354065,0.0865730494260788
245,0,0.5016661286354065,0.0865730494260788
245,0,0.5016661286354065,0.0865730494260788
245,0,0.5016661286354065,0.0865730494260788
245,0,0.5016661286354065,0.0865730494260788
245,0,0.5016661286354065,0.0865730494260788
245,0,0.5016661286354065,0.0865730494260788
245,0,0.5016661286354065,0.0865730494260788
245,0,0.5016661286354065,0.0865730494260788
245,0,0.5016661286354065,0.0865730494260788
245,0,0.5016661286354065,0.0865730494260788
245,0,0.5016661286354065,0.0865730494260788
245,0,0.5016661286354065,0.0865730494260788
245,0,0.5016661286354065,0.0865730494260788
245,0,0.5016661286354065,0.0865730494260788
245,0,0.5016661286354065,0.0865730494260788
245,0,0.5016661286354065,0.0865730494260788
245,0,0.5016661286354065,0.0865730494260788
245,0,0.5016661286354065,0.0865730494260788
245,0,0.5016661286354065,0.0865730494260788
245,0,0.5016661286354065,0.0865730494260788
245,0,0.5016661286354065,0.0865730494260788
245,0,0.5016661286354065,0.0865730494260788
245,0,0.5016661286354065,0.0865730494260788
245,0,0.5016661286354065,0.0865730494260788
245,0,0.5016661286354065,0.0865730494260788
245,0,0.5016661286354065,0.0865730494260788
245,0,0.5016661286354065,0.0865730494260788
245,0,0.5016661286354065,0.0865730494260788
245,0,0.5016661286354065,0.0865730494260788
245,0,0.5016661286354065,0.0865730494260788
245,0,0.5016661286354065,0.0865730494260788
245,0,0.5016661286354065,0.0865730494260788
245,0,0.5016661286354065,0.0865730494260788
