student_id,skill_id,idkt_rate,bkt_rate
943,0,0.5338084101676941,0.032456640154123306
943,2,0.5359035134315491,0.0007838447345420718
943,1,0.5031643509864807,0.2004593163728714
943,326,0.5041242241859436,0.24359722435474396
943,327,0.5030920505523682,1.7383030126438825e-06
943,327,0.5030920505523682,1.7383030126438825e-06
943,326,0.5041242241859436,0.24359722435474396
943,327,0.5030920505523682,1.7383030126438825e-06
943,327,0.5030920505523682,1.7383030126438825e-06
943,328,0.5248492956161499,0.12939991056919098
943,327,0.5030920505523682,1.7383030126438825e-06
943,327,0.5030920505523682,1.7383030126438825e-06
943,328,0.5248492956161499,0.12939991056919098
943,327,0.5030920505523682,1.7383030126438825e-06
943,327,0.5030920505523682,1.7383030126438825e-06
943,326,0.5041242241859436,0.24359722435474396
943,327,0.5030920505523682,1.7383030126438825e-06
943,327,0.5030920505523682,1.7383030126438825e-06
943,328,0.5248492956161499,0.12939991056919098
943,327,0.5030920505523682,1.7383030126438825e-06
943,327,0.5030920505523682,1.7383030126438825e-06
943,328,0.5248492956161499,0.12939991056919098
943,327,0.5030920505523682,1.7383030126438825e-06
943,327,0.5030920505523682,1.7383030126438825e-06
943,328,0.5248492956161499,0.12939991056919098
943,327,0.5030920505523682,1.7383030126438825e-06
943,327,0.5030920505523682,1.7383030126438825e-06
943,326,0.5041242241859436,0.24359722435474396
943,327,0.5030920505523682,1.7383030126438825e-06
943,327,0.5030920505523682,1.7383030126438825e-06
943,327,0.5030920505523682,1.7383030126438825e-06
943,326,0.5041242241859436,0.24359722435474396
943,327,0.5030920505523682,1.7383030126438825e-06
943,327,0.5030920505523682,1.7383030126438825e-06
943,326,0.5041242241859436,0.24359722435474396
943,327,0.5030920505523682,1.7383030126438825e-06
943,327,0.5030920505523682,1.7383030126438825e-06
943,326,0.5041242241859436,0.24359722435474396
943,329,0.4906024932861328,0.07279399782419205
943,329,0.4906024932861328,0.07279399782419205
943,327,0.5030920505523682,1.7383030126438825e-06
943,329,0.4906024932861328,0.07279399782419205
943,322,0.5041741728782654,0.13303743302822113
943,322,0.5041741728782654,0.13303743302822113
943,328,0.5248492956161499,0.12939991056919098
943,329,0.4906024932861328,0.07279399782419205
943,327,0.5030920505523682,1.7383030126438825e-06
943,329,0.4906024932861328,0.07279399782419205
943,322,0.5041741728782654,0.13303743302822113
943,327,0.5030920505523682,1.7383030126438825e-06
943,326,0.5041242241859436,0.24359722435474396
943,326,0.5041242241859436,0.24359722435474396
943,329,0.4906024932861328,0.07279399782419205
943,327,0.5030920505523682,1.7383030126438825e-06
943,329,0.4906024932861328,0.07279399782419205
943,322,0.5041741728782654,0.13303743302822113
943,322,0.5041741728782654,0.13303743302822113
943,326,0.5041242241859436,0.24359722435474396
943,327,0.5030920505523682,1.7383030126438825e-06
943,322,0.5041741728782654,0.13303743302822113
943,327,0.5030920505523682,1.7383030126438825e-06
943,327,0.5030920505523682,1.7383030126438825e-06
943,329,0.4906024932861328,0.07279399782419205
943,327,0.5030920505523682,1.7383030126438825e-06
943,322,0.5041741728782654,0.13303743302822113
943,328,0.5248492956161499,0.12939991056919098
943,329,0.4906024932861328,0.07279399782419205
943,329,0.4906024932861328,0.07279399782419205
943,327,0.5030920505523682,1.7383030126438825e-06
943,322,0.5041741728782654,0.13303743302822113
943,326,0.5041242241859436,0.24359722435474396
943,327,0.5030920505523682,1.7383030126438825e-06
943,329,0.4906024932861328,0.07279399782419205
943,322,0.5041741728782654,0.13303743302822113
943,322,0.5041741728782654,0.13303743302822113
943,327,0.5030920505523682,1.7383030126438825e-06
943,326,0.5041242241859436,0.24359722435474396
943,327,0.5030920505523682,1.7383030126438825e-06
943,329,0.4906024932861328,0.07279399782419205
943,322,0.5041741728782654,0.13303743302822113
943,327,0.5030920505523682,1.7383030126438825e-06
943,322,0.5041741728782654,0.13303743302822113
943,328,0.5248492956161499,0.12939991056919098
943,329,0.4906024932861328,0.07279399782419205
943,329,0.4906024932861328,0.07279399782419205
943,327,0.5030920505523682,1.7383030126438825e-06
943,322,0.5041741728782654,0.13303743302822113
943,327,0.5030920505523682,1.7383030126438825e-06
943,322,0.5041741728782654,0.13303743302822113
943,326,0.5041242241859436,0.24359722435474396
943,327,0.5030920505523682,1.7383030126438825e-06
943,329,0.4906024932861328,0.07279399782419205
943,322,0.5041741728782654,0.13303743302822113
943,327,0.5030920505523682,1.7383030126438825e-06
943,322,0.5041741728782654,0.13303743302822113
943,328,0.5248492956161499,0.12939991056919098
943,329,0.4906024932861328,0.07279399782419205
943,329,0.4906024932861328,0.07279399782419205
943,327,0.5030920505523682,1.7383030126438825e-06
943,322,0.5041741728782654,0.13303743302822113
943,322,0.5041741728782654,0.13303743302822113
943,327,0.5030920505523682,1.7383030126438825e-06
943,328,0.5248492956161499,0.12939991056919098
943,329,0.4906024932861328,0.07279399782419205
943,329,0.4906024932861328,0.07279399782419205
943,327,0.5030920505523682,1.7383030126438825e-06
943,322,0.5041741728782654,0.13303743302822113
943,322,0.5041741728782654,0.13303743302822113
943,327,0.5030920505523682,1.7383030126438825e-06
943,326,0.5041242241859436,0.24359722435474396
943,327,0.5030920505523682,1.7383030126438825e-06
943,329,0.4906024932861328,0.07279399782419205
943,322,0.5041741728782654,0.13303743302822113
943,322,0.5041741728782654,0.13303743302822113
943,327,0.5030920505523682,1.7383030126438825e-06
943,331,0.48568761348724365,0.3327440619468689
943,296,0.4963913559913635,0.689456045627594
943,330,0.46420368552207947,0.14383545517921448
943,330,0.46420368552207947,0.14383545517921448
943,296,0.4963913559913635,0.689456045627594
943,331,0.48568761348724365,0.3327440619468689
943,331,0.48568761348724365,0.3327440619468689
943,331,0.48568761348724365,0.3327440619468689
943,296,0.4963913559913635,0.689456045627594
943,330,0.46420368552207947,0.14383545517921448
943,331,0.48568761348724365,0.3327440619468689
943,331,0.48568761348724365,0.3327440619468689
943,331,0.48568761348724365,0.3327440619468689
943,331,0.48568761348724365,0.3327440619468689
943,332,0.4885604977607727,0.2501232326030731
943,298,0.48961517214775085,0.9847038388252258
943,330,0.46420368552207947,0.14383545517921448
943,332,0.4885604977607727,0.2501232326030731
943,297,0.4820218086242676,0.008229726925492287
943,298,0.48961517214775085,0.9847038388252258
943,333,0.52264404296875,0.06181585043668747
943,330,0.46420368552207947,0.14383545517921448
943,332,0.4885604977607727,0.2501232326030731
943,298,0.48961517214775085,0.9847038388252258
943,331,0.48568761348724365,0.3327440619468689
943,332,0.4885604977607727,0.2501232326030731
943,297,0.4820218086242676,0.008229726925492287
943,298,0.48961517214775085,0.9847038388252258
943,333,0.52264404296875,0.06181585043668747
943,330,0.46420368552207947,0.14383545517921448
943,332,0.4885604977607727,0.2501232326030731
943,298,0.48961517214775085,0.9847038388252258
943,331,0.48568761348724365,0.3327440619468689
943,332,0.4885604977607727,0.2501232326030731
943,297,0.4820218086242676,0.008229726925492287
943,298,0.48961517214775085,0.9847038388252258
943,333,0.52264404296875,0.06181585043668747
943,331,0.48568761348724365,0.3327440619468689
943,332,0.4885604977607727,0.2501232326030731
943,298,0.48961517214775085,0.9847038388252258
943,330,0.46420368552207947,0.14383545517921448
943,330,0.46420368552207947,0.14383545517921448
943,330,0.46420368552207947,0.14383545517921448
943,330,0.46420368552207947,0.14383545517921448
943,330,0.46420368552207947,0.14383545517921448
943,330,0.46420368552207947,0.14383545517921448
943,352,0.499532550573349,1.0
943,298,0.48961517214775085,0.9847038388252258
943,330,0.46420368552207947,0.14383545517921448
943,352,0.499532550573349,1.0
943,298,0.48961517214775085,0.9847038388252258
943,330,0.46420368552207947,0.14383545517921448
943,352,0.499532550573349,1.0
943,298,0.48961517214775085,0.9847038388252258
943,330,0.46420368552207947,0.14383545517921448
943,352,0.499532550573349,1.0
943,298,0.48961517214775085,0.9847038388252258
943,330,0.46420368552207947,0.14383545517921448
943,332,0.4885604977607727,0.2501232326030731
943,298,0.48961517214775085,0.9847038388252258
943,328,0.5248492956161499,0.12939991056919098
943,329,0.4906024932861328,0.07279399782419205
943,329,0.4906024932861328,0.07279399782419205
943,327,0.5030920505523682,1.7383030126438825e-06
943,322,0.5041741728782654,0.13303743302822113
943,327,0.5030920505523682,1.7383030126438825e-06
943,316,0.4961090087890625,0.5225863456726074
943,325,0.49694550037384033,1.0
943,316,0.4961090087890625,0.5225863456726074
943,0,0.5338084101676941,0.032456640154123306
943,0,0.5338084101676941,0.032456640154123306
943,0,0.5338084101676941,0.032456640154123306
943,0,0.5338084101676941,0.032456640154123306
943,0,0.5338084101676941,0.032456640154123306
943,0,0.5338084101676941,0.032456640154123306
943,0,0.5338084101676941,0.032456640154123306
943,0,0.5338084101676941,0.032456640154123306
943,0,0.5338084101676941,0.032456640154123306
943,0,0.5338084101676941,0.032456640154123306
943,0,0.5338084101676941,0.032456640154123306
943,0,0.5338084101676941,0.032456640154123306
943,0,0.5338084101676941,0.032456640154123306
943,0,0.5338084101676941,0.032456640154123306
943,0,0.5338084101676941,0.032456640154123306
943,0,0.5338084101676941,0.032456640154123306
489,58,0.5053861737251282,0.2678964138031006
489,53,0.5080314874649048,0.00036915054079145193
489,54,0.4810362160205841,0.2639874517917633
489,55,0.49952325224876404,0.14340974390506744
489,53,0.5080314874649048,0.00036915054079145193
489,54,0.4810362160205841,0.2639874517917633
489,56,0.5097681283950806,0.8804444670677185
489,58,0.5053861737251282,0.2678964138031006
489,53,0.5080314874649048,0.00036915054079145193
489,54,0.4810362160205841,0.2639874517917633
489,55,0.49952325224876404,0.14340974390506744
489,53,0.5080314874649048,0.00036915054079145193
489,54,0.4810362160205841,0.2639874517917633
489,56,0.5097681283950806,0.8804444670677185
489,58,0.5053861737251282,0.2678964138031006
489,53,0.5080314874649048,0.00036915054079145193
489,54,0.4810362160205841,0.2639874517917633
489,55,0.49952325224876404,0.14340974390506744
489,53,0.5080314874649048,0.00036915054079145193
489,54,0.4810362160205841,0.2639874517917633
489,56,0.5097681283950806,0.8804444670677185
489,58,0.5053861737251282,0.2678964138031006
489,53,0.5080314874649048,0.00036915054079145193
489,54,0.4810362160205841,0.2639874517917633
489,55,0.49952325224876404,0.14340974390506744
489,53,0.5080314874649048,0.00036915054079145193
489,54,0.4810362160205841,0.2639874517917633
489,56,0.5097681283950806,0.8804444670677185
489,57,0.48345351219177246,0.053641874343156815
489,53,0.5080314874649048,0.00036915054079145193
489,54,0.4810362160205841,0.2639874517917633
489,55,0.49952325224876404,0.14340974390506744
489,53,0.5080314874649048,0.00036915054079145193
489,54,0.4810362160205841,0.2639874517917633
489,56,0.5097681283950806,0.8804444670677185
489,57,0.48345351219177246,0.053641874343156815
489,53,0.5080314874649048,0.00036915054079145193
489,54,0.4810362160205841,0.2639874517917633
489,55,0.49952325224876404,0.14340974390506744
489,53,0.5080314874649048,0.00036915054079145193
489,56,0.5097681283950806,0.8804444670677185
489,54,0.4810362160205841,0.2639874517917633
489,57,0.48345351219177246,0.053641874343156815
489,53,0.5080314874649048,0.00036915054079145193
489,54,0.4810362160205841,0.2639874517917633
489,55,0.49952325224876404,0.14340974390506744
489,53,0.5080314874649048,0.00036915054079145193
489,54,0.4810362160205841,0.2639874517917633
489,56,0.5097681283950806,0.8804444670677185
489,58,0.5053861737251282,0.2678964138031006
489,53,0.5080314874649048,0.00036915054079145193
489,54,0.4810362160205841,0.2639874517917633
489,55,0.49952325224876404,0.14340974390506744
489,53,0.5080314874649048,0.00036915054079145193
489,54,0.4810362160205841,0.2639874517917633
489,56,0.5097681283950806,0.8804444670677185
489,58,0.5053861737251282,0.2678964138031006
489,53,0.5080314874649048,0.00036915054079145193
489,54,0.4810362160205841,0.2639874517917633
489,55,0.49952325224876404,0.14340974390506744
489,53,0.5080314874649048,0.00036915054079145193
489,54,0.4810362160205841,0.2639874517917633
489,56,0.5097681283950806,0.8804444670677185
489,57,0.48345351219177246,0.053641874343156815
489,53,0.5080314874649048,0.00036915054079145193
489,54,0.4810362160205841,0.2639874517917633
489,55,0.49952325224876404,0.14340974390506744
489,0,0.5338195562362671,0.032456640154123306
489,0,0.5338195562362671,0.032456640154123306
489,0,0.5338195562362671,0.032456640154123306
489,0,0.5338195562362671,0.032456640154123306
489,0,0.5338195562362671,0.032456640154123306
489,0,0.5338195562362671,0.032456640154123306
489,0,0.5338195562362671,0.032456640154123306
489,0,0.5338195562362671,0.032456640154123306
489,0,0.5338195562362671,0.032456640154123306
489,0,0.5338195562362671,0.032456640154123306
489,0,0.5338195562362671,0.032456640154123306
489,0,0.5338195562362671,0.032456640154123306
489,0,0.5338195562362671,0.032456640154123306
489,0,0.5338195562362671,0.032456640154123306
489,0,0.5338195562362671,0.032456640154123306
489,0,0.5338195562362671,0.032456640154123306
489,0,0.5338195562362671,0.032456640154123306
489,0,0.5338195562362671,0.032456640154123306
489,0,0.5338195562362671,0.032456640154123306
489,0,0.5338195562362671,0.032456640154123306
489,0,0.5338195562362671,0.032456640154123306
489,0,0.5338195562362671,0.032456640154123306
489,0,0.5338195562362671,0.032456640154123306
489,0,0.5338195562362671,0.032456640154123306
489,0,0.5338195562362671,0.032456640154123306
489,0,0.5338195562362671,0.032456640154123306
489,0,0.5338195562362671,0.032456640154123306
489,0,0.5338195562362671,0.032456640154123306
489,0,0.5338195562362671,0.032456640154123306
489,0,0.5338195562362671,0.032456640154123306
489,0,0.5338195562362671,0.032456640154123306
489,0,0.5338195562362671,0.032456640154123306
489,0,0.5338195562362671,0.032456640154123306
489,0,0.5338195562362671,0.032456640154123306
489,0,0.5338195562362671,0.032456640154123306
489,0,0.5338195562362671,0.032456640154123306
489,0,0.5338195562362671,0.032456640154123306
489,0,0.5338195562362671,0.032456640154123306
489,0,0.5338195562362671,0.032456640154123306
489,0,0.5338195562362671,0.032456640154123306
489,0,0.5338195562362671,0.032456640154123306
489,0,0.5338195562362671,0.032456640154123306
489,0,0.5338195562362671,0.032456640154123306
489,0,0.5338195562362671,0.032456640154123306
489,0,0.5338195562362671,0.032456640154123306
489,0,0.5338195562362671,0.032456640154123306
489,0,0.5338195562362671,0.032456640154123306
489,0,0.5338195562362671,0.032456640154123306
489,0,0.5338195562362671,0.032456640154123306
489,0,0.5338195562362671,0.032456640154123306
489,0,0.5338195562362671,0.032456640154123306
489,0,0.5338195562362671,0.032456640154123306
489,0,0.5338195562362671,0.032456640154123306
489,0,0.5338195562362671,0.032456640154123306
489,0,0.5338195562362671,0.032456640154123306
489,0,0.5338195562362671,0.032456640154123306
489,0,0.5338195562362671,0.032456640154123306
489,0,0.5338195562362671,0.032456640154123306
489,0,0.5338195562362671,0.032456640154123306
489,0,0.5338195562362671,0.032456640154123306
489,0,0.5338195562362671,0.032456640154123306
489,0,0.5338195562362671,0.032456640154123306
489,0,0.5338195562362671,0.032456640154123306
489,0,0.5338195562362671,0.032456640154123306
489,0,0.5338195562362671,0.032456640154123306
489,0,0.5338195562362671,0.032456640154123306
489,0,0.5338195562362671,0.032456640154123306
489,0,0.5338195562362671,0.032456640154123306
489,0,0.5338195562362671,0.032456640154123306
489,0,0.5338195562362671,0.032456640154123306
489,0,0.5338195562362671,0.032456640154123306
489,0,0.5338195562362671,0.032456640154123306
489,0,0.5338195562362671,0.032456640154123306
489,0,0.5338195562362671,0.032456640154123306
489,0,0.5338195562362671,0.032456640154123306
489,0,0.5338195562362671,0.032456640154123306
489,0,0.5338195562362671,0.032456640154123306
489,0,0.5338195562362671,0.032456640154123306
489,0,0.5338195562362671,0.032456640154123306
489,0,0.5338195562362671,0.032456640154123306
489,0,0.5338195562362671,0.032456640154123306
489,0,0.5338195562362671,0.032456640154123306
489,0,0.5338195562362671,0.032456640154123306
489,0,0.5338195562362671,0.032456640154123306
489,0,0.5338195562362671,0.032456640154123306
489,0,0.5338195562362671,0.032456640154123306
489,0,0.5338195562362671,0.032456640154123306
489,0,0.5338195562362671,0.032456640154123306
489,0,0.5338195562362671,0.032456640154123306
489,0,0.5338195562362671,0.032456640154123306
489,0,0.5338195562362671,0.032456640154123306
489,0,0.5338195562362671,0.032456640154123306
489,0,0.5338195562362671,0.032456640154123306
489,0,0.5338195562362671,0.032456640154123306
489,0,0.5338195562362671,0.032456640154123306
489,0,0.5338195562362671,0.032456640154123306
489,0,0.5338195562362671,0.032456640154123306
489,0,0.5338195562362671,0.032456640154123306
489,0,0.5338195562362671,0.032456640154123306
489,0,0.5338195562362671,0.032456640154123306
489,0,0.5338195562362671,0.032456640154123306
489,0,0.5338195562362671,0.032456640154123306
489,0,0.5338195562362671,0.032456640154123306
489,0,0.5338195562362671,0.032456640154123306
489,0,0.5338195562362671,0.032456640154123306
489,0,0.5338195562362671,0.032456640154123306
489,0,0.5338195562362671,0.032456640154123306
489,0,0.5338195562362671,0.032456640154123306
489,0,0.5338195562362671,0.032456640154123306
489,0,0.5338195562362671,0.032456640154123306
489,0,0.5338195562362671,0.032456640154123306
489,0,0.5338195562362671,0.032456640154123306
489,0,0.5338195562362671,0.032456640154123306
489,0,0.5338195562362671,0.032456640154123306
489,0,0.5338195562362671,0.032456640154123306
489,0,0.5338195562362671,0.032456640154123306
489,0,0.5338195562362671,0.032456640154123306
489,0,0.5338195562362671,0.032456640154123306
489,0,0.5338195562362671,0.032456640154123306
489,0,0.5338195562362671,0.032456640154123306
489,0,0.5338195562362671,0.032456640154123306
489,0,0.5338195562362671,0.032456640154123306
489,0,0.5338195562362671,0.032456640154123306
489,0,0.5338195562362671,0.032456640154123306
489,0,0.5338195562362671,0.032456640154123306
489,0,0.5338195562362671,0.032456640154123306
489,0,0.5338195562362671,0.032456640154123306
489,0,0.5338195562362671,0.032456640154123306
489,0,0.5338195562362671,0.032456640154123306
489,0,0.5338195562362671,0.032456640154123306
489,0,0.5338195562362671,0.032456640154123306
489,0,0.5338195562362671,0.032456640154123306
489,0,0.5338195562362671,0.032456640154123306
528,120,0.5028930902481079,0.08359324187040329
528,115,0.512854814529419,0.6895095109939575
528,121,0.5007522106170654,0.3709988296031952
528,116,0.4906332492828369,1.0
528,118,0.491489440202713,1.0
528,119,0.5065470337867737,0.05248545855283737
528,115,0.512854814529419,0.6895095109939575
528,116,0.4906332492828369,1.0
528,121,0.5007522106170654,0.3709988296031952
528,120,0.5028930902481079,0.08359324187040329
528,119,0.5065470337867737,0.05248545855283737
528,122,0.4934732913970947,1.0
528,115,0.512854814529419,0.6895095109939575
528,121,0.5007522106170654,0.3709988296031952
528,0,0.5361852645874023,0.032456640154123306
528,0,0.5361852645874023,0.032456640154123306
528,0,0.5361852645874023,0.032456640154123306
528,0,0.5361852645874023,0.032456640154123306
528,0,0.5361852645874023,0.032456640154123306
528,0,0.5361852645874023,0.032456640154123306
528,0,0.5361852645874023,0.032456640154123306
528,0,0.5361852645874023,0.032456640154123306
528,0,0.5361852645874023,0.032456640154123306
528,0,0.5361852645874023,0.032456640154123306
528,0,0.5361852645874023,0.032456640154123306
528,0,0.5361852645874023,0.032456640154123306
528,0,0.5361852645874023,0.032456640154123306
528,0,0.5361852645874023,0.032456640154123306
528,0,0.5361852645874023,0.032456640154123306
528,0,0.5361852645874023,0.032456640154123306
528,0,0.5361852645874023,0.032456640154123306
528,0,0.5361852645874023,0.032456640154123306
528,0,0.5361852645874023,0.032456640154123306
528,0,0.5361852645874023,0.032456640154123306
528,0,0.5361852645874023,0.032456640154123306
528,0,0.5361852645874023,0.032456640154123306
528,0,0.5361852645874023,0.032456640154123306
528,0,0.5361852645874023,0.032456640154123306
528,0,0.5361852645874023,0.032456640154123306
528,0,0.5361852645874023,0.032456640154123306
528,0,0.5361852645874023,0.032456640154123306
528,0,0.5361852645874023,0.032456640154123306
528,0,0.5361852645874023,0.032456640154123306
528,0,0.5361852645874023,0.032456640154123306
528,0,0.5361852645874023,0.032456640154123306
528,0,0.5361852645874023,0.032456640154123306
528,0,0.5361852645874023,0.032456640154123306
528,0,0.5361852645874023,0.032456640154123306
528,0,0.5361852645874023,0.032456640154123306
528,0,0.5361852645874023,0.032456640154123306
528,0,0.5361852645874023,0.032456640154123306
528,0,0.5361852645874023,0.032456640154123306
528,0,0.5361852645874023,0.032456640154123306
528,0,0.5361852645874023,0.032456640154123306
528,0,0.5361852645874023,0.032456640154123306
528,0,0.5361852645874023,0.032456640154123306
528,0,0.5361852645874023,0.032456640154123306
528,0,0.5361852645874023,0.032456640154123306
528,0,0.5361852645874023,0.032456640154123306
528,0,0.5361852645874023,0.032456640154123306
528,0,0.5361852645874023,0.032456640154123306
528,0,0.5361852645874023,0.032456640154123306
528,0,0.5361852645874023,0.032456640154123306
528,0,0.5361852645874023,0.032456640154123306
528,0,0.5361852645874023,0.032456640154123306
528,0,0.5361852645874023,0.032456640154123306
528,0,0.5361852645874023,0.032456640154123306
528,0,0.5361852645874023,0.032456640154123306
528,0,0.5361852645874023,0.032456640154123306
528,0,0.5361852645874023,0.032456640154123306
528,0,0.5361852645874023,0.032456640154123306
528,0,0.5361852645874023,0.032456640154123306
528,0,0.5361852645874023,0.032456640154123306
528,0,0.5361852645874023,0.032456640154123306
528,0,0.5361852645874023,0.032456640154123306
528,0,0.5361852645874023,0.032456640154123306
528,0,0.5361852645874023,0.032456640154123306
528,0,0.5361852645874023,0.032456640154123306
528,0,0.5361852645874023,0.032456640154123306
528,0,0.5361852645874023,0.032456640154123306
528,0,0.5361852645874023,0.032456640154123306
528,0,0.5361852645874023,0.032456640154123306
528,0,0.5361852645874023,0.032456640154123306
528,0,0.5361852645874023,0.032456640154123306
528,0,0.5361852645874023,0.032456640154123306
528,0,0.5361852645874023,0.032456640154123306
528,0,0.5361852645874023,0.032456640154123306
528,0,0.5361852645874023,0.032456640154123306
528,0,0.5361852645874023,0.032456640154123306
528,0,0.5361852645874023,0.032456640154123306
528,0,0.5361852645874023,0.032456640154123306
528,0,0.5361852645874023,0.032456640154123306
528,0,0.5361852645874023,0.032456640154123306
528,0,0.5361852645874023,0.032456640154123306
528,0,0.5361852645874023,0.032456640154123306
528,0,0.5361852645874023,0.032456640154123306
528,0,0.5361852645874023,0.032456640154123306
528,0,0.5361852645874023,0.032456640154123306
528,0,0.5361852645874023,0.032456640154123306
528,0,0.5361852645874023,0.032456640154123306
528,0,0.5361852645874023,0.032456640154123306
528,0,0.5361852645874023,0.032456640154123306
528,0,0.5361852645874023,0.032456640154123306
528,0,0.5361852645874023,0.032456640154123306
528,0,0.5361852645874023,0.032456640154123306
528,0,0.5361852645874023,0.032456640154123306
528,0,0.5361852645874023,0.032456640154123306
528,0,0.5361852645874023,0.032456640154123306
528,0,0.5361852645874023,0.032456640154123306
528,0,0.5361852645874023,0.032456640154123306
528,0,0.5361852645874023,0.032456640154123306
528,0,0.5361852645874023,0.032456640154123306
528,0,0.5361852645874023,0.032456640154123306
528,0,0.5361852645874023,0.032456640154123306
528,0,0.5361852645874023,0.032456640154123306
528,0,0.5361852645874023,0.032456640154123306
528,0,0.5361852645874023,0.032456640154123306
528,0,0.5361852645874023,0.032456640154123306
528,0,0.5361852645874023,0.032456640154123306
528,0,0.5361852645874023,0.032456640154123306
528,0,0.5361852645874023,0.032456640154123306
528,0,0.5361852645874023,0.032456640154123306
528,0,0.5361852645874023,0.032456640154123306
528,0,0.5361852645874023,0.032456640154123306
528,0,0.5361852645874023,0.032456640154123306
528,0,0.5361852645874023,0.032456640154123306
528,0,0.5361852645874023,0.032456640154123306
528,0,0.5361852645874023,0.032456640154123306
528,0,0.5361852645874023,0.032456640154123306
528,0,0.5361852645874023,0.032456640154123306
528,0,0.5361852645874023,0.032456640154123306
528,0,0.5361852645874023,0.032456640154123306
528,0,0.5361852645874023,0.032456640154123306
528,0,0.5361852645874023,0.032456640154123306
528,0,0.5361852645874023,0.032456640154123306
528,0,0.5361852645874023,0.032456640154123306
528,0,0.5361852645874023,0.032456640154123306
528,0,0.5361852645874023,0.032456640154123306
528,0,0.5361852645874023,0.032456640154123306
528,0,0.5361852645874023,0.032456640154123306
528,0,0.5361852645874023,0.032456640154123306
528,0,0.5361852645874023,0.032456640154123306
528,0,0.5361852645874023,0.032456640154123306
528,0,0.5361852645874023,0.032456640154123306
528,0,0.5361852645874023,0.032456640154123306
528,0,0.5361852645874023,0.032456640154123306
528,0,0.5361852645874023,0.032456640154123306
528,0,0.5361852645874023,0.032456640154123306
528,0,0.5361852645874023,0.032456640154123306
528,0,0.5361852645874023,0.032456640154123306
528,0,0.5361852645874023,0.032456640154123306
528,0,0.5361852645874023,0.032456640154123306
528,0,0.5361852645874023,0.032456640154123306
528,0,0.5361852645874023,0.032456640154123306
528,0,0.5361852645874023,0.032456640154123306
528,0,0.5361852645874023,0.032456640154123306
528,0,0.5361852645874023,0.032456640154123306
528,0,0.5361852645874023,0.032456640154123306
528,0,0.5361852645874023,0.032456640154123306
528,0,0.5361852645874023,0.032456640154123306
528,0,0.5361852645874023,0.032456640154123306
528,0,0.5361852645874023,0.032456640154123306
528,0,0.5361852645874023,0.032456640154123306
528,0,0.5361852645874023,0.032456640154123306
528,0,0.5361852645874023,0.032456640154123306
528,0,0.5361852645874023,0.032456640154123306
528,0,0.5361852645874023,0.032456640154123306
528,0,0.5361852645874023,0.032456640154123306
528,0,0.5361852645874023,0.032456640154123306
528,0,0.5361852645874023,0.032456640154123306
528,0,0.5361852645874023,0.032456640154123306
528,0,0.5361852645874023,0.032456640154123306
528,0,0.5361852645874023,0.032456640154123306
528,0,0.5361852645874023,0.032456640154123306
528,0,0.5361852645874023,0.032456640154123306
528,0,0.5361852645874023,0.032456640154123306
528,0,0.5361852645874023,0.032456640154123306
528,0,0.5361852645874023,0.032456640154123306
528,0,0.5361852645874023,0.032456640154123306
528,0,0.5361852645874023,0.032456640154123306
528,0,0.5361852645874023,0.032456640154123306
528,0,0.5361852645874023,0.032456640154123306
528,0,0.5361852645874023,0.032456640154123306
528,0,0.5361852645874023,0.032456640154123306
528,0,0.5361852645874023,0.032456640154123306
528,0,0.5361852645874023,0.032456640154123306
528,0,0.5361852645874023,0.032456640154123306
528,0,0.5361852645874023,0.032456640154123306
528,0,0.5361852645874023,0.032456640154123306
528,0,0.5361852645874023,0.032456640154123306
528,0,0.5361852645874023,0.032456640154123306
528,0,0.5361852645874023,0.032456640154123306
528,0,0.5361852645874023,0.032456640154123306
528,0,0.5361852645874023,0.032456640154123306
528,0,0.5361852645874023,0.032456640154123306
528,0,0.5361852645874023,0.032456640154123306
528,0,0.5361852645874023,0.032456640154123306
528,0,0.5361852645874023,0.032456640154123306
528,0,0.5361852645874023,0.032456640154123306
528,0,0.5361852645874023,0.032456640154123306
961,0,0.5359421968460083,0.032456640154123306
961,2,0.5380329489707947,0.0007838447345420718
961,1,0.5053027868270874,0.2004593163728714
961,4,0.5120359659194946,0.03917420655488968
961,3,0.5173384547233582,0.1976579874753952
961,5,0.5287504196166992,0.08894893527030945
961,6,0.5273798108100891,0.03206264227628708
961,6,0.5273798108100891,0.03206264227628708
961,0,0.5359421968460083,0.032456640154123306
961,1,0.5053027868270874,0.2004593163728714
961,2,0.5380329489707947,0.0007838447345420718
961,3,0.5173384547233582,0.1976579874753952
961,4,0.5120359659194946,0.03917420655488968
961,5,0.5287504196166992,0.08894893527030945
961,326,0.5062549114227295,0.24359722435474396
961,327,0.5052241086959839,1.7383030126438825e-06
961,327,0.5052241086959839,1.7383030126438825e-06
961,327,0.5052241086959839,1.7383030126438825e-06
961,327,0.5052241086959839,1.7383030126438825e-06
961,326,0.5062549114227295,0.24359722435474396
961,327,0.5052241086959839,1.7383030126438825e-06
961,327,0.5052241086959839,1.7383030126438825e-06
961,328,0.5269747376441956,0.12939991056919098
961,327,0.5052241086959839,1.7383030126438825e-06
961,327,0.5052241086959839,1.7383030126438825e-06
961,328,0.5269747376441956,0.12939991056919098
961,327,0.5052241086959839,1.7383030126438825e-06
961,327,0.5052241086959839,1.7383030126438825e-06
961,327,0.5052241086959839,1.7383030126438825e-06
961,326,0.5062549114227295,0.24359722435474396
961,327,0.5052241086959839,1.7383030126438825e-06
961,327,0.5052241086959839,1.7383030126438825e-06
961,328,0.5269747376441956,0.12939991056919098
961,327,0.5052241086959839,1.7383030126438825e-06
961,327,0.5052241086959839,1.7383030126438825e-06
961,328,0.5269747376441956,0.12939991056919098
961,327,0.5052241086959839,1.7383030126438825e-06
961,327,0.5052241086959839,1.7383030126438825e-06
961,337,0.47321856021881104,0.059192024171352386
961,326,0.5062549114227295,0.24359722435474396
961,327,0.5052241086959839,1.7383030126438825e-06
961,327,0.5052241086959839,1.7383030126438825e-06
961,327,0.5052241086959839,1.7383030126438825e-06
961,326,0.5062549114227295,0.24359722435474396
961,327,0.5052241086959839,1.7383030126438825e-06
961,327,0.5052241086959839,1.7383030126438825e-06
961,328,0.5269747376441956,0.12939991056919098
961,327,0.5052241086959839,1.7383030126438825e-06
961,327,0.5052241086959839,1.7383030126438825e-06
961,328,0.5269747376441956,0.12939991056919098
961,327,0.5052241086959839,1.7383030126438825e-06
961,327,0.5052241086959839,1.7383030126438825e-06
961,326,0.5062549114227295,0.24359722435474396
961,327,0.5052241086959839,1.7383030126438825e-06
961,327,0.5052241086959839,1.7383030126438825e-06
961,337,0.47321856021881104,0.059192024171352386
961,326,0.5062549114227295,0.24359722435474396
961,327,0.5052241086959839,1.7383030126438825e-06
961,327,0.5052241086959839,1.7383030126438825e-06
961,328,0.5269747376441956,0.12939991056919098
961,327,0.5052241086959839,1.7383030126438825e-06
961,327,0.5052241086959839,1.7383030126438825e-06
961,327,0.5052241086959839,1.7383030126438825e-06
961,326,0.5062549114227295,0.24359722435474396
961,327,0.5052241086959839,1.7383030126438825e-06
961,327,0.5052241086959839,1.7383030126438825e-06
961,328,0.5269747376441956,0.12939991056919098
961,327,0.5052241086959839,1.7383030126438825e-06
961,327,0.5052241086959839,1.7383030126438825e-06
961,326,0.5062549114227295,0.24359722435474396
961,327,0.5052241086959839,1.7383030126438825e-06
961,327,0.5052241086959839,1.7383030126438825e-06
961,326,0.5062549114227295,0.24359722435474396
961,329,0.492737740278244,0.07279399782419205
961,0,0.5359421968460083,0.032456640154123306
961,0,0.5359421968460083,0.032456640154123306
961,0,0.5359421968460083,0.032456640154123306
961,0,0.5359421968460083,0.032456640154123306
961,0,0.5359421968460083,0.032456640154123306
961,0,0.5359421968460083,0.032456640154123306
961,0,0.5359421968460083,0.032456640154123306
961,0,0.5359421968460083,0.032456640154123306
961,0,0.5359421968460083,0.032456640154123306
961,0,0.5359421968460083,0.032456640154123306
961,0,0.5359421968460083,0.032456640154123306
961,0,0.5359421968460083,0.032456640154123306
961,0,0.5359421968460083,0.032456640154123306
961,0,0.5359421968460083,0.032456640154123306
961,0,0.5359421968460083,0.032456640154123306
961,0,0.5359421968460083,0.032456640154123306
961,0,0.5359421968460083,0.032456640154123306
961,0,0.5359421968460083,0.032456640154123306
961,0,0.5359421968460083,0.032456640154123306
961,0,0.5359421968460083,0.032456640154123306
961,0,0.5359421968460083,0.032456640154123306
961,0,0.5359421968460083,0.032456640154123306
961,0,0.5359421968460083,0.032456640154123306
961,0,0.5359421968460083,0.032456640154123306
961,0,0.5359421968460083,0.032456640154123306
961,0,0.5359421968460083,0.032456640154123306
961,0,0.5359421968460083,0.032456640154123306
961,0,0.5359421968460083,0.032456640154123306
961,0,0.5359421968460083,0.032456640154123306
961,0,0.5359421968460083,0.032456640154123306
961,0,0.5359421968460083,0.032456640154123306
961,0,0.5359421968460083,0.032456640154123306
961,0,0.5359421968460083,0.032456640154123306
961,0,0.5359421968460083,0.032456640154123306
961,0,0.5359421968460083,0.032456640154123306
961,0,0.5359421968460083,0.032456640154123306
961,0,0.5359421968460083,0.032456640154123306
961,0,0.5359421968460083,0.032456640154123306
961,0,0.5359421968460083,0.032456640154123306
961,0,0.5359421968460083,0.032456640154123306
961,0,0.5359421968460083,0.032456640154123306
961,0,0.5359421968460083,0.032456640154123306
961,0,0.5359421968460083,0.032456640154123306
961,0,0.5359421968460083,0.032456640154123306
961,0,0.5359421968460083,0.032456640154123306
961,0,0.5359421968460083,0.032456640154123306
961,0,0.5359421968460083,0.032456640154123306
961,0,0.5359421968460083,0.032456640154123306
961,0,0.5359421968460083,0.032456640154123306
961,0,0.5359421968460083,0.032456640154123306
961,0,0.5359421968460083,0.032456640154123306
961,0,0.5359421968460083,0.032456640154123306
961,0,0.5359421968460083,0.032456640154123306
961,0,0.5359421968460083,0.032456640154123306
961,0,0.5359421968460083,0.032456640154123306
961,0,0.5359421968460083,0.032456640154123306
961,0,0.5359421968460083,0.032456640154123306
961,0,0.5359421968460083,0.032456640154123306
961,0,0.5359421968460083,0.032456640154123306
961,0,0.5359421968460083,0.032456640154123306
961,0,0.5359421968460083,0.032456640154123306
961,0,0.5359421968460083,0.032456640154123306
961,0,0.5359421968460083,0.032456640154123306
961,0,0.5359421968460083,0.032456640154123306
961,0,0.5359421968460083,0.032456640154123306
961,0,0.5359421968460083,0.032456640154123306
961,0,0.5359421968460083,0.032456640154123306
961,0,0.5359421968460083,0.032456640154123306
961,0,0.5359421968460083,0.032456640154123306
961,0,0.5359421968460083,0.032456640154123306
961,0,0.5359421968460083,0.032456640154123306
961,0,0.5359421968460083,0.032456640154123306
961,0,0.5359421968460083,0.032456640154123306
961,0,0.5359421968460083,0.032456640154123306
961,0,0.5359421968460083,0.032456640154123306
961,0,0.5359421968460083,0.032456640154123306
961,0,0.5359421968460083,0.032456640154123306
961,0,0.5359421968460083,0.032456640154123306
961,0,0.5359421968460083,0.032456640154123306
961,0,0.5359421968460083,0.032456640154123306
961,0,0.5359421968460083,0.032456640154123306
961,0,0.5359421968460083,0.032456640154123306
961,0,0.5359421968460083,0.032456640154123306
961,0,0.5359421968460083,0.032456640154123306
961,0,0.5359421968460083,0.032456640154123306
961,0,0.5359421968460083,0.032456640154123306
961,0,0.5359421968460083,0.032456640154123306
961,0,0.5359421968460083,0.032456640154123306
961,0,0.5359421968460083,0.032456640154123306
961,0,0.5359421968460083,0.032456640154123306
961,0,0.5359421968460083,0.032456640154123306
961,0,0.5359421968460083,0.032456640154123306
961,0,0.5359421968460083,0.032456640154123306
961,0,0.5359421968460083,0.032456640154123306
961,0,0.5359421968460083,0.032456640154123306
961,0,0.5359421968460083,0.032456640154123306
961,0,0.5359421968460083,0.032456640154123306
961,0,0.5359421968460083,0.032456640154123306
961,0,0.5359421968460083,0.032456640154123306
961,0,0.5359421968460083,0.032456640154123306
961,0,0.5359421968460083,0.032456640154123306
961,0,0.5359421968460083,0.032456640154123306
961,0,0.5359421968460083,0.032456640154123306
961,0,0.5359421968460083,0.032456640154123306
961,0,0.5359421968460083,0.032456640154123306
961,0,0.5359421968460083,0.032456640154123306
961,0,0.5359421968460083,0.032456640154123306
961,0,0.5359421968460083,0.032456640154123306
961,0,0.5359421968460083,0.032456640154123306
961,0,0.5359421968460083,0.032456640154123306
961,0,0.5359421968460083,0.032456640154123306
961,0,0.5359421968460083,0.032456640154123306
961,0,0.5359421968460083,0.032456640154123306
961,0,0.5359421968460083,0.032456640154123306
961,0,0.5359421968460083,0.032456640154123306
961,0,0.5359421968460083,0.032456640154123306
961,0,0.5359421968460083,0.032456640154123306
961,0,0.5359421968460083,0.032456640154123306
961,0,0.5359421968460083,0.032456640154123306
961,0,0.5359421968460083,0.032456640154123306
961,0,0.5359421968460083,0.032456640154123306
961,0,0.5359421968460083,0.032456640154123306
961,0,0.5359421968460083,0.032456640154123306
961,0,0.5359421968460083,0.032456640154123306
961,0,0.5359421968460083,0.032456640154123306
961,0,0.5359421968460083,0.032456640154123306
760,0,0.5338088870048523,0.032456640154123306
760,1,0.5031648278236389,0.2004593163728714
760,2,0.5359039902687073,0.0007838447345420718
760,3,0.5152015686035156,0.1976579874753952
760,4,0.5098958015441895,0.03917420655488968
760,5,0.526614785194397,0.08894893527030945
760,6,0.5252395272254944,0.03206264227628708
760,6,0.5252395272254944,0.03206264227628708
760,0,0.5338088870048523,0.032456640154123306
760,0,0.5338088870048523,0.032456640154123306
760,0,0.5338088870048523,0.032456640154123306
760,0,0.5338088870048523,0.032456640154123306
760,0,0.5338088870048523,0.032456640154123306
760,0,0.5338088870048523,0.032456640154123306
760,0,0.5338088870048523,0.032456640154123306
760,0,0.5338088870048523,0.032456640154123306
760,0,0.5338088870048523,0.032456640154123306
760,0,0.5338088870048523,0.032456640154123306
760,0,0.5338088870048523,0.032456640154123306
760,0,0.5338088870048523,0.032456640154123306
760,0,0.5338088870048523,0.032456640154123306
760,0,0.5338088870048523,0.032456640154123306
760,0,0.5338088870048523,0.032456640154123306
760,0,0.5338088870048523,0.032456640154123306
760,0,0.5338088870048523,0.032456640154123306
760,0,0.5338088870048523,0.032456640154123306
760,0,0.5338088870048523,0.032456640154123306
760,0,0.5338088870048523,0.032456640154123306
760,0,0.5338088870048523,0.032456640154123306
760,0,0.5338088870048523,0.032456640154123306
760,0,0.5338088870048523,0.032456640154123306
760,0,0.5338088870048523,0.032456640154123306
760,0,0.5338088870048523,0.032456640154123306
760,0,0.5338088870048523,0.032456640154123306
760,0,0.5338088870048523,0.032456640154123306
760,0,0.5338088870048523,0.032456640154123306
760,0,0.5338088870048523,0.032456640154123306
760,0,0.5338088870048523,0.032456640154123306
760,0,0.5338088870048523,0.032456640154123306
760,0,0.5338088870048523,0.032456640154123306
760,0,0.5338088870048523,0.032456640154123306
760,0,0.5338088870048523,0.032456640154123306
760,0,0.5338088870048523,0.032456640154123306
760,0,0.5338088870048523,0.032456640154123306
760,0,0.5338088870048523,0.032456640154123306
760,0,0.5338088870048523,0.032456640154123306
760,0,0.5338088870048523,0.032456640154123306
760,0,0.5338088870048523,0.032456640154123306
760,0,0.5338088870048523,0.032456640154123306
760,0,0.5338088870048523,0.032456640154123306
760,0,0.5338088870048523,0.032456640154123306
760,0,0.5338088870048523,0.032456640154123306
760,0,0.5338088870048523,0.032456640154123306
760,0,0.5338088870048523,0.032456640154123306
760,0,0.5338088870048523,0.032456640154123306
760,0,0.5338088870048523,0.032456640154123306
760,0,0.5338088870048523,0.032456640154123306
760,0,0.5338088870048523,0.032456640154123306
760,0,0.5338088870048523,0.032456640154123306
760,0,0.5338088870048523,0.032456640154123306
760,0,0.5338088870048523,0.032456640154123306
760,0,0.5338088870048523,0.032456640154123306
760,0,0.5338088870048523,0.032456640154123306
760,0,0.5338088870048523,0.032456640154123306
760,0,0.5338088870048523,0.032456640154123306
760,0,0.5338088870048523,0.032456640154123306
760,0,0.5338088870048523,0.032456640154123306
760,0,0.5338088870048523,0.032456640154123306
760,0,0.5338088870048523,0.032456640154123306
760,0,0.5338088870048523,0.032456640154123306
760,0,0.5338088870048523,0.032456640154123306
760,0,0.5338088870048523,0.032456640154123306
760,0,0.5338088870048523,0.032456640154123306
760,0,0.5338088870048523,0.032456640154123306
760,0,0.5338088870048523,0.032456640154123306
760,0,0.5338088870048523,0.032456640154123306
760,0,0.5338088870048523,0.032456640154123306
760,0,0.5338088870048523,0.032456640154123306
760,0,0.5338088870048523,0.032456640154123306
760,0,0.5338088870048523,0.032456640154123306
760,0,0.5338088870048523,0.032456640154123306
760,0,0.5338088870048523,0.032456640154123306
760,0,0.5338088870048523,0.032456640154123306
760,0,0.5338088870048523,0.032456640154123306
760,0,0.5338088870048523,0.032456640154123306
760,0,0.5338088870048523,0.032456640154123306
760,0,0.5338088870048523,0.032456640154123306
760,0,0.5338088870048523,0.032456640154123306
760,0,0.5338088870048523,0.032456640154123306
760,0,0.5338088870048523,0.032456640154123306
760,0,0.5338088870048523,0.032456640154123306
760,0,0.5338088870048523,0.032456640154123306
760,0,0.5338088870048523,0.032456640154123306
760,0,0.5338088870048523,0.032456640154123306
760,0,0.5338088870048523,0.032456640154123306
760,0,0.5338088870048523,0.032456640154123306
760,0,0.5338088870048523,0.032456640154123306
760,0,0.5338088870048523,0.032456640154123306
760,0,0.5338088870048523,0.032456640154123306
760,0,0.5338088870048523,0.032456640154123306
760,0,0.5338088870048523,0.032456640154123306
760,0,0.5338088870048523,0.032456640154123306
760,0,0.5338088870048523,0.032456640154123306
760,0,0.5338088870048523,0.032456640154123306
760,0,0.5338088870048523,0.032456640154123306
760,0,0.5338088870048523,0.032456640154123306
760,0,0.5338088870048523,0.032456640154123306
760,0,0.5338088870048523,0.032456640154123306
760,0,0.5338088870048523,0.032456640154123306
760,0,0.5338088870048523,0.032456640154123306
760,0,0.5338088870048523,0.032456640154123306
760,0,0.5338088870048523,0.032456640154123306
760,0,0.5338088870048523,0.032456640154123306
760,0,0.5338088870048523,0.032456640154123306
760,0,0.5338088870048523,0.032456640154123306
760,0,0.5338088870048523,0.032456640154123306
760,0,0.5338088870048523,0.032456640154123306
760,0,0.5338088870048523,0.032456640154123306
760,0,0.5338088870048523,0.032456640154123306
760,0,0.5338088870048523,0.032456640154123306
760,0,0.5338088870048523,0.032456640154123306
760,0,0.5338088870048523,0.032456640154123306
760,0,0.5338088870048523,0.032456640154123306
760,0,0.5338088870048523,0.032456640154123306
760,0,0.5338088870048523,0.032456640154123306
760,0,0.5338088870048523,0.032456640154123306
760,0,0.5338088870048523,0.032456640154123306
760,0,0.5338088870048523,0.032456640154123306
760,0,0.5338088870048523,0.032456640154123306
760,0,0.5338088870048523,0.032456640154123306
760,0,0.5338088870048523,0.032456640154123306
760,0,0.5338088870048523,0.032456640154123306
760,0,0.5338088870048523,0.032456640154123306
760,0,0.5338088870048523,0.032456640154123306
760,0,0.5338088870048523,0.032456640154123306
760,0,0.5338088870048523,0.032456640154123306
760,0,0.5338088870048523,0.032456640154123306
760,0,0.5338088870048523,0.032456640154123306
760,0,0.5338088870048523,0.032456640154123306
760,0,0.5338088870048523,0.032456640154123306
760,0,0.5338088870048523,0.032456640154123306
760,0,0.5338088870048523,0.032456640154123306
760,0,0.5338088870048523,0.032456640154123306
760,0,0.5338088870048523,0.032456640154123306
760,0,0.5338088870048523,0.032456640154123306
760,0,0.5338088870048523,0.032456640154123306
760,0,0.5338088870048523,0.032456640154123306
760,0,0.5338088870048523,0.032456640154123306
760,0,0.5338088870048523,0.032456640154123306
760,0,0.5338088870048523,0.032456640154123306
760,0,0.5338088870048523,0.032456640154123306
760,0,0.5338088870048523,0.032456640154123306
760,0,0.5338088870048523,0.032456640154123306
760,0,0.5338088870048523,0.032456640154123306
760,0,0.5338088870048523,0.032456640154123306
760,0,0.5338088870048523,0.032456640154123306
760,0,0.5338088870048523,0.032456640154123306
760,0,0.5338088870048523,0.032456640154123306
760,0,0.5338088870048523,0.032456640154123306
760,0,0.5338088870048523,0.032456640154123306
760,0,0.5338088870048523,0.032456640154123306
760,0,0.5338088870048523,0.032456640154123306
760,0,0.5338088870048523,0.032456640154123306
760,0,0.5338088870048523,0.032456640154123306
760,0,0.5338088870048523,0.032456640154123306
760,0,0.5338088870048523,0.032456640154123306
760,0,0.5338088870048523,0.032456640154123306
760,0,0.5338088870048523,0.032456640154123306
760,0,0.5338088870048523,0.032456640154123306
760,0,0.5338088870048523,0.032456640154123306
760,0,0.5338088870048523,0.032456640154123306
760,0,0.5338088870048523,0.032456640154123306
760,0,0.5338088870048523,0.032456640154123306
760,0,0.5338088870048523,0.032456640154123306
760,0,0.5338088870048523,0.032456640154123306
760,0,0.5338088870048523,0.032456640154123306
760,0,0.5338088870048523,0.032456640154123306
760,0,0.5338088870048523,0.032456640154123306
760,0,0.5338088870048523,0.032456640154123306
760,0,0.5338088870048523,0.032456640154123306
760,0,0.5338088870048523,0.032456640154123306
760,0,0.5338088870048523,0.032456640154123306
760,0,0.5338088870048523,0.032456640154123306
760,0,0.5338088870048523,0.032456640154123306
760,0,0.5338088870048523,0.032456640154123306
760,0,0.5338088870048523,0.032456640154123306
760,0,0.5338088870048523,0.032456640154123306
760,0,0.5338088870048523,0.032456640154123306
760,0,0.5338088870048523,0.032456640154123306
760,0,0.5338088870048523,0.032456640154123306
760,0,0.5338088870048523,0.032456640154123306
760,0,0.5338088870048523,0.032456640154123306
760,0,0.5338088870048523,0.032456640154123306
760,0,0.5338088870048523,0.032456640154123306
760,0,0.5338088870048523,0.032456640154123306
760,0,0.5338088870048523,0.032456640154123306
760,0,0.5338088870048523,0.032456640154123306
760,0,0.5338088870048523,0.032456640154123306
760,0,0.5338088870048523,0.032456640154123306
760,0,0.5338088870048523,0.032456640154123306
44,0,0.5338071584701538,0.032456640154123306
44,1,0.5031630992889404,0.2004593163728714
44,2,0.5359022617340088,0.0007838447345420718
44,3,0.5151998400688171,0.1976579874753952
44,4,0.509894073009491,0.03917420655488968
44,5,0.5266130566596985,0.08894893527030945
44,6,0.5252377986907959,0.03206264227628708
44,6,0.5252377986907959,0.03206264227628708
44,0,0.5338071584701538,0.032456640154123306
44,1,0.5031630992889404,0.2004593163728714
44,2,0.5359022617340088,0.0007838447345420718
44,4,0.509894073009491,0.03917420655488968
44,3,0.5151998400688171,0.1976579874753952
44,5,0.5266130566596985,0.08894893527030945
44,6,0.5252377986907959,0.03206264227628708
44,6,0.5252377986907959,0.03206264227628708
44,0,0.5338071584701538,0.032456640154123306
44,2,0.5359022617340088,0.0007838447345420718
44,1,0.5031630992889404,0.2004593163728714
44,3,0.5151998400688171,0.1976579874753952
44,4,0.509894073009491,0.03917420655488968
44,5,0.5266130566596985,0.08894893527030945
44,6,0.5252377986907959,0.03206264227628708
44,6,0.5252377986907959,0.03206264227628708
44,0,0.5338071584701538,0.032456640154123306
44,2,0.5359022617340088,0.0007838447345420718
44,1,0.5031630992889404,0.2004593163728714
44,3,0.5151998400688171,0.1976579874753952
44,4,0.509894073009491,0.03917420655488968
44,5,0.5266130566596985,0.08894893527030945
44,6,0.5252377986907959,0.03206264227628708
44,6,0.5252377986907959,0.03206264227628708
44,0,0.5338071584701538,0.032456640154123306
44,2,0.5359022617340088,0.0007838447345420718
44,1,0.5031630992889404,0.2004593163728714
44,3,0.5151998400688171,0.1976579874753952
44,4,0.509894073009491,0.03917420655488968
44,5,0.5266130566596985,0.08894893527030945
44,6,0.5252377986907959,0.03206264227628708
44,6,0.5252377986907959,0.03206264227628708
44,0,0.5338071584701538,0.032456640154123306
44,1,0.5031630992889404,0.2004593163728714
44,2,0.5359022617340088,0.0007838447345420718
44,4,0.509894073009491,0.03917420655488968
44,3,0.5151998400688171,0.1976579874753952
44,5,0.5266130566596985,0.08894893527030945
44,6,0.5252377986907959,0.03206264227628708
44,6,0.5252377986907959,0.03206264227628708
44,7,0.5249425768852234,0.0005712504498660564
44,9,0.48771601915359497,0.11330409348011017
44,8,0.5258029699325562,0.8536729216575623
44,0,0.5338071584701538,0.032456640154123306
44,0,0.5338071584701538,0.032456640154123306
44,0,0.5338071584701538,0.032456640154123306
44,0,0.5338071584701538,0.032456640154123306
44,0,0.5338071584701538,0.032456640154123306
44,0,0.5338071584701538,0.032456640154123306
44,0,0.5338071584701538,0.032456640154123306
44,0,0.5338071584701538,0.032456640154123306
44,0,0.5338071584701538,0.032456640154123306
44,0,0.5338071584701538,0.032456640154123306
44,0,0.5338071584701538,0.032456640154123306
44,0,0.5338071584701538,0.032456640154123306
44,0,0.5338071584701538,0.032456640154123306
44,0,0.5338071584701538,0.032456640154123306
44,0,0.5338071584701538,0.032456640154123306
44,0,0.5338071584701538,0.032456640154123306
44,0,0.5338071584701538,0.032456640154123306
44,0,0.5338071584701538,0.032456640154123306
44,0,0.5338071584701538,0.032456640154123306
44,0,0.5338071584701538,0.032456640154123306
44,0,0.5338071584701538,0.032456640154123306
44,0,0.5338071584701538,0.032456640154123306
44,0,0.5338071584701538,0.032456640154123306
44,0,0.5338071584701538,0.032456640154123306
44,0,0.5338071584701538,0.032456640154123306
44,0,0.5338071584701538,0.032456640154123306
44,0,0.5338071584701538,0.032456640154123306
44,0,0.5338071584701538,0.032456640154123306
44,0,0.5338071584701538,0.032456640154123306
44,0,0.5338071584701538,0.032456640154123306
44,0,0.5338071584701538,0.032456640154123306
44,0,0.5338071584701538,0.032456640154123306
44,0,0.5338071584701538,0.032456640154123306
44,0,0.5338071584701538,0.032456640154123306
44,0,0.5338071584701538,0.032456640154123306
44,0,0.5338071584701538,0.032456640154123306
44,0,0.5338071584701538,0.032456640154123306
44,0,0.5338071584701538,0.032456640154123306
44,0,0.5338071584701538,0.032456640154123306
44,0,0.5338071584701538,0.032456640154123306
44,0,0.5338071584701538,0.032456640154123306
44,0,0.5338071584701538,0.032456640154123306
44,0,0.5338071584701538,0.032456640154123306
44,0,0.5338071584701538,0.032456640154123306
44,0,0.5338071584701538,0.032456640154123306
44,0,0.5338071584701538,0.032456640154123306
44,0,0.5338071584701538,0.032456640154123306
44,0,0.5338071584701538,0.032456640154123306
44,0,0.5338071584701538,0.032456640154123306
44,0,0.5338071584701538,0.032456640154123306
44,0,0.5338071584701538,0.032456640154123306
44,0,0.5338071584701538,0.032456640154123306
44,0,0.5338071584701538,0.032456640154123306
44,0,0.5338071584701538,0.032456640154123306
44,0,0.5338071584701538,0.032456640154123306
44,0,0.5338071584701538,0.032456640154123306
44,0,0.5338071584701538,0.032456640154123306
44,0,0.5338071584701538,0.032456640154123306
44,0,0.5338071584701538,0.032456640154123306
44,0,0.5338071584701538,0.032456640154123306
44,0,0.5338071584701538,0.032456640154123306
44,0,0.5338071584701538,0.032456640154123306
44,0,0.5338071584701538,0.032456640154123306
44,0,0.5338071584701538,0.032456640154123306
44,0,0.5338071584701538,0.032456640154123306
44,0,0.5338071584701538,0.032456640154123306
44,0,0.5338071584701538,0.032456640154123306
44,0,0.5338071584701538,0.032456640154123306
44,0,0.5338071584701538,0.032456640154123306
44,0,0.5338071584701538,0.032456640154123306
44,0,0.5338071584701538,0.032456640154123306
44,0,0.5338071584701538,0.032456640154123306
44,0,0.5338071584701538,0.032456640154123306
44,0,0.5338071584701538,0.032456640154123306
44,0,0.5338071584701538,0.032456640154123306
44,0,0.5338071584701538,0.032456640154123306
44,0,0.5338071584701538,0.032456640154123306
44,0,0.5338071584701538,0.032456640154123306
44,0,0.5338071584701538,0.032456640154123306
44,0,0.5338071584701538,0.032456640154123306
44,0,0.5338071584701538,0.032456640154123306
44,0,0.5338071584701538,0.032456640154123306
44,0,0.5338071584701538,0.032456640154123306
44,0,0.5338071584701538,0.032456640154123306
44,0,0.5338071584701538,0.032456640154123306
44,0,0.5338071584701538,0.032456640154123306
44,0,0.5338071584701538,0.032456640154123306
44,0,0.5338071584701538,0.032456640154123306
44,0,0.5338071584701538,0.032456640154123306
44,0,0.5338071584701538,0.032456640154123306
44,0,0.5338071584701538,0.032456640154123306
44,0,0.5338071584701538,0.032456640154123306
44,0,0.5338071584701538,0.032456640154123306
44,0,0.5338071584701538,0.032456640154123306
44,0,0.5338071584701538,0.032456640154123306
44,0,0.5338071584701538,0.032456640154123306
44,0,0.5338071584701538,0.032456640154123306
44,0,0.5338071584701538,0.032456640154123306
44,0,0.5338071584701538,0.032456640154123306
44,0,0.5338071584701538,0.032456640154123306
44,0,0.5338071584701538,0.032456640154123306
44,0,0.5338071584701538,0.032456640154123306
44,0,0.5338071584701538,0.032456640154123306
44,0,0.5338071584701538,0.032456640154123306
44,0,0.5338071584701538,0.032456640154123306
44,0,0.5338071584701538,0.032456640154123306
44,0,0.5338071584701538,0.032456640154123306
44,0,0.5338071584701538,0.032456640154123306
44,0,0.5338071584701538,0.032456640154123306
44,0,0.5338071584701538,0.032456640154123306
44,0,0.5338071584701538,0.032456640154123306
44,0,0.5338071584701538,0.032456640154123306
44,0,0.5338071584701538,0.032456640154123306
44,0,0.5338071584701538,0.032456640154123306
44,0,0.5338071584701538,0.032456640154123306
44,0,0.5338071584701538,0.032456640154123306
44,0,0.5338071584701538,0.032456640154123306
44,0,0.5338071584701538,0.032456640154123306
44,0,0.5338071584701538,0.032456640154123306
44,0,0.5338071584701538,0.032456640154123306
44,0,0.5338071584701538,0.032456640154123306
44,0,0.5338071584701538,0.032456640154123306
44,0,0.5338071584701538,0.032456640154123306
44,0,0.5338071584701538,0.032456640154123306
44,0,0.5338071584701538,0.032456640154123306
44,0,0.5338071584701538,0.032456640154123306
44,0,0.5338071584701538,0.032456640154123306
44,0,0.5338071584701538,0.032456640154123306
44,0,0.5338071584701538,0.032456640154123306
44,0,0.5338071584701538,0.032456640154123306
44,0,0.5338071584701538,0.032456640154123306
44,0,0.5338071584701538,0.032456640154123306
44,0,0.5338071584701538,0.032456640154123306
44,0,0.5338071584701538,0.032456640154123306
44,0,0.5338071584701538,0.032456640154123306
44,0,0.5338071584701538,0.032456640154123306
44,0,0.5338071584701538,0.032456640154123306
44,0,0.5338071584701538,0.032456640154123306
44,0,0.5338071584701538,0.032456640154123306
44,0,0.5338071584701538,0.032456640154123306
44,0,0.5338071584701538,0.032456640154123306
44,0,0.5338071584701538,0.032456640154123306
44,0,0.5338071584701538,0.032456640154123306
44,0,0.5338071584701538,0.032456640154123306
44,0,0.5338071584701538,0.032456640154123306
44,0,0.5338071584701538,0.032456640154123306
44,0,0.5338071584701538,0.032456640154123306
44,0,0.5338071584701538,0.032456640154123306
44,0,0.5338071584701538,0.032456640154123306
677,0,0.5361534953117371,0.032456640154123306
677,2,0.5382437705993652,0.0007838447345420718
677,1,0.5055145025253296,0.2004593163728714
677,5,0.5289618968963623,0.08894893527030945
677,4,0.5122479200363159,0.03917420655488968
677,3,0.5175500512123108,0.1976579874753952
677,6,0.5275917649269104,0.03206264227628708
677,6,0.5275917649269104,0.03206264227628708
677,0,0.5361534953117371,0.032456640154123306
677,1,0.5055145025253296,0.2004593163728714
677,2,0.5382437705993652,0.0007838447345420718
677,4,0.5122479200363159,0.03917420655488968
677,3,0.5175500512123108,0.1976579874753952
677,5,0.5289618968963623,0.08894893527030945
677,6,0.5275917649269104,0.03206264227628708
677,6,0.5275917649269104,0.03206264227628708
677,0,0.5361534953117371,0.032456640154123306
677,2,0.5382437705993652,0.0007838447345420718
677,1,0.5055145025253296,0.2004593163728714
677,3,0.5175500512123108,0.1976579874753952
677,4,0.5122479200363159,0.03917420655488968
677,5,0.5289618968963623,0.08894893527030945
677,6,0.5275917649269104,0.03206264227628708
677,6,0.5275917649269104,0.03206264227628708
677,0,0.5361534953117371,0.032456640154123306
677,2,0.5382437705993652,0.0007838447345420718
677,1,0.5055145025253296,0.2004593163728714
677,3,0.5175500512123108,0.1976579874753952
677,4,0.5122479200363159,0.03917420655488968
677,5,0.5289618968963623,0.08894893527030945
677,6,0.5275917649269104,0.03206264227628708
677,6,0.5275917649269104,0.03206264227628708
677,0,0.5361534953117371,0.032456640154123306
677,1,0.5055145025253296,0.2004593163728714
677,2,0.5382437705993652,0.0007838447345420718
677,4,0.5122479200363159,0.03917420655488968
677,3,0.5175500512123108,0.1976579874753952
677,5,0.5289618968963623,0.08894893527030945
677,6,0.5275917649269104,0.03206264227628708
677,6,0.5275917649269104,0.03206264227628708
677,0,0.5361534953117371,0.032456640154123306
677,2,0.5382437705993652,0.0007838447345420718
677,1,0.5055145025253296,0.2004593163728714
677,3,0.5175500512123108,0.1976579874753952
677,4,0.5122479200363159,0.03917420655488968
677,5,0.5289618968963623,0.08894893527030945
677,6,0.5275917649269104,0.03206264227628708
677,6,0.5275917649269104,0.03206264227628708
677,0,0.5361534953117371,0.032456640154123306
677,2,0.5382437705993652,0.0007838447345420718
677,1,0.5055145025253296,0.2004593163728714
677,3,0.5175500512123108,0.1976579874753952
677,4,0.5122479200363159,0.03917420655488968
677,5,0.5289618968963623,0.08894893527030945
677,6,0.5275917649269104,0.03206264227628708
677,6,0.5275917649269104,0.03206264227628708
677,0,0.5361534953117371,0.032456640154123306
677,1,0.5055145025253296,0.2004593163728714
677,2,0.5382437705993652,0.0007838447345420718
677,4,0.5122479200363159,0.03917420655488968
677,3,0.5175500512123108,0.1976579874753952
677,5,0.5289618968963623,0.08894893527030945
677,6,0.5275917649269104,0.03206264227628708
677,6,0.5275917649269104,0.03206264227628708
677,0,0.5361534953117371,0.032456640154123306
677,1,0.5055145025253296,0.2004593163728714
677,2,0.5382437705993652,0.0007838447345420718
677,3,0.5175500512123108,0.1976579874753952
677,4,0.5122479200363159,0.03917420655488968
677,5,0.5289618968963623,0.08894893527030945
677,6,0.5275917649269104,0.03206264227628708
677,6,0.5275917649269104,0.03206264227628708
677,0,0.5361534953117371,0.032456640154123306
677,2,0.5382437705993652,0.0007838447345420718
677,1,0.5055145025253296,0.2004593163728714
677,3,0.5175500512123108,0.1976579874753952
677,4,0.5122479200363159,0.03917420655488968
677,5,0.5289618968963623,0.08894893527030945
677,6,0.5275917649269104,0.03206264227628708
677,6,0.5275917649269104,0.03206264227628708
677,0,0.5361534953117371,0.032456640154123306
677,1,0.5055145025253296,0.2004593163728714
677,2,0.5382437705993652,0.0007838447345420718
677,4,0.5122479200363159,0.03917420655488968
677,3,0.5175500512123108,0.1976579874753952
677,5,0.5289618968963623,0.08894893527030945
677,6,0.5275917649269104,0.03206264227628708
677,6,0.5275917649269104,0.03206264227628708
677,0,0.5361534953117371,0.032456640154123306
677,1,0.5055145025253296,0.2004593163728714
677,2,0.5382437705993652,0.0007838447345420718
677,4,0.5122479200363159,0.03917420655488968
677,3,0.5175500512123108,0.1976579874753952
677,5,0.5289618968963623,0.08894893527030945
677,6,0.5275917649269104,0.03206264227628708
677,6,0.5275917649269104,0.03206264227628708
677,0,0.5361534953117371,0.032456640154123306
677,1,0.5055145025253296,0.2004593163728714
677,2,0.5382437705993652,0.0007838447345420718
677,4,0.5122479200363159,0.03917420655488968
677,3,0.5175500512123108,0.1976579874753952
677,5,0.5289618968963623,0.08894893527030945
677,6,0.5275917649269104,0.03206264227628708
677,6,0.5275917649269104,0.03206264227628708
677,0,0.5361534953117371,0.032456640154123306
677,1,0.5055145025253296,0.2004593163728714
677,2,0.5382437705993652,0.0007838447345420718
677,4,0.5122479200363159,0.03917420655488968
677,3,0.5175500512123108,0.1976579874753952
677,5,0.5289618968963623,0.08894893527030945
677,6,0.5275917649269104,0.03206264227628708
677,6,0.5275917649269104,0.03206264227628708
677,0,0.5361534953117371,0.032456640154123306
677,1,0.5055145025253296,0.2004593163728714
677,2,0.5382437705993652,0.0007838447345420718
677,4,0.5122479200363159,0.03917420655488968
677,3,0.5175500512123108,0.1976579874753952
677,5,0.5289618968963623,0.08894893527030945
677,6,0.5275917649269104,0.03206264227628708
677,6,0.5275917649269104,0.03206264227628708
677,0,0.5361534953117371,0.032456640154123306
677,2,0.5382437705993652,0.0007838447345420718
677,1,0.5055145025253296,0.2004593163728714
677,3,0.5175500512123108,0.1976579874753952
677,4,0.5122479200363159,0.03917420655488968
677,5,0.5289618968963623,0.08894893527030945
677,6,0.5275917649269104,0.03206264227628708
677,6,0.5275917649269104,0.03206264227628708
677,0,0.5361534953117371,0.032456640154123306
677,2,0.5382437705993652,0.0007838447345420718
677,1,0.5055145025253296,0.2004593163728714
677,3,0.5175500512123108,0.1976579874753952
677,4,0.5122479200363159,0.03917420655488968
677,5,0.5289618968963623,0.08894893527030945
677,6,0.5275917649269104,0.03206264227628708
677,6,0.5275917649269104,0.03206264227628708
677,0,0.5361534953117371,0.032456640154123306
677,0,0.5361534953117371,0.032456640154123306
677,0,0.5361534953117371,0.032456640154123306
677,0,0.5361534953117371,0.032456640154123306
677,0,0.5361534953117371,0.032456640154123306
677,0,0.5361534953117371,0.032456640154123306
677,0,0.5361534953117371,0.032456640154123306
677,0,0.5361534953117371,0.032456640154123306
677,0,0.5361534953117371,0.032456640154123306
677,0,0.5361534953117371,0.032456640154123306
677,0,0.5361534953117371,0.032456640154123306
677,0,0.5361534953117371,0.032456640154123306
677,0,0.5361534953117371,0.032456640154123306
677,0,0.5361534953117371,0.032456640154123306
677,0,0.5361534953117371,0.032456640154123306
677,0,0.5361534953117371,0.032456640154123306
677,0,0.5361534953117371,0.032456640154123306
677,0,0.5361534953117371,0.032456640154123306
677,0,0.5361534953117371,0.032456640154123306
677,0,0.5361534953117371,0.032456640154123306
677,0,0.5361534953117371,0.032456640154123306
677,0,0.5361534953117371,0.032456640154123306
677,0,0.5361534953117371,0.032456640154123306
677,0,0.5361534953117371,0.032456640154123306
677,0,0.5361534953117371,0.032456640154123306
677,0,0.5361534953117371,0.032456640154123306
677,0,0.5361534953117371,0.032456640154123306
677,0,0.5361534953117371,0.032456640154123306
677,0,0.5361534953117371,0.032456640154123306
677,0,0.5361534953117371,0.032456640154123306
677,0,0.5361534953117371,0.032456640154123306
677,0,0.5361534953117371,0.032456640154123306
677,0,0.5361534953117371,0.032456640154123306
677,0,0.5361534953117371,0.032456640154123306
677,0,0.5361534953117371,0.032456640154123306
677,0,0.5361534953117371,0.032456640154123306
677,0,0.5361534953117371,0.032456640154123306
677,0,0.5361534953117371,0.032456640154123306
677,0,0.5361534953117371,0.032456640154123306
677,0,0.5361534953117371,0.032456640154123306
677,0,0.5361534953117371,0.032456640154123306
677,0,0.5361534953117371,0.032456640154123306
677,0,0.5361534953117371,0.032456640154123306
677,0,0.5361534953117371,0.032456640154123306
677,0,0.5361534953117371,0.032456640154123306
677,0,0.5361534953117371,0.032456640154123306
677,0,0.5361534953117371,0.032456640154123306
677,0,0.5361534953117371,0.032456640154123306
677,0,0.5361534953117371,0.032456640154123306
677,0,0.5361534953117371,0.032456640154123306
677,0,0.5361534953117371,0.032456640154123306
677,0,0.5361534953117371,0.032456640154123306
677,0,0.5361534953117371,0.032456640154123306
677,0,0.5361534953117371,0.032456640154123306
677,0,0.5361534953117371,0.032456640154123306
677,0,0.5361534953117371,0.032456640154123306
677,0,0.5361534953117371,0.032456640154123306
677,0,0.5361534953117371,0.032456640154123306
677,0,0.5361534953117371,0.032456640154123306
677,0,0.5361534953117371,0.032456640154123306
677,0,0.5361534953117371,0.032456640154123306
677,0,0.5361534953117371,0.032456640154123306
677,0,0.5361534953117371,0.032456640154123306
677,0,0.5361534953117371,0.032456640154123306
51,0,0.5338075160980225,0.032456640154123306
51,2,0.5359025597572327,0.0007838447345420718
51,1,0.5031634569168091,0.2004593163728714
51,3,0.515200138092041,0.1976579874753952
51,4,0.5098944306373596,0.03917420655488968
51,5,0.5266134142875671,0.08894893527030945
51,6,0.5252381563186646,0.03206264227628708
51,6,0.5252381563186646,0.03206264227628708
51,0,0.5338075160980225,0.032456640154123306
51,2,0.5359025597572327,0.0007838447345420718
51,1,0.5031634569168091,0.2004593163728714
51,3,0.515200138092041,0.1976579874753952
51,4,0.5098944306373596,0.03917420655488968
51,5,0.5266134142875671,0.08894893527030945
51,6,0.5252381563186646,0.03206264227628708
51,6,0.5252381563186646,0.03206264227628708
51,0,0.5338075160980225,0.032456640154123306
51,2,0.5359025597572327,0.0007838447345420718
51,1,0.5031634569168091,0.2004593163728714
51,3,0.515200138092041,0.1976579874753952
51,4,0.5098944306373596,0.03917420655488968
51,5,0.5266134142875671,0.08894893527030945
51,6,0.5252381563186646,0.03206264227628708
51,6,0.5252381563186646,0.03206264227628708
51,0,0.5338075160980225,0.032456640154123306
51,2,0.5359025597572327,0.0007838447345420718
51,1,0.5031634569168091,0.2004593163728714
51,3,0.515200138092041,0.1976579874753952
51,4,0.5098944306373596,0.03917420655488968
51,5,0.5266134142875671,0.08894893527030945
51,6,0.5252381563186646,0.03206264227628708
51,6,0.5252381563186646,0.03206264227628708
51,0,0.5338075160980225,0.032456640154123306
51,2,0.5359025597572327,0.0007838447345420718
51,1,0.5031634569168091,0.2004593163728714
51,3,0.515200138092041,0.1976579874753952
51,4,0.5098944306373596,0.03917420655488968
51,5,0.5266134142875671,0.08894893527030945
51,6,0.5252381563186646,0.03206264227628708
51,6,0.5252381563186646,0.03206264227628708
51,0,0.5338075160980225,0.032456640154123306
51,2,0.5359025597572327,0.0007838447345420718
51,1,0.5031634569168091,0.2004593163728714
51,3,0.515200138092041,0.1976579874753952
51,4,0.5098944306373596,0.03917420655488968
51,5,0.5266134142875671,0.08894893527030945
51,6,0.5252381563186646,0.03206264227628708
51,6,0.5252381563186646,0.03206264227628708
51,0,0.5338075160980225,0.032456640154123306
51,2,0.5359025597572327,0.0007838447345420718
51,1,0.5031634569168091,0.2004593163728714
51,3,0.515200138092041,0.1976579874753952
51,4,0.5098944306373596,0.03917420655488968
51,5,0.5266134142875671,0.08894893527030945
51,6,0.5252381563186646,0.03206264227628708
51,6,0.5252381563186646,0.03206264227628708
51,7,0.524942934513092,0.0005712504498660564
51,8,0.5258033275604248,0.8536729216575623
51,9,0.48771634697914124,0.11330409348011017
51,12,0.48689889907836914,0.38463085889816284
51,10,0.5032190084457397,0.37062060832977295
51,11,0.5228228569030762,0.7055796384811401
51,13,0.4649989902973175,0.19943803548812866
51,6,0.5252381563186646,0.03206264227628708
51,14,0.5272339582443237,0.11159210652112961
51,7,0.524942934513092,0.0005712504498660564
51,8,0.5258033275604248,0.8536729216575623
51,9,0.48771634697914124,0.11330409348011017
51,12,0.48689889907836914,0.38463085889816284
51,11,0.5228228569030762,0.7055796384811401
51,10,0.5032190084457397,0.37062060832977295
51,13,0.4649989902973175,0.19943803548812866
51,6,0.5252381563186646,0.03206264227628708
51,14,0.5272339582443237,0.11159210652112961
51,7,0.524942934513092,0.0005712504498660564
51,8,0.5258033275604248,0.8536729216575623
51,9,0.48771634697914124,0.11330409348011017
51,12,0.48689889907836914,0.38463085889816284
51,10,0.5032190084457397,0.37062060832977295
51,11,0.5228228569030762,0.7055796384811401
51,13,0.4649989902973175,0.19943803548812866
51,6,0.5252381563186646,0.03206264227628708
51,14,0.5272339582443237,0.11159210652112961
51,0,0.5338075160980225,0.032456640154123306
51,0,0.5338075160980225,0.032456640154123306
51,0,0.5338075160980225,0.032456640154123306
51,0,0.5338075160980225,0.032456640154123306
51,0,0.5338075160980225,0.032456640154123306
51,0,0.5338075160980225,0.032456640154123306
51,0,0.5338075160980225,0.032456640154123306
51,0,0.5338075160980225,0.032456640154123306
51,0,0.5338075160980225,0.032456640154123306
51,0,0.5338075160980225,0.032456640154123306
51,0,0.5338075160980225,0.032456640154123306
51,0,0.5338075160980225,0.032456640154123306
51,0,0.5338075160980225,0.032456640154123306
51,0,0.5338075160980225,0.032456640154123306
51,0,0.5338075160980225,0.032456640154123306
51,0,0.5338075160980225,0.032456640154123306
51,0,0.5338075160980225,0.032456640154123306
51,0,0.5338075160980225,0.032456640154123306
51,0,0.5338075160980225,0.032456640154123306
51,0,0.5338075160980225,0.032456640154123306
51,0,0.5338075160980225,0.032456640154123306
51,0,0.5338075160980225,0.032456640154123306
51,0,0.5338075160980225,0.032456640154123306
51,0,0.5338075160980225,0.032456640154123306
51,0,0.5338075160980225,0.032456640154123306
51,0,0.5338075160980225,0.032456640154123306
51,0,0.5338075160980225,0.032456640154123306
51,0,0.5338075160980225,0.032456640154123306
51,0,0.5338075160980225,0.032456640154123306
51,0,0.5338075160980225,0.032456640154123306
51,0,0.5338075160980225,0.032456640154123306
51,0,0.5338075160980225,0.032456640154123306
51,0,0.5338075160980225,0.032456640154123306
51,0,0.5338075160980225,0.032456640154123306
51,0,0.5338075160980225,0.032456640154123306
51,0,0.5338075160980225,0.032456640154123306
51,0,0.5338075160980225,0.032456640154123306
51,0,0.5338075160980225,0.032456640154123306
51,0,0.5338075160980225,0.032456640154123306
51,0,0.5338075160980225,0.032456640154123306
51,0,0.5338075160980225,0.032456640154123306
51,0,0.5338075160980225,0.032456640154123306
51,0,0.5338075160980225,0.032456640154123306
51,0,0.5338075160980225,0.032456640154123306
51,0,0.5338075160980225,0.032456640154123306
51,0,0.5338075160980225,0.032456640154123306
51,0,0.5338075160980225,0.032456640154123306
51,0,0.5338075160980225,0.032456640154123306
51,0,0.5338075160980225,0.032456640154123306
51,0,0.5338075160980225,0.032456640154123306
51,0,0.5338075160980225,0.032456640154123306
51,0,0.5338075160980225,0.032456640154123306
51,0,0.5338075160980225,0.032456640154123306
51,0,0.5338075160980225,0.032456640154123306
51,0,0.5338075160980225,0.032456640154123306
51,0,0.5338075160980225,0.032456640154123306
51,0,0.5338075160980225,0.032456640154123306
51,0,0.5338075160980225,0.032456640154123306
51,0,0.5338075160980225,0.032456640154123306
51,0,0.5338075160980225,0.032456640154123306
51,0,0.5338075160980225,0.032456640154123306
51,0,0.5338075160980225,0.032456640154123306
51,0,0.5338075160980225,0.032456640154123306
51,0,0.5338075160980225,0.032456640154123306
51,0,0.5338075160980225,0.032456640154123306
51,0,0.5338075160980225,0.032456640154123306
51,0,0.5338075160980225,0.032456640154123306
51,0,0.5338075160980225,0.032456640154123306
51,0,0.5338075160980225,0.032456640154123306
51,0,0.5338075160980225,0.032456640154123306
51,0,0.5338075160980225,0.032456640154123306
51,0,0.5338075160980225,0.032456640154123306
51,0,0.5338075160980225,0.032456640154123306
51,0,0.5338075160980225,0.032456640154123306
51,0,0.5338075160980225,0.032456640154123306
51,0,0.5338075160980225,0.032456640154123306
51,0,0.5338075160980225,0.032456640154123306
51,0,0.5338075160980225,0.032456640154123306
51,0,0.5338075160980225,0.032456640154123306
51,0,0.5338075160980225,0.032456640154123306
51,0,0.5338075160980225,0.032456640154123306
51,0,0.5338075160980225,0.032456640154123306
51,0,0.5338075160980225,0.032456640154123306
51,0,0.5338075160980225,0.032456640154123306
51,0,0.5338075160980225,0.032456640154123306
51,0,0.5338075160980225,0.032456640154123306
51,0,0.5338075160980225,0.032456640154123306
51,0,0.5338075160980225,0.032456640154123306
51,0,0.5338075160980225,0.032456640154123306
51,0,0.5338075160980225,0.032456640154123306
51,0,0.5338075160980225,0.032456640154123306
51,0,0.5338075160980225,0.032456640154123306
51,0,0.5338075160980225,0.032456640154123306
51,0,0.5338075160980225,0.032456640154123306
51,0,0.5338075160980225,0.032456640154123306
51,0,0.5338075160980225,0.032456640154123306
51,0,0.5338075160980225,0.032456640154123306
51,0,0.5338075160980225,0.032456640154123306
51,0,0.5338075160980225,0.032456640154123306
51,0,0.5338075160980225,0.032456640154123306
51,0,0.5338075160980225,0.032456640154123306
51,0,0.5338075160980225,0.032456640154123306
51,0,0.5338075160980225,0.032456640154123306
51,0,0.5338075160980225,0.032456640154123306
51,0,0.5338075160980225,0.032456640154123306
51,0,0.5338075160980225,0.032456640154123306
51,0,0.5338075160980225,0.032456640154123306
51,0,0.5338075160980225,0.032456640154123306
51,0,0.5338075160980225,0.032456640154123306
51,0,0.5338075160980225,0.032456640154123306
51,0,0.5338075160980225,0.032456640154123306
51,0,0.5338075160980225,0.032456640154123306
51,0,0.5338075160980225,0.032456640154123306
51,0,0.5338075160980225,0.032456640154123306
51,0,0.5338075160980225,0.032456640154123306
51,0,0.5338075160980225,0.032456640154123306
51,0,0.5338075160980225,0.032456640154123306
268,53,0.5080226063728333,0.00036915054079145193
268,54,0.4810273051261902,0.2639874517917633
268,56,0.509759247303009,0.8804444670677185
268,58,0.5053772330284119,0.2678964138031006
268,53,0.5080226063728333,0.00036915054079145193
268,54,0.4810273051261902,0.2639874517917633
268,55,0.4995143413543701,0.14340974390506744
268,53,0.5080226063728333,0.00036915054079145193
268,54,0.4810273051261902,0.2639874517917633
268,56,0.509759247303009,0.8804444670677185
268,57,0.48344454169273376,0.053641874343156815
268,53,0.5080226063728333,0.00036915054079145193
268,54,0.4810273051261902,0.2639874517917633
268,55,0.4995143413543701,0.14340974390506744
268,53,0.5080226063728333,0.00036915054079145193
268,54,0.4810273051261902,0.2639874517917633
268,56,0.509759247303009,0.8804444670677185
268,58,0.5053772330284119,0.2678964138031006
268,53,0.5080226063728333,0.00036915054079145193
268,54,0.4810273051261902,0.2639874517917633
268,55,0.4995143413543701,0.14340974390506744
268,53,0.5080226063728333,0.00036915054079145193
268,54,0.4810273051261902,0.2639874517917633
268,56,0.509759247303009,0.8804444670677185
268,58,0.5053772330284119,0.2678964138031006
268,0,0.533810555934906,0.032456640154123306
268,0,0.533810555934906,0.032456640154123306
268,0,0.533810555934906,0.032456640154123306
268,0,0.533810555934906,0.032456640154123306
268,0,0.533810555934906,0.032456640154123306
268,0,0.533810555934906,0.032456640154123306
268,0,0.533810555934906,0.032456640154123306
268,0,0.533810555934906,0.032456640154123306
268,0,0.533810555934906,0.032456640154123306
268,0,0.533810555934906,0.032456640154123306
268,0,0.533810555934906,0.032456640154123306
268,0,0.533810555934906,0.032456640154123306
268,0,0.533810555934906,0.032456640154123306
268,0,0.533810555934906,0.032456640154123306
268,0,0.533810555934906,0.032456640154123306
268,0,0.533810555934906,0.032456640154123306
268,0,0.533810555934906,0.032456640154123306
268,0,0.533810555934906,0.032456640154123306
268,0,0.533810555934906,0.032456640154123306
268,0,0.533810555934906,0.032456640154123306
268,0,0.533810555934906,0.032456640154123306
268,0,0.533810555934906,0.032456640154123306
268,0,0.533810555934906,0.032456640154123306
268,0,0.533810555934906,0.032456640154123306
268,0,0.533810555934906,0.032456640154123306
268,0,0.533810555934906,0.032456640154123306
268,0,0.533810555934906,0.032456640154123306
268,0,0.533810555934906,0.032456640154123306
268,0,0.533810555934906,0.032456640154123306
268,0,0.533810555934906,0.032456640154123306
268,0,0.533810555934906,0.032456640154123306
268,0,0.533810555934906,0.032456640154123306
268,0,0.533810555934906,0.032456640154123306
268,0,0.533810555934906,0.032456640154123306
268,0,0.533810555934906,0.032456640154123306
268,0,0.533810555934906,0.032456640154123306
268,0,0.533810555934906,0.032456640154123306
268,0,0.533810555934906,0.032456640154123306
268,0,0.533810555934906,0.032456640154123306
268,0,0.533810555934906,0.032456640154123306
268,0,0.533810555934906,0.032456640154123306
268,0,0.533810555934906,0.032456640154123306
268,0,0.533810555934906,0.032456640154123306
268,0,0.533810555934906,0.032456640154123306
268,0,0.533810555934906,0.032456640154123306
268,0,0.533810555934906,0.032456640154123306
268,0,0.533810555934906,0.032456640154123306
268,0,0.533810555934906,0.032456640154123306
268,0,0.533810555934906,0.032456640154123306
268,0,0.533810555934906,0.032456640154123306
268,0,0.533810555934906,0.032456640154123306
268,0,0.533810555934906,0.032456640154123306
268,0,0.533810555934906,0.032456640154123306
268,0,0.533810555934906,0.032456640154123306
268,0,0.533810555934906,0.032456640154123306
268,0,0.533810555934906,0.032456640154123306
268,0,0.533810555934906,0.032456640154123306
268,0,0.533810555934906,0.032456640154123306
268,0,0.533810555934906,0.032456640154123306
268,0,0.533810555934906,0.032456640154123306
268,0,0.533810555934906,0.032456640154123306
268,0,0.533810555934906,0.032456640154123306
268,0,0.533810555934906,0.032456640154123306
268,0,0.533810555934906,0.032456640154123306
268,0,0.533810555934906,0.032456640154123306
268,0,0.533810555934906,0.032456640154123306
268,0,0.533810555934906,0.032456640154123306
268,0,0.533810555934906,0.032456640154123306
268,0,0.533810555934906,0.032456640154123306
268,0,0.533810555934906,0.032456640154123306
268,0,0.533810555934906,0.032456640154123306
268,0,0.533810555934906,0.032456640154123306
268,0,0.533810555934906,0.032456640154123306
268,0,0.533810555934906,0.032456640154123306
268,0,0.533810555934906,0.032456640154123306
268,0,0.533810555934906,0.032456640154123306
268,0,0.533810555934906,0.032456640154123306
268,0,0.533810555934906,0.032456640154123306
268,0,0.533810555934906,0.032456640154123306
268,0,0.533810555934906,0.032456640154123306
268,0,0.533810555934906,0.032456640154123306
268,0,0.533810555934906,0.032456640154123306
268,0,0.533810555934906,0.032456640154123306
268,0,0.533810555934906,0.032456640154123306
268,0,0.533810555934906,0.032456640154123306
268,0,0.533810555934906,0.032456640154123306
268,0,0.533810555934906,0.032456640154123306
268,0,0.533810555934906,0.032456640154123306
268,0,0.533810555934906,0.032456640154123306
268,0,0.533810555934906,0.032456640154123306
268,0,0.533810555934906,0.032456640154123306
268,0,0.533810555934906,0.032456640154123306
268,0,0.533810555934906,0.032456640154123306
268,0,0.533810555934906,0.032456640154123306
268,0,0.533810555934906,0.032456640154123306
268,0,0.533810555934906,0.032456640154123306
268,0,0.533810555934906,0.032456640154123306
268,0,0.533810555934906,0.032456640154123306
268,0,0.533810555934906,0.032456640154123306
268,0,0.533810555934906,0.032456640154123306
268,0,0.533810555934906,0.032456640154123306
268,0,0.533810555934906,0.032456640154123306
268,0,0.533810555934906,0.032456640154123306
268,0,0.533810555934906,0.032456640154123306
268,0,0.533810555934906,0.032456640154123306
268,0,0.533810555934906,0.032456640154123306
268,0,0.533810555934906,0.032456640154123306
268,0,0.533810555934906,0.032456640154123306
268,0,0.533810555934906,0.032456640154123306
268,0,0.533810555934906,0.032456640154123306
268,0,0.533810555934906,0.032456640154123306
268,0,0.533810555934906,0.032456640154123306
268,0,0.533810555934906,0.032456640154123306
268,0,0.533810555934906,0.032456640154123306
268,0,0.533810555934906,0.032456640154123306
268,0,0.533810555934906,0.032456640154123306
268,0,0.533810555934906,0.032456640154123306
268,0,0.533810555934906,0.032456640154123306
268,0,0.533810555934906,0.032456640154123306
268,0,0.533810555934906,0.032456640154123306
268,0,0.533810555934906,0.032456640154123306
268,0,0.533810555934906,0.032456640154123306
268,0,0.533810555934906,0.032456640154123306
268,0,0.533810555934906,0.032456640154123306
268,0,0.533810555934906,0.032456640154123306
268,0,0.533810555934906,0.032456640154123306
268,0,0.533810555934906,0.032456640154123306
268,0,0.533810555934906,0.032456640154123306
268,0,0.533810555934906,0.032456640154123306
268,0,0.533810555934906,0.032456640154123306
268,0,0.533810555934906,0.032456640154123306
268,0,0.533810555934906,0.032456640154123306
268,0,0.533810555934906,0.032456640154123306
268,0,0.533810555934906,0.032456640154123306
268,0,0.533810555934906,0.032456640154123306
268,0,0.533810555934906,0.032456640154123306
268,0,0.533810555934906,0.032456640154123306
268,0,0.533810555934906,0.032456640154123306
268,0,0.533810555934906,0.032456640154123306
268,0,0.533810555934906,0.032456640154123306
268,0,0.533810555934906,0.032456640154123306
268,0,0.533810555934906,0.032456640154123306
268,0,0.533810555934906,0.032456640154123306
268,0,0.533810555934906,0.032456640154123306
268,0,0.533810555934906,0.032456640154123306
268,0,0.533810555934906,0.032456640154123306
268,0,0.533810555934906,0.032456640154123306
268,0,0.533810555934906,0.032456640154123306
268,0,0.533810555934906,0.032456640154123306
268,0,0.533810555934906,0.032456640154123306
268,0,0.533810555934906,0.032456640154123306
268,0,0.533810555934906,0.032456640154123306
268,0,0.533810555934906,0.032456640154123306
268,0,0.533810555934906,0.032456640154123306
268,0,0.533810555934906,0.032456640154123306
268,0,0.533810555934906,0.032456640154123306
268,0,0.533810555934906,0.032456640154123306
268,0,0.533810555934906,0.032456640154123306
268,0,0.533810555934906,0.032456640154123306
268,0,0.533810555934906,0.032456640154123306
268,0,0.533810555934906,0.032456640154123306
268,0,0.533810555934906,0.032456640154123306
268,0,0.533810555934906,0.032456640154123306
268,0,0.533810555934906,0.032456640154123306
268,0,0.533810555934906,0.032456640154123306
268,0,0.533810555934906,0.032456640154123306
268,0,0.533810555934906,0.032456640154123306
268,0,0.533810555934906,0.032456640154123306
268,0,0.533810555934906,0.032456640154123306
268,0,0.533810555934906,0.032456640154123306
268,0,0.533810555934906,0.032456640154123306
268,0,0.533810555934906,0.032456640154123306
268,0,0.533810555934906,0.032456640154123306
268,0,0.533810555934906,0.032456640154123306
268,0,0.533810555934906,0.032456640154123306
1069,7,0.5249667763710022,0.0005712504498660564
1069,9,0.4877402186393738,0.11330409348011017
1069,8,0.5258270502090454,0.8536729216575623
1069,10,0.5032429099082947,0.37062060832977295
1069,11,0.5228466391563416,0.7055796384811401
1069,12,0.4869227111339569,0.38463085889816284
1069,13,0.46502265334129333,0.19943803548812866
1069,6,0.5252621173858643,0.03206264227628708
1069,14,0.5272578001022339,0.11159210652112961
1069,7,0.5249667763710022,0.0005712504498660564
1069,8,0.5258270502090454,0.8536729216575623
1069,9,0.4877402186393738,0.11330409348011017
1069,12,0.4869227111339569,0.38463085889816284
1069,10,0.5032429099082947,0.37062060832977295
1069,11,0.5228466391563416,0.7055796384811401
1069,13,0.46502265334129333,0.19943803548812866
1069,6,0.5252621173858643,0.03206264227628708
1069,14,0.5272578001022339,0.11159210652112961
1069,7,0.5249667763710022,0.0005712504498660564
1069,8,0.5258270502090454,0.8536729216575623
1069,9,0.4877402186393738,0.11330409348011017
1069,12,0.4869227111339569,0.38463085889816284
1069,10,0.5032429099082947,0.37062060832977295
1069,11,0.5228466391563416,0.7055796384811401
1069,13,0.46502265334129333,0.19943803548812866
1069,6,0.5252621173858643,0.03206264227628708
1069,14,0.5272578001022339,0.11159210652112961
1069,7,0.5249667763710022,0.0005712504498660564
1069,9,0.4877402186393738,0.11330409348011017
1069,8,0.5258270502090454,0.8536729216575623
1069,10,0.5032429099082947,0.37062060832977295
1069,11,0.5228466391563416,0.7055796384811401
1069,12,0.4869227111339569,0.38463085889816284
1069,13,0.46502265334129333,0.19943803548812866
1069,6,0.5252621173858643,0.03206264227628708
1069,14,0.5272578001022339,0.11159210652112961
1069,7,0.5249667763710022,0.0005712504498660564
1069,8,0.5258270502090454,0.8536729216575623
1069,9,0.4877402186393738,0.11330409348011017
1069,12,0.4869227111339569,0.38463085889816284
1069,10,0.5032429099082947,0.37062060832977295
1069,11,0.5228466391563416,0.7055796384811401
1069,13,0.46502265334129333,0.19943803548812866
1069,6,0.5252621173858643,0.03206264227628708
1069,14,0.5272578001022339,0.11159210652112961
1069,7,0.5249667763710022,0.0005712504498660564
1069,8,0.5258270502090454,0.8536729216575623
1069,9,0.4877402186393738,0.11330409348011017
1069,12,0.4869227111339569,0.38463085889816284
1069,10,0.5032429099082947,0.37062060832977295
1069,11,0.5228466391563416,0.7055796384811401
1069,13,0.46502265334129333,0.19943803548812866
1069,6,0.5252621173858643,0.03206264227628708
1069,14,0.5272578001022339,0.11159210652112961
1069,7,0.5249667763710022,0.0005712504498660564
1069,9,0.4877402186393738,0.11330409348011017
1069,8,0.5258270502090454,0.8536729216575623
1069,10,0.5032429099082947,0.37062060832977295
1069,11,0.5228466391563416,0.7055796384811401
1069,12,0.4869227111339569,0.38463085889816284
1069,13,0.46502265334129333,0.19943803548812866
1069,6,0.5252621173858643,0.03206264227628708
1069,14,0.5272578001022339,0.11159210652112961
1069,7,0.5249667763710022,0.0005712504498660564
1069,8,0.5258270502090454,0.8536729216575623
1069,9,0.4877402186393738,0.11330409348011017
1069,12,0.4869227111339569,0.38463085889816284
1069,10,0.5032429099082947,0.37062060832977295
1069,11,0.5228466391563416,0.7055796384811401
1069,13,0.46502265334129333,0.19943803548812866
1069,6,0.5252621173858643,0.03206264227628708
1069,14,0.5272578001022339,0.11159210652112961
1069,7,0.5249667763710022,0.0005712504498660564
1069,9,0.4877402186393738,0.11330409348011017
1069,8,0.5258270502090454,0.8536729216575623
1069,10,0.5032429099082947,0.37062060832977295
1069,11,0.5228466391563416,0.7055796384811401
1069,12,0.4869227111339569,0.38463085889816284
1069,13,0.46502265334129333,0.19943803548812866
1069,6,0.5252621173858643,0.03206264227628708
1069,14,0.5272578001022339,0.11159210652112961
1069,7,0.5249667763710022,0.0005712504498660564
1069,9,0.4877402186393738,0.11330409348011017
1069,8,0.5258270502090454,0.8536729216575623
1069,10,0.5032429099082947,0.37062060832977295
1069,11,0.5228466391563416,0.7055796384811401
1069,12,0.4869227111339569,0.38463085889816284
1069,13,0.46502265334129333,0.19943803548812866
1069,6,0.5252621173858643,0.03206264227628708
1069,14,0.5272578001022339,0.11159210652112961
1069,7,0.5249667763710022,0.0005712504498660564
1069,8,0.5258270502090454,0.8536729216575623
1069,9,0.4877402186393738,0.11330409348011017
1069,12,0.4869227111339569,0.38463085889816284
1069,10,0.5032429099082947,0.37062060832977295
1069,11,0.5228466391563416,0.7055796384811401
1069,13,0.46502265334129333,0.19943803548812866
1069,6,0.5252621173858643,0.03206264227628708
1069,14,0.5272578001022339,0.11159210652112961
1069,7,0.5249667763710022,0.0005712504498660564
1069,9,0.4877402186393738,0.11330409348011017
1069,8,0.5258270502090454,0.8536729216575623
1069,10,0.5032429099082947,0.37062060832977295
1069,11,0.5228466391563416,0.7055796384811401
1069,12,0.4869227111339569,0.38463085889816284
1069,13,0.46502265334129333,0.19943803548812866
1069,6,0.5252621173858643,0.03206264227628708
1069,14,0.5272578001022339,0.11159210652112961
1069,7,0.5249667763710022,0.0005712504498660564
1069,9,0.4877402186393738,0.11330409348011017
1069,8,0.5258270502090454,0.8536729216575623
1069,10,0.5032429099082947,0.37062060832977295
1069,11,0.5228466391563416,0.7055796384811401
1069,12,0.4869227111339569,0.38463085889816284
1069,13,0.46502265334129333,0.19943803548812866
1069,6,0.5252621173858643,0.03206264227628708
1069,14,0.5272578001022339,0.11159210652112961
1069,7,0.5249667763710022,0.0005712504498660564
1069,8,0.5258270502090454,0.8536729216575623
1069,9,0.4877402186393738,0.11330409348011017
1069,12,0.4869227111339569,0.38463085889816284
1069,10,0.5032429099082947,0.37062060832977295
1069,11,0.5228466391563416,0.7055796384811401
1069,13,0.46502265334129333,0.19943803548812866
1069,6,0.5252621173858643,0.03206264227628708
1069,14,0.5272578001022339,0.11159210652112961
1069,7,0.5249667763710022,0.0005712504498660564
1069,8,0.5258270502090454,0.8536729216575623
1069,9,0.4877402186393738,0.11330409348011017
1069,12,0.4869227111339569,0.38463085889816284
1069,10,0.5032429099082947,0.37062060832977295
1069,11,0.5228466391563416,0.7055796384811401
1069,13,0.46502265334129333,0.19943803548812866
1069,6,0.5252621173858643,0.03206264227628708
1069,0,0.5338313579559326,0.032456640154123306
1069,0,0.5338313579559326,0.032456640154123306
1069,0,0.5338313579559326,0.032456640154123306
1069,0,0.5338313579559326,0.032456640154123306
1069,0,0.5338313579559326,0.032456640154123306
1069,0,0.5338313579559326,0.032456640154123306
1069,0,0.5338313579559326,0.032456640154123306
1069,0,0.5338313579559326,0.032456640154123306
1069,0,0.5338313579559326,0.032456640154123306
1069,0,0.5338313579559326,0.032456640154123306
1069,0,0.5338313579559326,0.032456640154123306
1069,0,0.5338313579559326,0.032456640154123306
1069,0,0.5338313579559326,0.032456640154123306
1069,0,0.5338313579559326,0.032456640154123306
1069,0,0.5338313579559326,0.032456640154123306
1069,0,0.5338313579559326,0.032456640154123306
1069,0,0.5338313579559326,0.032456640154123306
1069,0,0.5338313579559326,0.032456640154123306
1069,0,0.5338313579559326,0.032456640154123306
1069,0,0.5338313579559326,0.032456640154123306
1069,0,0.5338313579559326,0.032456640154123306
1069,0,0.5338313579559326,0.032456640154123306
1069,0,0.5338313579559326,0.032456640154123306
1069,0,0.5338313579559326,0.032456640154123306
1069,0,0.5338313579559326,0.032456640154123306
1069,0,0.5338313579559326,0.032456640154123306
1069,0,0.5338313579559326,0.032456640154123306
1069,0,0.5338313579559326,0.032456640154123306
1069,0,0.5338313579559326,0.032456640154123306
1069,0,0.5338313579559326,0.032456640154123306
1069,0,0.5338313579559326,0.032456640154123306
1069,0,0.5338313579559326,0.032456640154123306
1069,0,0.5338313579559326,0.032456640154123306
1069,0,0.5338313579559326,0.032456640154123306
1069,0,0.5338313579559326,0.032456640154123306
1069,0,0.5338313579559326,0.032456640154123306
1069,0,0.5338313579559326,0.032456640154123306
1069,0,0.5338313579559326,0.032456640154123306
1069,0,0.5338313579559326,0.032456640154123306
1069,0,0.5338313579559326,0.032456640154123306
1069,0,0.5338313579559326,0.032456640154123306
1069,0,0.5338313579559326,0.032456640154123306
1069,0,0.5338313579559326,0.032456640154123306
1069,0,0.5338313579559326,0.032456640154123306
1069,0,0.5338313579559326,0.032456640154123306
1069,0,0.5338313579559326,0.032456640154123306
1069,0,0.5338313579559326,0.032456640154123306
1069,0,0.5338313579559326,0.032456640154123306
1069,0,0.5338313579559326,0.032456640154123306
1069,0,0.5338313579559326,0.032456640154123306
1069,0,0.5338313579559326,0.032456640154123306
1069,0,0.5338313579559326,0.032456640154123306
1069,0,0.5338313579559326,0.032456640154123306
1069,0,0.5338313579559326,0.032456640154123306
1069,0,0.5338313579559326,0.032456640154123306
1069,0,0.5338313579559326,0.032456640154123306
1069,0,0.5338313579559326,0.032456640154123306
1069,0,0.5338313579559326,0.032456640154123306
1069,0,0.5338313579559326,0.032456640154123306
1069,0,0.5338313579559326,0.032456640154123306
1069,0,0.5338313579559326,0.032456640154123306
1069,0,0.5338313579559326,0.032456640154123306
1069,0,0.5338313579559326,0.032456640154123306
1069,0,0.5338313579559326,0.032456640154123306
1069,0,0.5338313579559326,0.032456640154123306
1069,0,0.5338313579559326,0.032456640154123306
434,279,0.48873645067214966,0.8794111013412476
434,279,0.48873645067214966,0.8794111013412476
434,280,0.4978856146335602,0.04054993763566017
434,279,0.48873645067214966,0.8794111013412476
434,280,0.4978856146335602,0.04054993763566017
434,0,0.5360492467880249,0.032456640154123306
434,0,0.5360492467880249,0.032456640154123306
434,0,0.5360492467880249,0.032456640154123306
434,0,0.5360492467880249,0.032456640154123306
434,0,0.5360492467880249,0.032456640154123306
434,0,0.5360492467880249,0.032456640154123306
434,0,0.5360492467880249,0.032456640154123306
434,0,0.5360492467880249,0.032456640154123306
434,0,0.5360492467880249,0.032456640154123306
434,0,0.5360492467880249,0.032456640154123306
434,0,0.5360492467880249,0.032456640154123306
434,0,0.5360492467880249,0.032456640154123306
434,0,0.5360492467880249,0.032456640154123306
434,0,0.5360492467880249,0.032456640154123306
434,0,0.5360492467880249,0.032456640154123306
434,0,0.5360492467880249,0.032456640154123306
434,0,0.5360492467880249,0.032456640154123306
434,0,0.5360492467880249,0.032456640154123306
434,0,0.5360492467880249,0.032456640154123306
434,0,0.5360492467880249,0.032456640154123306
434,0,0.5360492467880249,0.032456640154123306
434,0,0.5360492467880249,0.032456640154123306
434,0,0.5360492467880249,0.032456640154123306
434,0,0.5360492467880249,0.032456640154123306
434,0,0.5360492467880249,0.032456640154123306
434,0,0.5360492467880249,0.032456640154123306
434,0,0.5360492467880249,0.032456640154123306
434,0,0.5360492467880249,0.032456640154123306
434,0,0.5360492467880249,0.032456640154123306
434,0,0.5360492467880249,0.032456640154123306
434,0,0.5360492467880249,0.032456640154123306
434,0,0.5360492467880249,0.032456640154123306
434,0,0.5360492467880249,0.032456640154123306
434,0,0.5360492467880249,0.032456640154123306
434,0,0.5360492467880249,0.032456640154123306
434,0,0.5360492467880249,0.032456640154123306
434,0,0.5360492467880249,0.032456640154123306
434,0,0.5360492467880249,0.032456640154123306
434,0,0.5360492467880249,0.032456640154123306
434,0,0.5360492467880249,0.032456640154123306
434,0,0.5360492467880249,0.032456640154123306
434,0,0.5360492467880249,0.032456640154123306
434,0,0.5360492467880249,0.032456640154123306
434,0,0.5360492467880249,0.032456640154123306
434,0,0.5360492467880249,0.032456640154123306
434,0,0.5360492467880249,0.032456640154123306
434,0,0.5360492467880249,0.032456640154123306
434,0,0.5360492467880249,0.032456640154123306
434,0,0.5360492467880249,0.032456640154123306
434,0,0.5360492467880249,0.032456640154123306
434,0,0.5360492467880249,0.032456640154123306
434,0,0.5360492467880249,0.032456640154123306
434,0,0.5360492467880249,0.032456640154123306
434,0,0.5360492467880249,0.032456640154123306
434,0,0.5360492467880249,0.032456640154123306
434,0,0.5360492467880249,0.032456640154123306
434,0,0.5360492467880249,0.032456640154123306
434,0,0.5360492467880249,0.032456640154123306
434,0,0.5360492467880249,0.032456640154123306
434,0,0.5360492467880249,0.032456640154123306
434,0,0.5360492467880249,0.032456640154123306
434,0,0.5360492467880249,0.032456640154123306
434,0,0.5360492467880249,0.032456640154123306
434,0,0.5360492467880249,0.032456640154123306
434,0,0.5360492467880249,0.032456640154123306
434,0,0.5360492467880249,0.032456640154123306
434,0,0.5360492467880249,0.032456640154123306
434,0,0.5360492467880249,0.032456640154123306
434,0,0.5360492467880249,0.032456640154123306
434,0,0.5360492467880249,0.032456640154123306
434,0,0.5360492467880249,0.032456640154123306
434,0,0.5360492467880249,0.032456640154123306
434,0,0.5360492467880249,0.032456640154123306
434,0,0.5360492467880249,0.032456640154123306
434,0,0.5360492467880249,0.032456640154123306
434,0,0.5360492467880249,0.032456640154123306
434,0,0.5360492467880249,0.032456640154123306
434,0,0.5360492467880249,0.032456640154123306
434,0,0.5360492467880249,0.032456640154123306
434,0,0.5360492467880249,0.032456640154123306
434,0,0.5360492467880249,0.032456640154123306
434,0,0.5360492467880249,0.032456640154123306
434,0,0.5360492467880249,0.032456640154123306
434,0,0.5360492467880249,0.032456640154123306
434,0,0.5360492467880249,0.032456640154123306
434,0,0.5360492467880249,0.032456640154123306
434,0,0.5360492467880249,0.032456640154123306
434,0,0.5360492467880249,0.032456640154123306
434,0,0.5360492467880249,0.032456640154123306
434,0,0.5360492467880249,0.032456640154123306
434,0,0.5360492467880249,0.032456640154123306
434,0,0.5360492467880249,0.032456640154123306
434,0,0.5360492467880249,0.032456640154123306
434,0,0.5360492467880249,0.032456640154123306
434,0,0.5360492467880249,0.032456640154123306
434,0,0.5360492467880249,0.032456640154123306
434,0,0.5360492467880249,0.032456640154123306
434,0,0.5360492467880249,0.032456640154123306
434,0,0.5360492467880249,0.032456640154123306
434,0,0.5360492467880249,0.032456640154123306
434,0,0.5360492467880249,0.032456640154123306
434,0,0.5360492467880249,0.032456640154123306
434,0,0.5360492467880249,0.032456640154123306
434,0,0.5360492467880249,0.032456640154123306
434,0,0.5360492467880249,0.032456640154123306
434,0,0.5360492467880249,0.032456640154123306
434,0,0.5360492467880249,0.032456640154123306
434,0,0.5360492467880249,0.032456640154123306
434,0,0.5360492467880249,0.032456640154123306
434,0,0.5360492467880249,0.032456640154123306
434,0,0.5360492467880249,0.032456640154123306
434,0,0.5360492467880249,0.032456640154123306
434,0,0.5360492467880249,0.032456640154123306
434,0,0.5360492467880249,0.032456640154123306
434,0,0.5360492467880249,0.032456640154123306
434,0,0.5360492467880249,0.032456640154123306
434,0,0.5360492467880249,0.032456640154123306
434,0,0.5360492467880249,0.032456640154123306
434,0,0.5360492467880249,0.032456640154123306
434,0,0.5360492467880249,0.032456640154123306
434,0,0.5360492467880249,0.032456640154123306
434,0,0.5360492467880249,0.032456640154123306
434,0,0.5360492467880249,0.032456640154123306
434,0,0.5360492467880249,0.032456640154123306
434,0,0.5360492467880249,0.032456640154123306
434,0,0.5360492467880249,0.032456640154123306
434,0,0.5360492467880249,0.032456640154123306
434,0,0.5360492467880249,0.032456640154123306
434,0,0.5360492467880249,0.032456640154123306
434,0,0.5360492467880249,0.032456640154123306
434,0,0.5360492467880249,0.032456640154123306
434,0,0.5360492467880249,0.032456640154123306
434,0,0.5360492467880249,0.032456640154123306
434,0,0.5360492467880249,0.032456640154123306
434,0,0.5360492467880249,0.032456640154123306
434,0,0.5360492467880249,0.032456640154123306
434,0,0.5360492467880249,0.032456640154123306
434,0,0.5360492467880249,0.032456640154123306
434,0,0.5360492467880249,0.032456640154123306
434,0,0.5360492467880249,0.032456640154123306
434,0,0.5360492467880249,0.032456640154123306
434,0,0.5360492467880249,0.032456640154123306
434,0,0.5360492467880249,0.032456640154123306
434,0,0.5360492467880249,0.032456640154123306
434,0,0.5360492467880249,0.032456640154123306
434,0,0.5360492467880249,0.032456640154123306
434,0,0.5360492467880249,0.032456640154123306
434,0,0.5360492467880249,0.032456640154123306
434,0,0.5360492467880249,0.032456640154123306
434,0,0.5360492467880249,0.032456640154123306
434,0,0.5360492467880249,0.032456640154123306
434,0,0.5360492467880249,0.032456640154123306
434,0,0.5360492467880249,0.032456640154123306
434,0,0.5360492467880249,0.032456640154123306
434,0,0.5360492467880249,0.032456640154123306
434,0,0.5360492467880249,0.032456640154123306
434,0,0.5360492467880249,0.032456640154123306
434,0,0.5360492467880249,0.032456640154123306
434,0,0.5360492467880249,0.032456640154123306
434,0,0.5360492467880249,0.032456640154123306
434,0,0.5360492467880249,0.032456640154123306
434,0,0.5360492467880249,0.032456640154123306
434,0,0.5360492467880249,0.032456640154123306
434,0,0.5360492467880249,0.032456640154123306
434,0,0.5360492467880249,0.032456640154123306
434,0,0.5360492467880249,0.032456640154123306
434,0,0.5360492467880249,0.032456640154123306
434,0,0.5360492467880249,0.032456640154123306
434,0,0.5360492467880249,0.032456640154123306
434,0,0.5360492467880249,0.032456640154123306
434,0,0.5360492467880249,0.032456640154123306
434,0,0.5360492467880249,0.032456640154123306
434,0,0.5360492467880249,0.032456640154123306
434,0,0.5360492467880249,0.032456640154123306
434,0,0.5360492467880249,0.032456640154123306
434,0,0.5360492467880249,0.032456640154123306
434,0,0.5360492467880249,0.032456640154123306
434,0,0.5360492467880249,0.032456640154123306
434,0,0.5360492467880249,0.032456640154123306
434,0,0.5360492467880249,0.032456640154123306
434,0,0.5360492467880249,0.032456640154123306
434,0,0.5360492467880249,0.032456640154123306
434,0,0.5360492467880249,0.032456640154123306
434,0,0.5360492467880249,0.032456640154123306
434,0,0.5360492467880249,0.032456640154123306
434,0,0.5360492467880249,0.032456640154123306
434,0,0.5360492467880249,0.032456640154123306
434,0,0.5360492467880249,0.032456640154123306
434,0,0.5360492467880249,0.032456640154123306
434,0,0.5360492467880249,0.032456640154123306
434,0,0.5360492467880249,0.032456640154123306
434,0,0.5360492467880249,0.032456640154123306
434,0,0.5360492467880249,0.032456640154123306
434,0,0.5360492467880249,0.032456640154123306
434,0,0.5360492467880249,0.032456640154123306
454,104,0.4692000448703766,0.3804806172847748
454,105,0.5141224265098572,1.0
454,107,0.4868316650390625,1.0
454,106,0.5223656892776489,0.471866250038147
454,108,0.47038400173187256,1.0
454,109,0.4985613524913788,0.9790460467338562
454,110,0.4941018223762512,0.6680761575698853
454,111,0.5095228552818298,0.7558580636978149
454,112,0.488973468542099,0.7070947289466858
454,104,0.4692000448703766,0.3804806172847748
454,105,0.5141224265098572,1.0
454,107,0.4868316650390625,1.0
454,106,0.5223656892776489,0.471866250038147
454,108,0.47038400173187256,1.0
454,109,0.4985613524913788,0.9790460467338562
454,110,0.4941018223762512,0.6680761575698853
454,113,0.4990940988063812,0.9834747910499573
454,112,0.488973468542099,0.7070947289466858
454,114,0.5071849226951599,0.5245343446731567
454,104,0.4692000448703766,0.3804806172847748
454,105,0.5141224265098572,1.0
454,107,0.4868316650390625,1.0
454,106,0.5223656892776489,0.471866250038147
454,109,0.4985613524913788,0.9790460467338562
454,108,0.47038400173187256,1.0
454,110,0.4941018223762512,0.6680761575698853
454,113,0.4990940988063812,0.9834747910499573
454,112,0.488973468542099,0.7070947289466858
454,114,0.5071849226951599,0.5245343446731567
454,104,0.4692000448703766,0.3804806172847748
454,105,0.5141224265098572,1.0
454,107,0.4868316650390625,1.0
454,106,0.5223656892776489,0.471866250038147
454,108,0.47038400173187256,1.0
454,109,0.4985613524913788,0.9790460467338562
454,110,0.4941018223762512,0.6680761575698853
454,111,0.5095228552818298,0.7558580636978149
454,112,0.488973468542099,0.7070947289466858
454,104,0.4692000448703766,0.3804806172847748
454,105,0.5141224265098572,1.0
454,107,0.4868316650390625,1.0
454,106,0.5223656892776489,0.471866250038147
454,108,0.47038400173187256,1.0
454,109,0.4985613524913788,0.9790460467338562
454,110,0.4941018223762512,0.6680761575698853
454,111,0.5095228552818298,0.7558580636978149
454,112,0.488973468542099,0.7070947289466858
454,114,0.5071849226951599,0.5245343446731567
454,104,0.4692000448703766,0.3804806172847748
454,105,0.5141224265098572,1.0
454,107,0.4868316650390625,1.0
454,106,0.5223656892776489,0.471866250038147
454,108,0.47038400173187256,1.0
454,109,0.4985613524913788,0.9790460467338562
454,110,0.4941018223762512,0.6680761575698853
454,113,0.4990940988063812,0.9834747910499573
454,112,0.488973468542099,0.7070947289466858
454,104,0.4692000448703766,0.3804806172847748
454,105,0.5141224265098572,1.0
454,107,0.4868316650390625,1.0
454,106,0.5223656892776489,0.471866250038147
454,109,0.4985613524913788,0.9790460467338562
454,108,0.47038400173187256,1.0
454,110,0.4941018223762512,0.6680761575698853
454,113,0.4990940988063812,0.9834747910499573
454,112,0.488973468542099,0.7070947289466858
454,104,0.4692000448703766,0.3804806172847748
454,105,0.5141224265098572,1.0
454,107,0.4868316650390625,1.0
454,106,0.5223656892776489,0.471866250038147
454,108,0.47038400173187256,1.0
454,109,0.4985613524913788,0.9790460467338562
454,110,0.4941018223762512,0.6680761575698853
454,113,0.4990940988063812,0.9834747910499573
454,112,0.488973468542099,0.7070947289466858
454,104,0.4692000448703766,0.3804806172847748
454,105,0.5141224265098572,1.0
454,107,0.4868316650390625,1.0
454,106,0.5223656892776489,0.471866250038147
454,109,0.4985613524913788,0.9790460467338562
454,108,0.47038400173187256,1.0
454,0,0.5338099002838135,0.032456640154123306
454,0,0.5338099002838135,0.032456640154123306
454,0,0.5338099002838135,0.032456640154123306
454,0,0.5338099002838135,0.032456640154123306
454,0,0.5338099002838135,0.032456640154123306
454,0,0.5338099002838135,0.032456640154123306
454,0,0.5338099002838135,0.032456640154123306
454,0,0.5338099002838135,0.032456640154123306
454,0,0.5338099002838135,0.032456640154123306
454,0,0.5338099002838135,0.032456640154123306
454,0,0.5338099002838135,0.032456640154123306
454,0,0.5338099002838135,0.032456640154123306
454,0,0.5338099002838135,0.032456640154123306
454,0,0.5338099002838135,0.032456640154123306
454,0,0.5338099002838135,0.032456640154123306
454,0,0.5338099002838135,0.032456640154123306
454,0,0.5338099002838135,0.032456640154123306
454,0,0.5338099002838135,0.032456640154123306
454,0,0.5338099002838135,0.032456640154123306
454,0,0.5338099002838135,0.032456640154123306
454,0,0.5338099002838135,0.032456640154123306
454,0,0.5338099002838135,0.032456640154123306
454,0,0.5338099002838135,0.032456640154123306
454,0,0.5338099002838135,0.032456640154123306
454,0,0.5338099002838135,0.032456640154123306
454,0,0.5338099002838135,0.032456640154123306
454,0,0.5338099002838135,0.032456640154123306
454,0,0.5338099002838135,0.032456640154123306
454,0,0.5338099002838135,0.032456640154123306
454,0,0.5338099002838135,0.032456640154123306
454,0,0.5338099002838135,0.032456640154123306
454,0,0.5338099002838135,0.032456640154123306
454,0,0.5338099002838135,0.032456640154123306
454,0,0.5338099002838135,0.032456640154123306
454,0,0.5338099002838135,0.032456640154123306
454,0,0.5338099002838135,0.032456640154123306
454,0,0.5338099002838135,0.032456640154123306
454,0,0.5338099002838135,0.032456640154123306
454,0,0.5338099002838135,0.032456640154123306
454,0,0.5338099002838135,0.032456640154123306
454,0,0.5338099002838135,0.032456640154123306
454,0,0.5338099002838135,0.032456640154123306
454,0,0.5338099002838135,0.032456640154123306
454,0,0.5338099002838135,0.032456640154123306
454,0,0.5338099002838135,0.032456640154123306
454,0,0.5338099002838135,0.032456640154123306
454,0,0.5338099002838135,0.032456640154123306
454,0,0.5338099002838135,0.032456640154123306
454,0,0.5338099002838135,0.032456640154123306
454,0,0.5338099002838135,0.032456640154123306
454,0,0.5338099002838135,0.032456640154123306
454,0,0.5338099002838135,0.032456640154123306
454,0,0.5338099002838135,0.032456640154123306
454,0,0.5338099002838135,0.032456640154123306
454,0,0.5338099002838135,0.032456640154123306
454,0,0.5338099002838135,0.032456640154123306
454,0,0.5338099002838135,0.032456640154123306
454,0,0.5338099002838135,0.032456640154123306
454,0,0.5338099002838135,0.032456640154123306
454,0,0.5338099002838135,0.032456640154123306
454,0,0.5338099002838135,0.032456640154123306
454,0,0.5338099002838135,0.032456640154123306
454,0,0.5338099002838135,0.032456640154123306
454,0,0.5338099002838135,0.032456640154123306
454,0,0.5338099002838135,0.032456640154123306
454,0,0.5338099002838135,0.032456640154123306
454,0,0.5338099002838135,0.032456640154123306
454,0,0.5338099002838135,0.032456640154123306
454,0,0.5338099002838135,0.032456640154123306
454,0,0.5338099002838135,0.032456640154123306
454,0,0.5338099002838135,0.032456640154123306
454,0,0.5338099002838135,0.032456640154123306
454,0,0.5338099002838135,0.032456640154123306
454,0,0.5338099002838135,0.032456640154123306
454,0,0.5338099002838135,0.032456640154123306
454,0,0.5338099002838135,0.032456640154123306
454,0,0.5338099002838135,0.032456640154123306
454,0,0.5338099002838135,0.032456640154123306
454,0,0.5338099002838135,0.032456640154123306
454,0,0.5338099002838135,0.032456640154123306
454,0,0.5338099002838135,0.032456640154123306
454,0,0.5338099002838135,0.032456640154123306
454,0,0.5338099002838135,0.032456640154123306
454,0,0.5338099002838135,0.032456640154123306
454,0,0.5338099002838135,0.032456640154123306
454,0,0.5338099002838135,0.032456640154123306
454,0,0.5338099002838135,0.032456640154123306
454,0,0.5338099002838135,0.032456640154123306
454,0,0.5338099002838135,0.032456640154123306
454,0,0.5338099002838135,0.032456640154123306
454,0,0.5338099002838135,0.032456640154123306
454,0,0.5338099002838135,0.032456640154123306
454,0,0.5338099002838135,0.032456640154123306
454,0,0.5338099002838135,0.032456640154123306
454,0,0.5338099002838135,0.032456640154123306
454,0,0.5338099002838135,0.032456640154123306
454,0,0.5338099002838135,0.032456640154123306
454,0,0.5338099002838135,0.032456640154123306
454,0,0.5338099002838135,0.032456640154123306
454,0,0.5338099002838135,0.032456640154123306
454,0,0.5338099002838135,0.032456640154123306
454,0,0.5338099002838135,0.032456640154123306
454,0,0.5338099002838135,0.032456640154123306
454,0,0.5338099002838135,0.032456640154123306
454,0,0.5338099002838135,0.032456640154123306
454,0,0.5338099002838135,0.032456640154123306
454,0,0.5338099002838135,0.032456640154123306
454,0,0.5338099002838135,0.032456640154123306
454,0,0.5338099002838135,0.032456640154123306
454,0,0.5338099002838135,0.032456640154123306
454,0,0.5338099002838135,0.032456640154123306
454,0,0.5338099002838135,0.032456640154123306
454,0,0.5338099002838135,0.032456640154123306
454,0,0.5338099002838135,0.032456640154123306
454,0,0.5338099002838135,0.032456640154123306
454,0,0.5338099002838135,0.032456640154123306
454,0,0.5338099002838135,0.032456640154123306
454,0,0.5338099002838135,0.032456640154123306
454,0,0.5338099002838135,0.032456640154123306
115,0,0.5338086485862732,0.032456640154123306
115,1,0.5031645894050598,0.2004593163728714
115,2,0.5359037518501282,0.0007838447345420718
115,4,0.5098956227302551,0.03917420655488968
115,3,0.5152013897895813,0.1976579874753952
115,5,0.5266146063804626,0.08894893527030945
115,6,0.5252393484115601,0.03206264227628708
115,6,0.5252393484115601,0.03206264227628708
115,0,0.5338086485862732,0.032456640154123306
115,2,0.5359037518501282,0.0007838447345420718
115,1,0.5031645894050598,0.2004593163728714
115,3,0.5152013897895813,0.1976579874753952
115,4,0.5098956227302551,0.03917420655488968
115,5,0.5266146063804626,0.08894893527030945
115,6,0.5252393484115601,0.03206264227628708
115,6,0.5252393484115601,0.03206264227628708
115,0,0.5338086485862732,0.032456640154123306
115,2,0.5359037518501282,0.0007838447345420718
115,1,0.5031645894050598,0.2004593163728714
115,4,0.5098956227302551,0.03917420655488968
115,3,0.5152013897895813,0.1976579874753952
115,0,0.5338086485862732,0.032456640154123306
115,0,0.5338086485862732,0.032456640154123306
115,0,0.5338086485862732,0.032456640154123306
115,0,0.5338086485862732,0.032456640154123306
115,0,0.5338086485862732,0.032456640154123306
115,0,0.5338086485862732,0.032456640154123306
115,0,0.5338086485862732,0.032456640154123306
115,0,0.5338086485862732,0.032456640154123306
115,0,0.5338086485862732,0.032456640154123306
115,0,0.5338086485862732,0.032456640154123306
115,0,0.5338086485862732,0.032456640154123306
115,0,0.5338086485862732,0.032456640154123306
115,0,0.5338086485862732,0.032456640154123306
115,0,0.5338086485862732,0.032456640154123306
115,0,0.5338086485862732,0.032456640154123306
115,0,0.5338086485862732,0.032456640154123306
115,0,0.5338086485862732,0.032456640154123306
115,0,0.5338086485862732,0.032456640154123306
115,0,0.5338086485862732,0.032456640154123306
115,0,0.5338086485862732,0.032456640154123306
115,0,0.5338086485862732,0.032456640154123306
115,0,0.5338086485862732,0.032456640154123306
115,0,0.5338086485862732,0.032456640154123306
115,0,0.5338086485862732,0.032456640154123306
115,0,0.5338086485862732,0.032456640154123306
115,0,0.5338086485862732,0.032456640154123306
115,0,0.5338086485862732,0.032456640154123306
115,0,0.5338086485862732,0.032456640154123306
115,0,0.5338086485862732,0.032456640154123306
115,0,0.5338086485862732,0.032456640154123306
115,0,0.5338086485862732,0.032456640154123306
115,0,0.5338086485862732,0.032456640154123306
115,0,0.5338086485862732,0.032456640154123306
115,0,0.5338086485862732,0.032456640154123306
115,0,0.5338086485862732,0.032456640154123306
115,0,0.5338086485862732,0.032456640154123306
115,0,0.5338086485862732,0.032456640154123306
115,0,0.5338086485862732,0.032456640154123306
115,0,0.5338086485862732,0.032456640154123306
115,0,0.5338086485862732,0.032456640154123306
115,0,0.5338086485862732,0.032456640154123306
115,0,0.5338086485862732,0.032456640154123306
115,0,0.5338086485862732,0.032456640154123306
115,0,0.5338086485862732,0.032456640154123306
115,0,0.5338086485862732,0.032456640154123306
115,0,0.5338086485862732,0.032456640154123306
115,0,0.5338086485862732,0.032456640154123306
115,0,0.5338086485862732,0.032456640154123306
115,0,0.5338086485862732,0.032456640154123306
115,0,0.5338086485862732,0.032456640154123306
115,0,0.5338086485862732,0.032456640154123306
115,0,0.5338086485862732,0.032456640154123306
115,0,0.5338086485862732,0.032456640154123306
115,0,0.5338086485862732,0.032456640154123306
115,0,0.5338086485862732,0.032456640154123306
115,0,0.5338086485862732,0.032456640154123306
115,0,0.5338086485862732,0.032456640154123306
115,0,0.5338086485862732,0.032456640154123306
115,0,0.5338086485862732,0.032456640154123306
115,0,0.5338086485862732,0.032456640154123306
115,0,0.5338086485862732,0.032456640154123306
115,0,0.5338086485862732,0.032456640154123306
115,0,0.5338086485862732,0.032456640154123306
115,0,0.5338086485862732,0.032456640154123306
115,0,0.5338086485862732,0.032456640154123306
115,0,0.5338086485862732,0.032456640154123306
115,0,0.5338086485862732,0.032456640154123306
115,0,0.5338086485862732,0.032456640154123306
115,0,0.5338086485862732,0.032456640154123306
115,0,0.5338086485862732,0.032456640154123306
115,0,0.5338086485862732,0.032456640154123306
115,0,0.5338086485862732,0.032456640154123306
115,0,0.5338086485862732,0.032456640154123306
115,0,0.5338086485862732,0.032456640154123306
115,0,0.5338086485862732,0.032456640154123306
115,0,0.5338086485862732,0.032456640154123306
115,0,0.5338086485862732,0.032456640154123306
115,0,0.5338086485862732,0.032456640154123306
115,0,0.5338086485862732,0.032456640154123306
115,0,0.5338086485862732,0.032456640154123306
115,0,0.5338086485862732,0.032456640154123306
115,0,0.5338086485862732,0.032456640154123306
115,0,0.5338086485862732,0.032456640154123306
115,0,0.5338086485862732,0.032456640154123306
115,0,0.5338086485862732,0.032456640154123306
115,0,0.5338086485862732,0.032456640154123306
115,0,0.5338086485862732,0.032456640154123306
115,0,0.5338086485862732,0.032456640154123306
115,0,0.5338086485862732,0.032456640154123306
115,0,0.5338086485862732,0.032456640154123306
115,0,0.5338086485862732,0.032456640154123306
115,0,0.5338086485862732,0.032456640154123306
115,0,0.5338086485862732,0.032456640154123306
115,0,0.5338086485862732,0.032456640154123306
115,0,0.5338086485862732,0.032456640154123306
115,0,0.5338086485862732,0.032456640154123306
115,0,0.5338086485862732,0.032456640154123306
115,0,0.5338086485862732,0.032456640154123306
115,0,0.5338086485862732,0.032456640154123306
115,0,0.5338086485862732,0.032456640154123306
115,0,0.5338086485862732,0.032456640154123306
115,0,0.5338086485862732,0.032456640154123306
115,0,0.5338086485862732,0.032456640154123306
115,0,0.5338086485862732,0.032456640154123306
115,0,0.5338086485862732,0.032456640154123306
115,0,0.5338086485862732,0.032456640154123306
115,0,0.5338086485862732,0.032456640154123306
115,0,0.5338086485862732,0.032456640154123306
115,0,0.5338086485862732,0.032456640154123306
115,0,0.5338086485862732,0.032456640154123306
115,0,0.5338086485862732,0.032456640154123306
115,0,0.5338086485862732,0.032456640154123306
115,0,0.5338086485862732,0.032456640154123306
115,0,0.5338086485862732,0.032456640154123306
115,0,0.5338086485862732,0.032456640154123306
115,0,0.5338086485862732,0.032456640154123306
115,0,0.5338086485862732,0.032456640154123306
115,0,0.5338086485862732,0.032456640154123306
115,0,0.5338086485862732,0.032456640154123306
115,0,0.5338086485862732,0.032456640154123306
115,0,0.5338086485862732,0.032456640154123306
115,0,0.5338086485862732,0.032456640154123306
115,0,0.5338086485862732,0.032456640154123306
115,0,0.5338086485862732,0.032456640154123306
115,0,0.5338086485862732,0.032456640154123306
115,0,0.5338086485862732,0.032456640154123306
115,0,0.5338086485862732,0.032456640154123306
115,0,0.5338086485862732,0.032456640154123306
115,0,0.5338086485862732,0.032456640154123306
115,0,0.5338086485862732,0.032456640154123306
115,0,0.5338086485862732,0.032456640154123306
115,0,0.5338086485862732,0.032456640154123306
115,0,0.5338086485862732,0.032456640154123306
115,0,0.5338086485862732,0.032456640154123306
115,0,0.5338086485862732,0.032456640154123306
115,0,0.5338086485862732,0.032456640154123306
115,0,0.5338086485862732,0.032456640154123306
115,0,0.5338086485862732,0.032456640154123306
115,0,0.5338086485862732,0.032456640154123306
115,0,0.5338086485862732,0.032456640154123306
115,0,0.5338086485862732,0.032456640154123306
115,0,0.5338086485862732,0.032456640154123306
115,0,0.5338086485862732,0.032456640154123306
115,0,0.5338086485862732,0.032456640154123306
115,0,0.5338086485862732,0.032456640154123306
115,0,0.5338086485862732,0.032456640154123306
115,0,0.5338086485862732,0.032456640154123306
115,0,0.5338086485862732,0.032456640154123306
115,0,0.5338086485862732,0.032456640154123306
115,0,0.5338086485862732,0.032456640154123306
115,0,0.5338086485862732,0.032456640154123306
115,0,0.5338086485862732,0.032456640154123306
115,0,0.5338086485862732,0.032456640154123306
115,0,0.5338086485862732,0.032456640154123306
115,0,0.5338086485862732,0.032456640154123306
115,0,0.5338086485862732,0.032456640154123306
115,0,0.5338086485862732,0.032456640154123306
115,0,0.5338086485862732,0.032456640154123306
115,0,0.5338086485862732,0.032456640154123306
115,0,0.5338086485862732,0.032456640154123306
115,0,0.5338086485862732,0.032456640154123306
115,0,0.5338086485862732,0.032456640154123306
115,0,0.5338086485862732,0.032456640154123306
115,0,0.5338086485862732,0.032456640154123306
115,0,0.5338086485862732,0.032456640154123306
115,0,0.5338086485862732,0.032456640154123306
115,0,0.5338086485862732,0.032456640154123306
115,0,0.5338086485862732,0.032456640154123306
115,0,0.5338086485862732,0.032456640154123306
115,0,0.5338086485862732,0.032456640154123306
115,0,0.5338086485862732,0.032456640154123306
115,0,0.5338086485862732,0.032456640154123306
115,0,0.5338086485862732,0.032456640154123306
115,0,0.5338086485862732,0.032456640154123306
115,0,0.5338086485862732,0.032456640154123306
115,0,0.5338086485862732,0.032456640154123306
115,0,0.5338086485862732,0.032456640154123306
115,0,0.5338086485862732,0.032456640154123306
115,0,0.5338086485862732,0.032456640154123306
419,315,0.49597975611686707,0.0596245676279068
419,315,0.49597975611686707,0.0596245676279068
419,316,0.4961076080799103,0.5225863456726074
419,0,0.5338069796562195,0.032456640154123306
419,0,0.5338069796562195,0.032456640154123306
419,0,0.5338069796562195,0.032456640154123306
419,0,0.5338069796562195,0.032456640154123306
419,0,0.5338069796562195,0.032456640154123306
419,0,0.5338069796562195,0.032456640154123306
419,0,0.5338069796562195,0.032456640154123306
419,0,0.5338069796562195,0.032456640154123306
419,0,0.5338069796562195,0.032456640154123306
419,0,0.5338069796562195,0.032456640154123306
419,0,0.5338069796562195,0.032456640154123306
419,0,0.5338069796562195,0.032456640154123306
419,0,0.5338069796562195,0.032456640154123306
419,0,0.5338069796562195,0.032456640154123306
419,0,0.5338069796562195,0.032456640154123306
419,0,0.5338069796562195,0.032456640154123306
419,0,0.5338069796562195,0.032456640154123306
419,0,0.5338069796562195,0.032456640154123306
419,0,0.5338069796562195,0.032456640154123306
419,0,0.5338069796562195,0.032456640154123306
419,0,0.5338069796562195,0.032456640154123306
419,0,0.5338069796562195,0.032456640154123306
419,0,0.5338069796562195,0.032456640154123306
419,0,0.5338069796562195,0.032456640154123306
419,0,0.5338069796562195,0.032456640154123306
419,0,0.5338069796562195,0.032456640154123306
419,0,0.5338069796562195,0.032456640154123306
419,0,0.5338069796562195,0.032456640154123306
419,0,0.5338069796562195,0.032456640154123306
419,0,0.5338069796562195,0.032456640154123306
419,0,0.5338069796562195,0.032456640154123306
419,0,0.5338069796562195,0.032456640154123306
419,0,0.5338069796562195,0.032456640154123306
419,0,0.5338069796562195,0.032456640154123306
419,0,0.5338069796562195,0.032456640154123306
419,0,0.5338069796562195,0.032456640154123306
419,0,0.5338069796562195,0.032456640154123306
419,0,0.5338069796562195,0.032456640154123306
419,0,0.5338069796562195,0.032456640154123306
419,0,0.5338069796562195,0.032456640154123306
419,0,0.5338069796562195,0.032456640154123306
419,0,0.5338069796562195,0.032456640154123306
419,0,0.5338069796562195,0.032456640154123306
419,0,0.5338069796562195,0.032456640154123306
419,0,0.5338069796562195,0.032456640154123306
419,0,0.5338069796562195,0.032456640154123306
419,0,0.5338069796562195,0.032456640154123306
419,0,0.5338069796562195,0.032456640154123306
419,0,0.5338069796562195,0.032456640154123306
419,0,0.5338069796562195,0.032456640154123306
419,0,0.5338069796562195,0.032456640154123306
419,0,0.5338069796562195,0.032456640154123306
419,0,0.5338069796562195,0.032456640154123306
419,0,0.5338069796562195,0.032456640154123306
419,0,0.5338069796562195,0.032456640154123306
419,0,0.5338069796562195,0.032456640154123306
419,0,0.5338069796562195,0.032456640154123306
419,0,0.5338069796562195,0.032456640154123306
419,0,0.5338069796562195,0.032456640154123306
419,0,0.5338069796562195,0.032456640154123306
419,0,0.5338069796562195,0.032456640154123306
419,0,0.5338069796562195,0.032456640154123306
419,0,0.5338069796562195,0.032456640154123306
419,0,0.5338069796562195,0.032456640154123306
419,0,0.5338069796562195,0.032456640154123306
419,0,0.5338069796562195,0.032456640154123306
419,0,0.5338069796562195,0.032456640154123306
419,0,0.5338069796562195,0.032456640154123306
419,0,0.5338069796562195,0.032456640154123306
419,0,0.5338069796562195,0.032456640154123306
419,0,0.5338069796562195,0.032456640154123306
419,0,0.5338069796562195,0.032456640154123306
419,0,0.5338069796562195,0.032456640154123306
419,0,0.5338069796562195,0.032456640154123306
419,0,0.5338069796562195,0.032456640154123306
419,0,0.5338069796562195,0.032456640154123306
419,0,0.5338069796562195,0.032456640154123306
419,0,0.5338069796562195,0.032456640154123306
419,0,0.5338069796562195,0.032456640154123306
419,0,0.5338069796562195,0.032456640154123306
419,0,0.5338069796562195,0.032456640154123306
419,0,0.5338069796562195,0.032456640154123306
419,0,0.5338069796562195,0.032456640154123306
419,0,0.5338069796562195,0.032456640154123306
419,0,0.5338069796562195,0.032456640154123306
419,0,0.5338069796562195,0.032456640154123306
419,0,0.5338069796562195,0.032456640154123306
419,0,0.5338069796562195,0.032456640154123306
419,0,0.5338069796562195,0.032456640154123306
419,0,0.5338069796562195,0.032456640154123306
419,0,0.5338069796562195,0.032456640154123306
419,0,0.5338069796562195,0.032456640154123306
419,0,0.5338069796562195,0.032456640154123306
419,0,0.5338069796562195,0.032456640154123306
419,0,0.5338069796562195,0.032456640154123306
419,0,0.5338069796562195,0.032456640154123306
419,0,0.5338069796562195,0.032456640154123306
419,0,0.5338069796562195,0.032456640154123306
419,0,0.5338069796562195,0.032456640154123306
419,0,0.5338069796562195,0.032456640154123306
419,0,0.5338069796562195,0.032456640154123306
419,0,0.5338069796562195,0.032456640154123306
419,0,0.5338069796562195,0.032456640154123306
419,0,0.5338069796562195,0.032456640154123306
419,0,0.5338069796562195,0.032456640154123306
419,0,0.5338069796562195,0.032456640154123306
419,0,0.5338069796562195,0.032456640154123306
419,0,0.5338069796562195,0.032456640154123306
419,0,0.5338069796562195,0.032456640154123306
419,0,0.5338069796562195,0.032456640154123306
419,0,0.5338069796562195,0.032456640154123306
419,0,0.5338069796562195,0.032456640154123306
419,0,0.5338069796562195,0.032456640154123306
419,0,0.5338069796562195,0.032456640154123306
419,0,0.5338069796562195,0.032456640154123306
419,0,0.5338069796562195,0.032456640154123306
419,0,0.5338069796562195,0.032456640154123306
419,0,0.5338069796562195,0.032456640154123306
419,0,0.5338069796562195,0.032456640154123306
419,0,0.5338069796562195,0.032456640154123306
419,0,0.5338069796562195,0.032456640154123306
419,0,0.5338069796562195,0.032456640154123306
419,0,0.5338069796562195,0.032456640154123306
419,0,0.5338069796562195,0.032456640154123306
419,0,0.5338069796562195,0.032456640154123306
419,0,0.5338069796562195,0.032456640154123306
419,0,0.5338069796562195,0.032456640154123306
419,0,0.5338069796562195,0.032456640154123306
419,0,0.5338069796562195,0.032456640154123306
419,0,0.5338069796562195,0.032456640154123306
419,0,0.5338069796562195,0.032456640154123306
419,0,0.5338069796562195,0.032456640154123306
419,0,0.5338069796562195,0.032456640154123306
419,0,0.5338069796562195,0.032456640154123306
419,0,0.5338069796562195,0.032456640154123306
419,0,0.5338069796562195,0.032456640154123306
419,0,0.5338069796562195,0.032456640154123306
419,0,0.5338069796562195,0.032456640154123306
419,0,0.5338069796562195,0.032456640154123306
419,0,0.5338069796562195,0.032456640154123306
419,0,0.5338069796562195,0.032456640154123306
419,0,0.5338069796562195,0.032456640154123306
419,0,0.5338069796562195,0.032456640154123306
419,0,0.5338069796562195,0.032456640154123306
419,0,0.5338069796562195,0.032456640154123306
419,0,0.5338069796562195,0.032456640154123306
419,0,0.5338069796562195,0.032456640154123306
419,0,0.5338069796562195,0.032456640154123306
419,0,0.5338069796562195,0.032456640154123306
419,0,0.5338069796562195,0.032456640154123306
419,0,0.5338069796562195,0.032456640154123306
419,0,0.5338069796562195,0.032456640154123306
419,0,0.5338069796562195,0.032456640154123306
419,0,0.5338069796562195,0.032456640154123306
419,0,0.5338069796562195,0.032456640154123306
419,0,0.5338069796562195,0.032456640154123306
419,0,0.5338069796562195,0.032456640154123306
419,0,0.5338069796562195,0.032456640154123306
419,0,0.5338069796562195,0.032456640154123306
419,0,0.5338069796562195,0.032456640154123306
419,0,0.5338069796562195,0.032456640154123306
419,0,0.5338069796562195,0.032456640154123306
419,0,0.5338069796562195,0.032456640154123306
419,0,0.5338069796562195,0.032456640154123306
419,0,0.5338069796562195,0.032456640154123306
419,0,0.5338069796562195,0.032456640154123306
419,0,0.5338069796562195,0.032456640154123306
419,0,0.5338069796562195,0.032456640154123306
419,0,0.5338069796562195,0.032456640154123306
419,0,0.5338069796562195,0.032456640154123306
419,0,0.5338069796562195,0.032456640154123306
419,0,0.5338069796562195,0.032456640154123306
419,0,0.5338069796562195,0.032456640154123306
419,0,0.5338069796562195,0.032456640154123306
419,0,0.5338069796562195,0.032456640154123306
419,0,0.5338069796562195,0.032456640154123306
419,0,0.5338069796562195,0.032456640154123306
419,0,0.5338069796562195,0.032456640154123306
419,0,0.5338069796562195,0.032456640154123306
419,0,0.5338069796562195,0.032456640154123306
419,0,0.5338069796562195,0.032456640154123306
419,0,0.5338069796562195,0.032456640154123306
419,0,0.5338069796562195,0.032456640154123306
419,0,0.5338069796562195,0.032456640154123306
419,0,0.5338069796562195,0.032456640154123306
419,0,0.5338069796562195,0.032456640154123306
419,0,0.5338069796562195,0.032456640154123306
419,0,0.5338069796562195,0.032456640154123306
419,0,0.5338069796562195,0.032456640154123306
419,0,0.5338069796562195,0.032456640154123306
419,0,0.5338069796562195,0.032456640154123306
419,0,0.5338069796562195,0.032456640154123306
419,0,0.5338069796562195,0.032456640154123306
419,0,0.5338069796562195,0.032456640154123306
419,0,0.5338069796562195,0.032456640154123306
419,0,0.5338069796562195,0.032456640154123306
419,0,0.5338069796562195,0.032456640154123306
245,0,0.533807635307312,0.032456640154123306
245,2,0.535902738571167,0.0007838447345420718
245,1,0.5031636357307434,0.2004593163728714
245,3,0.5152003765106201,0.1976579874753952
245,4,0.509894609451294,0.03917420655488968
245,5,0.5266135334968567,0.08894893527030945
245,6,0.5252383351325989,0.03206264227628708
245,6,0.5252383351325989,0.03206264227628708
245,0,0.533807635307312,0.032456640154123306
245,1,0.5031636357307434,0.2004593163728714
245,2,0.535902738571167,0.0007838447345420718
245,4,0.509894609451294,0.03917420655488968
245,3,0.5152003765106201,0.1976579874753952
245,5,0.5266135334968567,0.08894893527030945
245,6,0.5252383351325989,0.03206264227628708
245,6,0.5252383351325989,0.03206264227628708
245,0,0.533807635307312,0.032456640154123306
245,2,0.535902738571167,0.0007838447345420718
245,1,0.5031636357307434,0.2004593163728714
245,3,0.5152003765106201,0.1976579874753952
245,4,0.509894609451294,0.03917420655488968
245,5,0.5266135334968567,0.08894893527030945
245,6,0.5252383351325989,0.03206264227628708
245,6,0.5252383351325989,0.03206264227628708
245,0,0.533807635307312,0.032456640154123306
245,1,0.5031636357307434,0.2004593163728714
245,2,0.535902738571167,0.0007838447345420718
245,4,0.509894609451294,0.03917420655488968
245,3,0.5152003765106201,0.1976579874753952
245,5,0.5266135334968567,0.08894893527030945
245,6,0.5252383351325989,0.03206264227628708
245,6,0.5252383351325989,0.03206264227628708
245,0,0.533807635307312,0.032456640154123306
245,1,0.5031636357307434,0.2004593163728714
245,2,0.535902738571167,0.0007838447345420718
245,0,0.533807635307312,0.032456640154123306
245,0,0.533807635307312,0.032456640154123306
245,0,0.533807635307312,0.032456640154123306
245,0,0.533807635307312,0.032456640154123306
245,0,0.533807635307312,0.032456640154123306
245,0,0.533807635307312,0.032456640154123306
245,0,0.533807635307312,0.032456640154123306
245,0,0.533807635307312,0.032456640154123306
245,0,0.533807635307312,0.032456640154123306
245,0,0.533807635307312,0.032456640154123306
245,0,0.533807635307312,0.032456640154123306
245,0,0.533807635307312,0.032456640154123306
245,0,0.533807635307312,0.032456640154123306
245,0,0.533807635307312,0.032456640154123306
245,0,0.533807635307312,0.032456640154123306
245,0,0.533807635307312,0.032456640154123306
245,0,0.533807635307312,0.032456640154123306
245,0,0.533807635307312,0.032456640154123306
245,0,0.533807635307312,0.032456640154123306
245,0,0.533807635307312,0.032456640154123306
245,0,0.533807635307312,0.032456640154123306
245,0,0.533807635307312,0.032456640154123306
245,0,0.533807635307312,0.032456640154123306
245,0,0.533807635307312,0.032456640154123306
245,0,0.533807635307312,0.032456640154123306
245,0,0.533807635307312,0.032456640154123306
245,0,0.533807635307312,0.032456640154123306
245,0,0.533807635307312,0.032456640154123306
245,0,0.533807635307312,0.032456640154123306
245,0,0.533807635307312,0.032456640154123306
245,0,0.533807635307312,0.032456640154123306
245,0,0.533807635307312,0.032456640154123306
245,0,0.533807635307312,0.032456640154123306
245,0,0.533807635307312,0.032456640154123306
245,0,0.533807635307312,0.032456640154123306
245,0,0.533807635307312,0.032456640154123306
245,0,0.533807635307312,0.032456640154123306
245,0,0.533807635307312,0.032456640154123306
245,0,0.533807635307312,0.032456640154123306
245,0,0.533807635307312,0.032456640154123306
245,0,0.533807635307312,0.032456640154123306
245,0,0.533807635307312,0.032456640154123306
245,0,0.533807635307312,0.032456640154123306
245,0,0.533807635307312,0.032456640154123306
245,0,0.533807635307312,0.032456640154123306
245,0,0.533807635307312,0.032456640154123306
245,0,0.533807635307312,0.032456640154123306
245,0,0.533807635307312,0.032456640154123306
245,0,0.533807635307312,0.032456640154123306
245,0,0.533807635307312,0.032456640154123306
245,0,0.533807635307312,0.032456640154123306
245,0,0.533807635307312,0.032456640154123306
245,0,0.533807635307312,0.032456640154123306
245,0,0.533807635307312,0.032456640154123306
245,0,0.533807635307312,0.032456640154123306
245,0,0.533807635307312,0.032456640154123306
245,0,0.533807635307312,0.032456640154123306
245,0,0.533807635307312,0.032456640154123306
245,0,0.533807635307312,0.032456640154123306
245,0,0.533807635307312,0.032456640154123306
245,0,0.533807635307312,0.032456640154123306
245,0,0.533807635307312,0.032456640154123306
245,0,0.533807635307312,0.032456640154123306
245,0,0.533807635307312,0.032456640154123306
245,0,0.533807635307312,0.032456640154123306
245,0,0.533807635307312,0.032456640154123306
245,0,0.533807635307312,0.032456640154123306
245,0,0.533807635307312,0.032456640154123306
245,0,0.533807635307312,0.032456640154123306
245,0,0.533807635307312,0.032456640154123306
245,0,0.533807635307312,0.032456640154123306
245,0,0.533807635307312,0.032456640154123306
245,0,0.533807635307312,0.032456640154123306
245,0,0.533807635307312,0.032456640154123306
245,0,0.533807635307312,0.032456640154123306
245,0,0.533807635307312,0.032456640154123306
245,0,0.533807635307312,0.032456640154123306
245,0,0.533807635307312,0.032456640154123306
245,0,0.533807635307312,0.032456640154123306
245,0,0.533807635307312,0.032456640154123306
245,0,0.533807635307312,0.032456640154123306
245,0,0.533807635307312,0.032456640154123306
245,0,0.533807635307312,0.032456640154123306
245,0,0.533807635307312,0.032456640154123306
245,0,0.533807635307312,0.032456640154123306
245,0,0.533807635307312,0.032456640154123306
245,0,0.533807635307312,0.032456640154123306
245,0,0.533807635307312,0.032456640154123306
245,0,0.533807635307312,0.032456640154123306
245,0,0.533807635307312,0.032456640154123306
245,0,0.533807635307312,0.032456640154123306
245,0,0.533807635307312,0.032456640154123306
245,0,0.533807635307312,0.032456640154123306
245,0,0.533807635307312,0.032456640154123306
245,0,0.533807635307312,0.032456640154123306
245,0,0.533807635307312,0.032456640154123306
245,0,0.533807635307312,0.032456640154123306
245,0,0.533807635307312,0.032456640154123306
245,0,0.533807635307312,0.032456640154123306
245,0,0.533807635307312,0.032456640154123306
245,0,0.533807635307312,0.032456640154123306
245,0,0.533807635307312,0.032456640154123306
245,0,0.533807635307312,0.032456640154123306
245,0,0.533807635307312,0.032456640154123306
245,0,0.533807635307312,0.032456640154123306
245,0,0.533807635307312,0.032456640154123306
245,0,0.533807635307312,0.032456640154123306
245,0,0.533807635307312,0.032456640154123306
245,0,0.533807635307312,0.032456640154123306
245,0,0.533807635307312,0.032456640154123306
245,0,0.533807635307312,0.032456640154123306
245,0,0.533807635307312,0.032456640154123306
245,0,0.533807635307312,0.032456640154123306
245,0,0.533807635307312,0.032456640154123306
245,0,0.533807635307312,0.032456640154123306
245,0,0.533807635307312,0.032456640154123306
245,0,0.533807635307312,0.032456640154123306
245,0,0.533807635307312,0.032456640154123306
245,0,0.533807635307312,0.032456640154123306
245,0,0.533807635307312,0.032456640154123306
245,0,0.533807635307312,0.032456640154123306
245,0,0.533807635307312,0.032456640154123306
245,0,0.533807635307312,0.032456640154123306
245,0,0.533807635307312,0.032456640154123306
245,0,0.533807635307312,0.032456640154123306
245,0,0.533807635307312,0.032456640154123306
245,0,0.533807635307312,0.032456640154123306
245,0,0.533807635307312,0.032456640154123306
245,0,0.533807635307312,0.032456640154123306
245,0,0.533807635307312,0.032456640154123306
245,0,0.533807635307312,0.032456640154123306
245,0,0.533807635307312,0.032456640154123306
245,0,0.533807635307312,0.032456640154123306
245,0,0.533807635307312,0.032456640154123306
245,0,0.533807635307312,0.032456640154123306
245,0,0.533807635307312,0.032456640154123306
245,0,0.533807635307312,0.032456640154123306
245,0,0.533807635307312,0.032456640154123306
245,0,0.533807635307312,0.032456640154123306
245,0,0.533807635307312,0.032456640154123306
245,0,0.533807635307312,0.032456640154123306
245,0,0.533807635307312,0.032456640154123306
245,0,0.533807635307312,0.032456640154123306
245,0,0.533807635307312,0.032456640154123306
245,0,0.533807635307312,0.032456640154123306
245,0,0.533807635307312,0.032456640154123306
245,0,0.533807635307312,0.032456640154123306
245,0,0.533807635307312,0.032456640154123306
245,0,0.533807635307312,0.032456640154123306
245,0,0.533807635307312,0.032456640154123306
245,0,0.533807635307312,0.032456640154123306
245,0,0.533807635307312,0.032456640154123306
245,0,0.533807635307312,0.032456640154123306
245,0,0.533807635307312,0.032456640154123306
245,0,0.533807635307312,0.032456640154123306
245,0,0.533807635307312,0.032456640154123306
245,0,0.533807635307312,0.032456640154123306
245,0,0.533807635307312,0.032456640154123306
245,0,0.533807635307312,0.032456640154123306
245,0,0.533807635307312,0.032456640154123306
245,0,0.533807635307312,0.032456640154123306
245,0,0.533807635307312,0.032456640154123306
245,0,0.533807635307312,0.032456640154123306
245,0,0.533807635307312,0.032456640154123306
245,0,0.533807635307312,0.032456640154123306
