student_id,skill_id,y_true,p_idkt,y_idkt,p_bkt,y_bkt
943,0,1,0.5448025465011597,1,0.6939290165901184,1
943,2,1,0.7191359400749207,1,0.5744879841804504,1
943,1,0,0.7393677234649658,1,0.5324869751930237,1
943,326,0,0.4980660676956177,0,0.5774880051612854,1
943,327,1,0.44185182452201843,0,0.7004860043525696,1
943,327,1,0.6154017448425293,1,0.775763988494873,1
943,326,1,0.49241045117378235,0,0.49934399127960205,0
943,327,1,0.8570351600646973,1,0.835515022277832,1
943,327,1,0.8588278889656067,1,0.8752760291099548,1
943,328,0,0.8815774321556091,1,0.4660010039806366,0
943,327,1,0.7163798809051514,1,0.8987280130386353,1
943,327,1,0.854975700378418,1,0.9115869998931885,1
943,328,1,0.6385266184806824,1,0.39225101470947266,0
943,327,1,0.8576877117156982,1,0.9183570146560669,1
943,327,1,0.8580213785171509,1,0.921845018863678,1
943,326,1,0.874306857585907,1,0.6033610105514526,1
943,327,1,0.8581610321998596,1,0.9236220121383667,1
943,327,1,0.858572781085968,1,0.9245219826698303,1
943,328,0,0.8810391426086426,1,0.6285790205001831,1
943,327,1,0.7788053154945374,1,0.9249770045280457,1
943,327,1,0.8548193573951721,1,0.9252060055732727,1
943,328,1,0.6404949426651001,1,0.5538679957389832,1
943,327,1,0.8570638298988342,1,0.9253219962120056,1
943,327,1,0.857614278793335,1,0.9253799915313721,1
943,328,1,0.8692034482955933,1,0.6845080256462097,1
943,327,1,0.8560306429862976,1,0.9254090189933777,1
943,327,1,0.857614278793335,1,0.9254239797592163,1
943,326,0,0.8771569728851318,1,0.666271984577179,1
943,327,0,0.7933681011199951,1,0.9254310131072998,1
943,327,1,0.5277014374732971,1,0.9253960251808167,1
943,327,1,0.7660278677940369,1,0.9254170060157776,1
943,326,1,0.7223080396652222,1,0.6200600266456604,1
943,327,1,0.8415473699569702,1,0.9254279732704163,1
943,327,1,0.8524495959281921,1,0.9254329800605774,1
943,326,1,0.8674863576889038,1,0.6744049787521362,1
943,327,1,0.8550266027450562,1,0.9254360198974609,1
943,327,1,0.8563158512115479,1,0.9254379868507385,1
943,326,1,0.8774882555007935,1,0.6980869770050049,1
943,329,0,0.8591784834861755,1,0.7296860218048096,1
943,329,1,0.5979269742965698,1,0.6527569890022278,1
943,327,0,0.8170843720436096,1,0.9254379868507385,1
943,329,0,0.5998244881629944,1,0.6945980191230774,1
943,322,0,0.5816029906272888,1,0.4404810070991516,0
943,322,1,0.5025424361228943,1,0.491102010011673,0
943,328,0,0.60893315076828,1,0.7104150056838989,1
943,329,0,0.5241634845733643,1,0.6335600018501282,1
943,327,0,0.48362091183662415,0,0.9254350066184998,1
943,329,0,0.4680340588092804,0,0.6089249849319458,1
943,322,1,0.5020928382873535,1,0.5844500064849854,1
943,327,1,0.4554840624332428,0,0.9254170060157776,1
943,326,0,0.6587303280830383,1,0.7072529792785645,1
943,326,0,0.46727487444877625,0,0.7004789710044861,1
943,329,1,0.47060152888298035,0,0.601161003112793,1
943,327,0,0.5019956231117249,1,0.9254279732704163,1
943,329,0,0.525701105594635,1,0.6319860219955444,1
943,322,0,0.5331493020057678,1,0.6784530282020569,1
943,322,0,0.4838338792324066,0,0.6060119867324829,1
943,326,0,0.4377363622188568,0,0.6856690049171448,1
943,327,0,0.4488643705844879,0,0.9253749847412109,1
943,322,0,0.4609180986881256,0,0.556335985660553,1
943,327,1,0.4467146694660187,0,0.9250779747962952,1
943,327,0,0.4773351550102234,0,0.9252570271492004,1
943,329,0,0.4779147505760193,0,0.6083980202674866,1
943,327,1,0.4483455419540405,0,0.9244109988212585,1
943,322,0,0.477193683385849,0,0.5316470265388489,1
943,328,1,0.4992343485355377,0,0.703881025314331,1
943,329,0,0.4767264425754547,0,0.6010059714317322,1
943,329,0,0.45642074942588806,0,0.5988690257072449,1
943,327,1,0.4961950480937958,0,0.9249209761619568,1
943,322,1,0.4659603238105774,0,0.5213249921798706,1
943,326,0,0.4920342266559601,0,0.6555100083351135,1
943,327,0,0.7656331062316895,1,0.9251779913902283,1
943,329,0,0.46403932571411133,0,0.5982660055160522,1
943,322,1,0.509201169013977,1,0.6185700297355652,1
943,322,0,0.7456766963005066,1,0.705731987953186,1
943,327,1,0.47390609979629517,0,0.9239659905433655,1
943,326,1,0.45619070529937744,0,0.6021140217781067,1
943,327,0,0.573977530002594,1,0.9246960282325745,1
943,329,0,0.48342305421829224,0,0.598097026348114,1
943,322,1,0.4944103956222534,0,0.6310579776763916,1
943,327,1,0.4704091548919678,0,0.9212719798088074,1
943,322,1,0.5934224724769592,1,0.7149779796600342,1
943,328,1,0.6883816719055176,1,0.7134379744529724,1
943,329,0,0.4808753430843353,0,0.598048985004425,1
943,329,1,0.4586085081100464,0,0.598035991191864,1
943,327,1,0.6207008361816406,1,0.9233310222625732,1
943,322,0,0.7795730233192444,1,0.7687389850616455,1
943,327,1,0.7360039353370667,1,0.9243749976158142,1
943,322,1,0.5295624136924744,1,0.7114899754524231,1
943,326,1,0.7846525311470032,1,0.6656460165977478,1
943,327,0,0.8245455622673035,1,0.9249020218849182,1
943,329,0,0.6244859099388123,1,0.6278470158576965,1
943,322,0,0.6039345264434814,1,0.7667570114135742,1
943,327,1,0.49364590644836426,0,0.9224219918251038,1
943,322,1,0.4996887147426605,0,0.7082989811897278,1
943,328,1,0.6937696933746338,1,0.7148690223693848,1
943,329,1,0.5154550671577454,1,0.6070330142974854,1
943,329,1,0.6229703426361084,1,0.6396480202674866,1
943,327,1,0.716023862361908,1,0.9239150285720825,1
943,322,1,0.6697565913200378,1,0.764926016330719,1
943,322,1,0.7921910285949707,1,0.7951359748840332,1
943,327,1,0.8124555349349976,1,0.9246699810028076,1
943,328,1,0.8484949469566345,1,0.7150800228118896,1
943,329,1,0.8146207928657532,1,0.6796470284461975,1
943,329,1,0.8319100141525269,1,0.7234609723091125,1
943,327,1,0.8281004428863525,1,0.9250509738922119,1
943,322,1,0.8195440769195557,1,0.8094930052757263,1
943,322,1,0.8274935483932495,1,0.8159390091896057,1
943,327,1,0.8375287652015686,1,0.9252439737319946,1
943,326,1,0.8565240502357483,1,0.6945310235023499,1
943,327,1,0.8408318758010864,1,0.925341010093689,1
943,329,1,0.8410418033599854,1,0.7658939957618713,1
943,322,1,0.8289154767990112,1,0.8187609910964966,1
943,322,1,0.8321068286895752,1,0.8199809789657593,1
943,327,1,0.8422634601593018,1,0.9253889918327332,1
943,331,1,0.8385418057441711,1,0.5580620169639587,1
943,296,1,0.8710773587226868,1,0.8305519819259644,1
943,330,1,0.8275516629219055,1,0.550046980381012,1
943,330,0,0.8402504324913025,1,0.6618790030479431,1
943,296,1,0.8198084235191345,1,0.8738160133361816,1
943,331,1,0.822823166847229,1,0.6997089982032776,1
943,331,0,0.8463242650032043,1,0.8074150085449219,1
943,331,1,0.5430148839950562,1,0.597491979598999,1
943,296,1,0.8074640035629272,1,0.9050009846687317,1
943,330,1,0.6492010354995728,1,0.5250980257987976,1
943,331,1,0.7362851500511169,1,0.7348200082778931,1
943,331,1,0.8317849040031433,1,0.8276900053024292,1
943,331,1,0.8441680669784546,1,0.8730279803276062,1
943,331,1,0.8473039865493774,1,0.8916569948196411,1
943,332,0,0.846590518951416,1,0.805990993976593,1
943,298,0,0.7512912154197693,1,0.5757449865341187,1
943,330,1,0.7033310532569885,1,0.6359310150146484,1
943,332,0,0.5900468826293945,1,0.7397099733352661,1
943,297,0,0.78734290599823,1,0.6770610213279724,1
943,298,0,0.5099111199378967,1,0.5508000254631042,1
943,333,0,0.7683975100517273,1,0.5001770257949829,1
943,330,1,0.7072913646697998,1,0.7356370091438293,1
943,332,0,0.48767709732055664,0,0.6420210003852844,1
943,298,1,0.4857223629951477,0,0.5441229939460754,1
943,331,1,0.7447733879089355,1,0.8987630009651184,1
943,332,0,0.49567458033561707,0,0.5639910101890564,1
943,297,0,0.5838766098022461,1,0.6897450089454651,1
943,298,0,0.7645400166511536,1,0.6219350099563599,1
943,333,0,0.5714499354362488,1,0.439303994178772,0
943,330,1,0.7251516580581665,1,0.7996619939804077,1
943,332,1,0.48106271028518677,0,0.5267819762229919,1
943,298,0,0.5266095399856567,1,0.5654889941215515,1
943,331,1,0.8047996163368225,1,0.9013950228691101,1
943,332,1,0.8015559911727905,1,0.5756149888038635,1
943,297,0,0.5848039984703064,1,0.694828987121582,1
943,298,0,0.48750582337379456,0,0.5479620099067688,1
943,333,0,0.5601832270622253,1,0.4108540117740631,0
943,331,1,0.8225525617599487,1,0.9023600220680237,1
943,332,1,0.8403466939926147,1,0.6367260217666626,1
943,298,1,0.4847378730773926,0,0.5434100031852722,1
943,330,0,0.8113323450088501,1,0.8323580026626587,1
943,330,0,0.48614630103111267,0,0.7705900073051453,1
943,330,1,0.4640624523162842,0,0.639494001865387,1
943,330,1,0.5198094844818115,1,0.7382689714431763,1
943,330,1,0.7120519280433655,1,0.801118016242981,1
943,330,1,0.8067675828933716,1,0.8330410122871399,1
943,352,0,0.8281012773513794,1,0.8549739718437195,1
943,298,1,0.7294721007347107,1,0.6210319995880127,1
943,330,1,0.7922315001487732,1,0.8474100232124329,1
943,352,1,0.5166784524917603,1,0.8235660195350647,1
943,298,0,0.8464956879615784,1,0.7071300148963928,1
943,330,1,0.7772910594940186,1,0.8535249829292297,1
943,352,1,0.7813463807106018,1,0.8507980108261108,1
943,298,1,0.5721026062965393,1,0.6047359704971313,1
943,330,1,0.8181959390640259,1,0.8560649752616882,1
943,352,1,0.8633320927619934,1,0.8617200255393982,1
943,298,0,0.7954033017158508,1,0.6908869743347168,1
943,330,1,0.8058398365974426,1,0.857109010219574,1
943,332,1,0.8252482414245605,1,0.6999970078468323,1
943,298,0,0.5723531246185303,1,0.595583975315094,1
943,328,1,0.7912128567695618,1,0.7151110172271729,1
943,329,1,0.7559234499931335,1,0.802361011505127,1
943,329,0,0.8171603083610535,1,0.8306189775466919,1
943,327,0,0.7013405561447144,1,0.9254140257835388,1
943,322,0,0.6044852137565613,1,0.8205069899559021,1
943,327,1,0.46164757013320923,0,0.9252979755401611,1
943,316,1,0.6447953581809998,1,0.8062940239906311,1
943,325,1,0.6681410670280457,1,0.6728919744491577,1
943,316,1,0.8498578667640686,1,0.0,0
943,0,0,0.5942506790161133,1,-0.0,0
943,0,0,0.46322837471961975,0,-0.0,0
943,0,0,0.4528963565826416,0,-0.0,0
943,0,0,0.450784832239151,0,-0.0,0
943,0,0,0.4497259259223938,0,-0.0,0
943,0,0,0.44903913140296936,0,-0.0,0
943,0,0,0.4486134350299835,0,-0.0,0
943,0,0,0.4482831656932831,0,-0.0,0
943,0,0,0.4480004608631134,0,-0.0,0
943,0,0,0.44775694608688354,0,-0.0,0
943,0,0,0.4475351572036743,0,-0.0,0
943,0,0,0.4473177492618561,0,-0.0,0
943,0,0,0.44712597131729126,0,-0.0,0
943,0,0,0.44695261120796204,0,-0.0,0
943,0,0,0.4467952847480774,0,-0.0,0
943,0,0,0.4466496706008911,0,-1.0,0
489,58,0,0.7362295389175415,1,0.6571720242500305,1
489,53,0,0.5054420828819275,1,0.9092190265655518,1
489,54,0,0.4837051331996918,0,0.9419010281562805,1
489,55,1,0.4874851703643799,0,0.8442310094833374,1
489,53,0,0.5725762844085693,1,0.853646993637085,1
489,54,0,0.48754310607910156,0,0.9141449928283691,1
489,56,1,0.4692023992538452,0,0.9040570259094238,1
489,58,0,0.5359489321708679,1,0.5955780148506165,1
489,53,1,0.5128058791160583,1,0.8248800039291382,1
489,54,1,0.5534258484840393,1,0.8794689774513245,1
489,55,1,0.7011590003967285,1,0.8956329822540283,1
489,53,0,0.8882179856300354,1,0.8295720219612122,1
489,54,0,0.6355648040771484,1,0.8834760189056396,1
489,56,1,0.5218608379364014,1,0.9165400266647339,1
489,58,0,0.5207321047782898,1,0.5720109939575195,1
489,53,1,0.5334503054618835,1,0.8182410001754761,1
489,54,0,0.5679029226303101,1,0.8603640198707581,1
489,55,1,0.8185269236564636,1,0.9180349707603455,1
489,53,1,0.8493393659591675,1,0.8220270276069641,1
489,54,1,0.49124467372894287,0,0.8515120148658752,1
489,56,1,0.8818764686584473,1,0.9260929822921753,1
489,58,0,0.5173032879829407,1,0.5647889971733093,1
489,53,1,0.9015722870826721,1,0.8263450264930725,1
489,54,1,0.8532435894012451,1,0.8535749912261963,1
489,55,1,0.908864438533783,1,0.9270139932632446,1
489,53,1,0.9002269506454468,1,0.8312219977378845,1
489,54,1,0.8967923521995544,1,0.8558470010757446,1
489,56,1,0.8847657442092896,1,0.9332290291786194,1
489,57,0,0.8242619037628174,1,0.6869810223579407,1
489,53,1,0.875577449798584,1,0.8366680145263672,1
489,54,1,0.8953942060470581,1,0.8583390116691589,1
489,55,1,0.908991813659668,1,0.9304900169372559,1
489,53,0,0.901225209236145,1,0.8426769971847534,1
489,54,1,0.791877269744873,1,0.8610560297966003,1
489,56,1,0.8593659400939941,1,0.9384649991989136,1
489,57,0,0.46915921568870544,0,0.5862830281257629,1
489,53,0,0.5552749633789062,1,0.821603000164032,1
489,54,1,0.8933002352714539,1,0.8640009760856628,1
489,55,0,0.9022901654243469,1,0.9318180084228516,1
489,53,0,0.5079726576805115,1,0.8164389729499817,1
489,56,0,0.7727161645889282,1,0.942255973815918,1
489,54,1,0.7096744775772095,1,0.8671709895133972,1
489,57,1,0.4619230628013611,0,0.5587679743766785,1
489,53,0,0.5313103795051575,1,0.8153539896011353,1
489,54,1,0.873860776424408,1,0.8705599904060364,1
489,55,1,0.5156675577163696,1,0.9304199814796448,1
489,53,0,0.5316100120544434,1,0.8151339888572693,1
489,54,0,0.8804628252983093,1,0.8741559982299805,1
489,56,0,0.48964929580688477,0,0.9073619842529297,1
489,58,1,0.4980159103870392,0,0.5627319812774658,1
489,53,0,0.5230214595794678,1,0.815090000629425,1
489,54,0,0.5306298136711121,1,0.8564029932022095,1
489,55,1,0.6409829258918762,1,0.9317920207977295,1
489,53,1,0.5105077624320984,1,0.815081000328064,1
489,54,0,0.5353817939758301,1,0.8502810001373291,1
489,56,1,0.48750925064086914,0,0.8205159902572632,1
489,58,1,0.6969534754753113,1,0.5690019726753235,1
489,53,1,0.7966943383216858,1,0.8183910250663757,1
489,54,0,0.5241073966026306,1,0.8485069870948792,1
489,55,1,0.890313982963562,1,0.9323130249977112,1
489,53,0,0.8879906535148621,1,0.8221989870071411,1
489,54,1,0.496823251247406,0,0.848019003868103,1
489,56,1,0.6945515275001526,1,0.8451269865036011,1
489,57,0,0.7238797545433044,1,0.5644569993019104,1
489,53,1,0.563726007938385,1,0.8165680170059204,1
489,54,1,0.6759134531021118,1,0.8496999740600586,1
489,55,1,0.842491865158081,1,0.0,0
489,0,0,0.5294764041900635,1,-0.0,0
489,0,0,0.44880014657974243,0,-0.0,0
489,0,0,0.4459315240383148,0,-0.0,0
489,0,0,0.4444829821586609,0,-0.0,0
489,0,0,0.4437491297721863,0,-0.0,0
489,0,0,0.44327813386917114,0,-0.0,0
489,0,0,0.44293397665023804,0,-0.0,0
489,0,0,0.4426722824573517,0,-0.0,0
489,0,0,0.4424668252468109,0,-0.0,0
489,0,0,0.4422978162765503,0,-0.0,0
489,0,0,0.4421563148498535,0,-0.0,0
489,0,0,0.44202759861946106,0,-0.0,0
489,0,0,0.44191601872444153,0,-0.0,0
489,0,0,0.4418197572231293,0,-0.0,0
489,0,0,0.4417339861392975,0,-0.0,0
489,0,0,0.4416637420654297,0,-0.0,0
489,0,0,0.44160157442092896,0,-0.0,0
489,0,0,0.4415443539619446,0,-0.0,0
489,0,0,0.4414922893047333,0,-0.0,0
489,0,0,0.4414437413215637,0,-0.0,0
489,0,0,0.44140082597732544,0,-0.0,0
489,0,0,0.4413621127605438,0,-0.0,0
489,0,0,0.44132548570632935,0,-0.0,0
489,0,0,0.4412914514541626,0,-0.0,0
489,0,0,0.4412592351436615,0,-0.0,0
489,0,0,0.4412289559841156,0,-0.0,0
489,0,0,0.4412001073360443,0,-0.0,0
489,0,0,0.4411728084087372,0,-0.0,0
489,0,0,0.44114625453948975,0,-0.0,0
489,0,0,0.44112125039100647,0,-0.0,0
489,0,0,0.4410974085330963,0,-0.0,0
489,0,0,0.44107455015182495,0,-0.0,0
489,0,0,0.44105321168899536,0,-0.0,0
489,0,0,0.4410330355167389,0,-0.0,0
489,0,0,0.4410136938095093,0,-0.0,0
489,0,0,0.44099515676498413,0,-0.0,0
489,0,0,0.44097664952278137,0,-0.0,0
489,0,0,0.44095921516418457,0,-0.0,0
489,0,0,0.4409421980381012,0,-0.0,0
489,0,0,0.44092559814453125,0,-0.0,0
489,0,0,0.44090935587882996,0,-0.0,0
489,0,0,0.44089409708976746,0,-0.0,0
489,0,0,0.4408792555332184,0,-0.0,0
489,0,0,0.4408651888370514,0,-0.0,0
489,0,0,0.4408516585826874,0,-0.0,0
489,0,0,0.4408383071422577,0,-0.0,0
489,0,0,0.44082561135292053,0,-0.0,0
489,0,0,0.44081294536590576,0,-0.0,0
489,0,0,0.4408007860183716,0,-0.0,0
489,0,0,0.44078928232192993,0,-0.0,0
489,0,0,0.4407775104045868,0,-0.0,0
489,0,0,0.4407665431499481,0,-0.0,0
489,0,0,0.44075584411621094,0,-0.0,0
489,0,0,0.44074520468711853,0,-0.0,0
489,0,0,0.4407351016998291,0,-0.0,0
489,0,0,0.440725177526474,0,-0.0,0
489,0,0,0.44071564078330994,0,-0.0,0
489,0,0,0.44070643186569214,0,-0.0,0
489,0,0,0.4406973123550415,0,-0.0,0
489,0,0,0.4406881332397461,0,-0.0,0
489,0,0,0.44067952036857605,0,-0.0,0
489,0,0,0.44067081809043884,0,-0.0,0
489,0,0,0.440661758184433,0,-0.0,0
489,0,0,0.4406530559062958,0,-0.0,0
489,0,0,0.44064435362815857,0,-0.0,0
489,0,0,0.44063591957092285,0,-0.0,0
489,0,0,0.4406278133392334,0,-0.0,0
489,0,0,0.44061970710754395,0,-0.0,0
489,0,0,0.44061192870140076,0,-0.0,0
489,0,0,0.4406040608882904,0,-0.0,0
489,0,0,0.44059649109840393,0,-0.0,0
489,0,0,0.440589040517807,0,-0.0,0
489,0,0,0.44058170914649963,0,-0.0,0
489,0,0,0.4405745267868042,0,-0.0,0
489,0,0,0.44056740403175354,0,-0.0,0
489,0,0,0.4405604302883148,0,-0.0,0
489,0,0,0.44055357575416565,0,-0.0,0
489,0,0,0.4405468702316284,0,-0.0,0
489,0,0,0.44054028391838074,0,-0.0,0
489,0,0,0.44053390622138977,0,-0.0,0
489,0,0,0.44052743911743164,0,-0.0,0
489,0,0,0.44052132964134216,0,-0.0,0
489,0,0,0.4405151307582855,0,-0.0,0
489,0,0,0.4405091106891632,0,-0.0,0
489,0,0,0.44050318002700806,0,-0.0,0
489,0,0,0.44049763679504395,0,-0.0,0
489,0,0,0.44049233198165894,0,-0.0,0
489,0,0,0.4404870867729187,0,-0.0,0
489,0,0,0.44048187136650085,0,-0.0,0
489,0,0,0.44047677516937256,0,-0.0,0
489,0,0,0.4404717683792114,0,-0.0,0
489,0,0,0.4404667913913727,0,-0.0,0
489,0,0,0.4404619336128235,0,-0.0,0
489,0,0,0.4404570162296295,0,-0.0,0
489,0,0,0.44045230746269226,0,-0.0,0
489,0,0,0.440447598695755,0,-0.0,0
489,0,0,0.4404429793357849,0,-0.0,0
489,0,0,0.4404383897781372,0,-0.0,0
489,0,0,0.4404338002204895,0,-0.0,0
489,0,0,0.4404294490814209,0,-0.0,0
489,0,0,0.4404250979423523,0,-0.0,0
489,0,0,0.4404209554195404,0,-0.0,0
489,0,0,0.44041675329208374,0,-0.0,0
489,0,0,0.4404124319553375,0,-0.0,0
489,0,0,0.440408319234848,0,-0.0,0
489,0,0,0.4404040575027466,0,-0.0,0
489,0,0,0.44040003418922424,0,-0.0,0
489,0,0,0.44039589166641235,0,-0.0,0
489,0,0,0.4403919577598572,0,-0.0,0
489,0,0,0.44038793444633484,0,-0.0,0
489,0,0,0.4403839707374573,0,-0.0,0
489,0,0,0.4403800666332245,0,-0.0,0
489,0,0,0.4403763711452484,0,-0.0,0
489,0,0,0.4403725266456604,0,-0.0,0
489,0,0,0.4403688907623291,0,-0.0,0
489,0,0,0.440365195274353,0,-0.0,0
489,0,0,0.4403615891933441,0,-0.0,0
489,0,0,0.44035807251930237,0,-0.0,0
489,0,0,0.44035446643829346,0,-0.0,0
489,0,0,0.4403509795665741,0,-0.0,0
489,0,0,0.44034743309020996,0,-0.0,0
489,0,0,0.4403441548347473,0,-0.0,0
489,0,0,0.44034087657928467,0,-0.0,0
489,0,0,0.4403373897075653,0,-0.0,0
489,0,0,0.4403340816497803,0,-0.0,0
489,0,0,0.44033083319664,0,-0.0,0
489,0,0,0.44032758474349976,0,-0.0,0
489,0,0,0.44032445549964905,0,-0.0,0
489,0,0,0.4403212070465088,0,-0.0,0
489,0,0,0.44031813740730286,0,-0.0,0
489,0,0,0.4403150677680969,0,-0.0,0
489,0,0,0.4403120279312134,0,-0.0,0
489,0,0,0.4403090178966522,0,-1.0,0
528,120,0,0.7221789956092834,1,0.5007330179214478,1
528,115,1,0.44122254848480225,0,0.6438500285148621,1
528,121,1,0.6013177633285522,1,0.7068769931793213,1
528,116,0,0.8502411842346191,1,0.7380790114402771,1
528,118,1,0.5355432629585266,1,0.6916999816894531,1
528,119,1,0.6015312075614929,1,0.6125069856643677,1
528,115,1,0.841240644454956,1,0.7028890252113342,1
528,116,1,0.5804351568222046,1,0.6939409971237183,1
528,121,0,0.8790294528007507,1,0.7439720034599304,1
528,120,1,0.5617790818214417,1,0.43418899178504944,0
528,119,0,0.6281652450561523,1,0.7364510297775269,1
528,122,0,0.5173621773719788,1,0.6827920079231262,1
528,115,0,0.5180234909057617,1,0.738411009311676,1
528,121,1,0.5187760591506958,1,0.0,0
528,0,0,0.5132216811180115,1,-0.0,0
528,0,0,0.45119982957839966,0,-0.0,0
528,0,0,0.4410916268825531,0,-0.0,0
528,0,0,0.4405399262905121,0,-0.0,0
528,0,0,0.440265953540802,0,-0.0,0
528,0,0,0.4400998651981354,0,-0.0,0
528,0,0,0.4399886131286621,0,-0.0,0
528,0,0,0.43991541862487793,0,-0.0,0
528,0,0,0.43986088037490845,0,-0.0,0
528,0,0,0.4398179054260254,0,-0.0,0
528,0,0,0.43978020548820496,0,-0.0,0
528,0,0,0.43974581360816956,0,-0.0,0
528,0,0,0.4397171139717102,0,-0.0,0
528,0,0,0.4396921992301941,0,-0.0,0
528,0,0,0.43967074155807495,0,-0.0,0
528,0,0,0.4396515488624573,0,-0.0,0
528,0,0,0.439634770154953,0,-0.0,0
528,0,0,0.4396197199821472,0,-0.0,0
528,0,0,0.439606636762619,0,-0.0,0
528,0,0,0.43959498405456543,0,-0.0,0
528,0,0,0.4395851492881775,0,-0.0,0
528,0,0,0.43957772850990295,0,-0.0,0
528,0,0,0.43957188725471497,0,-0.0,0
528,0,0,0.43956658244132996,0,-0.0,0
528,0,0,0.4395619034767151,0,-0.0,0
528,0,0,0.439557284116745,0,-0.0,0
528,0,0,0.43955305218696594,0,-0.0,0
528,0,0,0.4395490884780884,0,-0.0,0
528,0,0,0.4395453929901123,0,-0.0,0
528,0,0,0.4395419955253601,0,-0.0,0
528,0,0,0.43953877687454224,0,-0.0,0
528,0,0,0.4395357370376587,0,-0.0,0
528,0,0,0.43953293561935425,0,-0.0,0
528,0,0,0.4395301938056946,0,-0.0,0
528,0,0,0.4395277202129364,0,-0.0,0
528,0,0,0.43952542543411255,0,-0.0,0
528,0,0,0.43952301144599915,0,-0.0,0
528,0,0,0.4395207166671753,0,-0.0,0
528,0,0,0.43951869010925293,0,-0.0,0
528,0,0,0.4395165741443634,0,-0.0,0
528,0,0,0.4395143687725067,0,-0.0,0
528,0,0,0.43951237201690674,0,-0.0,0
528,0,0,0.4395105838775635,0,-0.0,0
528,0,0,0.4395088255405426,0,-0.0,0
528,0,0,0.43950727581977844,0,-0.0,0
528,0,0,0.43950551748275757,0,-0.0,0
528,0,0,0.439503937959671,0,-0.0,0
528,0,0,0.4395025372505188,0,-0.0,0
528,0,0,0.4395011067390442,0,-0.0,0
528,0,0,0.43949970602989197,0,-0.0,0
528,0,0,0.43949833512306213,0,-0.0,0
528,0,0,0.4394971430301666,0,-0.0,0
528,0,0,0.43949583172798157,0,-0.0,0
528,0,0,0.43949460983276367,0,-0.0,0
528,0,0,0.43949344754219055,0,-0.0,0
528,0,0,0.4394923150539398,0,-0.0,0
528,0,0,0.43949124217033386,0,-0.0,0
528,0,0,0.4394902288913727,0,-0.0,0
528,0,0,0.4394892156124115,0,-0.0,0
528,0,0,0.4394882917404175,0,-0.0,0
528,0,0,0.43948742747306824,0,-0.0,0
528,0,0,0.4394865036010742,0,-0.0,0
528,0,0,0.4394855201244354,0,-0.0,0
528,0,0,0.43948471546173096,0,-0.0,0
528,0,0,0.4394838809967041,0,-0.0,0
528,0,0,0.43948304653167725,0,-0.0,0
528,0,0,0.43948230147361755,0,-0.0,0
528,0,0,0.4394814670085907,0,-0.0,0
528,0,0,0.4394807517528534,0,-0.0,0
528,0,0,0.4394800066947937,0,-0.0,0
528,0,0,0.439479261636734,0,-0.0,0
528,0,0,0.43947872519493103,0,-0.0,0
528,0,0,0.43947815895080566,0,-0.0,0
528,0,0,0.4394776523113251,0,-0.0,0
528,0,0,0.4394771158695221,0,-0.0,0
528,0,0,0.4394766092300415,0,-0.0,0
528,0,0,0.43947604298591614,0,-0.0,0
528,0,0,0.4394755959510803,0,-0.0,0
528,0,0,0.4394751787185669,0,-0.0,0
528,0,0,0.4394746720790863,0,-0.0,0
528,0,0,0.4394741952419281,0,-0.0,0
528,0,0,0.4394737482070923,0,-0.0,0
528,0,0,0.4394732713699341,0,-0.0,0
528,0,0,0.43947291374206543,0,-0.0,0
528,0,0,0.43947240710258484,0,-0.0,0
528,0,0,0.4394719898700714,0,-0.0,0
528,0,0,0.4394715428352356,0,-0.0,0
528,0,0,0.43947115540504456,0,-0.0,0
528,0,0,0.43947073817253113,0,-0.0,0
528,0,0,0.4394703209400177,0,-0.0,0
528,0,0,0.43946996331214905,0,-0.0,0
528,0,0,0.4394695460796356,0,-0.0,0
528,0,0,0.4394691288471222,0,-0.0,0
528,0,0,0.43946877121925354,0,-0.0,0
528,0,0,0.4394684135913849,0,-0.0,0
528,0,0,0.43946802616119385,0,-0.0,0
528,0,0,0.4394676685333252,0,-0.0,0
528,0,0,0.43946731090545654,0,-0.0,0
528,0,0,0.4394669234752655,0,-0.0,0
528,0,0,0.43946656584739685,0,-0.0,0
528,0,0,0.4394662380218506,0,-0.0,0
528,0,0,0.4394659101963043,0,-0.0,0
528,0,0,0.4394656717777252,0,-0.0,0
528,0,0,0.43946564197540283,0,-0.0,0
528,0,0,0.4394654631614685,0,-0.0,0
528,0,0,0.43946540355682373,0,-0.0,0
528,0,0,0.43946537375450134,0,-0.0,0
528,0,0,0.4394652247428894,0,-0.0,0
528,0,0,0.43946516513824463,0,-0.0,0
528,0,0,0.43946507573127747,0,-0.0,0
528,0,0,0.4394649565219879,0,-0.0,0
528,0,0,0.43946486711502075,0,-0.0,0
528,0,0,0.439464807510376,0,-0.0,0
528,0,0,0.43946465849876404,0,-0.0,0
528,0,0,0.43946462869644165,0,-0.0,0
528,0,0,0.4394644796848297,0,-0.0,0
528,0,0,0.43946439027786255,0,-0.0,0
528,0,0,0.4394643008708954,0,-0.0,0
528,0,0,0.439464271068573,0,-0.0,0
528,0,0,0.43946415185928345,0,-0.0,0
528,0,0,0.4394640624523163,0,-0.0,0
528,0,0,0.43946394324302673,0,-0.0,0
528,0,0,0.43946385383605957,0,-0.0,0
528,0,0,0.43946370482444763,0,-0.0,0
528,0,0,0.43946361541748047,0,-0.0,0
528,0,0,0.4394635260105133,0,-0.0,0
528,0,0,0.43946343660354614,0,-0.0,0
528,0,0,0.439463347196579,0,-0.0,0
528,0,0,0.4394632577896118,0,-0.0,0
528,0,0,0.43946313858032227,0,-0.0,0
528,0,0,0.4394630491733551,0,-0.0,0
528,0,0,0.43946292996406555,0,-0.0,0
528,0,0,0.4394628703594208,0,-0.0,0
528,0,0,0.43946269154548645,0,-0.0,0
528,0,0,0.4394626319408417,0,-0.0,0
528,0,0,0.4394625425338745,0,-0.0,0
528,0,0,0.43946242332458496,0,-0.0,0
528,0,0,0.4394623637199402,0,-0.0,0
528,0,0,0.439462274312973,0,-0.0,0
528,0,0,0.4394621253013611,0,-0.0,0
528,0,0,0.4394620358943939,0,-0.0,0
528,0,0,0.43946194648742676,0,-0.0,0
528,0,0,0.4394618570804596,0,-0.0,0
528,0,0,0.43946176767349243,0,-0.0,0
528,0,0,0.43946167826652527,0,-0.0,0
528,0,0,0.4394615888595581,0,-0.0,0
528,0,0,0.43946149945259094,0,-0.0,0
528,0,0,0.4394614100456238,0,-0.0,0
528,0,0,0.4394613206386566,0,-0.0,0
528,0,0,0.43946123123168945,0,-0.0,0
528,0,0,0.4394611120223999,0,-0.0,0
528,0,0,0.43946102261543274,0,-0.0,0
528,0,0,0.4394609332084656,0,-0.0,0
528,0,0,0.4394608438014984,0,-0.0,0
528,0,0,0.43946075439453125,0,-0.0,0
528,0,0,0.4394606649875641,0,-0.0,0
528,0,0,0.4394605755805969,0,-0.0,0
528,0,0,0.43946048617362976,0,-0.0,0
528,0,0,0.439460426568985,0,-0.0,0
528,0,0,0.43946030735969543,0,-0.0,0
528,0,0,0.43946021795272827,0,-0.0,0
528,0,0,0.4394600987434387,0,-0.0,0
528,0,0,0.43946006894111633,0,-0.0,0
528,0,0,0.43945997953414917,0,-0.0,0
528,0,0,0.4394599199295044,0,-0.0,0
528,0,0,0.43945983052253723,0,-0.0,0
528,0,0,0.43945974111557007,0,-0.0,0
528,0,0,0.4394596517086029,0,-0.0,0
528,0,0,0.43945956230163574,0,-0.0,0
528,0,0,0.4394594728946686,0,-0.0,0
528,0,0,0.4394593834877014,0,-0.0,0
528,0,0,0.43945929408073425,0,-0.0,0
528,0,0,0.4394592046737671,0,-0.0,0
528,0,0,0.43945908546447754,0,-0.0,0
528,0,0,0.4394589960575104,0,-0.0,0
528,0,0,0.439458966255188,0,-0.0,0
528,0,0,0.43945881724357605,0,-0.0,0
528,0,0,0.43945878744125366,0,-0.0,0
528,0,0,0.4394586980342865,0,-0.0,0
528,0,0,0.4394586384296417,0,-0.0,0
528,0,0,0.43945854902267456,0,-0.0,0
528,0,0,0.4394584596157074,0,-0.0,0
528,0,0,0.43945837020874023,0,-0.0,0
528,0,0,0.43945831060409546,0,-0.0,0
528,0,0,0.4394582211971283,0,-0.0,0
528,0,0,0.4394581913948059,0,-1.0,0
961,0,0,0.5448051691055298,1,0.6939290165901184,1
961,2,0,0.38213062286376953,0,0.5744879841804504,1
961,1,0,0.41050219535827637,0,0.5324869751930237,1
961,4,0,0.4596521258354187,0,0.6945300102233887,1
961,3,1,0.5478953123092651,1,0.8932999968528748,1
961,5,0,0.5846823453903198,1,0.7909770011901855,1
961,6,0,0.5921916365623474,1,0.9223989844322205,1
961,6,1,0.5856334567070007,1,0.830286979675293,1
961,0,1,0.4603666067123413,0,0.5645110011100769,1
961,1,1,0.4426693916320801,0,0.47409600019454956,0
961,2,0,0.40699344873428345,0,0.46952199935913086,0
961,3,1,0.8767723441123962,1,0.9256100058555603,1
961,4,1,0.5216912031173706,1,0.598488986492157,1
961,5,1,0.7649458646774292,1,0.7047439813613892,1
961,326,0,0.8255976438522339,1,0.5774880051612854,1
961,327,1,0.4763083755970001,0,0.7004860043525696,1
961,327,0,0.7547823190689087,1,0.775763988494873,1
961,327,0,0.521969735622406,1,0.6436010003089905,1
961,327,1,0.4458273947238922,0,0.5915380120277405,1
961,326,0,0.4780949354171753,0,0.49934399127960205,0
961,327,0,0.4700516164302826,0,0.6623560190200806,1
961,327,0,0.44599539041519165,0,0.5964440107345581,1
961,328,0,0.4775715470314026,0,0.4660010039806366,0
961,327,0,0.4434015154838562,0,0.5812150239944458,1
961,327,0,0.4435923397541046,0,0.5783780217170715,1
961,328,0,0.46673139929771423,0,0.39225101470947266,0
961,327,0,0.4435253441333771,0,0.5778729915618896,1
961,327,1,0.44334205985069275,0,0.5777829885482788,1
961,327,1,0.4583645761013031,0,0.6449980139732361,1
961,326,0,0.4494452178478241,0,0.42851999402046204,0
961,327,1,0.6727906465530396,1,0.7227920293807983,1
961,327,0,0.8333156108856201,1,0.7947670221328735,1
961,328,0,0.47417396306991577,0,0.3474459946155548,0
961,327,0,0.44664934277534485,0,0.6566010117530823,1
961,327,0,0.4435630738735199,0,0.5948820114135742,1
961,328,0,0.46722084283828735,0,0.3251720070838928,0
961,327,0,0.44358211755752563,0,0.5809140205383301,1
961,327,1,0.44354647397994995,0,0.578324019908905,1
961,337,0,0.46527761220932007,0,0.0,0
961,326,0,0.428989052772522,0,0.3810630142688751,0
961,327,0,0.4470711946487427,0,0.6456969976425171,1
961,327,0,0.443086713552475,0,0.5920600295066833,1
961,327,1,0.4434007406234741,0,0.5803769826889038,1
961,326,0,0.43188560009002686,0,0.35534098744392395,0
961,327,0,0.44868770241737366,0,0.6483340263366699,1
961,327,1,0.44323134422302246,0,0.5927259922027588,1
961,328,0,0.47936952114105225,0,0.31519800424575806,0
961,327,0,0.4527018964290619,0,0.6638190150260925,1
961,327,1,0.44371089339256287,0,0.5968499779701233,1
961,328,0,0.47766536474227905,0,0.31094300746917725,0
961,327,0,0.4556242823600769,0,0.6688460111618042,1
961,327,1,0.44415387511253357,0,0.5982720255851746,1
961,326,0,0.43618887662887573,0,0.3429810106754303,0
961,327,0,0.45778781175613403,0,0.6705629825592041,1
961,327,1,0.44430768489837646,0,0.5987669825553894,1
961,337,0,0.46600452065467834,0,0.0,0
961,326,0,0.4289981722831726,0,0.33738699555397034,0
961,327,0,0.45478472113609314,0,0.6711599826812744,1
961,327,1,0.4438028633594513,0,0.5989410281181335,1
961,328,0,0.4787127375602722,0,0.30916500091552734,0
961,327,0,0.4545273184776306,0,0.6713680028915405,1
961,327,0,0.444186806678772,0,0.5990009903907776,1
961,327,1,0.44377073645591736,0,0.5817130208015442,1
961,326,0,0.43203750252723694,0,0.33492299914360046,0
961,327,0,0.4492822289466858,0,0.6500409841537476,1
961,327,0,0.4436495006084442,0,0.593163013458252,1
961,328,0,0.46832796931266785,0,0.3084290027618408,0
961,327,1,0.4435918629169464,0,0.5805860161781311,1
961,327,0,0.4508832097053528,0,0.6486020088195801,1
961,326,1,0.4275473952293396,0,0.33385100960731506,0
961,327,1,0.44462287425994873,0,0.5927950143814087,1
961,327,0,0.4627632796764374,0,0.6639019846916199,1
961,326,1,0.4695567190647125,0,0.4224660098552704,0
961,329,0,0.46594515442848206,0,0.0,0
961,0,0,0.4497621953487396,0,-0.0,0
961,0,0,0.44363832473754883,0,-0.0,0
961,0,0,0.4431975781917572,0,-0.0,0
961,0,0,0.4428592920303345,0,-0.0,0
961,0,0,0.44256776571273804,0,-0.0,0
961,0,0,0.44229722023010254,0,-0.0,0
961,0,0,0.4420838952064514,0,-0.0,0
961,0,0,0.4419166147708893,0,-0.0,0
961,0,0,0.44178104400634766,0,-0.0,0
961,0,0,0.441662460565567,0,-0.0,0
961,0,0,0.4415558874607086,0,-0.0,0
961,0,0,0.4414637088775635,0,-0.0,0
961,0,0,0.44138553738594055,0,-0.0,0
961,0,0,0.44131800532341003,0,-0.0,0
961,0,0,0.4412587583065033,0,-0.0,0
961,0,0,0.441205769777298,0,-0.0,0
961,0,0,0.44115757942199707,0,-0.0,0
961,0,0,0.4411132335662842,0,-0.0,0
961,0,0,0.4410720467567444,0,-0.0,0
961,0,0,0.44103410840034485,0,-0.0,0
961,0,0,0.4409991502761841,0,-0.0,0
961,0,0,0.4409666955471039,0,-0.0,0
961,0,0,0.44093623757362366,0,-0.0,0
961,0,0,0.44090771675109863,0,-0.0,0
961,0,0,0.44088131189346313,0,-0.0,0
961,0,0,0.4408559501171112,0,-0.0,0
961,0,0,0.4408322274684906,0,-0.0,0
961,0,0,0.4408096671104431,0,-0.0,0
961,0,0,0.44078826904296875,0,-0.0,0
961,0,0,0.440768301486969,0,-0.0,0
961,0,0,0.4407489001750946,0,-0.0,0
961,0,0,0.44073066115379333,0,-0.0,0
961,0,0,0.44071269035339355,0,-0.0,0
961,0,0,0.4406959116458893,0,-0.0,0
961,0,0,0.4406794309616089,0,-0.0,0
961,0,0,0.4406636953353882,0,-0.0,0
961,0,0,0.44064849615097046,0,-0.0,0
961,0,0,0.4406338930130005,0,-0.0,0
961,0,0,0.4406197965145111,0,-0.0,0
961,0,0,0.44060611724853516,0,-0.0,0
961,0,0,0.4405929744243622,0,-0.0,0
961,0,0,0.440580278635025,0,-0.0,0
961,0,0,0.44056788086891174,0,-0.0,0
961,0,0,0.4405559003353119,0,-0.0,0
961,0,0,0.4405442178249359,0,-0.0,0
961,0,0,0.44053298234939575,0,-0.0,0
961,0,0,0.4405219852924347,0,-0.0,0
961,0,0,0.44051119685173035,0,-0.0,0
961,0,0,0.4405006468296051,0,-0.0,0
961,0,0,0.4404902458190918,0,-0.0,0
961,0,0,0.4404803514480591,0,-0.0,0
961,0,0,0.44047054648399353,0,-0.0,0
961,0,0,0.4404609203338623,0,-0.0,0
961,0,0,0.44045162200927734,0,-0.0,0
961,0,0,0.44044235348701477,0,-0.0,0
961,0,0,0.44043368101119995,0,-0.0,0
961,0,0,0.44042497873306274,0,-0.0,0
961,0,0,0.44041651487350464,0,-0.0,0
961,0,0,0.44040820002555847,0,-0.0,0
961,0,0,0.440400093793869,0,-0.0,0
961,0,0,0.4403921067714691,0,-0.0,0
961,0,0,0.4403843283653259,0,-0.0,0
961,0,0,0.44037654995918274,0,-0.0,0
961,0,0,0.4403691589832306,0,-0.0,0
961,0,0,0.44036170840263367,0,-0.0,0
961,0,0,0.44035446643829346,0,-0.0,0
961,0,0,0.4403473436832428,0,-0.0,0
961,0,0,0.44034039974212646,0,-0.0,0
961,0,0,0.44033366441726685,0,-0.0,0
961,0,0,0.4403271973133087,0,-0.0,0
961,0,0,0.44032078981399536,0,-0.0,0
961,0,0,0.44031453132629395,0,-0.0,0
961,0,0,0.4403083622455597,0,-0.0,0
961,0,0,0.44030240178108215,0,-0.0,0
961,0,0,0.4402965009212494,0,-0.0,0
961,0,0,0.44029057025909424,0,-0.0,0
961,0,0,0.44028475880622864,0,-0.0,0
961,0,0,0.44027912616729736,0,-0.0,0
961,0,0,0.4402734637260437,0,-0.0,0
961,0,0,0.44026800990104675,0,-0.0,0
961,0,0,0.4402625560760498,0,-0.0,0
961,0,0,0.44025731086730957,0,-0.0,0
961,0,0,0.4402519464492798,0,-0.0,0
961,0,0,0.4402468204498291,0,-0.0,0
961,0,0,0.4402416944503784,0,-0.0,0
961,0,0,0.4402366876602173,0,-0.0,0
961,0,0,0.44023171067237854,0,-0.0,0
961,0,0,0.44022679328918457,0,-0.0,0
961,0,0,0.44022199511528015,0,-0.0,0
961,0,0,0.44021719694137573,0,-0.0,0
961,0,0,0.44021251797676086,0,-0.0,0
961,0,0,0.4402078092098236,0,-0.0,0
961,0,0,0.4402032494544983,0,-0.0,0
961,0,0,0.4401988089084625,0,-0.0,0
961,0,0,0.4401942789554596,0,-0.0,0
961,0,0,0.440189927816391,0,-0.0,0
961,0,0,0.440185546875,0,-0.0,0
961,0,0,0.44018134474754333,0,-0.0,0
961,0,0,0.44017699360847473,0,-0.0,0
961,0,0,0.44017285108566284,0,-0.0,0
961,0,0,0.4401687681674957,0,-0.0,0
961,0,0,0.440164715051651,0,-0.0,0
961,0,0,0.4401606321334839,0,-0.0,0
961,0,0,0.4401566684246063,0,-0.0,0
961,0,0,0.44015273451805115,0,-0.0,0
961,0,0,0.4401489198207855,0,-0.0,0
961,0,0,0.4401450753211975,0,-0.0,0
961,0,0,0.4401412606239319,0,-0.0,0
961,0,0,0.4401375651359558,0,-0.0,0
961,0,0,0.4401337504386902,0,-0.0,0
961,0,0,0.44013017416000366,0,-0.0,0
961,0,0,0.44012656807899475,0,-0.0,0
961,0,0,0.44012296199798584,0,-0.0,0
961,0,0,0.4401194453239441,0,-0.0,0
961,0,0,0.44011592864990234,0,-0.0,0
961,0,0,0.44011253118515015,0,-0.0,0
961,0,0,0.44010913372039795,0,-0.0,0
961,0,0,0.4401058554649353,0,-0.0,0
961,0,0,0.44010257720947266,0,-0.0,0
961,0,0,0.44009941816329956,0,-0.0,0
961,0,0,0.4400961697101593,0,-0.0,0
961,0,0,0.4400930404663086,0,-0.0,0
961,0,0,0.4400899410247803,0,-0.0,0
961,0,0,0.44008681178092957,0,-0.0,0
961,0,0,0.44008374214172363,0,-0.0,0
961,0,0,0.440080851316452,0,-1.0,0
760,0,0,0.5448212027549744,1,0.6939290165901184,1
760,1,1,0.4109843373298645,0,0.5324869751930237,1
760,2,1,0.4407329559326172,0,0.5744879841804504,1
760,3,1,0.9089590907096863,1,0.8932999968528748,1
760,4,1,0.8543696403503418,1,0.6945300102233887,1
760,5,1,0.9100748896598816,1,0.7909770011901855,1
760,6,1,0.9576518535614014,1,0.9223989844322205,1
760,6,0,0.9580966830253601,1,0.9310160279273987,1
760,0,1,0.5522878170013428,1,0.0,0
760,0,0,0.7225525379180908,1,-0.0,0
760,0,0,0.4827565848827362,0,-0.0,0
760,0,0,0.4431772530078888,0,-0.0,0
760,0,0,0.44000521302223206,0,-0.0,0
760,0,0,0.4399324059486389,0,-0.0,0
760,0,0,0.43986549973487854,0,-0.0,0
760,0,0,0.43981802463531494,0,-0.0,0
760,0,0,0.43978118896484375,0,-0.0,0
760,0,0,0.4397463798522949,0,-0.0,0
760,0,0,0.43971821665763855,0,-0.0,0
760,0,0,0.43969452381134033,0,-0.0,0
760,0,0,0.43967404961586,0,-0.0,0
760,0,0,0.4396554231643677,0,-0.0,0
760,0,0,0.43963903188705444,0,-0.0,0
760,0,0,0.43962588906288147,0,-0.0,0
760,0,0,0.43961527943611145,0,-0.0,0
760,0,0,0.439606249332428,0,-0.0,0
760,0,0,0.439598947763443,0,-0.0,0
760,0,0,0.4395926296710968,0,-0.0,0
760,0,0,0.43958672881126404,0,-0.0,0
760,0,0,0.43958142399787903,0,-0.0,0
760,0,0,0.43957677483558655,0,-0.0,0
760,0,0,0.4395723044872284,0,-0.0,0
760,0,0,0.439568430185318,0,-0.0,0
760,0,0,0.4395647644996643,0,-0.0,0
760,0,0,0.43956148624420166,0,-0.0,0
760,0,0,0.4395584762096405,0,-0.0,0
760,0,0,0.439555823802948,0,-0.0,0
760,0,0,0.43955329060554504,0,-0.0,0
760,0,0,0.4395506978034973,0,-0.0,0
760,0,0,0.4395483136177063,0,-0.0,0
760,0,0,0.43954604864120483,0,-0.0,0
760,0,0,0.439543753862381,0,-0.0,0
760,0,0,0.4395415484905243,0,-0.0,0
760,0,0,0.4395391345024109,0,-0.0,0
760,0,0,0.43953683972358704,0,-0.0,0
760,0,0,0.4395347237586975,0,-0.0,0
760,0,0,0.43953269720077515,0,-0.0,0
760,0,0,0.43953070044517517,0,-0.0,0
760,0,0,0.4395293891429901,0,-0.0,0
760,0,0,0.4395282566547394,0,-0.0,0
760,0,0,0.4395272433757782,0,-0.0,0
760,0,0,0.439526230096817,0,-0.0,0
760,0,0,0.43952521681785583,0,-0.0,0
760,0,0,0.4395243227481842,0,-0.0,0
760,0,0,0.4395234286785126,0,-0.0,0
760,0,0,0.43952256441116333,0,-0.0,0
760,0,0,0.4395217299461365,0,-0.0,0
760,0,0,0.4395209848880768,0,-0.0,0
760,0,0,0.4395201504230499,0,-0.0,0
760,0,0,0.4395194351673126,0,-0.0,0
760,0,0,0.4395187795162201,0,-0.0,0
760,0,0,0.4395180344581604,0,-0.0,0
760,0,0,0.4395173192024231,0,-0.0,0
760,0,0,0.43951666355133057,0,-0.0,0
760,0,0,0.4395160675048828,0,-0.0,0
760,0,0,0.4395153820514679,0,-0.0,0
760,0,0,0.43951478600502014,0,-0.0,0
760,0,0,0.4395141303539276,0,-0.0,0
760,0,0,0.43951353430747986,0,-0.0,0
760,0,0,0.43951287865638733,0,-0.0,0
760,0,0,0.43951234221458435,0,-0.0,0
760,0,0,0.439511775970459,0,-0.0,0
760,0,0,0.439511239528656,0,-0.0,0
760,0,0,0.43951064348220825,0,-0.0,0
760,0,0,0.43951013684272766,0,-0.0,0
760,0,0,0.4395095705986023,0,-0.0,0
760,0,0,0.43950900435447693,0,-0.0,0
760,0,0,0.4395085573196411,0,-0.0,0
760,0,0,0.43950799107551575,0,-0.0,0
760,0,0,0.43950754404067993,0,-0.0,0
760,0,0,0.4395070970058441,0,-0.0,0
760,0,0,0.4395066201686859,0,-0.0,0
760,0,0,0.43950608372688293,0,-0.0,0
760,0,0,0.4395056962966919,0,-0.0,0
760,0,0,0.4395052492618561,0,-0.0,0
760,0,0,0.4395047724246979,0,-0.0,0
760,0,0,0.43950432538986206,0,-0.0,0
760,0,0,0.43950390815734863,0,-0.0,0
760,0,0,0.4395034909248352,0,-0.0,0
760,0,0,0.43950313329696655,0,-0.0,0
760,0,0,0.4395027160644531,0,-0.0,0
760,0,0,0.4395022988319397,0,-0.0,0
760,0,0,0.43950191140174866,0,-0.0,0
760,0,0,0.43950146436691284,0,-0.0,0
760,0,0,0.4395011067390442,0,-0.0,0
760,0,0,0.4395007789134979,0,-0.0,0
760,0,0,0.43950045108795166,0,-0.0,0
760,0,0,0.43950027227401733,0,-0.0,0
760,0,0,0.43950000405311584,0,-0.0,0
760,0,0,0.43949976563453674,0,-0.0,0
760,0,0,0.43949952721595764,0,-0.0,0
760,0,0,0.43949928879737854,0,-0.0,0
760,0,0,0.4394990801811218,0,-0.0,0
760,0,0,0.4394988417625427,0,-0.0,0
760,0,0,0.4394986033439636,0,-0.0,0
760,0,0,0.4394984245300293,0,-0.0,0
760,0,0,0.4394981563091278,0,-0.0,0
760,0,0,0.4394979774951935,0,-0.0,0
760,0,0,0.43949776887893677,0,-0.0,0
760,0,0,0.4394975006580353,0,-0.0,0
760,0,0,0.43949732184410095,0,-0.0,0
760,0,0,0.4394971430301666,0,-0.0,0
760,0,0,0.4394969642162323,0,-0.0,0
760,0,0,0.4394967257976532,0,-0.0,0
760,0,0,0.4394964873790741,0,-0.0,0
760,0,0,0.43949630856513977,0,-0.0,0
760,0,0,0.43949612975120544,0,-0.0,0
760,0,0,0.43949589133262634,0,-0.0,0
760,0,0,0.43949565291404724,0,-0.0,0
760,0,0,0.4394955337047577,0,-0.0,0
760,0,0,0.4394952952861786,0,-0.0,0
760,0,0,0.43949511647224426,0,-0.0,0
760,0,0,0.43949493765830994,0,-0.0,0
760,0,0,0.4394947290420532,0,-0.0,0
760,0,0,0.4394945502281189,0,-0.0,0
760,0,0,0.43949437141418457,0,-0.0,0
760,0,0,0.43949419260025024,0,-0.0,0
760,0,0,0.4394940137863159,0,-0.0,0
760,0,0,0.4394938349723816,0,-0.0,0
760,0,0,0.4394936263561249,0,-0.0,0
760,0,0,0.43949344754219055,0,-0.0,0
760,0,0,0.4394932687282562,0,-0.0,0
760,0,0,0.4394931197166443,0,-0.0,0
760,0,0,0.43949294090270996,0,-0.0,0
760,0,0,0.43949270248413086,0,-0.0,0
760,0,0,0.4394925832748413,0,-0.0,0
760,0,0,0.439492404460907,0,-0.0,0
760,0,0,0.43949225544929504,0,-0.0,0
760,0,0,0.4394920766353607,0,-0.0,0
760,0,0,0.43949198722839355,0,-0.0,0
760,0,0,0.4394916892051697,0,-0.0,0
760,0,0,0.4394915699958801,0,-0.0,0
760,0,0,0.4394914209842682,0,-0.0,0
760,0,0,0.43949124217033386,0,-0.0,0
760,0,0,0.43949106335639954,0,-0.0,0
760,0,0,0.4394909143447876,0,-0.0,0
760,0,0,0.43949079513549805,0,-0.0,0
760,0,0,0.43949058651924133,0,-0.0,0
760,0,0,0.4394904673099518,0,-0.0,0
760,0,0,0.43949031829833984,0,-0.0,0
760,0,0,0.4394901394844055,0,-0.0,0
760,0,0,0.43949005007743835,0,-0.0,0
760,0,0,0.43948987126350403,0,-0.0,0
760,0,0,0.43948978185653687,0,-0.0,0
760,0,0,0.43948957324028015,0,-0.0,0
760,0,0,0.4394893944263458,0,-0.0,0
760,0,0,0.43948930501937866,0,-0.0,0
760,0,0,0.4394891560077667,0,-0.0,0
760,0,0,0.4394890367984772,0,-0.0,0
760,0,0,0.43948885798454285,0,-0.0,0
760,0,0,0.4394887685775757,0,-0.0,0
760,0,0,0.43948861956596375,0,-0.0,0
760,0,0,0.4394884705543518,0,-0.0,0
760,0,0,0.43948835134506226,0,-0.0,0
760,0,0,0.4394882023334503,0,-0.0,0
760,0,0,0.43948811292648315,0,-0.0,0
760,0,0,0.43948793411254883,0,-0.0,0
760,0,0,0.43948784470558167,0,-0.0,0
760,0,0,0.43948763608932495,0,-0.0,0
760,0,0,0.4394875466823578,0,-0.0,0
760,0,0,0.43948742747306824,0,-0.0,0
760,0,0,0.4394872784614563,0,-0.0,0
760,0,0,0.43948718905448914,0,-0.0,0
760,0,0,0.439487099647522,0,-0.0,0
760,0,0,0.43948692083358765,0,-0.0,0
760,0,0,0.4394868314266205,0,-0.0,0
760,0,0,0.43948662281036377,0,-0.0,0
760,0,0,0.4394865334033966,0,-0.0,0
760,0,0,0.43948644399642944,0,-0.0,0
760,0,0,0.4394862651824951,0,-0.0,0
760,0,0,0.43948617577552795,0,-0.0,0
760,0,0,0.4394860863685608,0,-0.0,0
760,0,0,0.43948590755462646,0,-0.0,0
760,0,0,0.4394858181476593,0,-0.0,0
760,0,0,0.43948572874069214,0,-0.0,0
760,0,0,0.4394855201244354,0,-0.0,0
760,0,0,0.43948543071746826,0,-0.0,0
760,0,0,0.4394853413105011,0,-0.0,0
760,0,0,0.43948522210121155,0,-0.0,0
760,0,0,0.4394850730895996,0,-0.0,0
760,0,0,0.43948498368263245,0,-0.0,0
760,0,0,0.4394848346710205,0,-0.0,0
760,0,0,0.43948474526405334,0,-0.0,0
760,0,0,0.4394846558570862,0,-0.0,0
760,0,0,0.43948450684547424,0,-0.0,0
760,0,0,0.4394844174385071,0,-0.0,0
760,0,0,0.43948429822921753,0,-0.0,0
760,0,0,0.43948420882225037,0,-0.0,0
760,0,0,0.4394840598106384,0,-0.0,0
760,0,0,0.43948397040367126,0,-1.0,0
44,0,1,0.5448399186134338,1,0.6939290165901184,1
44,1,0,0.7532820701599121,1,0.5324869751930237,1
44,2,1,0.40339574217796326,0,0.5744879841804504,1
44,3,1,0.862805187702179,1,0.8932999968528748,1
44,4,1,0.7790177464485168,1,0.6945300102233887,1
44,5,1,0.9097033143043518,1,0.7909770011901855,1
44,6,1,0.9572333097457886,1,0.9223989844322205,1
44,6,1,0.958050549030304,1,0.9310160279273987,1
44,0,1,0.786320149898529,1,0.7538800239562988,1
44,1,1,0.613903820514679,1,0.47409600019454956,0
44,2,0,0.7214409112930298,1,0.6703220009803772,1
44,4,1,0.6656987071037292,1,0.7610849738121033,1
44,3,1,0.948638916015625,1,0.9256100058555603,1
44,5,0,0.9154407978057861,1,0.8355249762535095,1
44,6,0,0.8790706992149353,1,0.9380519986152649,1
44,6,1,0.6577679514884949,1,0.8605120182037354,1
44,0,1,0.5067221522331238,1,0.8073019981384277,1
44,2,1,0.45340821146965027,0,0.5360720157623291,1
44,1,1,0.5672280788421631,1,0.5609340071678162,1
44,3,1,0.9458795785903931,1,0.9450510144233704,1
44,4,1,0.8500521779060364,1,0.8051180243492126,1
44,5,0,0.879081130027771,1,0.7701159715652466,1
44,6,1,0.9438579082489014,1,0.8763560056686401,1
44,6,1,0.9570134878158569,1,0.8910850286483765,1
44,0,0,0.7778074741363525,1,0.8482210040092468,1
44,2,1,0.48407307267189026,0,0.63229900598526,1
44,1,0,0.626997172832489,1,0.6398029923439026,1
44,3,1,0.8775947690010071,1,0.9561079740524292,1
44,4,1,0.8348705172538757,1,0.830249011516571,1
44,5,1,0.58124840259552,1,0.6828420162200928,1
44,6,1,0.9550403952598572,1,0.904308021068573,1
44,6,1,0.9572163820266724,1,0.9158120155334473,1
44,0,0,0.6074710488319397,1,0.6966170072555542,1
44,2,1,0.6952854990959167,1,0.7188360095024109,1
44,1,1,0.45560017228126526,0,0.5699449777603149,1
44,3,1,0.9478451609611511,1,0.9621959924697876,1
44,4,1,0.8558186888694763,1,0.843396008014679,1
44,5,1,0.9130157828330994,1,0.7672550082206726,1
44,6,1,0.9572680592536926,1,0.9255499839782715,1
44,6,1,0.9576245546340942,1,0.9336040019989014,1
44,0,1,0.47839590907096863,0,0.5656620264053345,1
44,1,1,0.7537027597427368,1,0.6466100215911865,1
44,2,1,0.7130533456802368,1,0.776872992515564,1
44,4,1,0.8538865447044373,1,0.8499630093574524,1
44,3,1,0.9485946297645569,1,0.9654889702796936,1
44,5,1,0.9156531691551208,1,0.8221960067749023,1
44,6,1,0.9575734734535217,1,0.9401389956474304,1
44,6,1,0.9577934741973877,1,0.9453579783439636,1
44,7,0,0.8210139274597168,1,0.7255330085754395,1
44,9,1,0.8025429248809814,1,0.8021690249443054,1
44,8,0,0.8838794231414795,1,0.0,0
44,0,0,0.6509204506874084,1,-0.0,0
44,0,0,0.4769330620765686,0,-0.0,0
44,0,0,0.44560331106185913,0,-0.0,0
44,0,0,0.4438553750514984,0,-0.0,0
44,0,0,0.44336211681365967,0,-0.0,0
44,0,0,0.443040132522583,0,-0.0,0
44,0,0,0.4428221583366394,0,-0.0,0
44,0,0,0.4426387548446655,0,-0.0,0
44,0,0,0.44251003861427307,0,-0.0,0
44,0,0,0.4423799216747284,0,-0.0,0
44,0,0,0.44226059317588806,0,-0.0,0
44,0,0,0.4421423673629761,0,-0.0,0
44,0,0,0.44203129410743713,0,-0.0,0
44,0,0,0.4419301152229309,0,-0.0,0
44,0,0,0.44183632731437683,0,-0.0,0
44,0,0,0.44174614548683167,0,-0.0,0
44,0,0,0.44166281819343567,0,-0.0,0
44,0,0,0.4415845274925232,0,-0.0,0
44,0,0,0.4415116012096405,0,-0.0,0
44,0,0,0.44144201278686523,0,-0.0,0
44,0,0,0.4413769841194153,0,-0.0,0
44,0,0,0.441317081451416,0,-0.0,0
44,0,0,0.44126665592193604,0,-0.0,0
44,0,0,0.4412195384502411,0,-0.0,0
44,0,0,0.44117558002471924,0,-0.0,0
44,0,0,0.4411337375640869,0,-0.0,0
44,0,0,0.44109421968460083,0,-0.0,0
44,0,0,0.4410568177700043,0,-0.0,0
44,0,0,0.4410197138786316,0,-0.0,0
44,0,0,0.44098448753356934,0,-0.0,0
44,0,0,0.4409509301185608,0,-0.0,0
44,0,0,0.4409187436103821,0,-0.0,0
44,0,0,0.44088807702064514,0,-0.0,0
44,0,0,0.44085821509361267,0,-0.0,0
44,0,0,0.44083136320114136,0,-0.0,0
44,0,0,0.44080567359924316,0,-0.0,0
44,0,0,0.44078168272972107,0,-0.0,0
44,0,0,0.44075891375541687,0,-0.0,0
44,0,0,0.4407367706298828,0,-0.0,0
44,0,0,0.4407157897949219,0,-0.0,0
44,0,0,0.44069555401802063,0,-0.0,0
44,0,0,0.44067591428756714,0,-0.0,0
44,0,0,0.44065749645233154,0,-0.0,0
44,0,0,0.44064030051231384,0,-0.0,0
44,0,0,0.44062313437461853,0,-0.0,0
44,0,0,0.4406070411205292,0,-0.0,0
44,0,0,0.4405922293663025,0,-0.0,0
44,0,0,0.4405779540538788,0,-0.0,0
44,0,0,0.44056451320648193,0,-0.0,0
44,0,0,0.440551221370697,0,-0.0,0
44,0,0,0.4405386447906494,0,-0.0,0
44,0,0,0.4405261278152466,0,-0.0,0
44,0,0,0.44051438570022583,0,-0.0,0
44,0,0,0.44050273299217224,0,-0.0,0
44,0,0,0.44049134850502014,0,-0.0,0
44,0,0,0.44048061966896057,0,-0.0,0
44,0,0,0.4404700696468353,0,-0.0,0
44,0,0,0.44045984745025635,0,-0.0,0
44,0,0,0.4404502809047699,0,-0.0,0
44,0,0,0.440440833568573,0,-0.0,0
44,0,0,0.4404316842556,0,-0.0,0
44,0,0,0.44042307138442993,0,-0.0,0
44,0,0,0.4404144287109375,0,-0.0,0
44,0,0,0.4404064416885376,0,-0.0,0
44,0,0,0.4403991103172302,0,-0.0,0
44,0,0,0.4403914511203766,0,-0.0,0
44,0,0,0.44038450717926025,0,-0.0,0
44,0,0,0.44037702679634094,0,-0.0,0
44,0,0,0.4403700828552246,0,-0.0,0
44,0,0,0.4403637647628784,0,-0.0,0
44,0,0,0.44035759568214417,0,-0.0,0
44,0,0,0.44035112857818604,0,-0.0,0
44,0,0,0.4403451979160309,0,-0.0,0
44,0,0,0.4403386414051056,0,-0.0,0
44,0,0,0.4403327405452728,0,-0.0,0
44,0,0,0.44032663106918335,0,-0.0,0
44,0,0,0.4403206706047058,0,-0.0,0
44,0,0,0.4403146505355835,0,-0.0,0
44,0,0,0.4403088688850403,0,-0.0,0
44,0,0,0.44030308723449707,0,-0.0,0
44,0,0,0.44029751420021057,0,-0.0,0
44,0,0,0.4402921497821808,0,-0.0,0
44,0,0,0.4402870535850525,0,-0.0,0
44,0,0,0.44028225541114807,0,-0.0,0
44,0,0,0.44027698040008545,0,-0.0,0
44,0,0,0.4402720332145691,0,-0.0,0
44,0,0,0.44026708602905273,0,-0.0,0
44,0,0,0.440262109041214,0,-0.0,0
44,0,0,0.44025740027427673,0,-0.0,0
44,0,0,0.44025278091430664,0,-0.0,0
44,0,0,0.4402480721473694,0,-0.0,0
44,0,0,0.44024357199668884,0,-0.0,0
44,0,0,0.44023919105529785,0,-0.0,0
44,0,0,0.440234899520874,0,-0.0,0
44,0,0,0.44023069739341736,0,-0.0,0
44,0,0,0.4402264356613159,0,-0.0,0
44,0,0,0.44022247195243835,0,-0.0,0
44,0,0,0.4402184784412384,0,-0.0,0
44,0,0,0.44021451473236084,0,-0.0,0
44,0,0,0.44021081924438477,0,-0.0,0
44,0,0,0.44020721316337585,0,-0.0,0
44,0,0,0.4402035176753998,0,-0.0,0
44,0,0,0.4402000904083252,0,-0.0,0
44,0,0,0.44019654393196106,0,-0.0,0
44,0,0,0.44019317626953125,0,-0.0,0
44,0,0,0.44018983840942383,0,-0.0,0
44,0,0,0.4401865601539612,0,-0.0,0
44,0,0,0.4401834309101105,0,-0.0,0
44,0,0,0.440180242061615,0,-0.0,0
44,0,0,0.4401770830154419,0,-0.0,0
44,0,0,0.440173864364624,0,-0.0,0
44,0,0,0.4401703476905823,0,-0.0,0
44,0,0,0.4401668310165405,0,-0.0,0
44,0,0,0.44016340374946594,0,-0.0,0
44,0,0,0.4401600956916809,0,-0.0,0
44,0,0,0.4401567578315735,0,-0.0,0
44,0,0,0.4401535391807556,0,-0.0,0
44,0,0,0.44015011191368103,0,-0.0,0
44,0,0,0.44014689326286316,0,-0.0,0
44,0,0,0.44014373421669006,0,-0.0,0
44,0,0,0.4401405453681946,0,-0.0,0
44,0,0,0.44013750553131104,0,-0.0,0
44,0,0,0.4401344060897827,0,-0.0,0
44,0,0,0.44013145565986633,0,-0.0,0
44,0,0,0.44012850522994995,0,-0.0,0
44,0,0,0.4401254951953888,0,-0.0,0
44,0,0,0.44012269377708435,0,-0.0,0
44,0,0,0.44011980295181274,0,-0.0,0
44,0,0,0.4401170015335083,0,-0.0,0
44,0,0,0.44011417031288147,0,-0.0,0
44,0,0,0.44011130928993225,0,-0.0,0
44,0,0,0.4401087462902069,0,-0.0,0
44,0,0,0.44010600447654724,0,-0.0,0
44,0,0,0.44010329246520996,0,-0.0,0
44,0,0,0.44010069966316223,0,-0.0,0
44,0,0,0.44009801745414734,0,-0.0,0
44,0,0,0.4400954246520996,0,-0.0,0
44,0,0,0.44009295105934143,0,-0.0,0
44,0,0,0.44009044766426086,0,-0.0,0
44,0,0,0.4400879442691803,0,-0.0,0
44,0,0,0.4400854706764221,0,-0.0,0
44,0,0,0.4400829076766968,0,-0.0,0
44,0,0,0.44008052349090576,0,-0.0,0
44,0,0,0.44007816910743713,0,-0.0,0
44,0,0,0.44007566571235657,0,-0.0,0
44,0,0,0.44007328152656555,0,-0.0,0
44,0,0,0.4400709569454193,0,-0.0,0
44,0,0,0.4400685727596283,0,-0.0,0
44,0,0,0.4400663375854492,0,-1.0,0
677,0,0,0.5449998378753662,1,0.6939290165901184,1
677,2,0,0.38209831714630127,0,0.5744879841804504,1
677,1,0,0.41054385900497437,0,0.5324869751930237,1
677,5,0,0.4764992892742157,0,0.7909770011901855,1
677,4,0,0.45897072553634644,0,0.6945300102233887,1
677,3,1,0.547983705997467,1,0.8932999968528748,1
677,6,1,0.6987010836601257,1,0.9223989844322205,1
677,6,1,0.930953323841095,1,0.9310160279273987,1
677,0,1,0.5075832605361938,1,0.5645110011100769,1
677,1,1,0.4735260009765625,0,0.47409600019454956,0
677,2,0,0.4278799891471863,0,0.46952199935913086,0
677,4,1,0.49250540137290955,0,0.598488986492157,1
677,3,1,0.9469171166419983,1,0.9256100058555603,1
677,5,1,0.813643217086792,1,0.7047439813613892,1
677,6,1,0.9561406373977661,1,0.9380519986152649,1
677,6,1,0.9572251439094543,1,0.9436990022659302,1
677,0,0,0.7578842043876648,1,0.5998700261116028,1
677,2,0,0.39005887508392334,0,0.42422300577163696,0
677,1,0,0.4623848497867584,0,0.5609340071678162,1
677,3,1,0.8784963488578796,1,0.9450510144233704,1
677,4,0,0.8363434672355652,1,0.6802819967269897,1
677,5,0,0.5628011226654053,1,0.7827749848365784,1
677,6,1,0.714446485042572,1,0.9481719732284546,1
677,6,1,0.9325966238975525,1,0.9516760110855103,1
677,0,0,0.4493257403373718,0,0.5339630246162415,1
677,2,0,0.38143643736839294,0,0.4097749888896942,0
677,1,0,0.410062313079834,0,0.49493899941444397,0
677,3,1,0.9427894949913025,1,0.9561079740524292,1
677,4,0,0.4637303352355957,0,0.588267982006073,1
677,5,0,0.4801847040653229,0,0.6956310272216797,1
677,6,1,0.9538680911064148,1,0.954397976398468,1
677,6,1,0.9553285241127014,1,0.9564989805221558,1
677,0,1,0.44248437881469727,0,0.5199049711227417,1
677,1,1,0.41846275329589844,0,0.45017901062965393,0
677,2,1,0.38211941719055176,0,0.40563300251960754,0
677,4,0,0.5093472599983215,1,0.5392919778823853,1
677,3,1,0.9461964964866638,1,0.9621959924697876,1
677,5,0,0.4963330924510956,0,0.6291379928588867,1
677,6,1,0.9544981718063354,1,0.9581130146980286,1
677,6,1,0.9553220272064209,1,0.9593480229377747,1
677,0,1,0.625632643699646,1,0.5290200114250183,1
677,2,0,0.6107444167137146,1,0.4494439959526062,0
677,1,0,0.5145150423049927,1,0.5338670015335083,1
677,3,1,0.9171263575553894,1,0.9654889702796936,1
677,4,0,0.46415960788726807,0,0.521202027797699,1
677,5,0,0.48314806818962097,0,0.5994200110435486,1
677,6,1,0.9508326649665833,1,0.9602890014648438,1
677,6,1,0.95424884557724,1,0.9610059857368469,1
677,0,1,0.6746707558631897,1,0.5444689989089966,1
677,2,1,0.37972187995910645,0,0.4175260066986084,0
677,1,1,0.422603040933609,0,0.4750480055809021,0
677,3,1,0.9462921023368835,1,0.9672520160675049,1
677,4,1,0.49860072135925293,0,0.5154550075531006,1
677,5,0,0.6789202690124512,1,0.5893279910087585,1
677,6,1,0.9539621472358704,1,0.9615499973297119,1
677,6,1,0.9547693133354187,1,0.9619629979133606,1
677,0,1,0.7312688827514648,1,0.5694720149040222,1
677,1,1,0.6820758581161499,1,0.5619549751281738,1
677,2,0,0.5362094640731812,1,0.47084900736808777,0
677,4,1,0.787959098815918,1,0.586152970790863,1
677,3,1,0.9459778666496277,1,0.9681919813156128,1
677,5,1,0.5101957321166992,1,0.5862330198287964,1
677,6,1,0.953879714012146,1,0.9622759819030762,1
677,6,1,0.9550109505653381,1,0.9625130295753479,1
677,0,1,0.7465294599533081,1,0.6070640087127686,1
677,1,1,0.7215740084648132,1,0.6405850052833557,1
677,2,1,0.3958040773868561,0,0.42468300461769104,0
677,3,1,0.9472749829292297,1,0.9686909914016724,1
677,4,0,0.845249354839325,1,0.6679840087890625,1
677,5,1,0.6634543538093567,1,0.6849589943885803,1
677,6,1,0.9332647323608398,1,0.9626920223236084,1
677,6,1,0.9534463882446289,1,0.9628279805183411,1
677,0,1,0.7320441007614136,1,0.6577550172805786,1
677,2,0,0.6072189211845398,1,0.48315298557281494,0
677,1,0,0.6491004824638367,1,0.6933429837226868,1
677,3,1,0.9100488424301147,1,0.9689559936523438,1
677,4,0,0.5376752614974976,1,0.5801500082015991,1
677,5,0,0.8843694925308228,1,0.7687979936599731,1
677,6,1,0.8636504411697388,1,0.9629309773445129,1
677,6,1,0.9498074054718018,1,0.9630089998245239,1
677,0,1,0.6757275462150574,1,0.7169340252876282,1
677,1,0,0.43187886476516724,0,0.642848014831543,1
677,2,0,0.3821660876274109,0,0.429066002368927,0
677,4,1,0.4664686322212219,0,0.536001980304718,1
677,3,1,0.9436361193656921,1,0.9690960049629211,1
677,5,1,0.6271091103553772,1,0.6815919876098633,1
677,6,0,0.9536115527153015,1,0.9630669951438904,1
677,6,0,0.7823677659034729,1,0.9620069861412048,1
677,0,1,0.6141194105148315,1,0.7754359841346741,1
677,1,1,0.4297422468662262,0,0.5735039710998535,1
677,2,0,0.3851161599159241,0,0.41121000051498413,0
677,4,1,0.7070149779319763,1,0.6121600270271301,1
677,3,1,0.9423614144325256,1,0.9691699743270874,1
677,5,1,0.8931660056114197,1,0.7663390040397644,1
677,6,1,0.7855198979377747,1,0.9549909830093384,1
677,6,1,0.9464622735977173,1,0.9569560289382935,1
677,0,1,0.7418255805969238,1,0.8244919776916504,1
677,1,1,0.6852662563323975,1,0.6492409706115723,1
677,2,0,0.3845655918121338,0,0.40603598952293396,0
677,4,1,0.8345083594322205,1,0.6933320164680481,1
677,3,1,0.9458984732627869,1,0.9692100286483765,1
677,5,1,0.908835768699646,1,0.8216649889945984,1
677,6,1,0.9531448483467102,1,0.9584630131721497,1
677,6,1,0.9542553424835205,1,0.9596139788627625,1
677,0,1,0.754658043384552,1,0.860260009765625,1
677,1,1,0.7250373363494873,1,0.6983699798583984,1
677,2,0,0.38177385926246643,0,0.4045940041542053,0
677,4,0,0.8404012322425842,1,0.7602149844169617,1
677,3,0,0.8924013376235962,1,0.9692299962043762,1
677,5,0,0.7002562880516052,1,0.8516259789466858,1
677,6,1,0.8030881881713867,1,0.9604920148849487,1
677,6,1,0.9430460929870605,1,0.9611600041389465,1
677,0,1,0.6386967301368713,1,0.8837689757347107,1
677,1,1,0.6177605986595154,1,0.7245420217514038,1
677,2,0,0.3821537494659424,0,0.40419700741767883,0
677,4,0,0.5398328304290771,1,0.6613219976425171,1
677,3,1,0.7518411874771118,1,0.9689739942550659,1
677,5,1,0.5581051707267761,1,0.803400993347168,1
677,6,1,0.9498748779296875,1,0.961667001247406,1
677,6,1,0.9529603719711304,1,0.9620519876480103,1
677,0,1,0.732108473777771,1,0.8981829881668091,1
677,2,1,0.3879154622554779,0,0.40408799052238464,0
677,1,0,0.7091299295425415,1,0.737034022808075,1
677,3,1,0.9176304936408997,1,0.9691060185432434,1
677,4,0,0.5449212789535522,1,0.5759999752044678,1
677,5,0,0.8377742171287537,1,0.8421919941902161,1
677,6,1,0.8984224200248718,1,0.9623429775238037,1
677,6,1,0.9495231509208679,1,0.9625639915466309,1
677,0,1,0.6805195808410645,1,0.9066479802131653,1
677,2,1,0.509010910987854,1,0.4465709924697876,0
677,1,1,0.44701212644577026,0,0.7243360280990601,1
677,3,1,0.9431359767913818,1,0.9691749811172485,1
677,4,0,0.5119670629501343,1,0.5343679785728455,1
677,5,0,0.5676479339599609,1,0.7830740213394165,1
677,6,1,0.9519497752189636,1,0.9627310037612915,1
677,6,0,0.9531209468841553,1,0.0,0
677,0,0,0.6384305357933044,1,-0.0,0
677,0,0,0.4551243484020233,0,-0.0,0
677,0,0,0.44700801372528076,0,-0.0,0
677,0,0,0.4456196427345276,0,-0.0,0
677,0,0,0.445022851228714,0,-0.0,0
677,0,0,0.4447019100189209,0,-0.0,0
677,0,0,0.4444692134857178,0,-0.0,0
677,0,0,0.4442785382270813,0,-0.0,0
677,0,0,0.4441033601760864,0,-0.0,0
677,0,0,0.4439615309238434,0,-0.0,0
677,0,0,0.44381576776504517,0,-0.0,0
677,0,0,0.4436904489994049,0,-0.0,0
677,0,0,0.443586528301239,0,-0.0,0
677,0,0,0.4435025751590729,0,-0.0,0
677,0,0,0.44342121481895447,0,-0.0,0
677,0,0,0.44334617257118225,0,-0.0,0
677,0,0,0.4432751536369324,0,-0.0,0
677,0,0,0.4432085454463959,0,-0.0,0
677,0,0,0.44314756989479065,0,-0.0,0
677,0,0,0.4430882930755615,0,-0.0,0
677,0,0,0.443033367395401,0,-0.0,0
677,0,0,0.4429812729358673,0,-0.0,0
677,0,0,0.4429314136505127,0,-0.0,0
677,0,0,0.44288113713264465,0,-0.0,0
677,0,0,0.44283246994018555,0,-0.0,0
677,0,0,0.44278454780578613,0,-0.0,0
677,0,0,0.4427301287651062,0,-0.0,0
677,0,0,0.4426765739917755,0,-0.0,0
677,0,0,0.4426255226135254,0,-0.0,0
677,0,0,0.4425778388977051,0,-0.0,0
677,0,0,0.44253918528556824,0,-0.0,0
677,0,0,0.44250237941741943,0,-0.0,0
677,0,0,0.4424664378166199,0,-0.0,0
677,0,0,0.44243165850639343,0,-0.0,0
677,0,0,0.4423983097076416,0,-0.0,0
677,0,0,0.4423663020133972,0,-0.0,0
677,0,0,0.4423345625400543,0,-0.0,0
677,0,0,0.44230490922927856,0,-0.0,0
677,0,0,0.44227632880210876,0,-0.0,0
677,0,0,0.44224780797958374,0,-0.0,0
677,0,0,0.4422197639942169,0,-0.0,0
677,0,0,0.44219309091567993,0,-0.0,0
677,0,0,0.4421660602092743,0,-0.0,0
677,0,0,0.44214004278182983,0,-0.0,0
677,0,0,0.4421146810054779,0,-0.0,0
677,0,0,0.44208914041519165,0,-0.0,0
677,0,0,0.44206473231315613,0,-0.0,0
677,0,0,0.44204115867614746,0,-0.0,0
677,0,0,0.4420170187950134,0,-0.0,0
677,0,0,0.44199419021606445,0,-0.0,0
677,0,0,0.4419724941253662,0,-0.0,0
677,0,0,0.4419507086277008,0,-0.0,0
677,0,0,0.4419296681880951,0,-0.0,0
677,0,0,0.4419093132019043,0,-0.0,0
677,0,0,0.4418877959251404,0,-0.0,0
677,0,0,0.44186651706695557,0,-0.0,0
677,0,0,0.44184571504592896,0,-0.0,0
677,0,0,0.4418245553970337,0,-0.0,0
677,0,0,0.4418047070503235,0,-0.0,0
677,0,0,0.44178506731987,0,-0.0,0
677,0,0,0.44176506996154785,0,-0.0,0
677,0,0,0.4417465627193451,0,-0.0,0
677,0,0,0.441728413105011,0,-0.0,0
677,0,0,0.4417107403278351,0,-1.0,0
51,0,0,0.5448524951934814,1,0.6939290165901184,1
51,2,1,0.3821249306201935,0,0.5744879841804504,1
51,1,1,0.4475805163383484,0,0.5324869751930237,1
51,3,1,0.9216984510421753,1,0.8932999968528748,1
51,4,1,0.8550516366958618,1,0.6945300102233887,1
51,5,1,0.9100174307823181,1,0.7909770011901855,1
51,6,1,0.9576413631439209,1,0.9223989844322205,1
51,6,1,0.9580883979797363,1,0.9310160279273987,1
51,0,1,0.6490206718444824,1,0.5645110011100769,1
51,2,1,0.7242460250854492,1,0.6703220009803772,1
51,1,1,0.7508290410041809,1,0.6168000102043152,1
51,3,1,0.9497462511062622,1,0.9256100058555603,1
51,4,1,0.860111653804779,1,0.7610849738121033,1
51,5,1,0.9157148003578186,1,0.8355249762535095,1
51,6,0,0.9581639766693115,1,0.9380519986152649,1
51,6,1,0.8302432298660278,1,0.8605120182037354,1
51,0,0,0.6411266922950745,1,0.5998700261116028,1
51,2,1,0.4445950984954834,0,0.7461820244789124,1
51,1,0,0.640739917755127,1,0.678803026676178,1
51,3,1,0.8601728081703186,1,0.9450510144233704,1
51,4,1,0.8374319076538086,1,0.8051180243492126,1
51,5,1,0.9132077693939209,1,0.8585109710693359,1
51,6,0,0.9565624594688416,1,0.8763560056686401,1
51,6,1,0.8023852705955505,1,0.7857419848442078,1
51,0,1,0.5646044015884399,1,0.5339630246162415,1
51,2,1,0.6160579323768616,1,0.7924140095710754,1
51,1,1,0.5409151315689087,1,0.6206449866294861,1
51,3,1,0.9463530778884888,1,0.9561079740524292,1
51,4,1,0.8540071249008179,1,0.830249011516571,1
51,5,1,0.9144187569618225,1,0.8694379925727844,1
51,6,1,0.9565891027450562,1,0.7988309860229492,1
51,6,1,0.9575977325439453,1,0.8134490251541138,1
51,0,0,0.7829892039299011,1,0.5526260137557983,1
51,2,1,0.6259153485298157,1,0.8162469863891602,1
51,1,1,0.7024839520454407,1,0.6812300086021423,1
51,3,1,0.9486574530601501,1,0.9621959924697876,1
51,4,1,0.856400191783905,1,0.843396008014679,1
51,5,1,0.9149167537689209,1,0.8744300007820129,1
51,6,1,0.957477867603302,1,0.8292199969291687,1
51,6,1,0.9578190445899963,1,0.8456119894981384,1
51,0,1,0.6194291710853577,1,0.5234649777412415,1
51,2,1,0.7187269330024719,1,0.8274800181388855,1
51,1,1,0.7560723423957825,1,0.7158399820327759,1
51,3,1,0.9492172598838806,1,0.9654889702796936,1
51,4,1,0.8591300249099731,1,0.8499630093574524,1
51,5,1,0.91578209400177,1,0.8766689896583557,1
51,6,1,0.9577972888946533,1,0.8619999885559082,1
51,6,1,0.9579706788063049,1,0.8777620196342468,1
51,0,1,0.7882508635520935,1,0.5351189970970154,1
51,2,1,0.7222985029220581,1,0.832548975944519,1
51,1,1,0.7607646584510803,1,0.7329819798469543,1
51,3,1,0.9492166042327881,1,0.9672520160675049,1
51,4,1,0.8597623705863953,1,0.8531659841537476,1
51,5,1,0.9159939885139465,1,0.8776649832725525,1
51,6,1,0.957895040512085,1,0.8923670053482056,1
51,6,1,0.9580686688423157,1,0.9054380059242249,1
51,7,1,0.8270165324211121,1,0.7255330085754395,1
51,8,1,0.9005976915359497,1,0.8739780187606812,1
51,9,1,0.8889254331588745,1,0.8021690249443054,1
51,12,1,0.9464865326881409,1,0.9291480183601379,1
51,10,1,0.875203549861908,1,0.5817549824714661,1
51,11,1,0.8746789693832397,1,0.6359530091285706,1
51,13,1,0.8343952894210815,1,0.6097490191459656,1
51,6,1,0.9580399394035339,1,0.9167789816856384,1
51,14,0,0.8456435203552246,1,0.6390529870986938,1
51,7,1,0.7326344847679138,1,0.7869089841842651,1
51,8,1,0.8927140235900879,1,0.8866220116615295,1
51,9,1,0.8849014043807983,1,0.8257089853286743,1
51,12,0,0.9458463191986084,1,0.9554799795150757,1
51,11,1,0.8170720934867859,1,0.8118699789047241,1
51,10,0,0.8631479740142822,1,0.7268940210342407,1
51,13,0,0.6997646689414978,1,0.7168639898300171,1
51,6,1,0.8862727880477905,1,0.9263579845428467,1
51,14,0,0.6320281624794006,1,0.5393289923667908,1
51,7,1,0.7277995944023132,1,0.8356389999389648,1
51,8,1,0.8872567415237427,1,0.8973919749259949,1
51,9,1,0.877699613571167,1,0.844232976436615,1
51,12,1,0.9316051602363586,1,0.9236289858818054,1
51,10,1,0.7888087034225464,1,0.6675990223884583,1
51,11,1,0.8698456883430481,1,0.877830982208252,1
51,13,1,0.734097421169281,1,0.6011379957199097,1
51,6,1,0.9564646482467651,1,0.9342650175094604,1
51,14,1,0.6268019080162048,1,0.0,0
51,0,0,0.7829071283340454,1,-0.0,0
51,0,0,0.5366861820220947,1,-0.0,0
51,0,0,0.4519951045513153,0,-0.0,0
51,0,0,0.4478916823863983,0,-0.0,0
51,0,0,0.4471953213214874,0,-0.0,0
51,0,0,0.44673797488212585,0,-0.0,0
51,0,0,0.44636258482933044,0,-0.0,0
51,0,0,0.44611018896102905,0,-0.0,0
51,0,0,0.4458823800086975,0,-0.0,0
51,0,0,0.44567108154296875,0,-0.0,0
51,0,0,0.4454871118068695,0,-0.0,0
51,0,0,0.445322722196579,0,-0.0,0
51,0,0,0.44516804814338684,0,-0.0,0
51,0,0,0.44500505924224854,0,-0.0,0
51,0,0,0.4448240101337433,0,-0.0,0
51,0,0,0.44464799761772156,0,-0.0,0
51,0,0,0.44448286294937134,0,-0.0,0
51,0,0,0.4443233907222748,0,-0.0,0
51,0,0,0.44416412711143494,0,-0.0,0
51,0,0,0.44401633739471436,0,-0.0,0
51,0,0,0.4438784122467041,0,-0.0,0
51,0,0,0.4437527656555176,0,-0.0,0
51,0,0,0.44363513588905334,0,-0.0,0
51,0,0,0.44352108240127563,0,-0.0,0
51,0,0,0.443419486284256,0,-0.0,0
51,0,0,0.44333240389823914,0,-0.0,0
51,0,0,0.4432496726512909,0,-0.0,0
51,0,0,0.4431746304035187,0,-0.0,0
51,0,0,0.44310614466667175,0,-0.0,0
51,0,0,0.4430401027202606,0,-0.0,0
51,0,0,0.4429786205291748,0,-0.0,0
51,0,0,0.4429250955581665,0,-0.0,0
51,0,0,0.4428793489933014,0,-0.0,0
51,0,0,0.44283661246299744,0,-0.0,0
51,0,0,0.4427882730960846,0,-0.0,0
51,0,0,0.44273704290390015,0,-0.0,0
51,0,0,0.44268807768821716,0,-0.0,0
51,0,0,0.44264304637908936,0,-0.0,0
51,0,0,0.4425975978374481,0,-0.0,0
51,0,0,0.4425467550754547,0,-0.0,0
51,0,0,0.442496657371521,0,-0.0,0
51,0,0,0.44244909286499023,0,-0.0,0
51,0,0,0.44240278005599976,0,-0.0,0
51,0,0,0.4423588216304779,0,-0.0,0
51,0,0,0.4423166513442993,0,-0.0,0
51,0,0,0.44227495789527893,0,-0.0,0
51,0,0,0.44223475456237793,0,-0.0,0
51,0,0,0.44219616055488586,0,-0.0,0
51,0,0,0.44215822219848633,0,-0.0,0
51,0,0,0.44212111830711365,0,-0.0,0
51,0,0,0.4420855641365051,0,-0.0,0
51,0,0,0.4420510232448578,0,-0.0,0
51,0,0,0.44201675057411194,0,-0.0,0
51,0,0,0.44198399782180786,0,-0.0,0
51,0,0,0.4419519305229187,0,-0.0,0
51,0,0,0.4419201612472534,0,-0.0,0
51,0,0,0.4418897032737732,0,-0.0,0
51,0,0,0.44186028838157654,0,-0.0,0
51,0,0,0.4418298006057739,0,-0.0,0
51,0,0,0.4417998194694519,0,-0.0,0
51,0,0,0.44177043437957764,0,-0.0,0
51,0,0,0.4417420029640198,0,-0.0,0
51,0,0,0.4417138993740082,0,-0.0,0
51,0,0,0.44168925285339355,0,-0.0,0
51,0,0,0.4416644871234894,0,-0.0,0
51,0,0,0.4416409730911255,0,-0.0,0
51,0,0,0.4416181743144989,0,-0.0,0
51,0,0,0.4415954053401947,0,-0.0,0
51,0,0,0.44157326221466064,0,-0.0,0
51,0,0,0.4415515959262848,0,-0.0,0
51,0,0,0.4415307343006134,0,-0.0,0
51,0,0,0.4415101110935211,0,-0.0,0
51,0,0,0.4414902627468109,0,-0.0,0
51,0,0,0.441470742225647,0,-0.0,0
51,0,0,0.44145169854164124,0,-0.0,0
51,0,0,0.44143328070640564,0,-0.0,0
51,0,0,0.4414147138595581,0,-0.0,0
51,0,0,0.4413965046405792,0,-0.0,0
51,0,0,0.4413788318634033,0,-0.0,0
51,0,0,0.44136202335357666,0,-0.0,0
51,0,0,0.44134634733200073,0,-0.0,0
51,0,0,0.4413303732872009,0,-0.0,0
51,0,0,0.44131508469581604,0,-0.0,0
51,0,0,0.4412998855113983,0,-0.0,0
51,0,0,0.4412849545478821,0,-0.0,0
51,0,0,0.4412705600261688,0,-0.0,0
51,0,0,0.44125616550445557,0,-0.0,0
51,0,0,0.4412418603897095,0,-0.0,0
51,0,0,0.4412279427051544,0,-0.0,0
51,0,0,0.44121456146240234,0,-0.0,0
51,0,0,0.441201388835907,0,-0.0,0
51,0,0,0.4411882162094116,0,-0.0,0
51,0,0,0.44117531180381775,0,-0.0,0
51,0,0,0.4411627948284149,0,-0.0,0
51,0,0,0.44115033745765686,0,-0.0,0
51,0,0,0.4411380887031555,0,-0.0,0
51,0,0,0.44112613797187805,0,-0.0,0
51,0,0,0.441114217042923,0,-0.0,0
51,0,0,0.4411027431488037,0,-0.0,0
51,0,0,0.4410910904407501,0,-0.0,0
51,0,0,0.4410798251628876,0,-0.0,0
51,0,0,0.44106873869895935,0,-0.0,0
51,0,0,0.44105780124664307,0,-0.0,0
51,0,0,0.4410471022129059,0,-0.0,0
51,0,0,0.44103655219078064,0,-0.0,0
51,0,0,0.44102635979652405,0,-0.0,0
51,0,0,0.4410160183906555,0,-0.0,0
51,0,0,0.4410061836242676,0,-0.0,0
51,0,0,0.4409962594509125,0,-0.0,0
51,0,0,0.4409863352775574,0,-0.0,0
51,0,0,0.44097664952278137,0,-0.0,0
51,0,0,0.4409671425819397,0,-0.0,0
51,0,0,0.4409581124782562,0,-0.0,0
51,0,0,0.4409492611885071,0,-0.0,0
51,0,0,0.44094061851501465,0,-0.0,0
51,0,0,0.4409320056438446,0,-0.0,0
51,0,0,0.440923810005188,0,-1.0,0
268,53,0,0.8007397651672363,1,0.9092190265655518,1
268,54,1,0.4837193191051483,0,0.9419010281562805,1
268,56,1,0.5676361918449402,1,0.9040570259094238,1
268,58,1,0.8093218207359314,1,0.6571720242500305,1
268,53,1,0.7077885270118713,1,0.853646993637085,1
268,54,1,0.9021685123443604,1,0.9438440203666687,1
268,55,1,0.9122694730758667,1,0.8442310094833374,1
268,53,1,0.9004744291305542,1,0.8609139919281006,1
268,54,1,0.9037328958511353,1,0.9455940127372742,1
268,56,1,0.8908276557922363,1,0.9165400266647339,1
268,57,1,0.8872183561325073,1,0.6869810223579407,1
268,53,1,0.905267596244812,1,0.8685010075569153,1
268,54,1,0.9039521217346191,1,0.947163999080658,1
268,55,1,0.9169074892997742,1,0.8956329822540283,1
268,53,1,0.9063007235527039,1,0.8762850165367126,1
268,54,1,0.9041873216629028,1,0.9485689997673035,1
268,56,1,0.8921823501586914,1,0.9260929822921753,1
268,58,0,0.8941437602043152,1,0.6928020119667053,1
268,53,1,0.8365291357040405,1,0.8841320276260376,1
268,54,1,0.9006335139274597,1,0.9498209953308105,1
268,55,1,0.9154202342033386,1,0.9180349707603455,1
268,53,1,0.9060390591621399,1,0.8919020295143127,1
268,54,1,0.9039229154586792,1,0.9509350061416626,1
268,56,1,0.8915386199951172,1,0.9332290291786194,1
268,58,1,0.8130913376808167,1,0.0,0
268,0,0,0.7898635864257812,1,-0.0,0
268,0,0,0.5093351006507874,1,-0.0,0
268,0,0,0.44466543197631836,0,-0.0,0
268,0,0,0.44244202971458435,0,-0.0,0
268,0,0,0.44209837913513184,0,-0.0,0
268,0,0,0.4418361783027649,0,-0.0,0
268,0,0,0.44162648916244507,0,-0.0,0
268,0,0,0.4414514899253845,0,-0.0,0
268,0,0,0.4413143992424011,0,-0.0,0
268,0,0,0.44119665026664734,0,-0.0,0
268,0,0,0.44109416007995605,0,-0.0,0
268,0,0,0.44100165367126465,0,-0.0,0
268,0,0,0.4409198760986328,0,-0.0,0
268,0,0,0.4408486783504486,0,-0.0,0
268,0,0,0.4407842755317688,0,-0.0,0
268,0,0,0.44073012471199036,0,-0.0,0
268,0,0,0.4406881332397461,0,-0.0,0
268,0,0,0.44065341353416443,0,-0.0,0
268,0,0,0.4406217634677887,0,-0.0,0
268,0,0,0.44059333205223083,0,-0.0,0
268,0,0,0.4405657947063446,0,-0.0,0
268,0,0,0.4405410885810852,0,-0.0,0
268,0,0,0.4405171275138855,0,-0.0,0
268,0,0,0.44049522280693054,0,-0.0,0
268,0,0,0.44047486782073975,0,-0.0,0
268,0,0,0.4404555559158325,0,-0.0,0
268,0,0,0.44043779373168945,0,-0.0,0
268,0,0,0.4404204785823822,0,-0.0,0
268,0,0,0.440402626991272,0,-0.0,0
268,0,0,0.44038617610931396,0,-0.0,0
268,0,0,0.44037050008773804,0,-0.0,0
268,0,0,0.44035592675209045,0,-0.0,0
268,0,0,0.44034281373023987,0,-0.0,0
268,0,0,0.4403296411037445,0,-0.0,0
268,0,0,0.44031739234924316,0,-0.0,0
268,0,0,0.440306156873703,0,-0.0,0
268,0,0,0.4402957558631897,0,-0.0,0
268,0,0,0.44028544425964355,0,-0.0,0
268,0,0,0.44027531147003174,0,-0.0,0
268,0,0,0.4402647316455841,0,-0.0,0
268,0,0,0.440254807472229,0,-0.0,0
268,0,0,0.4402451813220978,0,-0.0,0
268,0,0,0.4402359426021576,0,-0.0,0
268,0,0,0.44022709131240845,0,-0.0,0
268,0,0,0.44021838903427124,0,-0.0,0
268,0,0,0.440210223197937,0,-0.0,0
268,0,0,0.4402022659778595,0,-0.0,0
268,0,0,0.4401945173740387,0,-0.0,0
268,0,0,0.4401870667934418,0,-0.0,0
268,0,0,0.4401799440383911,0,-0.0,0
268,0,0,0.44017302989959717,0,-0.0,0
268,0,0,0.440166175365448,0,-0.0,0
268,0,0,0.44015949964523315,0,-0.0,0
268,0,0,0.4401531219482422,0,-0.0,0
268,0,0,0.44014692306518555,0,-0.0,0
268,0,0,0.4401407837867737,0,-0.0,0
268,0,0,0.4401349723339081,0,-0.0,0
268,0,0,0.44012925028800964,0,-0.0,0
268,0,0,0.44012361764907837,0,-0.0,0
268,0,0,0.4401182532310486,0,-0.0,0
268,0,0,0.4401128888130188,0,-0.0,0
268,0,0,0.44010767340660095,0,-0.0,0
268,0,0,0.44010278582572937,0,-0.0,0
268,0,0,0.4400979280471802,0,-0.0,0
268,0,0,0.44009295105934143,0,-0.0,0
268,0,0,0.4400884211063385,0,-0.0,0
268,0,0,0.44008392095565796,0,-0.0,0
268,0,0,0.44007936120033264,0,-0.0,0
268,0,0,0.4400749206542969,0,-0.0,0
268,0,0,0.4400706887245178,0,-0.0,0
268,0,0,0.44006651639938354,0,-0.0,0
268,0,0,0.440062552690506,0,-0.0,0
268,0,0,0.4400585889816284,0,-0.0,0
268,0,0,0.440054714679718,0,-0.0,0
268,0,0,0.44005119800567627,0,-0.0,0
268,0,0,0.4400480091571808,0,-0.0,0
268,0,0,0.440044641494751,0,-0.0,0
268,0,0,0.44004151225090027,0,-0.0,0
268,0,0,0.4400383234024048,0,-0.0,0
268,0,0,0.44003406167030334,0,-0.0,0
268,0,0,0.4400298595428467,0,-0.0,0
268,0,0,0.4400257170200348,0,-0.0,0
268,0,0,0.4400215148925781,0,-0.0,0
268,0,0,0.4400176405906677,0,-0.0,0
268,0,0,0.4400136172771454,0,-0.0,0
268,0,0,0.4400096833705902,0,-0.0,0
268,0,0,0.44000595808029175,0,-0.0,0
268,0,0,0.4400021731853485,0,-0.0,0
268,0,0,0.43999844789505005,0,-0.0,0
268,0,0,0.43999484181404114,0,-0.0,0
268,0,0,0.439991295337677,0,-0.0,0
268,0,0,0.43998777866363525,0,-0.0,0
268,0,0,0.43998435139656067,0,-0.0,0
268,0,0,0.43998095393180847,0,-0.0,0
268,0,0,0.43997758626937866,0,-0.0,0
268,0,0,0.4399743974208832,0,-0.0,0
268,0,0,0.4399711489677429,0,-0.0,0
268,0,0,0.4399680197238922,0,-0.0,0
268,0,0,0.43996551632881165,0,-0.0,0
268,0,0,0.43996286392211914,0,-0.0,0
268,0,0,0.4399603009223938,0,-0.0,0
268,0,0,0.439957857131958,0,-0.0,0
268,0,0,0.439955472946167,0,-0.0,0
268,0,0,0.4399529695510864,0,-0.0,0
268,0,0,0.43995076417922974,0,-0.0,0
268,0,0,0.43994826078414917,0,-0.0,0
268,0,0,0.4399460554122925,0,-0.0,0
268,0,0,0.43994370102882385,0,-0.0,0
268,0,0,0.4399414360523224,0,-0.0,0
268,0,0,0.4399392306804657,0,-0.0,0
268,0,0,0.4399369955062866,0,-0.0,0
268,0,0,0.43993493914604187,0,-0.0,0
268,0,0,0.43993276357650757,0,-0.0,0
268,0,0,0.43993064761161804,0,-0.0,0
268,0,0,0.4399285316467285,0,-0.0,0
268,0,0,0.4399264454841614,0,-0.0,0
268,0,0,0.4399244487285614,0,-0.0,0
268,0,0,0.4399223327636719,0,-0.0,0
268,0,0,0.43992024660110474,0,-0.0,0
268,0,0,0.43991827964782715,0,-0.0,0
268,0,0,0.43991634249687195,0,-0.0,0
268,0,0,0.439914345741272,0,-0.0,0
268,0,0,0.4399123787879944,0,-0.0,0
268,0,0,0.4399104714393616,0,-0.0,0
268,0,0,0.439908504486084,0,-0.0,0
268,0,0,0.4399065673351288,0,-0.0,0
268,0,0,0.43990471959114075,0,-0.0,0
268,0,0,0.4399028718471527,0,-0.0,0
268,0,0,0.4399009346961975,0,-0.0,0
268,0,0,0.4398990869522095,0,-0.0,0
268,0,0,0.43989723920822144,0,-0.0,0
268,0,0,0.43989548087120056,0,-0.0,0
268,0,0,0.4398936927318573,0,-0.0,0
268,0,0,0.4398919641971588,0,-0.0,0
268,0,0,0.43989017605781555,0,-0.0,0
268,0,0,0.43988850712776184,0,-0.0,0
268,0,0,0.4398868978023529,0,-0.0,0
268,0,0,0.4398852288722992,0,-0.0,0
268,0,0,0.43988358974456787,0,-0.0,0
268,0,0,0.43988215923309326,0,-0.0,0
268,0,0,0.4398805797100067,0,-0.0,0
268,0,0,0.43987905979156494,0,-0.0,0
268,0,0,0.43987756967544556,0,-0.0,0
268,0,0,0.43987610936164856,0,-0.0,0
268,0,0,0.4398746192455292,0,-0.0,0
268,0,0,0.43987324833869934,0,-0.0,0
268,0,0,0.43987175822257996,0,-0.0,0
268,0,0,0.4398703873157501,0,-0.0,0
268,0,0,0.4398689866065979,0,-0.0,0
268,0,0,0.43986761569976807,0,-0.0,0
268,0,0,0.43986624479293823,0,-0.0,0
268,0,0,0.4398648142814636,0,-0.0,0
268,0,0,0.43986356258392334,0,-0.0,0
268,0,0,0.4398621618747711,0,-0.0,0
268,0,0,0.4398607909679413,0,-0.0,0
268,0,0,0.439859539270401,0,-0.0,0
268,0,0,0.43985825777053833,0,-0.0,0
268,0,0,0.43985697627067566,0,-0.0,0
268,0,0,0.4398556649684906,0,-0.0,0
268,0,0,0.4398544132709503,0,-0.0,0
268,0,0,0.4398532211780548,0,-0.0,0
268,0,0,0.43985193967819214,0,-0.0,0
268,0,0,0.43985074758529663,0,-0.0,0
268,0,0,0.43984952569007874,0,-0.0,0
268,0,0,0.4398483335971832,0,-0.0,0
268,0,0,0.43984708189964294,0,-0.0,0
268,0,0,0.4398459494113922,0,-0.0,0
268,0,0,0.4398447871208191,0,-0.0,0
268,0,0,0.43984368443489075,0,-0.0,0
268,0,0,0.4398425221443176,0,-0.0,0
268,0,0,0.4398414194583893,0,-0.0,0
268,0,0,0.43984031677246094,0,-0.0,0
268,0,0,0.43983912467956543,0,-0.0,0
268,0,0,0.43983808159828186,0,-0.0,0
268,0,0,0.43983688950538635,0,-1.0,0
1069,7,1,0.5301958322525024,1,0.7255330085754395,1
1069,9,1,0.8896157145500183,1,0.8021690249443054,1
1069,8,1,0.897711992263794,1,0.8739780187606812,1
1069,10,1,0.8776323199272156,1,0.5817549824714661,1
1069,11,1,0.8768845200538635,1,0.6359530091285706,1
1069,12,1,0.9465217590332031,1,0.9291480183601379,1
1069,13,1,0.8332308530807495,1,0.6097490191459656,1
1069,6,0,0.9584316611289978,1,0.9223989844322205,1
1069,14,1,0.6087677478790283,1,0.6390529870986938,1
1069,7,1,0.8125118017196655,1,0.7869089841842651,1
1069,8,1,0.901033341884613,1,0.8866220116615295,1
1069,9,1,0.8884676694869995,1,0.8257089853286743,1
1069,12,1,0.9465899467468262,1,0.9554799795150757,1
1069,10,1,0.8758378028869629,1,0.7268940210342407,1
1069,11,1,0.8762879371643066,1,0.8118699789047241,1
1069,13,1,0.8358680009841919,1,0.7168639898300171,1
1069,6,0,0.9548444151878357,1,0.830286979675293,1
1069,14,1,0.8041703104972839,1,0.7612800002098083,1
1069,7,1,0.8216503262519836,1,0.8356389999389648,1
1069,8,1,0.901681125164032,1,0.8973919749259949,1
1069,9,1,0.8894475698471069,1,0.844232976436615,1
1069,12,1,0.9468033909797668,1,0.9582819938659668,1
1069,10,1,0.8765588998794556,1,0.8253639936447144,1
1069,11,1,0.8763402700424194,1,0.877830982208252,1
1069,13,1,0.8366560339927673,1,0.7883920073509216,1
1069,6,0,0.9262090921401978,1,0.7653629779815674,1
1069,14,1,0.8474233150482178,1,0.8259239792823792,1
1069,7,1,0.8259835243225098,1,0.8692299723625183,1
1069,9,1,0.8904085159301758,1,0.8580849766731262,1
1069,8,0,0.9008563160896301,1,0.9063259959220886,1
1069,10,1,0.8237136006355286,1,0.8724520206451416,1
1069,11,1,0.8689663410186768,1,0.8957489728927612,1
1069,12,1,0.9459934234619141,1,0.9585719704627991,1
1069,13,0,0.8316715955734253,1,0.8253329992294312,1
1069,6,0,0.761099100112915,1,0.7502279877662659,1
1069,14,1,0.7019736170768738,1,0.8523780107498169,1
1069,7,1,0.7979604005813599,1,0.890192985534668,1
1069,8,1,0.8666488528251648,1,0.8372989892959595,1
1069,9,1,0.8842244148254395,1,0.8680509924888611,1
1069,12,1,0.9459671974182129,1,0.9586009979248047,1
1069,10,1,0.8741912245750427,1,0.8912129998207092,1
1069,11,1,0.8750747442245483,1,0.900160014629364,1
1069,13,1,0.713731050491333,1,0.7689549922943115,1
1069,6,0,0.8862828016281128,1,0.7478309869766235,1
1069,14,1,0.8429641723632812,1,0.862047016620636,1
1069,7,1,0.8221441507339478,1,0.9024739861488342,1
1069,8,1,0.9006391763687134,1,0.8535410165786743,1
1069,9,1,0.8887616395950317,1,0.8750249743461609,1
1069,12,1,0.9466742277145386,1,0.9586049914360046,1
1069,10,1,0.8759442567825317,1,0.8981350064277649,1
1069,11,1,0.8756848573684692,1,0.9012190103530884,1
1069,13,0,0.8332496285438538,1,0.8159739971160889,1
1069,6,0,0.763062596321106,1,0.7474780082702637,1
1069,14,1,0.7643621563911438,1,0.8654320240020752,1
1069,7,1,0.8052966594696045,1,0.9094030261039734,1
1069,9,1,0.8850700259208679,1,0.8798109889030457,1
1069,8,1,0.8984814286231995,1,0.8685410022735596,1
1069,10,1,0.8758542537689209,1,0.9006159901618958,1
1069,11,1,0.875163197517395,1,0.9014719724655151,1
1069,12,1,0.9463521242141724,1,0.9586049914360046,1
1069,13,1,0.6908931732177734,1,0.7466790080070496,1
1069,6,0,0.8828268051147461,1,0.7474259734153748,1
1069,14,1,0.8425537943840027,1,0.866599977016449,1
1069,7,1,0.8213539123535156,1,0.9132300019264221,1
1069,8,1,0.9006254076957703,1,0.8818950057029724,1
1069,9,0,0.8884463906288147,1,0.8830509781837463,1
1069,12,1,0.9306581020355225,1,0.9586049914360046,1
1069,10,1,0.8646479845046997,1,0.9014959931373596,1
1069,11,1,0.8719170689582825,1,0.901531994342804,1
1069,13,1,0.8248278498649597,1,0.8046500086784363,1
1069,6,0,0.8736670613288879,1,0.747418999671936,1
1069,14,1,0.8419622778892517,1,0.8670009970664978,1
1069,7,1,0.8197576403617859,1,0.9153180122375488,1
1069,9,1,0.850619912147522,1,0.8667330145835876,1
1069,8,1,0.8996636867523193,1,0.8934019804000854,1
1069,10,1,0.8763183355331421,1,0.9018070101737976,1
1069,11,1,0.8754163384437561,1,0.9015460014343262,1
1069,12,1,0.9464243650436401,1,0.9586049914360046,1
1069,13,0,0.8337891697883606,1,0.832813024520874,1
1069,6,0,0.8065848350524902,1,0.7474179863929749,1
1069,14,1,0.7810601592063904,1,0.8671380281448364,1
1069,7,1,0.8036093711853027,1,0.9164509773254395,1
1069,9,1,0.882588267326355,1,0.8741120100021362,1
1069,8,1,0.8978301882743835,1,0.9030410051345825,1
1069,10,1,0.8746991753578186,1,0.9019169807434082,1
1069,11,1,0.8745266199111938,1,0.9015499949455261,1
1069,12,1,0.9461608529090881,1,0.9586049914360046,1
1069,13,1,0.7133157253265381,1,0.7885550260543823,1
1069,6,0,0.9009302258491516,1,0.7474179863929749,1
1069,14,1,0.8406846523284912,1,0.8671849966049194,1
1069,7,1,0.8193987607955933,1,0.9170629978179932,1
1069,8,1,0.8999442458152771,1,0.9109269976615906,1
1069,9,1,0.8876267671585083,1,0.8791880011558533,1
1069,12,1,0.9463618397712708,1,0.9586049914360046,1
1069,10,1,0.8750701546669006,1,0.9019560217857361,1
1069,11,1,0.8749822378158569,1,0.9015510082244873,1
1069,13,1,0.8316189050674438,1,0.8254089951515198,1
1069,6,0,0.9145628213882446,1,0.7474179863929749,1
1069,14,1,0.8424012660980225,1,0.8672009706497192,1
1069,7,1,0.8208621740341187,1,0.9173930287361145,1
1069,9,1,0.8882772922515869,1,0.8826320171356201,1
1069,8,1,0.899538516998291,1,0.9172539710998535,1
1069,10,1,0.87639981508255,1,0.9019690155982971,1
1069,11,1,0.8753701448440552,1,0.9015510082244873,1
1069,12,1,0.9463746547698975,1,0.9586049914360046,1
1069,13,1,0.8340141177177429,1,0.8419359922409058,1
1069,6,0,0.9232556819915771,1,0.7474179863929749,1
1069,14,1,0.8419400453567505,1,0.8672059774398804,1
1069,7,1,0.8207470774650574,1,0.9175710082054138,1
1069,9,1,0.8882676959037781,1,0.8849440217018127,1
1069,8,1,0.8995453715324402,1,0.9222519993782043,1
1069,10,1,0.8764070272445679,1,0.9019740223884583,1
1069,11,1,0.8753679990768433,1,0.9015510082244873,1
1069,12,1,0.946371853351593,1,0.9586049914360046,1
1069,13,1,0.834425151348114,1,0.848878026008606,1
1069,6,0,0.9305620193481445,1,0.7474179863929749,1
1069,14,1,0.8409748673439026,1,0.8672080039978027,1
1069,7,1,0.8204612731933594,1,0.9176669716835022,1
1069,8,1,0.8999040126800537,1,0.9261509776115417,1
1069,9,1,0.8879749774932861,1,0.8864880204200745,1
1069,12,1,0.9463372826576233,1,0.9586049914360046,1
1069,10,1,0.8753008246421814,1,0.9019759893417358,1
1069,11,1,0.8750725388526917,1,0.9015510082244873,1
1069,13,1,0.8349219560623169,1,0.8517130017280579,1
1069,6,0,0.9353982210159302,1,0.7474179863929749,1
1069,14,1,0.8398582935333252,1,0.8672090172767639,1
1069,7,1,0.8202676177024841,1,0.9177190065383911,1
1069,8,1,0.8997642397880554,1,0.9291639924049377,1
1069,9,1,0.8879474997520447,1,0.8875129818916321,1
1069,12,1,0.9463441967964172,1,0.9586049914360046,1
1069,10,1,0.8754098415374756,1,0.901977002620697,1
1069,11,1,0.8750935196876526,1,0.9015510082244873,1
1069,13,1,0.8349838852882385,1,0.8528569936752319,1
1069,6,0,0.9387514591217041,1,0.0,0
1069,0,0,0.7792026400566101,1,-0.0,0
1069,0,0,0.5166783332824707,1,-0.0,0
1069,0,0,0.457121342420578,0,-0.0,0
1069,0,0,0.453986793756485,0,-0.0,0
1069,0,0,0.45310214161872864,0,-0.0,0
1069,0,0,0.45243966579437256,0,-0.0,0
1069,0,0,0.45189380645751953,0,-0.0,0
1069,0,0,0.45141446590423584,0,-0.0,0
1069,0,0,0.4509999454021454,0,-0.0,0
1069,0,0,0.45065560936927795,0,-0.0,0
1069,0,0,0.4503275454044342,0,-0.0,0
1069,0,0,0.4500386416912079,0,-0.0,0
1069,0,0,0.4497670531272888,0,-0.0,0
1069,0,0,0.4495091140270233,0,-0.0,0
1069,0,0,0.4492679536342621,0,-0.0,0
1069,0,0,0.4490461051464081,0,-0.0,0
1069,0,0,0.4488244950771332,0,-0.0,0
1069,0,0,0.448621928691864,0,-0.0,0
1069,0,0,0.4484339952468872,0,-0.0,0
1069,0,0,0.44825279712677,0,-0.0,0
1069,0,0,0.4480802118778229,0,-0.0,0
1069,0,0,0.44791436195373535,0,-0.0,0
1069,0,0,0.44775381684303284,0,-0.0,0
1069,0,0,0.4476107060909271,0,-0.0,0
1069,0,0,0.4474969506263733,0,-0.0,0
1069,0,0,0.4473821222782135,0,-0.0,0
1069,0,0,0.44727182388305664,0,-0.0,0
1069,0,0,0.4471645653247833,0,-0.0,0
1069,0,0,0.44706085324287415,0,-0.0,0
1069,0,0,0.4469600021839142,0,-0.0,0
1069,0,0,0.4468619227409363,0,-0.0,0
1069,0,0,0.44676700234413147,0,-0.0,0
1069,0,0,0.4466744065284729,0,-0.0,0
1069,0,0,0.44658365845680237,0,-0.0,0
1069,0,0,0.4464959502220154,0,-0.0,0
1069,0,0,0.4464125633239746,0,-0.0,0
1069,0,0,0.4463297128677368,0,-0.0,0
1069,0,0,0.4462488889694214,0,-0.0,0
1069,0,0,0.44616714119911194,0,-0.0,0
1069,0,0,0.44608598947525024,0,-0.0,0
1069,0,0,0.4460086226463318,0,-0.0,0
1069,0,0,0.44593366980552673,0,-0.0,0
1069,0,0,0.44586238265037537,0,-0.0,0
1069,0,0,0.4457925260066986,0,-0.0,0
1069,0,0,0.4457263946533203,0,-0.0,0
1069,0,0,0.44566187262535095,0,-0.0,0
1069,0,0,0.44558802247047424,0,-0.0,0
1069,0,0,0.44551360607147217,0,-0.0,0
1069,0,0,0.44544145464897156,0,-0.0,0
1069,0,0,0.4453694224357605,0,-0.0,0
1069,0,0,0.4453001022338867,0,-0.0,0
1069,0,0,0.4452318549156189,0,-0.0,0
1069,0,0,0.4451623558998108,0,-0.0,0
1069,0,0,0.44509369134902954,0,-0.0,0
1069,0,0,0.44502606987953186,0,-0.0,0
1069,0,0,0.44496074318885803,0,-0.0,0
1069,0,0,0.4448966979980469,0,-0.0,0
1069,0,0,0.4448340833187103,0,-0.0,0
1069,0,0,0.4447738826274872,0,-0.0,0
1069,0,0,0.44471389055252075,0,-0.0,0
1069,0,0,0.4446561336517334,0,-0.0,0
1069,0,0,0.4445997178554535,0,-0.0,0
1069,0,0,0.4445439279079437,0,-0.0,0
1069,0,0,0.4444889426231384,0,-0.0,0
1069,0,0,0.44443124532699585,0,-0.0,0
1069,0,0,0.44437795877456665,0,-1.0,0
434,279,0,0.7848998308181763,1,0.8251760005950928,1
434,279,1,0.47460320591926575,0,0.8985530138015747,1
434,280,1,0.7312911748886108,1,0.9448720216751099,1
434,279,0,0.8521604537963867,1,0.9259539842605591,1
434,280,1,0.68470698595047,1,0.0,0
434,0,0,0.7336328625679016,1,-0.0,0
434,0,0,0.4677301347255707,0,-0.0,0
434,0,0,0.43997615575790405,0,-0.0,0
434,0,0,0.44006311893463135,0,-0.0,0
434,0,0,0.4399961829185486,0,-0.0,0
434,0,0,0.4399455487728119,0,-0.0,0
434,0,0,0.43990930914878845,0,-0.0,0
434,0,0,0.4398791491985321,0,-0.0,0
434,0,0,0.439854234457016,0,-0.0,0
434,0,0,0.43983370065689087,0,-0.0,0
434,0,0,0.43981698155403137,0,-0.0,0
434,0,0,0.4398026764392853,0,-0.0,0
434,0,0,0.43979060649871826,0,-0.0,0
434,0,0,0.43977993726730347,0,-0.0,0
434,0,0,0.43977031111717224,0,-0.0,0
434,0,0,0.43976181745529175,0,-0.0,0
434,0,0,0.439754456281662,0,-0.0,0
434,0,0,0.4397476613521576,0,-0.0,0
434,0,0,0.43974122405052185,0,-0.0,0
434,0,0,0.4397352635860443,0,-0.0,0
434,0,0,0.4397299289703369,0,-0.0,0
434,0,0,0.43972504138946533,0,-0.0,0
434,0,0,0.4397221803665161,0,-0.0,0
434,0,0,0.4397195875644684,0,-0.0,0
434,0,0,0.43971729278564453,0,-0.0,0
434,0,0,0.43971502780914307,0,-0.0,0
434,0,0,0.4397129416465759,0,-0.0,0
434,0,0,0.4397110044956207,0,-0.0,0
434,0,0,0.43970930576324463,0,-0.0,0
434,0,0,0.43970760703086853,0,-0.0,0
434,0,0,0.439706027507782,0,-0.0,0
434,0,0,0.4397044777870178,0,-0.0,0
434,0,0,0.4397030770778656,0,-0.0,0
434,0,0,0.43970170617103577,0,-0.0,0
434,0,0,0.4397003650665283,0,-0.0,0
434,0,0,0.43969911336898804,0,-0.0,0
434,0,0,0.43969792127609253,0,-0.0,0
434,0,0,0.439696729183197,0,-0.0,0
434,0,0,0.43969565629959106,0,-0.0,0
434,0,0,0.4396946132183075,0,-0.0,0
434,0,0,0.4396935999393463,0,-0.0,0
434,0,0,0.43969258666038513,0,-0.0,0
434,0,0,0.43969160318374634,0,-0.0,0
434,0,0,0.4396907389163971,0,-0.0,0
434,0,0,0.4396898150444031,0,-0.0,0
434,0,0,0.4396889805793762,0,-0.0,0
434,0,0,0.43968814611434937,0,-0.0,0
434,0,0,0.4396873116493225,0,-0.0,0
434,0,0,0.4396865963935852,0,-0.0,0
434,0,0,0.4396858513355255,0,-0.0,0
434,0,0,0.43968507647514343,0,-0.0,0
434,0,0,0.43968436121940613,0,-0.0,0
434,0,0,0.439683735370636,0,-0.0,0
434,0,0,0.43968304991722107,0,-0.0,0
434,0,0,0.43968239426612854,0,-0.0,0
434,0,0,0.4396817088127136,0,-0.0,0
434,0,0,0.43968114256858826,0,-0.0,0
434,0,0,0.4396804869174957,0,-0.0,0
434,0,0,0.43967995047569275,0,-0.0,0
434,0,0,0.4396793842315674,0,-0.0,0
434,0,0,0.4396788477897644,0,-0.0,0
434,0,0,0.43967828154563904,0,-0.0,0
434,0,0,0.43967774510383606,0,-0.0,0
434,0,0,0.4396771788597107,0,-0.0,0
434,0,0,0.4396766722202301,0,-0.0,0
434,0,0,0.4396761655807495,0,-0.0,0
434,0,0,0.4396756589412689,0,-0.0,0
434,0,0,0.4396752119064331,0,-0.0,0
434,0,0,0.4396747052669525,0,-0.0,0
434,0,0,0.4396742284297943,0,-0.0,0
434,0,0,0.4396737813949585,0,-0.0,0
434,0,0,0.43967336416244507,0,-0.0,0
434,0,0,0.43967288732528687,0,-0.0,0
434,0,0,0.43967267870903015,0,-0.0,0
434,0,0,0.43967247009277344,0,-0.0,0
434,0,0,0.43967220187187195,0,-0.0,0
434,0,0,0.43967193365097046,0,-0.0,0
434,0,0,0.43967166543006897,0,-0.0,0
434,0,0,0.4396713674068451,0,-0.0,0
434,0,0,0.4396710991859436,0,-0.0,0
434,0,0,0.43967074155807495,0,-0.0,0
434,0,0,0.43967050313949585,0,-0.0,0
434,0,0,0.4396701753139496,0,-0.0,0
434,0,0,0.4396699070930481,0,-0.0,0
434,0,0,0.439669668674469,0,-0.0,0
434,0,0,0.4396694302558899,0,-0.0,0
434,0,0,0.4396691620349884,0,-0.0,0
434,0,0,0.4396689236164093,0,-0.0,0
434,0,0,0.4396687150001526,0,-0.0,0
434,0,0,0.4396684169769287,0,-0.0,0
434,0,0,0.4396682381629944,0,-0.0,0
434,0,0,0.4396679997444153,0,-0.0,0
434,0,0,0.43966779112815857,0,-0.0,0
434,0,0,0.43966758251190186,0,-0.0,0
434,0,0,0.43966731429100037,0,-0.0,0
434,0,0,0.43966713547706604,0,-0.0,0
434,0,0,0.43966689705848694,0,-0.0,0
434,0,0,0.4396666884422302,0,-0.0,0
434,0,0,0.4396664798259735,0,-0.0,0
434,0,0,0.4396663010120392,0,-0.0,0
434,0,0,0.4396660327911377,0,-0.0,0
434,0,0,0.43966585397720337,0,-0.0,0
434,0,0,0.43966567516326904,0,-0.0,0
434,0,0,0.43966546654701233,0,-0.0,0
434,0,0,0.439665287733078,0,-0.0,0
434,0,0,0.4396650195121765,0,-0.0,0
434,0,0,0.4396648406982422,0,-0.0,0
434,0,0,0.4396646320819855,0,-0.0,0
434,0,0,0.43966445326805115,0,-0.0,0
434,0,0,0.4396642744541168,0,-0.0,0
434,0,0,0.4396640956401825,0,-0.0,0
434,0,0,0.43966391682624817,0,-0.0,0
434,0,0,0.43966373801231384,0,-0.0,0
434,0,0,0.4396635890007019,0,-0.0,0
434,0,0,0.4396634101867676,0,-0.0,0
434,0,0,0.43966323137283325,0,-0.0,0
434,0,0,0.43966302275657654,0,-0.0,0
434,0,0,0.439662903547287,0,-0.0,0
434,0,0,0.43966272473335266,0,-0.0,0
434,0,0,0.43966251611709595,0,-0.0,0
434,0,0,0.4396623373031616,0,-0.0,0
434,0,0,0.4396621584892273,0,-0.0,0
434,0,0,0.43966197967529297,0,-0.0,0
434,0,0,0.43966183066368103,0,-0.0,0
434,0,0,0.4396616518497467,0,-0.0,0
434,0,0,0.43966150283813477,0,-0.0,0
434,0,0,0.43966132402420044,0,-0.0,0
434,0,0,0.4396611452102661,0,-0.0,0
434,0,0,0.4396609961986542,0,-0.0,0
434,0,0,0.4396608769893646,0,-0.0,0
434,0,0,0.4396606683731079,0,-0.0,0
434,0,0,0.43966054916381836,0,-0.0,0
434,0,0,0.4396604001522064,0,-0.0,0
434,0,0,0.43966028094291687,0,-0.0,0
434,0,0,0.43966007232666016,0,-0.0,0
434,0,0,0.4396599531173706,0,-0.0,0
434,0,0,0.4396597743034363,0,-0.0,0
434,0,0,0.43965965509414673,0,-0.0,0
434,0,0,0.4396594762802124,0,-0.0,0
434,0,0,0.43965938687324524,0,-0.0,0
434,0,0,0.4396592080593109,0,-0.0,0
434,0,0,0.439659059047699,0,-0.0,0
434,0,0,0.4396589398384094,0,-0.0,0
434,0,0,0.4396587610244751,0,-0.0,0
434,0,0,0.43965864181518555,0,-0.0,0
434,0,0,0.439658522605896,0,-0.0,0
434,0,0,0.43965837359428406,0,-0.0,0
434,0,0,0.43965819478034973,0,-0.0,0
434,0,0,0.43965810537338257,0,-0.0,0
434,0,0,0.43965795636177063,0,-0.0,0
434,0,0,0.4396578371524811,0,-0.0,0
434,0,0,0.43965768814086914,0,-0.0,0
434,0,0,0.4396575391292572,0,-0.0,0
434,0,0,0.43965744972229004,0,-0.0,0
434,0,0,0.4396572709083557,0,-0.0,0
434,0,0,0.43965718150138855,0,-0.0,0
434,0,0,0.4396570324897766,0,-0.0,0
434,0,0,0.43965691328048706,0,-0.0,0
434,0,0,0.4396567642688751,0,-0.0,0
434,0,0,0.43965667486190796,0,-0.0,0
434,0,0,0.439656525850296,0,-0.0,0
434,0,0,0.43965643644332886,0,-0.0,0
434,0,0,0.43965625762939453,0,-0.0,0
434,0,0,0.43965616822242737,0,-0.0,0
434,0,0,0.4396560788154602,0,-0.0,0
434,0,0,0.4396559000015259,0,-0.0,0
434,0,0,0.4396558105945587,0,-0.0,0
434,0,0,0.43965569138526917,0,-0.0,0
434,0,0,0.43965551257133484,0,-0.0,0
434,0,0,0.4396554231643677,0,-0.0,0
434,0,0,0.4396553337574005,0,-0.0,0
434,0,0,0.4396551847457886,0,-0.0,0
434,0,0,0.439655065536499,0,-0.0,0
434,0,0,0.43965497612953186,0,-0.0,0
434,0,0,0.4396548867225647,0,-0.0,0
434,0,0,0.43965473771095276,0,-0.0,0
434,0,0,0.4396546483039856,0,-0.0,0
434,0,0,0.43965449929237366,0,-0.0,0
434,0,0,0.4396544098854065,0,-0.0,0
434,0,0,0.43965432047843933,0,-0.0,0
434,0,0,0.4396541714668274,0,-0.0,0
434,0,0,0.43965408205986023,0,-0.0,0
434,0,0,0.4396539628505707,0,-0.0,0
434,0,0,0.4396538734436035,0,-0.0,0
434,0,0,0.43965378403663635,0,-0.0,0
434,0,0,0.4396536350250244,0,-0.0,0
434,0,0,0.43965354561805725,0,-0.0,0
434,0,0,0.4396534562110901,0,-0.0,0
434,0,0,0.4396533668041229,0,-0.0,0
434,0,0,0.43965327739715576,0,-0.0,0
434,0,0,0.4396531283855438,0,-0.0,0
434,0,0,0.43965303897857666,0,-0.0,0
434,0,0,0.4396529495716095,0,-0.0,0
434,0,0,0.43965286016464233,0,-0.0,0
434,0,0,0.43965277075767517,0,-1.0,0
454,104,1,0.6805062294006348,1,0.7575479745864868,1
454,105,0,0.8360421657562256,1,0.7813010215759277,1
454,107,0,0.5424947142601013,1,0.8453540205955505,1
454,106,1,0.4809168577194214,0,0.8051679730415344,1
454,108,0,0.6407375931739807,1,0.700760006904602,1
454,109,1,0.4512445032596588,0,0.9292370080947876,1
454,110,1,0.5514405965805054,1,0.5431399941444397,1
454,111,1,0.7253426313400269,1,0.8703439831733704,1
454,112,1,0.7547693848609924,1,0.8036659955978394,1
454,104,0,0.8315974473953247,1,0.8686320185661316,1
454,105,1,0.5440976619720459,1,0.7492949962615967,1
454,107,1,0.6856675744056702,1,0.7425919771194458,1
454,106,1,0.6689471006393433,1,0.8916109800338745,1
454,108,1,0.8282625079154968,1,0.6733390092849731,1
454,109,1,0.794378936290741,1,0.9469069838523865,1
454,110,1,0.8438472747802734,1,0.7796630263328552,1
454,113,1,0.8938459157943726,1,0.959496021270752,1
454,112,1,0.8888320922851562,1,0.8183330297470093,1
454,114,1,0.8570767045021057,1,0.564257025718689,1
454,104,1,0.768357515335083,1,0.8425220251083374,1
454,105,1,0.8350538611412048,1,0.923753023147583,1
454,107,1,0.887704074382782,1,0.8184300065040588,1
454,106,0,0.8711183071136475,1,0.9078440070152283,1
454,109,1,0.5907065868377686,1,0.9554650187492371,1
454,108,1,0.8604639768600464,1,0.8053500056266785,1
454,110,1,0.8439972996711731,1,0.816415011882782,1
454,113,1,0.8954830765724182,1,0.966268002986908,1
454,112,1,0.8876582384109497,1,0.8317149877548218,1
454,114,1,0.859383225440979,1,0.6138319969177246,1
454,104,1,0.871055543422699,1,0.9077290296554565,1
454,105,0,0.8372283577919006,1,0.9253309965133667,1
454,107,1,0.7671274542808533,1,0.8638449907302856,1
454,106,1,0.7435773611068726,1,0.8972910046577454,1
454,108,1,0.8927993774414062,1,0.8786510229110718,1
454,109,1,0.8093282580375671,1,0.9594950079917908,1
454,110,1,0.8527681827545166,1,0.8202139735221863,1
454,111,1,0.8874195218086243,1,0.925370991230011,1
454,112,0,0.8923208117485046,1,0.8435119986534119,1
454,104,1,0.7733254432678223,1,0.9327669739723206,1
454,105,1,0.707244873046875,1,0.9253010153770447,1
454,107,1,0.881347119808197,1,0.887224018573761,1
454,106,1,0.8632661700248718,1,0.9088010191917419,1
454,108,1,0.9060042500495911,1,0.9098420143127441,1
454,109,0,0.8218244314193726,1,0.961368978023529,1
454,110,1,0.7566543817520142,1,0.8205869793891907,1
454,111,1,0.8844022154808044,1,0.9327329993247986,1
454,112,1,0.8175525069236755,1,0.7906169891357422,1
454,114,1,0.8552596569061279,1,0.6328610181808472,1
454,104,1,0.8710379004478455,1,0.9414510130882263,1
454,105,1,0.8349364995956421,1,0.9253420233726501,1
454,107,1,0.8924195170402527,1,0.8983250260353088,1
454,106,1,0.873766303062439,1,0.9107040166854858,1
454,108,1,0.9079089164733887,1,0.9215899705886841,1
454,109,1,0.7175084352493286,1,0.9472439885139465,1
454,110,1,0.8633013963699341,1,0.8206239938735962,1
454,113,1,0.8970105648040771,1,0.966929018497467,1
454,112,1,0.8905428051948547,1,0.8060100078582764,1
454,104,1,0.8722488284111023,1,0.9443550109863281,1
454,105,1,0.8397196531295776,1,0.9253429770469666,1
454,107,1,0.8946751952171326,1,0.9033949971199036,1
454,106,1,0.8762187361717224,1,0.9110140204429626,1
454,109,1,0.8209584355354309,1,0.9556249976158142,1
454,108,1,0.9075006246566772,1,0.9258090257644653,1
454,110,1,0.8637414574623108,1,0.820626974105835,1
454,113,1,0.8984782695770264,1,0.966992974281311,1
454,112,1,0.8917331695556641,1,0.8205040097236633,1
454,104,1,0.8732948899269104,1,0.9453139901161194,1
454,105,1,0.8411954641342163,1,0.9253429770469666,1
454,107,1,0.8957756757736206,1,0.9056680202484131,1
454,106,1,0.8773053884506226,1,0.9110649824142456,1
454,108,1,0.9092445969581604,1,0.9272980093955994,1
454,109,1,0.8277240991592407,1,0.9595699906349182,1
454,110,1,0.8626401424407959,1,0.8206279873847961,1
454,113,1,0.8985711932182312,1,0.9670000076293945,1
454,112,1,0.8919047117233276,1,0.8336549997329712,1
454,104,1,0.8738597631454468,1,0.9456300139427185,1
454,105,1,0.8418957591056824,1,0.9253429770469666,1
454,107,1,0.8963882327079773,1,0.9066799879074097,1
454,106,1,0.8779721856117249,1,0.9110730290412903,1
454,109,1,0.8257644176483154,1,0.961404025554657,1
454,108,1,0.9084851145744324,1,0.0,0
454,0,0,0.7854610681533813,1,-0.0,0
454,0,0,0.5330626368522644,1,-0.0,0
454,0,0,0.4540007412433624,0,-0.0,0
454,0,0,0.45046257972717285,0,-0.0,0
454,0,0,0.44959557056427,0,-0.0,0
454,0,0,0.448976069688797,0,-0.0,0
454,0,0,0.4484942555427551,0,-0.0,0
454,0,0,0.4481354057788849,0,-0.0,0
454,0,0,0.44783103466033936,0,-0.0,0
454,0,0,0.44756338000297546,0,-0.0,0
454,0,0,0.4472978115081787,0,-0.0,0
454,0,0,0.44703078269958496,0,-0.0,0
454,0,0,0.44676774740219116,0,-0.0,0
454,0,0,0.4465406835079193,0,-0.0,0
454,0,0,0.4463319778442383,0,-0.0,0
454,0,0,0.44612088799476624,0,-0.0,0
454,0,0,0.4459213316440582,0,-0.0,0
454,0,0,0.4457343518733978,0,-0.0,0
454,0,0,0.4455587565898895,0,-0.0,0
454,0,0,0.4453933537006378,0,-0.0,0
454,0,0,0.4452173411846161,0,-0.0,0
454,0,0,0.4450541138648987,0,-0.0,0
454,0,0,0.44490116834640503,0,-0.0,0
454,0,0,0.44475671648979187,0,-0.0,0
454,0,0,0.44462013244628906,0,-0.0,0
454,0,0,0.44448333978652954,0,-0.0,0
454,0,0,0.44435280561447144,0,-0.0,0
454,0,0,0.4442287087440491,0,-0.0,0
454,0,0,0.44411078095436096,0,-0.0,0
454,0,0,0.44400548934936523,0,-0.0,0
454,0,0,0.4439130425453186,0,-0.0,0
454,0,0,0.4438251554965973,0,-0.0,0
454,0,0,0.44373971223831177,0,-0.0,0
454,0,0,0.44365090131759644,0,-0.0,0
454,0,0,0.44356945157051086,0,-0.0,0
454,0,0,0.44349056482315063,0,-0.0,0
454,0,0,0.4434143304824829,0,-0.0,0
454,0,0,0.4433410167694092,0,-0.0,0
454,0,0,0.4432709217071533,0,-0.0,0
454,0,0,0.4432046115398407,0,-0.0,0
454,0,0,0.44314348697662354,0,-0.0,0
454,0,0,0.44308409094810486,0,-0.0,0
454,0,0,0.44302764534950256,0,-0.0,0
454,0,0,0.44297274947166443,0,-0.0,0
454,0,0,0.4429219961166382,0,-0.0,0
454,0,0,0.4428718686103821,0,-0.0,0
454,0,0,0.4428238868713379,0,-0.0,0
454,0,0,0.4427768588066101,0,-0.0,0
454,0,0,0.44273173809051514,0,-0.0,0
454,0,0,0.44268733263015747,0,-0.0,0
454,0,0,0.44264453649520874,0,-0.0,0
454,0,0,0.4426026940345764,0,-0.0,0
454,0,0,0.44256269931793213,0,-0.0,0
454,0,0,0.44252535700798035,0,-0.0,0
454,0,0,0.44248828291893005,0,-0.0,0
454,0,0,0.4424537420272827,0,-0.0,0
454,0,0,0.4424199163913727,0,-0.0,0
454,0,0,0.44238701462745667,0,-0.0,0
454,0,0,0.4423547685146332,0,-0.0,0
454,0,0,0.4423237442970276,0,-0.0,0
454,0,0,0.44229334592819214,0,-0.0,0
454,0,0,0.44226378202438354,0,-0.0,0
454,0,0,0.4422346353530884,0,-0.0,0
454,0,0,0.4422055184841156,0,-0.0,0
454,0,0,0.44217750430107117,0,-0.0,0
454,0,0,0.44214969873428345,0,-0.0,0
454,0,0,0.4421229958534241,0,-0.0,0
454,0,0,0.44209614396095276,0,-0.0,0
454,0,0,0.44206926226615906,0,-0.0,0
454,0,0,0.44204241037368774,0,-0.0,0
454,0,0,0.4420170187950134,0,-0.0,0
454,0,0,0.44199153780937195,0,-0.0,0
454,0,0,0.44196709990501404,0,-0.0,0
454,0,0,0.4419429898262024,0,-0.0,0
454,0,0,0.44191914796829224,0,-0.0,0
454,0,0,0.4418969750404358,0,-0.0,0
454,0,0,0.4418748915195465,0,-0.0,0
454,0,0,0.4418535828590393,0,-0.0,0
454,0,0,0.44183236360549927,0,-0.0,0
454,0,0,0.44181114435195923,0,-0.0,0
454,0,0,0.4417905807495117,0,-0.0,0
454,0,0,0.4417704641819,0,-0.0,0
454,0,0,0.44175097346305847,0,-0.0,0
454,0,0,0.4417310953140259,0,-0.0,0
454,0,0,0.4417124092578888,0,-0.0,0
454,0,0,0.44169384241104126,0,-0.0,0
454,0,0,0.4416762590408325,0,-0.0,0
454,0,0,0.4416581690311432,0,-0.0,0
454,0,0,0.44164079427719116,0,-0.0,0
454,0,0,0.4416239559650421,0,-0.0,0
454,0,0,0.44160762429237366,0,-0.0,0
454,0,0,0.4415915012359619,0,-0.0,0
454,0,0,0.44157564640045166,0,-0.0,0
454,0,0,0.44156020879745483,0,-0.0,0
454,0,0,0.44154471158981323,0,-0.0,0
454,0,0,0.4415297508239746,0,-0.0,0
454,0,0,0.441514790058136,0,-0.0,0
454,0,0,0.4415004849433899,0,-0.0,0
454,0,0,0.4414867162704468,0,-0.0,0
454,0,0,0.4414723515510559,0,-0.0,0
454,0,0,0.44145864248275757,0,-0.0,0
454,0,0,0.44144508242607117,0,-0.0,0
454,0,0,0.44143185019493103,0,-0.0,0
454,0,0,0.44141897559165955,0,-0.0,0
454,0,0,0.44140589237213135,0,-0.0,0
454,0,0,0.4413936734199524,0,-0.0,0
454,0,0,0.4413814842700958,0,-0.0,0
454,0,0,0.44136956334114075,0,-0.0,0
454,0,0,0.4413577616214752,0,-0.0,0
454,0,0,0.44134652614593506,0,-0.0,0
454,0,0,0.441335529088974,0,-0.0,0
454,0,0,0.4413243234157562,0,-0.0,0
454,0,0,0.44131359457969666,0,-0.0,0
454,0,0,0.4413031041622162,0,-0.0,0
454,0,0,0.44129276275634766,0,-0.0,0
454,0,0,0.4412822127342224,0,-0.0,0
454,0,0,0.44127213954925537,0,-0.0,0
454,0,0,0.4412620961666107,0,-0.0,0
454,0,0,0.4412524402141571,0,-1.0,0
115,0,1,0.5448066592216492,1,0.6939290165901184,1
115,1,0,0.7532503604888916,1,0.5324869751930237,1
115,2,1,0.4033752679824829,0,0.5744879841804504,1
115,4,1,0.570989191532135,1,0.6945300102233887,1
115,3,0,0.9332665205001831,1,0.8932999968528748,1
115,5,1,0.590137779712677,1,0.7909770011901855,1
115,6,1,0.9409526586532593,1,0.9223989844322205,1
115,6,1,0.9575185179710388,1,0.9310160279273987,1
115,0,1,0.7522661089897156,1,0.7538800239562988,1
115,2,1,0.7115378975868225,1,0.6703220009803772,1
115,1,0,0.5777663588523865,1,0.47409600019454956,0
115,3,1,0.7807086110115051,1,0.7083179950714111,1
115,4,0,0.8048049807548523,1,0.7610849738121033,1
115,5,1,0.6479337811470032,1,0.8355249762535095,1
115,6,1,0.9240289926528931,1,0.9380519986152649,1
115,6,1,0.9572327733039856,1,0.9436990022659302,1
115,0,1,0.7652362585067749,1,0.8073019981384277,1
115,2,1,0.7097309231758118,1,0.7461820244789124,1
115,1,0,0.4398837685585022,0,0.4383769929409027,0
115,4,1,0.477480947971344,0,0.6623860001564026,1
115,3,1,0.9467967748641968,1,0.0,0
115,0,0,0.7834659814834595,1,-0.0,0
115,0,0,0.4921940565109253,0,-0.0,0
115,0,0,0.4439527094364166,0,-0.0,0
115,0,0,0.44117674231529236,0,-0.0,0
115,0,0,0.44087308645248413,0,-0.0,0
115,0,0,0.440707266330719,0,-0.0,0
115,0,0,0.4405880570411682,0,-0.0,0
115,0,0,0.4404906928539276,0,-0.0,0
115,0,0,0.44041168689727783,0,-0.0,0
115,0,0,0.4403523802757263,0,-0.0,0
115,0,0,0.440305233001709,0,-0.0,0
115,0,0,0.4402645230293274,0,-0.0,0
115,0,0,0.44022977352142334,0,-0.0,0
115,0,0,0.440199077129364,0,-0.0,0
115,0,0,0.4401696026325226,0,-0.0,0
115,0,0,0.4401441216468811,0,-0.0,0
115,0,0,0.44011878967285156,0,-0.0,0
115,0,0,0.4400954842567444,0,-0.0,0
115,0,0,0.44007399678230286,0,-0.0,0
115,0,0,0.44005411863327026,0,-0.0,0
115,0,0,0.4400362968444824,0,-0.0,0
115,0,0,0.44002094864845276,0,-0.0,0
115,0,0,0.44000738859176636,0,-0.0,0
115,0,0,0.4399940073490143,0,-0.0,0
115,0,0,0.43998196721076965,0,-0.0,0
115,0,0,0.43997037410736084,0,-0.0,0
115,0,0,0.4399593770503998,0,-0.0,0
115,0,0,0.43994927406311035,0,-0.0,0
115,0,0,0.4399396777153015,0,-0.0,0
115,0,0,0.4399307370185852,0,-0.0,0
115,0,0,0.4399223327636719,0,-0.0,0
115,0,0,0.43991467356681824,0,-0.0,0
115,0,0,0.4399072825908661,0,-0.0,0
115,0,0,0.4399001896381378,0,-0.0,0
115,0,0,0.4398933947086334,0,-0.0,0
115,0,0,0.43988680839538574,0,-0.0,0
115,0,0,0.43988075852394104,0,-0.0,0
115,0,0,0.4398737847805023,0,-0.0,0
115,0,0,0.4398658573627472,0,-0.0,0
115,0,0,0.43985819816589355,0,-0.0,0
115,0,0,0.4398508667945862,0,-0.0,0
115,0,0,0.43984362483024597,0,-0.0,0
115,0,0,0.43983644247055054,0,-0.0,0
115,0,0,0.43982937932014465,0,-0.0,0
115,0,0,0.4398227035999298,0,-0.0,0
115,0,0,0.4398164749145508,0,-0.0,0
115,0,0,0.43981045484542847,0,-0.0,0
115,0,0,0.4398047924041748,0,-0.0,0
115,0,0,0.43979915976524353,0,-0.0,0
115,0,0,0.4397939145565033,0,-0.0,0
115,0,0,0.4397887587547302,0,-0.0,0
115,0,0,0.43978363275527954,0,-0.0,0
115,0,0,0.43977877497673035,0,-0.0,0
115,0,0,0.43977370858192444,0,-0.0,0
115,0,0,0.4397689998149872,0,-0.0,0
115,0,0,0.4397644102573395,0,-0.0,0
115,0,0,0.4397599399089813,0,-0.0,0
115,0,0,0.43975555896759033,0,-0.0,0
115,0,0,0.4397515058517456,0,-0.0,0
115,0,0,0.43974724411964417,0,-0.0,0
115,0,0,0.4397432804107666,0,-0.0,0
115,0,0,0.4397394061088562,0,-0.0,0
115,0,0,0.4397355020046234,0,-0.0,0
115,0,0,0.4397317171096802,0,-0.0,0
115,0,0,0.43972817063331604,0,-0.0,0
115,0,0,0.43972447514533997,0,-0.0,0
115,0,0,0.4397209584712982,0,-0.0,0
115,0,0,0.43971747159957886,0,-0.0,0
115,0,0,0.4397140443325043,0,-0.0,0
115,0,0,0.439710795879364,0,-0.0,0
115,0,0,0.4397074282169342,0,-0.0,0
115,0,0,0.4397042989730835,0,-0.0,0
115,0,0,0.4397011399269104,0,-0.0,0
115,0,0,0.43969810009002686,0,-0.0,0
115,0,0,0.4396951198577881,0,-0.0,0
115,0,0,0.4396921992301941,0,-0.0,0
115,0,0,0.43968939781188965,0,-0.0,0
115,0,0,0.43968650698661804,0,-0.0,0
115,0,0,0.43968382477760315,0,-0.0,0
115,0,0,0.4396817088127136,0,-0.0,0
115,0,0,0.4396795928478241,0,-0.0,0
115,0,0,0.43967753648757935,0,-0.0,0
115,0,0,0.4396757185459137,0,-0.0,0
115,0,0,0.43967387080192566,0,-0.0,0
115,0,0,0.43967217206954956,0,-0.0,0
115,0,0,0.4396703541278839,0,-0.0,0
115,0,0,0.43966859579086304,0,-0.0,0
115,0,0,0.4396669566631317,0,-0.0,0
115,0,0,0.439665287733078,0,-0.0,0
115,0,0,0.4396636188030243,0,-0.0,0
115,0,0,0.43966206908226013,0,-0.0,0
115,0,0,0.4396604895591736,0,-0.0,0
115,0,0,0.43965885043144226,0,-0.0,0
115,0,0,0.4396572709083557,0,-0.0,0
115,0,0,0.439655601978302,0,-0.0,0
115,0,0,0.439654141664505,0,-0.0,0
115,0,0,0.43965256214141846,0,-0.0,0
115,0,0,0.4396510422229767,0,-0.0,0
115,0,0,0.4396496117115021,0,-0.0,0
115,0,0,0.43964824080467224,0,-0.0,0
115,0,0,0.43964675068855286,0,-0.0,0
115,0,0,0.43964529037475586,0,-0.0,0
115,0,0,0.43964383006095886,0,-0.0,0
115,0,0,0.4396423399448395,0,-0.0,0
115,0,0,0.43964096903800964,0,-0.0,0
115,0,0,0.43963953852653503,0,-0.0,0
115,0,0,0.4396381974220276,0,-0.0,0
115,0,0,0.43963685631752014,0,-0.0,0
115,0,0,0.4396355152130127,0,-0.0,0
115,0,0,0.43963423371315,0,-0.0,0
115,0,0,0.4396328926086426,0,-0.0,0
115,0,0,0.4396316409111023,0,-0.0,0
115,0,0,0.4396304190158844,0,-0.0,0
115,0,0,0.4396291673183441,0,-0.0,0
115,0,0,0.43962788581848145,0,-0.0,0
115,0,0,0.43962666392326355,0,-0.0,0
115,0,0,0.43962547183036804,0,-0.0,0
115,0,0,0.43962427973747253,0,-0.0,0
115,0,0,0.4396231174468994,0,-0.0,0
115,0,0,0.4396219849586487,0,-0.0,0
115,0,0,0.4396209120750427,0,-0.0,0
115,0,0,0.4396200478076935,0,-0.0,0
115,0,0,0.4396190643310547,0,-0.0,0
115,0,0,0.4396181106567383,0,-0.0,0
115,0,0,0.43961718678474426,0,-0.0,0
115,0,0,0.43961626291275024,0,-0.0,0
115,0,0,0.43961524963378906,0,-0.0,0
115,0,0,0.43961432576179504,0,-0.0,0
115,0,0,0.4396134614944458,0,-0.0,0
115,0,0,0.43961256742477417,0,-0.0,0
115,0,0,0.43961164355278015,0,-0.0,0
115,0,0,0.43961071968078613,0,-0.0,0
115,0,0,0.43960991501808167,0,-0.0,0
115,0,0,0.4396090805530548,0,-0.0,0
115,0,0,0.4396081864833832,0,-0.0,0
115,0,0,0.43960732221603394,0,-0.0,0
115,0,0,0.43960657715797424,0,-0.0,0
115,0,0,0.43960580229759216,0,-0.0,0
115,0,0,0.4396050274372101,0,-0.0,0
115,0,0,0.4396041929721832,0,-0.0,0
115,0,0,0.43960344791412354,0,-0.0,0
115,0,0,0.43960270285606384,0,-0.0,0
115,0,0,0.43960192799568176,0,-0.0,0
115,0,0,0.43960118293762207,0,-0.0,0
115,0,0,0.43960046768188477,0,-0.0,0
115,0,0,0.4395997226238251,0,-0.0,0
115,0,0,0.439598947763443,0,-0.0,0
115,0,0,0.43959829211235046,0,-0.0,0
115,0,0,0.43959763646125793,0,-0.0,0
115,0,0,0.43959686160087585,0,-0.0,0
115,0,0,0.43959617614746094,0,-0.0,0
115,0,0,0.439595490694046,0,-0.0,0
115,0,0,0.4395947754383087,0,-0.0,0
115,0,0,0.4395941495895386,0,-0.0,0
115,0,0,0.43959349393844604,0,-0.0,0
115,0,0,0.43959274888038635,0,-0.0,0
115,0,0,0.4395921528339386,0,-0.0,0
115,0,0,0.4395914673805237,0,-0.0,0
115,0,0,0.4395908713340759,0,-0.0,0
115,0,0,0.439590185880661,0,-0.0,0
115,0,0,0.43958958983421326,0,-0.0,0
115,0,0,0.4395889341831207,0,-0.0,0
115,0,0,0.4395882785320282,0,-0.0,0
115,0,0,0.43958768248558044,0,-0.0,0
115,0,0,0.4395870864391327,0,-0.0,0
115,0,0,0.43958649039268494,0,-0.0,0
115,0,0,0.4395858645439148,0,-0.0,0
115,0,0,0.43958529829978943,0,-0.0,0
115,0,0,0.4395847022533417,0,-0.0,0
115,0,0,0.4395841062068939,0,-0.0,0
115,0,0,0.43958351016044617,0,-0.0,0
115,0,0,0.4395830035209656,0,-0.0,0
115,0,0,0.4395824074745178,0,-0.0,0
115,0,0,0.43958181142807007,0,-0.0,0
115,0,0,0.4395812451839447,0,-0.0,0
115,0,0,0.43958067893981934,0,-0.0,0
115,0,0,0.43958014249801636,0,-0.0,0
115,0,0,0.439579576253891,0,-0.0,0
115,0,0,0.439579039812088,0,-1.0,0
419,315,1,0.7310675978660583,1,0.5971609950065613,1
419,315,1,0.851538360118866,1,0.6994389891624451,1
419,316,1,0.8687801361083984,1,0.0,0
419,0,0,0.791819155216217,1,-0.0,0
419,0,0,0.47344252467155457,0,-0.0,0
419,0,0,0.4390380084514618,0,-0.0,0
419,0,0,0.4393884241580963,0,-0.0,0
419,0,0,0.43943920731544495,0,-0.0,0
419,0,0,0.43946218490600586,0,-0.0,0
419,0,0,0.4394751787185669,0,-0.0,0
419,0,0,0.4394833743572235,0,-0.0,0
419,0,0,0.43948838114738464,0,-0.0,0
419,0,0,0.43949130177497864,0,-0.0,0
419,0,0,0.4394928514957428,0,-0.0,0
419,0,0,0.4394928514957428,0,-0.0,0
419,0,0,0.4394926130771637,0,-0.0,0
419,0,0,0.43949198722839355,0,-0.0,0
419,0,0,0.439491331577301,0,-0.0,0
419,0,0,0.43949058651924133,0,-0.0,0
419,0,0,0.4394911527633667,0,-0.0,0
419,0,0,0.4394916594028473,0,-0.0,0
419,0,0,0.43949219584465027,0,-0.0,0
419,0,0,0.43949344754219055,0,-0.0,0
419,0,0,0.4394945204257965,0,-0.0,0
419,0,0,0.43949538469314575,0,-0.0,0
419,0,0,0.4394962191581726,0,-0.0,0
419,0,0,0.4394969642162323,0,-0.0,0
419,0,0,0.43949776887893677,0,-0.0,0
419,0,0,0.4394984245300293,0,-0.0,0
419,0,0,0.4394991099834442,0,-0.0,0
419,0,0,0.43949976563453674,0,-0.0,0
419,0,0,0.439500629901886,0,-0.0,0
419,0,0,0.4395013749599457,0,-0.0,0
419,0,0,0.43950214982032776,0,-0.0,0
419,0,0,0.4395028054714203,0,-0.0,0
419,0,0,0.43950343132019043,0,-0.0,0
419,0,0,0.4395039975643158,0,-0.0,0
419,0,0,0.4395045042037964,0,-0.0,0
419,0,0,0.43950507044792175,0,-0.0,0
419,0,0,0.43950551748275757,0,-0.0,0
419,0,0,0.4395058751106262,0,-0.0,0
419,0,0,0.43950629234313965,0,-0.0,0
419,0,0,0.4395066797733307,0,-0.0,0
419,0,0,0.43950697779655457,0,-0.0,0
419,0,0,0.43950730562210083,0,-0.0,0
419,0,0,0.4395076334476471,0,-0.0,0
419,0,0,0.4395079016685486,0,-0.0,0
419,0,0,0.43950819969177246,0,-0.0,0
419,0,0,0.43950846791267395,0,-0.0,0
419,0,0,0.43950873613357544,0,-0.0,0
419,0,0,0.43950891494750977,0,-0.0,0
419,0,0,0.43950915336608887,0,-0.0,0
419,0,0,0.43950939178466797,0,-0.0,0
419,0,0,0.4395095705986023,0,-0.0,0
419,0,0,0.4395097494125366,0,-0.0,0
419,0,0,0.43950992822647095,0,-0.0,0
419,0,0,0.4395100772380829,0,-0.0,0
419,0,0,0.4395102262496948,0,-0.0,0
419,0,0,0.4395103454589844,0,-0.0,0
419,0,0,0.4395104944705963,0,-0.0,0
419,0,0,0.4395105838775635,0,-0.0,0
419,0,0,0.43951067328453064,0,-0.0,0
419,0,0,0.4395108222961426,0,-0.0,0
419,0,0,0.43951094150543213,0,-0.0,0
419,0,0,0.4395110309123993,0,-0.0,0
419,0,0,0.43951115012168884,0,-0.0,0
419,0,0,0.43951117992401123,0,-0.0,0
419,0,0,0.43951132893562317,0,-0.0,0
419,0,0,0.43951132893562317,0,-0.0,0
419,0,0,0.43951141834259033,0,-0.0,0
419,0,0,0.4395115077495575,0,-0.0,0
419,0,0,0.4395115375518799,0,-0.0,0
419,0,0,0.43951159715652466,0,-0.0,0
419,0,0,0.4395116865634918,0,-0.0,0
419,0,0,0.4395116865634918,0,-0.0,0
419,0,0,0.4395117461681366,0,-0.0,0
419,0,0,0.439511775970459,0,-0.0,0
419,0,0,0.43951186537742615,0,-0.0,0
419,0,0,0.43951186537742615,0,-0.0,0
419,0,0,0.43951186537742615,0,-0.0,0
419,0,0,0.4395119547843933,0,-0.0,0
419,0,0,0.4395119547843933,0,-0.0,0
419,0,0,0.4395119547843933,0,-0.0,0
419,0,0,0.4395120143890381,0,-0.0,0
419,0,0,0.4395120441913605,0,-0.0,0
419,0,0,0.4395120441913605,0,-0.0,0
419,0,0,0.4395120441913605,0,-0.0,0
419,0,0,0.4395120441913605,0,-0.0,0
419,0,0,0.4395120441913605,0,-0.0,0
419,0,0,0.43951210379600525,0,-0.0,0
419,0,0,0.43951210379600525,0,-0.0,0
419,0,0,0.43951210379600525,0,-0.0,0
419,0,0,0.43951216340065,0,-0.0,0
419,0,0,0.43951216340065,0,-0.0,0
419,0,0,0.43951216340065,0,-0.0,0
419,0,0,0.43951216340065,0,-0.0,0
419,0,0,0.43951216340065,0,-0.0,0
419,0,0,0.43951216340065,0,-0.0,0
419,0,0,0.43951216340065,0,-0.0,0
419,0,0,0.43951216340065,0,-0.0,0
419,0,0,0.43951216340065,0,-0.0,0
419,0,0,0.43951216340065,0,-0.0,0
419,0,0,0.43951216340065,0,-0.0,0
419,0,0,0.43951216340065,0,-0.0,0
419,0,0,0.43951216340065,0,-0.0,0
419,0,0,0.4395121932029724,0,-0.0,0
419,0,0,0.43951216340065,0,-0.0,0
419,0,0,0.43951216340065,0,-0.0,0
419,0,0,0.4395121932029724,0,-0.0,0
419,0,0,0.43951216340065,0,-0.0,0
419,0,0,0.4395121932029724,0,-0.0,0
419,0,0,0.43951216340065,0,-0.0,0
419,0,0,0.43951216340065,0,-0.0,0
419,0,0,0.43951216340065,0,-0.0,0
419,0,0,0.43951216340065,0,-0.0,0
419,0,0,0.43951216340065,0,-0.0,0
419,0,0,0.43951216340065,0,-0.0,0
419,0,0,0.43951216340065,0,-0.0,0
419,0,0,0.43951216340065,0,-0.0,0
419,0,0,0.43951210379600525,0,-0.0,0
419,0,0,0.43951210379600525,0,-0.0,0
419,0,0,0.4395120441913605,0,-0.0,0
419,0,0,0.4395120441913605,0,-0.0,0
419,0,0,0.4395120441913605,0,-0.0,0
419,0,0,0.4395120441913605,0,-0.0,0
419,0,0,0.4395120441913605,0,-0.0,0
419,0,0,0.4395120441913605,0,-0.0,0
419,0,0,0.4395120441913605,0,-0.0,0
419,0,0,0.4395120143890381,0,-0.0,0
419,0,0,0.4395119547843933,0,-0.0,0
419,0,0,0.4395119547843933,0,-0.0,0
419,0,0,0.4395119547843933,0,-0.0,0
419,0,0,0.4395119249820709,0,-0.0,0
419,0,0,0.4395119249820709,0,-0.0,0
419,0,0,0.43951186537742615,0,-0.0,0
419,0,0,0.43951186537742615,0,-0.0,0
419,0,0,0.43951186537742615,0,-0.0,0
419,0,0,0.43951186537742615,0,-0.0,0
419,0,0,0.43951183557510376,0,-0.0,0
419,0,0,0.439511775970459,0,-0.0,0
419,0,0,0.439511775970459,0,-0.0,0
419,0,0,0.439511775970459,0,-0.0,0
419,0,0,0.4395117461681366,0,-0.0,0
419,0,0,0.4395116865634918,0,-0.0,0
419,0,0,0.4395116865634918,0,-0.0,0
419,0,0,0.4395116865634918,0,-0.0,0
419,0,0,0.4395116865634918,0,-0.0,0
419,0,0,0.43951165676116943,0,-0.0,0
419,0,0,0.43951159715652466,0,-0.0,0
419,0,0,0.43951159715652466,0,-0.0,0
419,0,0,0.4395115375518799,0,-0.0,0
419,0,0,0.4395115077495575,0,-0.0,0
419,0,0,0.4395115077495575,0,-0.0,0
419,0,0,0.4395115077495575,0,-0.0,0
419,0,0,0.4395115077495575,0,-0.0,0
419,0,0,0.43951141834259033,0,-0.0,0
419,0,0,0.43951141834259033,0,-0.0,0
419,0,0,0.43951141834259033,0,-0.0,0
419,0,0,0.43951135873794556,0,-0.0,0
419,0,0,0.43951132893562317,0,-0.0,0
419,0,0,0.43951132893562317,0,-0.0,0
419,0,0,0.43951132893562317,0,-0.0,0
419,0,0,0.439511239528656,0,-0.0,0
419,0,0,0.439511239528656,0,-0.0,0
419,0,0,0.439511239528656,0,-0.0,0
419,0,0,0.43951117992401123,0,-0.0,0
419,0,0,0.43951115012168884,0,-0.0,0
419,0,0,0.43951115012168884,0,-0.0,0
419,0,0,0.43951115012168884,0,-0.0,0
419,0,0,0.43951109051704407,0,-0.0,0
419,0,0,0.4395110309123993,0,-0.0,0
419,0,0,0.4395110309123993,0,-0.0,0
419,0,0,0.4395110309123993,0,-0.0,0
419,0,0,0.43951094150543213,0,-0.0,0
419,0,0,0.43951094150543213,0,-0.0,0
419,0,0,0.43951094150543213,0,-0.0,0
419,0,0,0.43951091170310974,0,-0.0,0
419,0,0,0.43951091170310974,0,-0.0,0
419,0,0,0.43951085209846497,0,-0.0,0
419,0,0,0.4395108222961426,0,-0.0,0
419,0,0,0.4395108222961426,0,-0.0,0
419,0,0,0.4395107626914978,0,-0.0,0
419,0,0,0.4395107626914978,0,-0.0,0
419,0,0,0.4395107328891754,0,-0.0,0
419,0,0,0.43951067328453064,0,-0.0,0
419,0,0,0.43951067328453064,0,-0.0,0
419,0,0,0.43951064348220825,0,-0.0,0
419,0,0,0.43951064348220825,0,-0.0,0
419,0,0,0.4395105838775635,0,-0.0,0
419,0,0,0.4395105838775635,0,-0.0,0
419,0,0,0.4395105242729187,0,-0.0,0
419,0,0,0.4395104944705963,0,-0.0,0
419,0,0,0.4395104944705963,0,-0.0,0
419,0,0,0.4395104944705963,0,-0.0,0
419,0,0,0.43951043486595154,0,-0.0,0
419,0,0,0.43951040506362915,0,-0.0,0
419,0,0,0.43951040506362915,0,-0.0,0
419,0,0,0.4395103454589844,0,-0.0,0
419,0,0,0.439510315656662,0,-0.0,0
419,0,0,0.439510315656662,0,-1.0,0
245,0,0,0.5448457598686218,1,0.6939290165901184,1
245,2,1,0.3821260333061218,0,0.5744879841804504,1
245,1,1,0.44757241010665894,0,0.5324869751930237,1
245,3,1,0.9216910600662231,1,0.8932999968528748,1
245,4,1,0.8550482392311096,1,0.6945300102233887,1
245,5,1,0.9100172519683838,1,0.7909770011901855,1
245,6,1,0.9576418995857239,1,0.9223989844322205,1
245,6,1,0.9580889344215393,1,0.9310160279273987,1
245,0,0,0.6490293741226196,1,0.5645110011100769,1
245,1,0,0.7433053255081177,1,0.6168000102043152,1
245,2,0,0.4519314467906952,0,0.6703220009803772,1
245,4,0,0.5565280914306641,1,0.7610849738121033,1
245,3,1,0.7171450257301331,1,0.9256100058555603,1
245,5,1,0.7630214095115662,1,0.8355249762535095,1
245,6,1,0.947726845741272,1,0.9380519986152649,1
245,6,1,0.9573051929473877,1,0.9436990022659302,1
245,0,1,0.46626192331314087,0,0.5258920192718506,1
245,2,1,0.4493061602115631,0,0.5360720157623291,1
245,1,1,0.5089535117149353,1,0.5448790192604065,1
245,3,1,0.9487924575805664,1,0.9450510144233704,1
245,4,1,0.7483832836151123,1,0.6623860001564026,1
245,5,1,0.9151211380958557,1,0.8585109710693359,1
245,6,1,0.957695722579956,1,0.9481719732284546,1
245,6,1,0.9578883051872253,1,0.9516760110855103,1
245,0,1,0.7803100943565369,1,0.5392270088195801,1
245,1,1,0.755192756652832,1,0.6271160244941711,1
245,2,1,0.6944238543510437,1,0.63229900598526,1
245,4,1,0.8538853526115417,1,0.7366499900817871,1
245,3,1,0.9487695097923279,1,0.9561079740524292,1
245,5,0,0.9161911606788635,1,0.8694379925727844,1
245,6,1,0.9099765419960022,1,0.954397976398468,1
245,6,1,0.9560638070106506,1,0.9564989805221558,1
245,0,0,0.7679771184921265,1,0.5611500144004822,1
245,1,1,0.5791235566139221,1,0.6852449774742126,1
245,2,1,0.6550072431564331,1,0.0,0
245,0,0,0.5270166993141174,1,-0.0,0
245,0,0,0.4452537000179291,0,-0.0,0
245,0,0,0.44252389669418335,0,-0.0,0
245,0,0,0.44223877787590027,0,-0.0,0
245,0,0,0.4419567584991455,0,-0.0,0
245,0,0,0.4417414665222168,0,-0.0,0
245,0,0,0.4415723383426666,0,-0.0,0
245,0,0,0.4414306879043579,0,-0.0,0
245,0,0,0.4413101077079773,0,-0.0,0
245,0,0,0.4412050247192383,0,-0.0,0
245,0,0,0.44112148880958557,0,-0.0,0
245,0,0,0.4410504400730133,0,-0.0,0
245,0,0,0.44098514318466187,0,-0.0,0
245,0,0,0.44092684984207153,0,-0.0,0
245,0,0,0.44087323546409607,0,-0.0,0
245,0,0,0.4408237040042877,0,-0.0,0
245,0,0,0.44077742099761963,0,-0.0,0
245,0,0,0.44073420763015747,0,-0.0,0
245,0,0,0.4406948983669281,0,-0.0,0
245,0,0,0.44066083431243896,0,-0.0,0
245,0,0,0.44062963128089905,0,-0.0,0
245,0,0,0.44060036540031433,0,-0.0,0
245,0,0,0.44057416915893555,0,-0.0,0
245,0,0,0.44054877758026123,0,-0.0,0
245,0,0,0.44052568078041077,0,-0.0,0
245,0,0,0.4405040144920349,0,-0.0,0
245,0,0,0.4404837489128113,0,-0.0,0
245,0,0,0.44046422839164734,0,-0.0,0
245,0,0,0.4404464662075043,0,-0.0,0
245,0,0,0.44042983651161194,0,-0.0,0
245,0,0,0.4404146671295166,0,-0.0,0
245,0,0,0.4404003322124481,0,-0.0,0
245,0,0,0.440387099981308,0,-0.0,0
245,0,0,0.440373957157135,0,-0.0,0
245,0,0,0.44036203622817993,0,-0.0,0
245,0,0,0.4403500258922577,0,-0.0,0
245,0,0,0.4403386414051056,0,-0.0,0
245,0,0,0.4403271973133087,0,-0.0,0
245,0,0,0.44031625986099243,0,-0.0,0
245,0,0,0.4403057396411896,0,-0.0,0
245,0,0,0.44029566645622253,0,-0.0,0
245,0,0,0.4402858018875122,0,-0.0,0
245,0,0,0.4402763545513153,0,-0.0,0
245,0,0,0.44026654958724976,0,-0.0,0
245,0,0,0.44025784730911255,0,-0.0,0
245,0,0,0.44024935364723206,0,-0.0,0
245,0,0,0.4402415454387665,0,-0.0,0
245,0,0,0.44023409485816956,0,-0.0,0
245,0,0,0.44022658467292786,0,-0.0,0
245,0,0,0.4402194023132324,0,-0.0,0
245,0,0,0.4402114748954773,0,-0.0,0
245,0,0,0.4402036666870117,0,-0.0,0
245,0,0,0.44019612669944763,0,-0.0,0
245,0,0,0.44018906354904175,0,-0.0,0
245,0,0,0.44018200039863586,0,-0.0,0
245,0,0,0.44017478823661804,0,-0.0,0
245,0,0,0.4401681423187256,0,-0.0,0
245,0,0,0.4401615560054779,0,-0.0,0
245,0,0,0.4401552081108093,0,-0.0,0
245,0,0,0.4401490092277527,0,-0.0,0
245,0,0,0.44014304876327515,0,-0.0,0
245,0,0,0.4401371479034424,0,-0.0,0
245,0,0,0.44013136625289917,0,-0.0,0
245,0,0,0.44012585282325745,0,-0.0,0
245,0,0,0.4401203691959381,0,-0.0,0
245,0,0,0.44011491537094116,0,-0.0,0
245,0,0,0.44010984897613525,0,-0.0,0
245,0,0,0.4401048421859741,0,-0.0,0
245,0,0,0.4401000440120697,0,-0.0,0
245,0,0,0.4400952458381653,0,-0.0,0
245,0,0,0.4400905966758728,0,-0.0,0
245,0,0,0.4400860667228699,0,-0.0,0
245,0,0,0.44008147716522217,0,-0.0,0
245,0,0,0.44007718563079834,0,-0.0,0
245,0,0,0.44007277488708496,0,-0.0,0
245,0,0,0.44006866216659546,0,-0.0,0
245,0,0,0.44006457924842834,0,-0.0,0
245,0,0,0.4400606155395508,0,-0.0,0
245,0,0,0.4400566518306732,0,-0.0,0
245,0,0,0.4400525987148285,0,-0.0,0
245,0,0,0.4400489032268524,0,-0.0,0
245,0,0,0.44004499912261963,0,-0.0,0
245,0,0,0.44004133343696594,0,-0.0,0
245,0,0,0.44003763794898987,0,-0.0,0
245,0,0,0.4400341212749481,0,-0.0,0
245,0,0,0.44003069400787354,0,-0.0,0
245,0,0,0.4400273859500885,0,-0.0,0
245,0,0,0.4400240182876587,0,-0.0,0
245,0,0,0.4400206506252289,0,-0.0,0
245,0,0,0.44001731276512146,0,-0.0,0
245,0,0,0.4400140941143036,0,-0.0,0
245,0,0,0.44001084566116333,0,-0.0,0
245,0,0,0.44000762701034546,0,-0.0,0
245,0,0,0.44000443816185,0,-0.0,0
245,0,0,0.4400014281272888,0,-0.0,0
245,0,0,0.4399983882904053,0,-0.0,0
245,0,0,0.43999534845352173,0,-0.0,0
245,0,0,0.4399925768375397,0,-0.0,0
245,0,0,0.43998953700065613,0,-0.0,0
245,0,0,0.4399867653846741,0,-0.0,0
245,0,0,0.439983993768692,0,-0.0,0
245,0,0,0.4399811625480652,0,-0.0,0
245,0,0,0.4399784505367279,0,-0.0,0
245,0,0,0.439975768327713,0,-0.0,0
245,0,0,0.4399731755256653,0,-0.0,0
245,0,0,0.43997061252593994,0,-0.0,0
245,0,0,0.4399680197238922,0,-0.0,0
245,0,0,0.43996506929397583,0,-0.0,0
245,0,0,0.43996164202690125,0,-0.0,0
245,0,0,0.4399581849575043,0,-0.0,0
245,0,0,0.4399549067020416,0,-0.0,0
245,0,0,0.4399515986442566,0,-0.0,0
245,0,0,0.43994858860969543,0,-0.0,0
245,0,0,0.43994539976119995,0,-0.0,0
245,0,0,0.43994244933128357,0,-0.0,0
245,0,0,0.4399394392967224,0,-0.0,0
245,0,0,0.43993648886680603,0,-0.0,0
245,0,0,0.43993353843688965,0,-0.0,0
245,0,0,0.4399307370185852,0,-0.0,0
245,0,0,0.439927875995636,0,-0.0,0
245,0,0,0.43992510437965393,0,-0.0,0
245,0,0,0.4399223327636719,0,-0.0,0
245,0,0,0.4399196207523346,0,-0.0,0
245,0,0,0.4399168789386749,0,-0.0,0
245,0,0,0.4399143159389496,0,-0.0,0
245,0,0,0.4399116337299347,0,-0.0,0
245,0,0,0.4399090111255646,0,-0.0,0
245,0,0,0.43990644812583923,0,-0.0,0
245,0,0,0.4399038851261139,0,-0.0,0
245,0,0,0.4399013817310333,0,-0.0,0
245,0,0,0.43989890813827515,0,-0.0,0
245,0,0,0.4398964047431946,0,-0.0,0
245,0,0,0.43989381194114685,0,-0.0,0
245,0,0,0.43989142775535583,0,-0.0,0
245,0,0,0.4398890733718872,0,-0.0,0
245,0,0,0.4398866295814514,0,-0.0,0
245,0,0,0.4398843050003052,0,-0.0,0
245,0,0,0.43988192081451416,0,-0.0,0
245,0,0,0.4398796260356903,0,-0.0,0
245,0,0,0.43987730145454407,0,-0.0,0
245,0,0,0.4398750364780426,0,-0.0,0
245,0,0,0.4398728311061859,0,-0.0,0
245,0,0,0.43987056612968445,0,-0.0,0
245,0,0,0.43986836075782776,0,-0.0,0
245,0,0,0.43986624479293823,0,-0.0,0
245,0,0,0.4398640990257263,0,-0.0,0
245,0,0,0.4398619830608368,0,-0.0,0
245,0,0,0.4398598074913025,0,-0.0,0
245,0,0,0.43985775113105774,0,-0.0,0
245,0,0,0.4398557245731354,0,-0.0,0
245,0,0,0.43985360860824585,0,-0.0,0
245,0,0,0.4398517608642578,0,-0.0,0
245,0,0,0.4398496150970459,0,-0.0,0
245,0,0,0.4398476779460907,0,-0.0,0
245,0,0,0.4398457407951355,0,-0.0,0
245,0,0,0.4398438036441803,0,-0.0,0
245,0,0,0.43984195590019226,0,-0.0,0
245,0,0,0.4398399293422699,0,-0.0,0
245,0,0,0.43983814120292664,0,-0.0,0
245,0,0,0.4398362636566162,0,-0.0,0
245,0,0,0.4398344159126282,0,-0.0,0
245,0,0,0.4398326575756073,0,-0.0,0
245,0,0,0.4398307502269745,0,-0.0,0
245,0,0,0.4398289620876312,0,-0.0,0
245,0,0,0.43982717394828796,0,-1.0,0
