{
  "experiment_id": "20251118_230734_gainakt3exp_V3plus-bce010_870831",
  "dataset": "assist2015",
  "fold": 0,
  "train_auc": 0.6683368700335932,
  "train_acc": 0.7336679525807451,
  "valid_auc": 0.6637351381557229,
  "valid_acc": 0.7326300012652192,
  "test_auc": 0.6582183120481331,
  "test_acc": 0.7263953281027105,
  "train_encoder1_auc": 0.6683368700335932,
  "train_encoder1_acc": 0.7336679525807451,
  "valid_encoder1_auc": 0.6637351381557229,
  "valid_encoder1_acc": 0.7326300012652192,
  "test_encoder1_auc": 0.6582183120481331,
  "test_encoder1_acc": 0.7263953281027105,
  "train_encoder2_auc": 0.5981171830390183,
  "train_encoder2_acc": 0.7060747707412309,
  "valid_encoder2_auc": 0.5961852377414546,
  "valid_encoder2_acc": 0.7056613689670945,
  "test_encoder2_auc": 0.5925280771256185,
  "test_encoder2_acc": 0.7013492629576795,
  "train_mastery_correlation": 0.03645642527175798,
  "train_gain_correlation": 0.00030305166740367533,
  "train_correlation_students": 3334,
  "test_mastery_correlation": 0.03808332659097954,
  "test_gain_correlation": 0.0007985430874967356,
  "test_correlation_students": 3177,
  "timestamp": "2025-11-18T23:19:44.575024Z"
}