epoch,train_loss,train_auc,train_acc,val_loss,val_auc,val_acc,train_bce_loss,train_im_loss,val_bce_loss,val_im_loss,train_encoder1_auc,train_encoder1_acc,val_encoder1_auc,val_encoder1_acc,train_encoder2_auc,train_encoder2_acc,val_encoder2_auc,val_encoder2_acc
1,0.603685,0.655004,0.734370,0.603685,0.652133,0.740241,0.566389,0.607828,0.566389,0.607828,0.655004,0.734370,0.652133,0.740241,0.585269,0.734370,0.584217,0.740241
2,0.601188,0.662704,0.734370,0.601188,0.659022,0.740241,0.559556,0.605814,0.559556,0.605814,0.662704,0.734370,0.659022,0.740241,0.591077,0.734370,0.590204,0.740241
3,0.599415,0.665197,0.734370,0.599415,0.661114,0.740241,0.558299,0.603984,0.558299,0.603984,0.665197,0.734370,0.661114,0.740241,0.594688,0.734370,0.593639,0.740241
4,0.597872,0.666811,0.734370,0.597872,0.662390,0.740241,0.557704,0.602335,0.557704,0.602335,0.666811,0.734370,0.662390,0.740241,0.596793,0.734370,0.595333,0.740241
5,0.596445,0.668337,0.734370,0.596445,0.663737,0.740241,0.557233,0.600802,0.557233,0.600802,0.668337,0.734370,0.663737,0.740241,0.598141,0.734370,0.596169,0.740241
