epoch,train_loss,valid_auc,valid_acc,train_l_sup,train_l_ref,train_l_init,train_l_rate,train_l_rasch,train_l_gap,train_l_student
1,0.6233037891766006,0.7597053191897637,0.7413913866540464,0.5909584944926927,0.024417416541837156,3.0681709283696647e-07,8.98797462129914e-08,0.0013198021432193248,1.374417454846899e-09,1.359462269608554e-09
