{
  "difficulty_fidelity": 0.9377299279438338,
  "p_value": 5.98763299848258e-39,
  "num_skills": 83,
  "mse": 0.10418362317973569,
  "mae": 0.2317862547287194,
  "model_beta_stats": {
    "mean": -1.788659746987952,
    "std": 0.69258631603622,
    "min": -3.039478,
    "max": 0.034197
  },
  "rasch_beta_stats": {
    "mean": -1.9772506253906044,
    "std": 0.7530841181616683,
    "min": -3.247295379638672,
    "max": 0.06454437971115112
  },
  "metadata": {
    "experiment_dir": "/workspaces/pykt-toolkit/experiments/20251129_225217_ikt2_lambdareg001-recovered_346878",
    "dataset": "assist2015",
    "rasch_file": "{'dataset': 'assist2015', 'num_students': 15275, 'num_skills': 100, 'num_calibrated_skills': 100, 'max_iterations': 50}"
  }
}