{
  "tail_metrics": {
    "epoch": 1.0,
    "train_loss": 0.5419380385332156,
    "train_auc": 0.6919619072767746,
    "val_loss": 0.514605062348502,
    "val_auc": 0.7168368728224634,
    "val_accuracy": 0.7514914987007173,
    "monotonicity_violation_rate": 0.0,
    "negative_gain_rate": 0.0,
    "bounds_violation_rate": 0.0,
    "mastery_correlation": 0.12555572078860386,
    "gain_correlation": 0.0049778050393397685,
    "main_loss_share": 0.9821685670128312,
    "constraint_loss_share": 0.017831438685625655,
    "alignment_loss_share": -0.00535594347628435,
    "lag_loss_share": 0.0,
    "retention_loss_share": 0.0
  },
  "best_summary": {
    "best_epoch": 1.0,
    "best_val_auc": 0.7168368728224634,
    "best_val_accuracy": 0.7514914987007173,
    "mastery_corr": null,
    "gain_corr": null
  },
  "config_md5": "bb3b11b795274f63a633b5d2befc1641"
}