epoch,train_loss,train_auc,train_acc,val_loss,val_auc,val_acc,train_bce_loss,train_im_loss,val_bce_loss,val_im_loss,train_encoder1_auc,train_encoder1_acc,val_encoder1_auc,val_encoder1_acc,train_encoder2_auc,train_encoder2_acc,val_encoder2_auc,val_encoder2_acc
1,0.567693,0.680382,0.734370,0.567693,0.675598,0.740241,0.563305,0.607178,0.563305,0.607178,0.680382,0.734370,0.675598,0.740241,0.507795,0.734370,0.510287,0.740241
2,0.559270,0.693518,0.734370,0.559270,0.686649,0.740241,0.553997,0.606730,0.553997,0.606730,0.693518,0.734370,0.686649,0.740241,0.509719,0.734370,0.512119,0.740241
3,0.556744,0.698830,0.734370,0.556744,0.689919,0.740241,0.551237,0.606302,0.551237,0.606302,0.698830,0.734370,0.689919,0.740241,0.510689,0.734370,0.513086,0.740241
4,0.554785,0.700914,0.734370,0.554785,0.688637,0.740241,0.549107,0.605887,0.549107,0.605887,0.700914,0.734370,0.688637,0.740241,0.511245,0.734370,0.513657,0.740241
5,0.552885,0.705300,0.734370,0.552885,0.689311,0.740241,0.547041,0.605486,0.547041,0.605486,0.705300,0.734370,0.689311,0.740241,0.511483,0.734370,0.513883,0.740241
6,0.550881,0.708423,0.734370,0.550881,0.688419,0.740241,0.544857,0.605100,0.544857,0.605100,0.708423,0.734370,0.688419,0.740241,0.511539,0.734370,0.513955,0.740241
