epoch,train_loss,train_auc,train_acc,val_loss,val_auc,val_acc,train_bce_loss,train_im_loss,val_bce_loss,val_im_loss,train_encoder1_auc,train_encoder1_acc,val_encoder1_auc,val_encoder1_acc,train_encoder2_auc,train_encoder2_acc,val_encoder2_auc,val_encoder2_acc
1,0.599979,0.677991,0.734370,0.599979,0.673812,0.740241,0.563586,0.609078,0.563586,0.609078,0.677991,0.734370,0.673812,0.740241,0.510017,0.734370,0.512449,0.740241
2,0.597520,0.688848,0.734370,0.597520,0.683124,0.740241,0.554694,0.608226,0.554694,0.608226,0.688848,0.734370,0.683124,0.740241,0.513197,0.734370,0.515180,0.740241
3,0.596401,0.693580,0.734370,0.596401,0.686981,0.740241,0.552456,0.607388,0.552456,0.607388,0.693580,0.734370,0.686981,0.740241,0.515646,0.734370,0.517450,0.740241
4,0.595438,0.697427,0.734370,0.595438,0.689418,0.740241,0.550926,0.606566,0.550926,0.606566,0.697427,0.734370,0.689418,0.740241,0.517673,0.734370,0.519272,0.740241
5,0.594530,0.700160,0.734370,0.594530,0.690326,0.740241,0.549595,0.605764,0.549595,0.605764,0.700160,0.734370,0.690326,0.740241,0.519526,0.734370,0.521097,0.740241
6,0.593656,0.701890,0.734370,0.593656,0.689858,0.740241,0.548361,0.604980,0.548361,0.604980,0.701890,0.734370,0.689858,0.740241,0.521483,0.734370,0.523082,0.740241
