epoch,train_loss,train_auc,train_acc,val_loss,val_auc,val_acc,train_bce_loss,train_im_loss,val_bce_loss,val_im_loss,train_encoder1_auc,train_encoder1_acc,val_encoder1_auc,val_encoder1_acc,train_encoder2_auc,train_encoder2_acc,val_encoder2_auc,val_encoder2_acc
1,0.599245,0.677991,0.734370,0.599245,0.673812,0.740241,0.563586,0.608159,0.563586,0.608159,0.677991,0.734370,0.673812,0.740241,0.514186,0.734370,0.516067,0.740241
2,0.596822,0.688848,0.734370,0.596822,0.683124,0.740241,0.554694,0.607355,0.554694,0.607355,0.688848,0.734370,0.683124,0.740241,0.517996,0.734370,0.519539,0.740241
3,0.595744,0.693580,0.734370,0.595744,0.686981,0.740241,0.552456,0.606566,0.552456,0.606566,0.693580,0.734370,0.686981,0.740241,0.519939,0.734370,0.521289,0.740241
4,0.594822,0.697427,0.734370,0.594822,0.689418,0.740241,0.550926,0.605796,0.550926,0.605796,0.697427,0.734370,0.689418,0.740241,0.521418,0.734370,0.522709,0.740241
5,0.593956,0.700160,0.734370,0.593956,0.690326,0.740241,0.549595,0.605046,0.549595,0.605046,0.700160,0.734370,0.690326,0.740241,0.522959,0.734370,0.524229,0.740241
6,0.593126,0.701890,0.734370,0.593126,0.689858,0.740241,0.548361,0.604317,0.548361,0.604317,0.701890,0.734370,0.689858,0.740241,0.524509,0.734370,0.525793,0.740241
