{
  "lambda_ref": 7.118527038212061,
  "lambda_initmastery": 12.966108254082554,
  "lambda_rate": 6.995456886389359
}