{
  "valid_auc": 0.6914583118081986,
  "valid_acc": 0.7449563353030382,
  "valid_metrics": {
    "l_sup": 0.5277750482491662,
    "l_reg": 9.068395590006162e-08,
    "l_ref": 0.0056851359258871526,
    "l_init": 0.035390930745924934,
    "l_rate": 0.06935812833556525
  },
  "test_auc": 0.6829914240893393,
  "test_acc": 0.7385673520158045,
  "test_metrics": {
    "l_sup": 0.5377067396825924,
    "l_reg": 9.17353970413711e-08,
    "l_ref": 0.005632550345133927,
    "l_init": 0.03500591791694526,
    "l_rate": 0.06860770628590852
  },
  "window_test_auc": 0.6829914240893393,
  "window_test_acc": 0.7385673520158045,
  "window_metrics": {
    "l_sup": 0.5377067396825924,
    "l_reg": 9.17353970413711e-08,
    "l_ref": 0.0,
    "l_init": 0.03500591791694526,
    "l_rate": 0.06860770628590852
  },
  "checkpoint": "/workspaces/pykt-toolkit/experiments/20251231_010616_idkt_assist2015_S_hr_sweep_l0.8_345188/best_model.pt"
}