{
  "prediction_mse": 0.005694057792425156,
  "prediction_corr": 0.8752943050216327,
  "initmastery_mse": 0.03547575697302818,
  "initmastery_corr": 0.7249431318529417,
  "learning_rate_mse": 0.06925994902849197,
  "learning_rate_corr": 0.5821218092354032,
  "h2_functional_alignment": 0.14120132813103026,
  "h3_discriminant_overlap": 0.04813076656996358,
  "h3_latent_overlap": -0.05641815761421259
}