split,auc,acc,l_sup,l_ref,l_init,l_rate,l_reg
validation,0.691458,0.744956,0.527775,0.005685,0.035391,0.069358,0.000000
