split,auc,acc,l_sup,l_ref,l_init,l_rate,l_reg
test,0.682991,0.738567,0.537707,0.005633,0.035006,0.068608,0.000000
