{
  "r2_true": 0.35522278110820305,
  "pearson_true": 0.5973142594524459,
  "r2_control": -0.024154754696203318,
  "pearson_control": 0.015402978555725113,
  "selectivity_r2": 0.37937753580440636
}