{
  "0": {
    "r2": -1.2269587750181223,
    "pearson": 0.2556876596600856,
    "count": 933
  },
  "1": {
    "r2": -5.058304840448188,
    "pearson": 0.005397074270621985,
    "count": 717
  },
  "2": {
    "r2": -1.0891439376177252,
    "pearson": 0.2528593443411603,
    "count": 905
  },
  "3": {
    "r2": -8.046491950024594,
    "pearson": 0.12195914747011356,
    "count": 600
  },
  "4": {
    "r2": -1441324.8918996654,
    "pearson": 0.11518549211112687,
    "count": 326
  },
  "5": {
    "r2": -2.793343897905331,
    "pearson": 0.34223893450070664,
    "count": 502
  },
  "6": {
    "r2": -23.09175984740513,
    "pearson": 0.26913026501298193,
    "count": 414
  },
  "7": {
    "r2": -0.9308123574939624,
    "pearson": 0.10402731790534127,
    "count": 1366
  },
  "8": {
    "r2": -1.0905847419113552,
    "pearson": 0.0394506487092034,
    "count": 779
  },
  "9": {
    "r2": -4.037543213124563,
    "pearson": 0.07294074649801835,
    "count": 823
  },
  "10": {
    "r2": -0.03807656025119943,
    "pearson": 0.3703662135851812,
    "count": 1278
  },
  "11": {
    "r2": -15.61779078920286,
    "pearson": 0.1499121293855927,
    "count": 558
  },
  "12": {
    "r2": -4.573892975684385,
    "pearson": 0.011976960927797934,
    "count": 545
  },
  "13": {
    "r2": -12.21391857709655,
    "pearson": 0.14671349162185837,
    "count": 651
  },
  "14": {
    "r2": -2.8445045187190416,
    "pearson": 0.2121145053265862,
    "count": 712
  },
  "15": {
    "r2": -7728310271.347729,
    "pearson": -0.06940732020450854,
    "count": 223
  },
  "16": {
    "r2": -3055237.9696537578,
    "pearson": -0.017503349341630687,
    "count": 368
  },
  "17": {
    "r2": -6.598412540743622,
    "pearson": 0.03128125202536087,
    "count": 566
  },
  "18": {
    "r2": -0.5198810901022315,
    "pearson": 0.3800075546393746,
    "count": 270
  },
  "19": {
    "r2": -2.729229552071516,
    "pearson": 0.11419048286558645,
    "count": 934
  },
  "20": {
    "r2": -2.8448288647665994,
    "pearson": 0.175061917431648,
    "count": 659
  },
  "21": {
    "r2": -0.566799022950043,
    "pearson": 0.2513026868956736,
    "count": 702
  },
  "22": {
    "r2": -151.53822955306367,
    "pearson": 0.09394365981603021,
    "count": 388
  },
  "23": {
    "r2": -66.36762960003502,
    "pearson": 0.07170293355717532,
    "count": 227
  },
  "24": {
    "r2": -1.4999847804796618,
    "pearson": 0.22246356925999414,
    "count": 674
  },
  "25": {
    "r2": -0.4737331590996192,
    "pearson": 0.4623799289134209,
    "count": 545
  },
  "26": {
    "r2": -117189780.78042617,
    "pearson": 0.1011736211919467,
    "count": 302
  },
  "27": {
    "r2": -14.816932402771233,
    "pearson": 0.16391193654045827,
    "count": 579
  },
  "28": {
    "r2": -250.72885716403187,
    "pearson": -0.03978952253561539,
    "count": 373
  },
  "29": {
    "r2": -11.270021612892824,
    "pearson": 0.1232883585406903,
    "count": 294
  },
  "30": {
    "r2": -4.323723579673012,
    "pearson": 0.08046770760933031,
    "count": 452
  },
  "31": {
    "r2": -77.56303722358803,
    "pearson": 0.0449115035079355,
    "count": 273
  },
  "32": {
    "r2": -8.22737650372309,
    "pearson": -0.04309704422054343,
    "count": 614
  },
  "33": {
    "r2": -0.634088990859137,
    "pearson": 0.3820130625158963,
    "count": 661
  },
  "34": {
    "r2": -7.664211995400963,
    "pearson": 0.26382482818709235,
    "count": 499
  },
  "35": {
    "r2": -109.70302391348763,
    "pearson": 0.07065847475797345,
    "count": 232
  },
  "36": {
    "r2": -1.8777347183249637,
    "pearson": 0.1266158827041402,
    "count": 600
  },
  "37": {
    "r2": -0.24922770187413001,
    "pearson": 0.4773880389047809,
    "count": 857
  },
  "38": {
    "r2": 0.7223997107618768,
    "pearson": 0.8876273030566857,
    "count": 64
  },
  "39": {
    "r2": -578.9552762034552,
    "pearson": -0.1822486673446807,
    "count": 192
  },
  "40": {
    "r2": -21803409.845361575,
    "pearson": -0.022506639476401285,
    "count": 293
  },
  "41": {
    "r2": -180.0946172805902,
    "pearson": 0.2190103689263633,
    "count": 309
  },
  "42": {
    "r2": -44.747181467416176,
    "pearson": 0.06991736903885658,
    "count": 233
  },
  "43": {
    "r2": -238776778.29533327,
    "pearson": -0.3018001759927015,
    "count": 233
  },
  "44": {
    "r2": -137706.12358007443,
    "pearson": -0.08030149555265166,
    "count": 204
  },
  "45": {
    "r2": -2.1761405780755148,
    "pearson": 0.06515276499351172,
    "count": 707
  },
  "46": {
    "r2": 0.8370995302943564,
    "pearson": 0.9329711251949184,
    "count": 71
  },
  "47": {
    "r2": -23475291.12357793,
    "pearson": -0.036673052475239144,
    "count": 290
  },
  "48": {
    "r2": 0.6982524138190516,
    "pearson": 0.9089203978091275,
    "count": 65
  },
  "49": {
    "r2": -0.4596482637673016,
    "pearson": 0.3134775566984876,
    "count": 172
  },
  "50": {
    "r2": -9.74313416094462,
    "pearson": 0.2048989002004435,
    "count": 412
  },
  "51": {
    "r2": -8.446167244654905,
    "pearson": 0.281318163293054,
    "count": 448
  },
  "52": {
    "r2": -14579740.766947031,
    "pearson": 0.11611719579839004,
    "count": 308
  },
  "53": {
    "r2": -18069695.22564628,
    "pearson": 0.018690421483229445,
    "count": 353
  },
  "54": {
    "r2": -226684593.8030315,
    "pearson": 0.15293049899528335,
    "count": 154
  },
  "55": {
    "r2": -0.27054621920578836,
    "pearson": -0.13027660537855779,
    "count": 72
  },
  "56": {
    "r2": -58.76647296679805,
    "pearson": 0.05652826578806173,
    "count": 297
  },
  "57": {
    "r2": -7915654.5306972815,
    "pearson": 0.18246514529386876,
    "count": 336
  },
  "58": {
    "r2": 0.44791149584786016,
    "pearson": 0.7986548792580953,
    "count": 200
  },
  "59": {
    "r2": -108.77361139307604,
    "pearson": -0.14460249226256094,
    "count": 209
  },
  "60": {
    "r2": -0.6395955458989717,
    "pearson": 0.43281107699666627,
    "count": 592
  },
  "61": {
    "r2": -4.646867582836864,
    "pearson": 0.14367733846980535,
    "count": 512
  },
  "62": {
    "r2": -15.653802791705651,
    "pearson": -0.053075325030008204,
    "count": 515
  },
  "63": {
    "r2": -40.89194434754238,
    "pearson": 0.26170997052073197,
    "count": 401
  },
  "64": {
    "r2": -59.31475868763753,
    "pearson": 0.1844049295317984,
    "count": 413
  },
  "65": {
    "r2": -259181869.8337607,
    "pearson": 0.010925691458632102,
    "count": 222
  },
  "66": {
    "r2": -3.265238604492801,
    "pearson": 0.4939931955635914,
    "count": 474
  },
  "67": {
    "r2": -103.85737655515791,
    "pearson": -0.08642777194182952,
    "count": 490
  },
  "68": {
    "r2": -6.361372257455718,
    "pearson": -0.03854916710361419,
    "count": 36
  },
  "69": {
    "r2": -0.2573618995416753,
    "pearson": 0.5023877922658395,
    "count": 766
  },
  "70": {
    "r2": -672.288963827135,
    "pearson": 0.18492175356932597,
    "count": 146
  },
  "71": {
    "r2": -198.39230188315517,
    "pearson": -0.035582408145068356,
    "count": 240
  },
  "72": {
    "r2": -602.385542127219,
    "pearson": 0.8765488191310417,
    "count": 28
  },
  "73": {
    "r2": -42.94872189893752,
    "pearson": -0.027845661325327706,
    "count": 426
  },
  "74": {
    "r2": -60.65504643384222,
    "pearson": 0.08238945688849707,
    "count": 466
  },
  "75": {
    "r2": -11.538950251660998,
    "pearson": 0.3090353615970789,
    "count": 460
  },
  "76": {
    "r2": -3.216315017246223,
    "pearson": 0.20757812317593097,
    "count": 618
  },
  "77": {
    "r2": -2.4387792154940655,
    "pearson": 0.06467816546350846,
    "count": 882
  },
  "78": {
    "r2": -2351.6583116968136,
    "pearson": 0.16542776334362994,
    "count": 343
  },
  "79": {
    "r2": -436.8947172190943,
    "pearson": -0.0022893826899480266,
    "count": 355
  },
  "81": {
    "r2": -17.861585558681323,
    "pearson": 0.05290280149537871,
    "count": 479
  },