{
  "lambda_ref": 7.179455314537551,
  "lambda_initmastery": 7.134664392233821,
  "lambda_rate": 2.035932670549219
}