{
  "valid_auc": 0.7741708193139437,
  "valid_acc": 0.7392522479886418,
  "valid_metrics": {
    "l_sup": 0.5283991723919312,
    "l_reg": 6.337210000613898e-06,
    "l_ref": 0.01663727716853221,
    "l_init": 0.041717470397860695,
    "l_rate": 0.15329826765308
  },
  "test_auc": 0.7685900899590641,
  "test_acc": 0.728935125355389,
  "test_metrics": {
    "l_sup": 0.5437055691849366,
    "l_reg": 5.919463092141086e-06,
    "l_ref": 0.01666804477572441,
    "l_init": 0.041800549361744585,
    "l_rate": 0.1565112598267921
  },
  "window_test_auc": 0.7704870391866121,
  "window_test_acc": 0.7299484203739522,
  "window_metrics": {
    "l_sup": 0.5223655723861129,
    "l_reg": 1.856717118218318e-05,
    "l_ref": 0.0,
    "l_init": 0.044050173926254224,
    "l_rate": 0.14963508842735326
  },
  "checkpoint": "/workspaces/pykt-toolkit/experiments/20251226_181543_idkt_assist2009_hr_sweep_l0.5_594626/best_model.pt"
}