{
  "train": {
    "total_auc": 0.7541554376574551,
    "total_acc": 0.7620190728277908,
    "bce_auc": 0.7541554376574551,
    "bce_acc": 0.7620190728277908,
    "mastery_auc": "N/A",
    "mastery_acc": "N/A"
  },
  "valid": {
    "total_auc": 0.7250546975100491,
    "total_acc": 0.7540219369531577,
    "bce_auc": 0.7250546975100491,
    "bce_acc": 0.7540219369531577,
    "mastery_auc": "N/A",
    "mastery_acc": "N/A"
  },
  "test": {
    "total_auc": 0.718432272255384,
    "total_acc": 0.7470874940561103,
    "bce_auc": 0.718432272255384,
    "bce_acc": 0.7470874940561103,
    "mastery_auc": "N/A",
    "mastery_acc": "N/A"
  },
  "checkpoint_epoch": 9,
  "checkpoint_val_auc": 0.7250547312536468
}