{
  "timestamp": "2025-11-28T18:34:42.204658",
  "checkpoint": "model_best.pth",
  "dataset": "assist2015",
  "fold": 0,
  "num_concepts": 100,
  "num_parameters": 10726089,
  "hyperparameters": {
    "lambda_penalty": 100.0,
    "epsilon": 0.05,
    "phase": 2
  },
  "results": {
    "test": {
      "l1_bce": 0.09189893714472895,
      "auc": 0.7153197603822872,
      "accuracy": 0.7463147883975273,
      "l2_mse": 0.04101426526904106,
      "l2_mae": 0.1889244019985199,
      "corr_beta": NaN,
      "penalty_loss": 0.024567816437023583,
      "violation_rate": 0.95,
      "mean_violation": 0.14775429666042328,
      "max_violation": 0.39039352536201477,
      "total_loss": 2.548680571259045,
      "loss_ratio_l1": 0.03605745583854433,
      "loss_ratio_penalty": 0.9639425479234188,
      "num_samples": 134592
    }
  }
}