{
  "train": {
    "total_auc": 0.7550777231517479,
    "total_acc": 0.7626854954523695,
    "bce_auc": 0.7554595632568857,
    "bce_acc": 0.7632650954110701,
    "mastery_auc": 0.6305924245941028,
    "mastery_acc": 0.7341208383784342
  },
  "valid": {
    "total_auc": 0.7248463894136019,
    "total_acc": 0.7542749807784017,
    "bce_auc": 0.725019509341388,
    "bce_acc": 0.7540414018627919,
    "mastery_auc": 0.6164324117139033,
    "mastery_acc": 0.7349560579665009
  },
  "test": {
    "total_auc": 0.7187311424219412,
    "total_acc": 0.7477041726105563,
    "bce_auc": 0.7188651785831335,
    "bce_acc": 0.7478081906799809,
    "mastery_auc": 0.6158946765573314,
    "mastery_acc": 0.7262393009985735
  },
  "checkpoint_epoch": 9,
  "checkpoint_val_auc": 0.725019509341388
}