split,total_auc,bce_auc,mastery_auc,total_acc,bce_acc,mastery_acc
training,0.7550777231517479,0.7554595632568857,0.6305924245941028,0.7626854954523695,0.7632650954110701,0.7341208383784342
validation,0.7248463894136019,0.725019509341388,0.6164324117139033,0.7542749807784017,0.7540414018627919,0.7349560579665009
test,0.7187311424219412,0.7188651785831335,0.6158946765573314,0.7477041726105563,0.7478081906799809,0.7262393009985735
