epoch,train_loss,train_auc,train_acc,val_loss,val_auc,val_acc,train_bce_loss,train_im_loss,val_bce_loss,val_im_loss,train_encoder1_auc,train_encoder1_acc,val_encoder1_auc,val_encoder1_acc,train_encoder2_auc,train_encoder2_acc,val_encoder2_auc,val_encoder2_acc
1,0.567695,0.680382,0.734370,0.567695,0.675598,0.740241,0.563305,0.607207,0.563305,0.607207,0.680382,0.734370,0.675598,0.740241,0.516254,0.734370,0.518332,0.740241
2,0.559261,0.693518,0.734370,0.559261,0.686649,0.740241,0.553997,0.606645,0.553997,0.606645,0.693518,0.734370,0.686649,0.740241,0.518491,0.734370,0.520488,0.740241
3,0.556724,0.698830,0.734370,0.556724,0.689919,0.740241,0.551237,0.606109,0.551237,0.606109,0.698830,0.734370,0.689919,0.740241,0.520446,0.734370,0.522275,0.740241
4,0.554756,0.700914,0.734370,0.554756,0.688637,0.740241,0.549107,0.605595,0.549107,0.605595,0.700914,0.734370,0.688637,0.740241,0.521359,0.734370,0.523137,0.740241
5,0.552847,0.705300,0.734370,0.552847,0.689311,0.740241,0.547041,0.605100,0.547041,0.605100,0.705300,0.734370,0.689311,0.740241,0.521716,0.734370,0.523520,0.740241
6,0.550834,0.708423,0.734370,0.550834,0.688419,0.740241,0.544857,0.604625,0.544857,0.604625,0.708423,0.734370,0.688419,0.740241,0.522118,0.734370,0.523980,0.740241
