{
  "loss_per": 0.5522578405065246,
  "loss_ali": 1.1765563044742977,
  "auc_per": 0.6445198958681437,
  "acc_per": 0.7392188731763812,
  "auc_ali": -0.06645725652304159,
  "acc_ali": 0.7143002450466156,
  "auc": 0.6445198958681437,
  "acc": 0.7392188731763812,
  "theta_mean": -0.7399522066116333,
  "theta_std": 0.4440302550792694,
  "beta_mean": -1.9631599187850952,
  "beta_std": 0.7828779220581055,
  "theta_beta_ratio": 0.567176878452301,
  "mastery_mean": 0.7497912645339966,
  "mastery_std": 0.13614121079444885,
  "num_samples": 102749
}