{
  "experiment_id": "20251118_065125_gainakt3exp_baseline-beforeV3-bce10_218502",
  "dataset": "assist2015",
  "fold": 0,
  "train_auc": 0.699485853479352,
  "train_acc": 0.7415617755000516,
  "valid_auc": 0.6902381956138632,
  "valid_acc": 0.7362115446379041,
  "test_auc": 0.6860008980454984,
  "test_acc": 0.7307863766048502,
  "train_encoder1_auc": 0.699485853479352,
  "train_encoder1_acc": 0.7415617755000516,
  "valid_encoder1_auc": 0.6902381956138632,
  "valid_encoder1_acc": 0.7362115446379041,
  "test_encoder1_auc": 0.6860008980454984,
  "test_encoder1_acc": 0.7307863766048502,
  "train_encoder2_auc": 0.48696844601812866,
  "train_encoder2_acc": 0.2656304264166174,
  "valid_encoder2_auc": 0.48814204676378925,
  "valid_encoder2_acc": 0.25975921906782545,
  "test_encoder2_auc": 0.48276566264537174,
  "test_encoder2_acc": 0.26662803138373753,
  "train_mastery_correlation": 0.0351753405092434,
  "train_gain_correlation": 0.001035325340893958,
  "train_correlation_students": 3334,
  "test_mastery_correlation": 0.036562998684207926,
  "test_gain_correlation": 0.00953392642010392,
  "test_correlation_students": 3177,
  "timestamp": "2025-11-18T07:20:11.671256Z"
}