{
  "train": {
    "total_auc": 0.7411102032423121,
    "total_acc": 0.7570795671068811,
    "bce_auc": 0.7426454067764953,
    "bce_acc": 0.7582856981950272,
    "mastery_auc": 0.6638852371354702,
    "mastery_acc": 0.7372206422061405
  },
  "valid": {
    "total_auc": 0.7107064002506662,
    "total_acc": 0.7500705602974238,
    "bce_auc": 0.7111965659105988,
    "bce_acc": 0.750586380402729,
    "mastery_auc": 0.652854813056995,
    "mastery_acc": 0.7353842859784523
  },
  "test": {
    "total_auc": 0.7061661380682573,
    "total_acc": 0.7453860556348074,
    "bce_auc": 0.7066693501565613,
    "bce_acc": 0.7459581550166429,
    "mastery_auc": 0.6472328119930869,
    "mastery_acc": 0.7275395268663813
  },
  "checkpoint_epoch": 11,
  "checkpoint_val_auc": 0.7111965659105988
}