{
  "train": {
    "total_auc": 0.7543753822125934,
    "total_acc": 0.7622771942668882,
    "bce_auc": 0.7550048740891426,
    "bce_acc": 0.7630421723500315,
    "mastery_auc": 0.6366859889639144,
    "mastery_acc": 0.7342944837101907
  },
  "valid": {
    "total_auc": 0.7248735392168661,
    "total_acc": 0.7543431079621213,
    "bce_auc": 0.7251763323429316,
    "bce_acc": 0.7542555158687676,
    "mastery_auc": 0.6220304295233408,
    "mastery_acc": 0.7354329482525377
  },
  "test": {
    "total_auc": 0.7186926467400271,
    "total_acc": 0.7477784712315739,
    "bce_auc": 0.7189579591672357,
    "bce_acc": 0.7476670233000475,
    "mastery_auc": 0.620818846466827,
    "mastery_acc": 0.7255706134094151
  },
  "checkpoint_epoch": 9,
  "checkpoint_val_auc": 0.7251763323429316
}