split,total_auc,bce_auc,mastery_auc,total_acc,bce_acc,mastery_acc
training,0.7543753822125934,0.7550048740891426,0.6366859889639144,0.7622771942668882,0.7630421723500315,0.7342944837101907
validation,0.7248735392168661,0.7251763323429316,0.6220304295233408,0.7543431079621213,0.7542555158687676,0.7354329482525377
test,0.7186926467400271,0.7189579591672357,0.620818846466827,0.7477784712315739,0.7476670233000475,0.7255706134094151
