epoch,train_loss,train_auc,train_acc,val_loss,val_auc,val_acc,train_bce_loss,train_im_loss,val_bce_loss,val_im_loss,train_encoder1_auc,train_encoder1_acc,val_encoder1_auc,val_encoder1_acc,train_encoder2_auc,train_encoder2_acc,val_encoder2_auc,val_encoder2_acc
1,0.599715,0.677991,0.734370,0.599715,0.673812,0.740241,0.563586,0.608747,0.563586,0.608747,0.677991,0.734370,0.673812,0.740241,0.514463,0.734370,0.516229,0.740241
2,0.597361,0.688848,0.734370,0.597361,0.683124,0.740241,0.554694,0.608028,0.554694,0.608028,0.688848,0.734370,0.683124,0.740241,0.517747,0.734370,0.519258,0.740241
3,0.596352,0.693580,0.734370,0.596352,0.686981,0.740241,0.552456,0.607326,0.552456,0.607326,0.693580,0.734370,0.686981,0.740241,0.519086,0.734370,0.520407,0.740241
4,0.595500,0.697427,0.734370,0.595500,0.689418,0.740241,0.550926,0.606644,0.550926,0.606644,0.697427,0.734370,0.689418,0.740241,0.519944,0.734370,0.521177,0.740241
5,0.594706,0.700160,0.734370,0.594706,0.690326,0.740241,0.549595,0.605984,0.549595,0.605984,0.700160,0.734370,0.690326,0.740241,0.520500,0.734370,0.521705,0.740241
6,0.593948,0.701890,0.734370,0.593948,0.689858,0.740241,0.548361,0.605344,0.548361,0.605344,0.701890,0.734370,0.689858,0.740241,0.520985,0.734370,0.522220,0.740241
