epoch,train_loss,train_auc,val_loss,val_auc,val_accuracy,monotonicity_violation_rate,negative_gain_rate,bounds_violation_rate,mastery_correlation,gain_correlation,main_loss_share,constraint_loss_share,alignment_loss_share,lag_loss_share,retention_loss_share
1,0.5594106758196737,0.6776166479209297,0.5211407742938217,0.7060730641208014,0.7484549727977888,0.0,0.0,0.82,0.04528474449871896,-0.02685584477026949,0.9585035861123161,0.04149641587675453,-0.0002008428469423823,0.0,0.0
2,0.5429282481806266,0.7134644744621864,0.514579751053635,0.7168593078815669,0.7519294591674858,0.0,0.0,1.0,0.0396132663122809,0.015982875690820582,0.959059155871456,0.04094084978394201,-0.0010704001838175703,0.0,0.0
3,0.5398596682696762,0.7246973515468842,0.5120200484382863,0.7210202329026474,0.7533601300255963,0.0,0.0,1.0,0.0471980405027414,0.04273748378972125,0.9516625679995296,0.048337427416292406,-0.002802271403911379,0.0,0.0
4,0.538660914786739,0.7326962063882179,0.5111402942209827,0.7227257350760772,0.7536521036701087,0.0,0.0,1.0,0.051209725370596655,0.0454969360242546,0.9441402026570007,0.05585979943491081,-0.0046494316532345184,0.0,0.0
