{
  "train": {
    "total_auc": 0.7517235984798685,
    "total_acc": 0.7613080655910043,
    "bce_auc": 0.7517235984798685,
    "bce_acc": 0.7613080655910043,
    "mastery_auc": "N/A",
    "mastery_acc": "N/A"
  },
  "valid": {
    "total_auc": 0.7234199822620989,
    "total_acc": 0.7537104983990112,
    "bce_auc": 0.7234199822620989,
    "bce_acc": 0.7537104983990112,
    "mastery_auc": "N/A",
    "mastery_acc": "N/A"
  },
  "test": {
    "total_auc": 0.7175044264670247,
    "total_acc": 0.7466194127436995,
    "bce_auc": 0.7175044264670247,
    "bce_acc": 0.7466194127436995,
    "mastery_auc": "N/A",
    "mastery_acc": "N/A"
  },
  "checkpoint_epoch": 7,
  "checkpoint_val_auc": 0.7234199330013722
}