split,total_auc,bce_auc,mastery_auc,total_acc,bce_acc,mastery_acc
training,0.7517235984798685,0.7517235984798685,N/A,0.7613080655910043,0.7613080655910043,N/A
validation,0.7234199822620989,0.7234199822620989,N/A,0.7537104983990112,0.7537104983990112,N/A
test,0.7175044264670247,0.7175044264670247,N/A,0.7466194127436995,0.7466194127436995,N/A
