split,total_auc,bce_auc,mastery_auc,curve_r2,total_acc,bce_acc,mastery_acc,curve_acc,curve_mae,curve_rmse
training,0.6840950925963603,0.6876911074822516,0.5526874710217904,N/A,0.7375585466355044,0.7418879471367292,0.7205459972404472,N/A,N/A,N/A
validation,0.6803556320042626,0.6841157222451851,0.5446013627654944,N/A,0.7404646273929674,0.743024263009859,0.7250192215982637,N/A,N/A,N/A
test,0.6754329580475528,0.6799917897974306,0.5439082747867137,N/A,0.7338400499286734,0.7379116143604375,0.7160381003328579,N/A,N/A,N/A
