{
  "train": {
    "total_auc": 0.7534558179065532,
    "total_acc": 0.7615990388496231,
    "bce_auc": 0.7543552999547865,
    "bce_acc": 0.7627324266231146,
    "mastery_auc": 0.6427554116143264,
    "mastery_acc": 0.7344587428077981
  },
  "valid": {
    "total_auc": 0.7246734918979971,
    "total_acc": 0.7542457834139505,
    "bce_auc": 0.7250898881417465,
    "bce_acc": 0.7544793623295604,
    "mastery_auc": 0.6285259824545804,
    "mastery_acc": 0.7340801370329638
  },
  "test": {
    "total_auc": 0.7184541430695488,
    "total_acc": 0.7474292677127913,
    "bce_auc": 0.7188641782058263,
    "bce_acc": 0.7474292677127913,
    "mastery_auc": 0.62599940953714,
    "mastery_acc": 0.7251248216833096
  },
  "checkpoint_epoch": 9,
  "checkpoint_val_auc": 0.7250898881417465
}