split,total_auc,bce_auc,mastery_auc,total_acc,bce_acc,mastery_acc
training,0.7534558179065532,0.7543552999547865,0.6427554116143264,0.7615990388496231,0.7627324266231146,0.7344587428077981
validation,0.7246734918979971,0.7250898881417465,0.6285259824545804,0.7542457834139505,0.7544793623295604,0.7340801370329638
test,0.7184541430695488,0.7188641782058263,0.62599940953714,0.7474292677127913,0.7474292677127913,0.7251248216833096
