epoch,train_loss,train_auc,train_acc,val_loss,val_auc,val_acc,train_bce_loss,train_im_loss,val_bce_loss,val_im_loss,train_encoder1_auc,train_encoder1_acc,val_encoder1_auc,val_encoder1_acc,train_encoder2_auc,train_encoder2_acc,val_encoder2_auc,val_encoder2_acc
1,0.600359,0.677991,0.734370,0.600359,0.673812,0.740241,0.563586,0.609552,0.563586,0.609552,0.677991,0.734370,0.673812,0.740241,0.508302,0.734370,0.510896,0.740241
2,0.597918,0.688848,0.734370,0.597918,0.683124,0.740241,0.554694,0.608724,0.554694,0.608724,0.688848,0.734370,0.683124,0.740241,0.510951,0.734370,0.513223,0.740241
3,0.596818,0.693580,0.734370,0.596818,0.686981,0.740241,0.552456,0.607909,0.552456,0.607909,0.693580,0.734370,0.686981,0.740241,0.512811,0.734370,0.514804,0.740241
4,0.595874,0.697427,0.734370,0.595874,0.689418,0.740241,0.550926,0.607111,0.550926,0.607111,0.697427,0.734370,0.689418,0.740241,0.514549,0.734370,0.516451,0.740241
5,0.594984,0.700160,0.734370,0.594984,0.690326,0.740241,0.549595,0.606331,0.549595,0.606331,0.700160,0.734370,0.690326,0.740241,0.516603,0.734370,0.518488,0.740241
6,0.594128,0.701890,0.734370,0.594128,0.689858,0.740241,0.548361,0.605570,0.548361,0.605570,0.701890,0.734370,0.689858,0.740241,0.518645,0.734370,0.520508,0.740241
