split,auc,acc
test,0.752337,0.725834
