epoch,train_loss,train_auc,train_acc,val_loss,val_auc,val_acc,train_bce_loss,train_im_loss,val_bce_loss,val_im_loss,train_encoder1_auc,train_encoder1_acc,val_encoder1_auc,val_encoder1_acc,train_encoder2_auc,train_encoder2_acc,val_encoder2_auc,val_encoder2_acc
1,0.567572,0.680382,0.734370,0.567572,0.675598,0.740241,0.563305,0.605976,0.563305,0.605976,0.680382,0.734370,0.675598,0.740241,0.514869,0.734370,0.517082,0.740241
2,0.559145,0.693518,0.734370,0.559145,0.686649,0.740241,0.553997,0.605486,0.553997,0.605486,0.693518,0.734370,0.686649,0.740241,0.516454,0.734370,0.518641,0.740241
3,0.556615,0.698830,0.734370,0.556615,0.689919,0.740241,0.551237,0.605019,0.551237,0.605019,0.698830,0.734370,0.689919,0.740241,0.518111,0.734370,0.520254,0.740241
4,0.554653,0.700914,0.734370,0.554653,0.688637,0.740241,0.549107,0.604571,0.549107,0.604571,0.700914,0.734370,0.688637,0.740241,0.518900,0.734370,0.520962,0.740241
5,0.552751,0.705300,0.734370,0.552751,0.689311,0.740241,0.547041,0.604145,0.547041,0.604145,0.705300,0.734370,0.689311,0.740241,0.519213,0.734370,0.521228,0.740241
6,0.550746,0.708423,0.734370,0.550746,0.688419,0.740241,0.544857,0.603744,0.544857,0.603744,0.708423,0.734370,0.688419,0.740241,0.519381,0.734370,0.521394,0.740241
