epoch,train_loss,train_auc,train_acc,val_loss,val_auc,val_acc,train_bce_loss,train_im_loss,val_bce_loss,val_im_loss,train_encoder1_auc,train_encoder1_acc,val_encoder1_auc,val_encoder1_acc,train_encoder2_auc,train_encoder2_acc,val_encoder2_auc,val_encoder2_acc
1,0.601850,0.677991,0.734370,0.601850,0.673812,0.740241,0.563586,0.611416,0.563586,0.611416,0.677991,0.734370,0.673812,0.740241,0.505009,0.734370,0.508050,0.740241
2,0.599470,0.688848,0.734370,0.599470,0.683124,0.740241,0.554694,0.610664,0.554694,0.610664,0.688848,0.734370,0.683124,0.740241,0.506471,0.734370,0.509265,0.740241
3,0.598430,0.693580,0.734370,0.598430,0.686981,0.740241,0.552456,0.609923,0.552456,0.609923,0.693580,0.734370,0.686981,0.740241,0.507670,0.734370,0.510239,0.740241
4,0.597543,0.697427,0.734370,0.597543,0.689418,0.740241,0.550926,0.609198,0.550926,0.609198,0.697427,0.734370,0.689418,0.740241,0.508603,0.734370,0.511045,0.740241
5,0.596711,0.700160,0.734370,0.596711,0.690326,0.740241,0.549595,0.608490,0.549595,0.608490,0.700160,0.734370,0.690326,0.740241,0.509743,0.734370,0.512140,0.740241
6,0.595911,0.701890,0.734370,0.595911,0.689858,0.740241,0.548361,0.607799,0.548361,0.607799,0.701890,0.734370,0.689858,0.740241,0.511157,0.734370,0.513582,0.740241
