split,auc,acc,head_agreement,difficulty_fidelity,bkt_correlation_standard,bkt_correlation_timelagged
test,0.713777,0.745951,0.8035642940222942,0.9933120949979828,0.2859070972336712,0.30299989262497007
