{
  "lambda_ref": 0.9551600910252711,
  "lambda_initmastery": 1.6070663953463016,
  "lambda_rate": 0.7408617471832019
}