split,auc,acc,l_sup,l_ref,l_init,l_rate,l_reg
test,0.723341,0.749866,0.519337,0.017643,0.024236,0.068706,0.000001
