{
  "0": {
    "r2": 0.6974755412707305,
    "pearson": 0.8449827207290019,
    "count": 2262
  },
  "1": {
    "r2": 0.14563924154941765,
    "pearson": 0.6186405482217535,
    "count": 1336
  },
  "2": {
    "r2": 0.6128549274741908,
    "pearson": 0.7889636952682143,
    "count": 3192
  },
  "3": {
    "r2": 0.13010619487788788,
    "pearson": 0.6026547112620465,
    "count": 967
  },
  "4": {
    "r2": 0.4063856317624184,
    "pearson": 0.7613161163360735,
    "count": 908
  },
  "5": {
    "r2": 0.7535111281669654,
    "pearson": 0.8682338955937878,
    "count": 2132
  },
  "6": {
    "r2": 0.7254760489715664,
    "pearson": 0.858168422325839,
    "count": 2013
  },
  "7": {
    "r2": 0.7110095361297553,
    "pearson": 0.8443950518949443,
    "count": 2139
  },
  "8": {
    "r2": 0.5510629480276953,
    "pearson": 0.7561661487543867,
    "count": 1357
  },
  "9": {
    "r2": 0.30529013889707957,
    "pearson": 0.7164098437787005,
    "count": 1304
  },
  "10": {
    "r2": 0.7078862763013517,
    "pearson": 0.8470504488106607,
    "count": 2515
  },
  "11": {
    "r2": 0.49207827999730447,
    "pearson": 0.72500750549749,
    "count": 1494
  },
  "12": {
    "r2": 0.2608693545007288,
    "pearson": 0.6446953726274781,
    "count": 1428
  },
  "13": {
    "r2": 0.29506771094892204,
    "pearson": 0.5758796845503402,
    "count": 1440
  },
  "14": {
    "r2": 0.5502786530936685,
    "pearson": 0.7630586845529058,
    "count": 1595
  },
  "15": {
    "r2": -0.08223798682586203,
    "pearson": 0.45413758238012875,
    "count": 552
  },
  "16": {
    "r2": -1.497776658959411,
    "pearson": 0.2840029161833714,
    "count": 563
  },
  "17": {
    "r2": 0.39706779581667384,
    "pearson": 0.7140728257150676,
    "count": 1351
  },
  "18": {
    "r2": 0.2916586753297601,
    "pearson": 0.6724577825891003,
    "count": 950
  },
  "19": {
    "r2": 0.7737061492256952,
    "pearson": 0.8826062392104571,
    "count": 2349
  },
  "20": {
    "r2": 0.5085198916266549,
    "pearson": 0.7511451255022739,
    "count": 1747
  },
  "21": {
    "r2": 0.6685724395104891,
    "pearson": 0.8191764654295364,
    "count": 2071
  },
  "22": {
    "r2": 0.4924752483328494,
    "pearson": 0.7324172012545379,
    "count": 1213
  },
  "23": {
    "r2": -0.4336157170626951,
    "pearson": 0.5211576250680384,
    "count": 421
  },
  "24": {
    "r2": 0.7640359732125858,
    "pearson": 0.8759330638926103,
    "count": 1886
  },
  "25": {
    "r2": 0.6983246161254902,
    "pearson": 0.8413756305450876,
    "count": 1406
  },
  "26": {
    "r2": 0.4386894272675589,
    "pearson": 0.7319106075303377,
    "count": 919
  },
  "27": {
    "r2": 0.6884255412444358,
    "pearson": 0.8503405949270944,
    "count": 1332
  },
  "28": {
    "r2": 0.5180393703617063,
    "pearson": 0.7438263285971387,
    "count": 1449
  },
  "29": {
    "r2": 0.6682683981725761,
    "pearson": 0.8342641702416479,
    "count": 1308
  },
  "30": {
    "r2": 0.32365347825116597,
    "pearson": 0.696953449438445,
    "count": 1238
  },
  "31": {
    "r2": 0.240508077116379,
    "pearson": 0.643094274060898,
    "count": 805
  },
  "32": {
    "r2": 0.3269434635717807,
    "pearson": 0.66427248260759,
    "count": 1266
  },
  "33": {
    "r2": 0.6432095507719342,
    "pearson": 0.806614288990398,
    "count": 2148
  },
  "34": {
    "r2": 0.7120808822030268,
    "pearson": 0.8507624062661877,
    "count": 1600
  },
  "35": {
    "r2": -4.746652370338184,
    "pearson": 0.027845356554842153,
    "count": 376
  },
  "36": {
    "r2": 0.5087397309097996,
    "pearson": 0.7297161020497711,
    "count": 1371
  },
  "37": {
    "r2": 0.6483018677836963,
    "pearson": 0.8113945316548383,
    "count": 1947
  },
  "38": {
    "r2": -1.1452045530965154,
    "pearson": 0.6234695779765038,
    "count": 164
  },
  "39": {
    "r2": -8.488812493678337,
    "pearson": -0.18647447037799375,
    "count": 316
  },
  "40": {
    "r2": 0.0841022754146471,
    "pearson": 0.5690135208930396,
    "count": 1059
  },
  "41": {
    "r2": 0.4218857385960143,
    "pearson": 0.6834745610561123,
    "count": 778
  },
  "42": {
    "r2": -0.04084920771517542,
    "pearson": 0.5840829187201633,
    "count": 602
  },
  "43": {
    "r2": -8.351090306852084,
    "pearson": 0.3192305382117601,
    "count": 384
  },
  "44": {
    "r2": -3.793751643060923,
    "pearson": 0.3916825674514941,
    "count": 408
  },
  "45": {
    "r2": 0.6756410967349731,
    "pearson": 0.8254732063121227,
    "count": 1574
  },
  "46": {
    "r2": -0.8976013301880781,
    "pearson": 0.4261270191777018,
    "count": 144
  },
  "47": {
    "r2": 0.2687988819935223,
    "pearson": 0.6467293370054551,
    "count": 741
  },
  "48": {
    "r2": 0.14925591107482783,
    "pearson": 0.4755237851205893,
    "count": 109
  },
  "49": {
    "r2": 0.0834192076764465,
    "pearson": 0.6347743570925902,
    "count": 584
  },
  "50": {
    "r2": 0.488324166114365,
    "pearson": 0.7408174205209203,
    "count": 1239
  },
  "51": {
    "r2": 0.6476754062490937,
    "pearson": 0.8101153080093244,
    "count": 1502
  },
  "52": {
    "r2": 0.44841209910311686,
    "pearson": 0.7291523679490154,
    "count": 1305
  },
  "53": {
    "r2": 0.17083141633708976,
    "pearson": 0.6340928125240757,
    "count": 688
  },
  "54": {
    "r2": -1.0375911815455798,
    "pearson": 0.5709659378978377,
    "count": 235
  },
  "55": {
    "r2": -2.1468518007587996,
    "pearson": 0.34475065641835745,
    "count": 187
  },
  "56": {
    "r2": 0.17562845542034577,
    "pearson": 0.6554885392325196,
    "count": 941
  },
  "57": {
    "r2": 0.49485428702121725,
    "pearson": 0.7510642682199833,
    "count": 1210
  },
  "58": {
    "r2": -0.09462015130352208,
    "pearson": 0.6313638971166946,
    "count": 608
  },
  "59": {
    "r2": -7.606361886772483,
    "pearson": 0.15964460671464345,
    "count": 395
  },
  "60": {
    "r2": 0.6989150556310109,
    "pearson": 0.8391664844868107,
    "count": 2003
  },
  "61": {
    "r2": 0.45880898982958795,
    "pearson": 0.7122513691699021,
    "count": 1372
  },
  "62": {
    "r2": 0.278190075992079,
    "pearson": 0.6776060422573448,
    "count": 1032
  },
  "63": {
    "r2": 0.35255329586247297,
    "pearson": 0.6869084475659204,
    "count": 751
  },
  "64": {
    "r2": 0.3725831667607311,
    "pearson": 0.6434590408953718,
    "count": 1205
  },
  "65": {
    "r2": -0.24659568562686185,
    "pearson": 0.5280704163343403,
    "count": 659
  },
  "66": {
    "r2": 0.5074462377942087,
    "pearson": 0.7325655356270002,
    "count": 1332
  },
  "67": {
    "r2": 0.2635025539049092,
    "pearson": 0.6114615494582735,
    "count": 1061
  },
  "68": {
    "r2": 0.2140311806747932,
    "pearson": 0.7507446099279677,
    "count": 180
  },
  "69": {
    "r2": 0.6620435216597557,
    "pearson": 0.8209490733670798,
    "count": 2035
  },
  "70": {
    "r2": -0.36086614300790965,
    "pearson": 0.5799411428556777,
    "count": 406
  },
  "71": {
    "r2": -0.07624535036754132,
    "pearson": 0.5450246170153907,
    "count": 681
  },
  "72": {
    "r2": 0.4770842610390952,
    "pearson": 0.6914700941334478,
    "count": 48
  },
  "73": {
    "r2": 0.1035576979270112,
    "pearson": 0.5509062737098606,
    "count": 885
  },
  "74": {
    "r2": 0.24609975847606713,
    "pearson": 0.6538964193922334,
    "count": 1199
  },
  "75": {
    "r2": 0.4379797045239112,
    "pearson": 0.7222813296182083,
    "count": 1351
  },
  "76": {
    "r2": 0.410033970843493,
    "pearson": 0.7043499997905147,
    "count": 1525
  },
  "77": {
    "r2": 0.6214081282639532,
    "pearson": 0.7994248992011852,
    "count": 1455
  },
  "78": {
    "r2": 0.28753514008530734,
    "pearson": 0.6799128124462714,
    "count": 755
  },
  "79": {
    "r2": 0.4493529833285632,
    "pearson": 0.7078192870463913,
    "count": 831
  },
  "80": {
    "r2": -1.451098959781584,
    "pearson": 0.22199482265877588,
    "count": 68
  },
  "81": {
    "r2": 0.22992666892012892,
    "pearson": 0.6098855467735489,