epoch,train_loss,train_auc,val_loss,val_auc,val_accuracy,monotonicity_violation_rate,negative_gain_rate,bounds_violation_rate,mastery_correlation,gain_correlation,main_loss_share,constraint_loss_share,alignment_loss_share,lag_loss_share,retention_loss_share
1,0.6136850915424564,0.6939812334297946,0.5147403344816092,0.718045035003712,0.7509075514116925,0.0,0.0,0.0,0.04086172459897473,0.045429415282669444,0.861085349741408,0.13891464742078885,-0.0017678328400161831,0.0,0.0
2,0.6270799318743493,0.7249449498980135,0.5104647053747761,0.7247621479058148,0.7534769194834013,0.0,0.0,0.0,0.03532672530088287,0.01994153210460084,0.8192321763300762,0.18076782187117085,-0.013075200370437207,0.0,0.0
3,0.6622847179674731,0.7379807107447612,0.5103679785923082,0.7252059508475186,0.753194678293706,0.0,0.0,0.0,0.0376563645352708,0.026365684321345735,0.7628557821221472,0.23714421913835684,-0.02548150671387541,0.0,0.0
4,0.6969387006265512,0.7490761832560077,0.5123781494948328,0.7221850860381205,0.7519975863512054,0.0,0.0,0.0,0.03375483551776928,0.016444841901817917,0.7138297421406846,0.2861702592994781,-0.04141177772615269,0.0,0.0
