{
  "experiment_id": "20251118_185404_gainakt3exp_V3-phase1-test_618522",
  "dataset": "assist2015",
  "fold": 0,
  "train_auc": 0.6975494973141552,
  "train_acc": 0.7408625010559513,
  "valid_auc": 0.6893869978410156,
  "valid_acc": 0.7366592375594896,
  "test_auc": 0.6851162714646402,
  "test_acc": 0.7314179148834997,
  "train_encoder1_auc": 0.6975494973141552,
  "train_encoder1_acc": 0.7408625010559513,
  "valid_encoder1_auc": 0.6893869978410156,
  "valid_encoder1_acc": 0.7366592375594896,
  "test_encoder1_auc": 0.6851162714646402,
  "test_encoder1_acc": 0.7314179148834997,
  "train_encoder2_auc": 0.0,
  "train_encoder2_acc": 0.0,
  "valid_encoder2_auc": 0.0,
  "valid_encoder2_acc": 0.0,
  "test_encoder2_auc": 0.0,
  "test_encoder2_acc": 0.0,
  "train_mastery_correlation": 0.0,
  "train_gain_correlation": 0.0,
  "train_correlation_students": 0,
  "test_mastery_correlation": 0.0,
  "test_gain_correlation": 0.0,
  "test_correlation_students": 0,
  "timestamp": "2025-11-18T19:18:56.369231Z"
}