epoch,train_loss,train_auc,train_acc,val_loss,val_auc,val_acc,train_bce_loss,train_im_loss,val_bce_loss,val_im_loss,train_encoder1_auc,train_encoder1_acc,val_encoder1_auc,val_encoder1_acc,train_encoder2_auc,train_encoder2_acc,val_encoder2_auc,val_encoder2_acc
1,0.281664,0.678951,0.734370,0.281664,0.674586,0.740241,0.563328,0.000000,0.563328,0.000000,0.678951,0.734370,0.674586,0.740241,0.500000,0.265630,0.500000,0.259759
2,0.277114,0.692118,0.734370,0.277114,0.685835,0.740241,0.554229,0.000000,0.554229,0.000000,0.692118,0.734370,0.685835,0.740241,0.500000,0.265630,0.500000,0.259759
3,0.275792,0.697549,0.734370,0.275792,0.689386,0.740241,0.551584,0.000000,0.551584,0.000000,0.697549,0.734370,0.689386,0.740241,0.500000,0.265630,0.500000,0.259759
4,0.274858,0.699876,0.734370,0.274858,0.688883,0.740241,0.549716,0.000000,0.549716,0.000000,0.699876,0.734370,0.688883,0.740241,0.500000,0.265630,0.500000,0.259759
5,0.273922,0.703004,0.734370,0.273922,0.688703,0.740241,0.547843,0.000000,0.547843,0.000000,0.703004,0.734370,0.688703,0.740241,0.500000,0.265630,0.500000,0.259759
