{
  "tail_metrics": {
    "epoch": 12.0,
    "train_loss": 0.3203122220508793,
    "train_auc": 0.9248443047170586,
    "val_loss": 0.7409638336726597,
    "val_auc": 0.6491768463589114,
    "val_accuracy": 0.6990335672366641,
    "monotonicity_violation_rate": 0.0,
    "negative_gain_rate": 0.0,
    "bounds_violation_rate": 0.0,
    "mastery_correlation": 0.12530760453813672,
    "gain_correlation": 0.071118236801165,
    "main_loss_share": 0.9194677050119976,
    "constraint_loss_share": 0.08053229751892338,
    "alignment_loss_share": -0.10635348142421987,
    "lag_loss_share": -0.007942554902711957,
    "retention_loss_share": 0.0
  },
  "best_summary": {
    "best_epoch": 12.0,
    "best_val_auc": 0.6491768463589114,
    "best_val_accuracy": 0.6990335672366641,
    "mastery_corr": null,
    "gain_corr": null
  },
  "config_md5": "d4176161032266f11605d99403fe8039"
}