{
  "tail_metrics": {
    "epoch": 12.0,
    "train_loss": 0.225719738886764,
    "train_auc": 0.9528394789503368,
    "val_loss": 0.9268522615335426,
    "val_auc": 0.6280497415705919,
    "val_accuracy": 0.7093986316168527,
    "monotonicity_violation_rate": 0.0,
    "negative_gain_rate": 0.0,
    "bounds_violation_rate": 0.0,
    "mastery_correlation": 0.01563374245362199,
    "gain_correlation": 0.0697280372165816,
    "main_loss_share": 1.0437176232508962,
    "constraint_loss_share": -0.04374938765050227,
    "alignment_loss_share": -0.28751719621735955,
    "lag_loss_share": -0.03525077272869155,
    "retention_loss_share": 3.177581009936408e-05
  },
  "best_summary": {
    "best_epoch": 12.0,
    "best_val_auc": 0.6280497415705919,
    "best_val_accuracy": 0.7093986316168527,
    "mastery_corr": null,
    "gain_corr": null
  },
  "config_md5": "d33e89e48d1a8bc6a9eaff24534169a4"
}