epoch,train_loss,train_auc,train_acc,val_loss,val_auc,val_acc,train_bce_loss,train_im_loss,val_bce_loss,val_im_loss,train_encoder1_auc,train_encoder1_acc,val_encoder1_auc,val_encoder1_acc,train_encoder2_auc,train_encoder2_acc,val_encoder2_auc,val_encoder2_acc
1,0.598802,0.677991,0.734370,0.598802,0.673812,0.740241,0.563586,0.607606,0.563586,0.607606,0.677991,0.734370,0.673812,0.740241,0.517884,0.734370,0.519464,0.740241
2,0.596408,0.688848,0.734370,0.596408,0.683124,0.740241,0.554694,0.606837,0.554694,0.606837,0.688848,0.734370,0.683124,0.740241,0.520836,0.734370,0.522065,0.740241
3,0.595360,0.693580,0.734370,0.595360,0.686981,0.740241,0.552456,0.606086,0.552456,0.606086,0.693580,0.734370,0.686981,0.740241,0.522649,0.734370,0.523743,0.740241
4,0.594471,0.697427,0.734370,0.594471,0.689418,0.740241,0.550926,0.605357,0.550926,0.605357,0.697427,0.734370,0.689418,0.740241,0.524193,0.734370,0.525254,0.740241
5,0.593640,0.700160,0.734370,0.593640,0.690326,0.740241,0.549595,0.604651,0.549595,0.604651,0.700160,0.734370,0.690326,0.740241,0.525300,0.734370,0.526338,0.740241
6,0.592846,0.701890,0.734370,0.592846,0.689858,0.740241,0.548361,0.603967,0.548361,0.603967,0.701890,0.734370,0.689858,0.740241,0.526263,0.734370,0.527320,0.740241
