epoch,train_loss,train_auc,train_acc,val_loss,val_auc,val_acc,train_bce_loss,train_im_loss,val_bce_loss,val_im_loss,train_encoder1_auc,train_encoder1_acc,val_encoder1_auc,val_encoder1_acc,train_encoder2_auc,train_encoder2_acc,val_encoder2_auc,val_encoder2_acc
1,0.567751,0.680382,0.734370,0.567751,0.675598,0.740241,0.563305,0.607763,0.563305,0.607763,0.680382,0.734370,0.675598,0.740241,0.515742,0.734370,0.517781,0.740241
2,0.559320,0.693518,0.734370,0.559320,0.686649,0.740241,0.553997,0.607234,0.553997,0.607234,0.693518,0.734370,0.686649,0.740241,0.517376,0.734370,0.519360,0.740241
3,0.556787,0.698830,0.734370,0.556787,0.689919,0.740241,0.551237,0.606732,0.551237,0.606732,0.698830,0.734370,0.689919,0.740241,0.518823,0.734370,0.520704,0.740241
4,0.554821,0.700914,0.734370,0.554821,0.688637,0.740241,0.549107,0.606250,0.549107,0.606250,0.700914,0.734370,0.688637,0.740241,0.519650,0.734370,0.521452,0.740241
5,0.552915,0.705300,0.734370,0.552915,0.689311,0.740241,0.547041,0.605788,0.547041,0.605788,0.705300,0.734370,0.689311,0.740241,0.519967,0.734370,0.521737,0.740241
6,0.550906,0.708423,0.734370,0.550906,0.688419,0.740241,0.544857,0.605343,0.544857,0.605343,0.708423,0.734370,0.688419,0.740241,0.519993,0.734370,0.521778,0.740241
