{
  "experiment_name": "sweep_run",
  "best_val_auc": 0.7210721096203287,
  "final_consistency_metrics": {
    "monotonicity_violation_rate": 0.0,
    "negative_gain_rate": 0.0,
    "bounds_violation_rate": 0.0,
    "mastery_correlation": 0.009643285039909034,
    "gain_correlation": -0.011546826258510601
  },
  "train_history": {
    "train_loss": [
      0.6113831833236576,
      0.5790081089024717,
      0.5718992628890616,
      0.5668735306497683,
      0.5636197642032347,
      0.5613864011715113,
      0.5596104380071472,
      0.5582886786040865,
      0.557099529189767,
      0.5559885663998559,
      0.549237894116288,
      0.5471144706165235,
      0.5454622593568397,
      0.5443707492993903,
      0.5432542449760931,
      0.5419197008399765,
      0.5362299878362546,
      0.5345527018598942,
      0.5330328076614617
    ],
    "train_auc": [
      0.6812514156304251,
      0.7161885285260299,
      0.7233502396553831,
      0.7275336272138551,
      0.730704638279455,
      0.7335454234650761,
      0.73628722308337,
      0.7384166108489403,
      0.7404083283651295,
      0.7421098452431498,
      0.7515468695782294,
      0.7542742691631156,
      0.7565665357082676,
      0.7578045814346291,
      0.759298897465779,
      0.7609819434026039,
      0.7687281035273048,
      0.7707119431960925,
      0.7725235038798169
    ],
    "val_auc": [
      0.7132079439463765,
      0.7187060787357546,
      0.7203761326438862,
      0.7210721096203287,
      0.7202319290090267,
      0.7199114424151143,
      0.7195982808912749,
      0.7182993595154786,
      0.7184820402114228,
      0.7175282614085098,
      0.719225949106546,
      0.7180087177791928,
      0.717276814462098,
      0.7166756831037939,
      0.7164620760309663,
      0.7154761797267961,
      0.7152293517124317,
      0.7141670929074204,
      0.7135370477192257
    ],
    "consistency_metrics": [
      {
        "monotonicity_violation_rate": 0.0,
        "negative_gain_rate": 0.0,
        "bounds_violation_rate": 0.0,
        "mastery_correlation": 0.018621821256579272,
        "gain_correlation": 0.041048195699417006
      },
      {
        "monotonicity_violation_rate": 0.0,
        "negative_gain_rate": 0.0,
        "bounds_violation_rate": 0.0,
        "mastery_correlation": 0.012992656810975221,
        "gain_correlation": 0.08240875042980342
      },
      {
        "monotonicity_violation_rate": 0.0,
        "negative_gain_rate": 0.0,
        "bounds_violation_rate": 0.0,
        "mastery_correlation": -0.008054991675716066,
        "gain_correlation": 0.058318740649430316
      },
      {
        "monotonicity_violation_rate": 0.0,
        "negative_gain_rate": 0.0,
        "bounds_violation_rate": 0.0,
        "mastery_correlation": 0.01040983732335148,
        "gain_correlation": 0.07133728067842411
      },
      {
        "monotonicity_violation_rate": 0.0,
        "negative_gain_rate": 0.0,
        "bounds_violation_rate": 0.0,
        "mastery_correlation": -0.010611403214610203,
        "gain_correlation": 0.050219376534458925
      },
      {
        "monotonicity_violation_rate": 0.0,
        "negative_gain_rate": 0.0,
        "bounds_violation_rate": 0.0,
        "mastery_correlation": -0.00012469066998690152,
        "gain_correlation": 0.05022867602239863
      },
      {
        "monotonicity_violation_rate": 0.0,
        "negative_gain_rate": 0.0,
        "bounds_violation_rate": 0.0,
        "mastery_correlation": 0.005161774326889875,
        "gain_correlation": 0.05049294777225449
      },
      {
        "monotonicity_violation_rate": 0.0,
        "negative_gain_rate": 0.0,
        "bounds_violation_rate": 0.0,
        "mastery_correlation": 0.01299997633291508,
        "gain_correlation": 0.05265681764088862
      },
      {
        "monotonicity_violation_rate": 0.0,
        "negative_gain_rate": 0.0,
        "bounds_violation_rate": 0.0,
        "mastery_correlation": 0.002586927493948771,
        "gain_correlation": 0.04841151901319104
      },
      {
        "monotonicity_violation_rate": 0.0,
        "negative_gain_rate": 0.0,
        "bounds_violation_rate": 0.0,
        "mastery_correlation": 0.025824478373929385,
        "gain_correlation": 0.04357956905928418
      },
      {
        "monotonicity_violation_rate": 0.0,
        "negative_gain_rate": 0.0,
        "bounds_violation_rate": 0.0,
        "mastery_correlation": 0.022947775132486872,
        "gain_correlation": 0.04460140595089197
      },
      {
        "monotonicity_violation_rate": 0.0,
        "negative_gain_rate": 0.0,
        "bounds_violation_rate": 0.0,
        "mastery_correlation": 0.015019888632012679,
        "gain_correlation": 0.03641077624541243
      },
      {
        "monotonicity_violation_rate": 0.0,
        "negative_gain_rate": 0.0,
        "bounds_violation_rate": 0.0,
        "mastery_correlation": 0.02207187530512468,
        "gain_correlation": 0.04019415199897
      },
      {
        "monotonicity_violation_rate": 0.0,
        "negative_gain_rate": 0.0,
        "bounds_violation_rate": 0.0,
        "mastery_correlation": 0.018593949016281842,
        "gain_correlation": 0.03933281537114258
      },
      {
        "monotonicity_violation_rate": 0.0,
        "negative_gain_rate": 0.0,
        "bounds_violation_rate": 0.0,
        "mastery_correlation": 0.00032275830509532235,
        "gain_correlation": 0.03694893008077705
      },
      {
        "monotonicity_violation_rate": 0.0,
        "negative_gain_rate": 0.0,
        "bounds_violation_rate": 0.0,
        "mastery_correlation": 0.02533399165800596,
        "gain_correlation": 0.039640874062536254
      },
      {
        "monotonicity_violation_rate": 0.0,
        "negative_gain_rate": 0.0,
        "bounds_violation_rate": 0.0,
        "mastery_correlation": 0.023040306613833272,
        "gain_correlation": 0.03240813579912623
      },
      {
        "monotonicity_violation_rate": 0.0,
        "negative_gain_rate": 0.0,
        "bounds_violation_rate": 0.0,
        "mastery_correlation": 0.026471458959866218,
        "gain_correlation": 0.03694665152751788
      },
      {
        "monotonicity_violation_rate": 0.0,
        "negative_gain_rate": 0.0,
        "bounds_violation_rate": 0.0,
        "mastery_correlation": 0.02601085742310601,
        "gain_correlation": 0.036108346494949546
      }
    ]
  },
  "model_config": {
    "num_c": 100,
    "seq_len": 200,
    "d_model": 512,
    "n_heads": 8,
    "num_encoder_blocks": 6,
    "d_ff": 1024,
    "dropout": 0.2,
    "emb_type": "qid",
    "monitor_frequency": 50,
    "non_negative_loss_weight": 0.0,
    "monotonicity_loss_weight": 0.1,
    "mastery_performance_loss_weight": 0.8,
    "gain_performance_loss_weight": 0.8,
    "sparsity_loss_weight": 0.2,
    "consistency_loss_weight": 0.3
  },
  "training_args": {
    "epochs": 20,
    "batch_size": 64,
    "lr": 0.0006736606589667577,
    "weight_decay": 0.00014317777391229043,
    "patience": 15,
    "enhanced_constraints": true,
    "monitor_freq": 50,
    "dataset": "assist2015",
    "fold": 0,
    "experiment_suffix": "sweep_run",
    "use_wandb": true
  },
  "log_file": "logs/cumulative_mastery_full_sweep_run_20251006_081222.log",
  "timestamp": "2025-10-06T08:26:16.411872"
}