{
  "experiment_name": "sweep_run_5",
  "best_val_auc": 0.7159256456816512,
  "final_consistency_metrics": {
    "monotonicity_violation_rate": 0.0,
    "negative_gain_rate": 0.0,
    "bounds_violation_rate": 0.0,
    "mastery_correlation": -0.0036765977275191675,
    "gain_correlation": 0.011960641522439208
  },
  "train_history": {
    "train_loss": [
      0.7260616335226464,
      0.6539551004226961,
      0.6224993149233605,
      0.5979073483091562,
      0.5928006607633798,
      0.5909395292015274,
      0.589444449219679,
      0.5884148787340352,
      0.5873810506855268,
      0.586274898113982,
      0.5853733809500778,
      0.5844455074152181,
      0.5841899001536591,
      0.5839831149639861,
      0.5835933815012324,
      0.5831155032691561,
      0.5826883964587988,
      0.5824570458170046,
      0.5823794594082807,
      0.5826494709197721
    ],
    "train_auc": [
      0.6140749573840226,
      0.6305257651003853,
      0.6423615951052987,
      0.6843491291570943,
      0.6936679239773464,
      0.697891574607266,
      0.7003223356972205,
      0.7021117893321303,
      0.7035741971816492,
      0.7058902325486367,
      0.7073304681582486,
      0.7088012595342431,
      0.7092995177620562,
      0.7094212671301132,
      0.710460722808684,
      0.7112236952460878,
      0.7116689399760731,
      0.7124252067496184,
      0.7125435585030366,
      0.7123183923375901
    ],
    "val_auc": [
      0.6385783780847578,
      0.6397571998382219,
      0.6731175741086133,
      0.6958020777100675,
      0.6993625378704769,
      0.7043299358653415,
      0.7060260494368535,
      0.7079012358486801,
      0.7087399078502243,
      0.7106271013179013,
      0.7118252423894997,
      0.7127289129348231,
      0.713176149841791,
      0.7142864344071673,
      0.7144187366504353,
      0.714940374496104,
      0.7149144653242439,
      0.7147995890630764,
      0.715247272272229,
      0.7159256456816512
    ],
    "consistency_metrics": [
      {
        "monotonicity_violation_rate": 0.0,
        "negative_gain_rate": 0.0,
        "bounds_violation_rate": 0.0,
        "mastery_correlation": 0.04567674765986536,
        "gain_correlation": 0.020105429232359966
      },
      {
        "monotonicity_violation_rate": 0.0,
        "negative_gain_rate": 0.0,
        "bounds_violation_rate": 0.0,
        "mastery_correlation": 0.04567674765986531,
        "gain_correlation": 0.03249842487617505
      },
      {
        "monotonicity_violation_rate": 0.0,
        "negative_gain_rate": 0.0,
        "bounds_violation_rate": 0.0,
        "mastery_correlation": 0.03784462277097945,
        "gain_correlation": -0.047908696843310665
      },
      {
        "monotonicity_violation_rate": 0.0,
        "negative_gain_rate": 0.0,
        "bounds_violation_rate": 0.0,
        "mastery_correlation": 0.030166306340010385,
        "gain_correlation": 0.023299887058859128
      },
      {
        "monotonicity_violation_rate": 0.0,
        "negative_gain_rate": 0.0,
        "bounds_violation_rate": 0.0,
        "mastery_correlation": 0.018472863302514846,
        "gain_correlation": -0.04023549067348418
      },
      {
        "monotonicity_violation_rate": 0.0,
        "negative_gain_rate": 0.0,
        "bounds_violation_rate": 0.0,
        "mastery_correlation": 0.013741267124158353,
        "gain_correlation": -0.04209410986299654
      },
      {
        "monotonicity_violation_rate": 0.0,
        "negative_gain_rate": 0.0,
        "bounds_violation_rate": 0.0,
        "mastery_correlation": 0.01833044424458805,
        "gain_correlation": -0.033932882921348884
      },
      {
        "monotonicity_violation_rate": 0.0,
        "negative_gain_rate": 0.0,
        "bounds_violation_rate": 0.0,
        "mastery_correlation": 0.022169635486906373,
        "gain_correlation": -0.02444151987843349
      },
      {
        "monotonicity_violation_rate": 0.0,
        "negative_gain_rate": 0.0,
        "bounds_violation_rate": 0.0,
        "mastery_correlation": 0.028336383963770168,
        "gain_correlation": 0.012011476682017196
      },
      {
        "monotonicity_violation_rate": 0.0,
        "negative_gain_rate": 0.0,
        "bounds_violation_rate": 0.0,
        "mastery_correlation": 0.03193779042372362,
        "gain_correlation": 0.021410451587316297
      },
      {
        "monotonicity_violation_rate": 0.0,
        "negative_gain_rate": 0.0,
        "bounds_violation_rate": 0.0,
        "mastery_correlation": 0.02654343590940994,
        "gain_correlation": 0.022075737260794624
      },
      {
        "monotonicity_violation_rate": 0.0,
        "negative_gain_rate": 0.0,
        "bounds_violation_rate": 0.0,
        "mastery_correlation": 0.03063028695491855,
        "gain_correlation": 0.014092979584416044
      },
      {
        "monotonicity_violation_rate": 0.0,
        "negative_gain_rate": 0.0,
        "bounds_violation_rate": 0.0,
        "mastery_correlation": 0.028678253319143185,
        "gain_correlation": 0.020561644886189893
      },
      {
        "monotonicity_violation_rate": 0.0,
        "negative_gain_rate": 0.0,
        "bounds_violation_rate": 0.0,
        "mastery_correlation": 0.027835322916530885,
        "gain_correlation": 0.020972039180576895
      },
      {
        "monotonicity_violation_rate": 0.0,
        "negative_gain_rate": 0.0,
        "bounds_violation_rate": 0.0,
        "mastery_correlation": 0.02773594480393018,
        "gain_correlation": 0.017530573789782865
      },
      {
        "monotonicity_violation_rate": 0.0,
        "negative_gain_rate": 0.0,
        "bounds_violation_rate": 0.0,
        "mastery_correlation": 0.02477770676492737,
        "gain_correlation": 0.01627177885540232
      },
      {
        "monotonicity_violation_rate": 0.0,
        "negative_gain_rate": 0.0,
        "bounds_violation_rate": 0.0,
        "mastery_correlation": 0.02710800603485816,
        "gain_correlation": 0.011926608365820154
      },
      {
        "monotonicity_violation_rate": 0.0,
        "negative_gain_rate": 0.0,
        "bounds_violation_rate": 0.0,
        "mastery_correlation": 0.028861830276772936,
        "gain_correlation": 0.008384536609004005
      },
      {
        "monotonicity_violation_rate": 0.0,
        "negative_gain_rate": 0.0,
        "bounds_violation_rate": 0.0,
        "mastery_correlation": 0.028800716450578974,
        "gain_correlation": 0.009833746279206534
      },
      {
        "monotonicity_violation_rate": 0.0,
        "negative_gain_rate": 0.0,
        "bounds_violation_rate": 0.0,
        "mastery_correlation": 0.02361899948474179,
        "gain_correlation": 0.026776667033696345
      }
    ]
  },
  "model_config": {
    "num_c": 100,
    "seq_len": 200,
    "d_model": 512,
    "n_heads": 8,
    "num_encoder_blocks": 6,
    "d_ff": 1024,
    "dropout": 0.2,
    "emb_type": "qid",
    "monitor_frequency": 50,
    "non_negative_loss_weight": 0.0,
    "monotonicity_loss_weight": 0.1,
    "mastery_performance_loss_weight": 0.8,
    "gain_performance_loss_weight": 0.8,
    "sparsity_loss_weight": 0.2,
    "consistency_loss_weight": 0.3
  },
  "training_args": {
    "epochs": 20,
    "batch_size": 64,
    "lr": 0.0026903486031606126,
    "weight_decay": 0.0003709561770493647,
    "patience": 10,
    "enhanced_constraints": true,
    "monitor_freq": 50,
    "dataset": "assist2015",
    "fold": 0,
    "experiment_suffix": "sweep_run_5",
    "use_wandb": true
  },
  "log_file": "logs/cumulative_mastery_full_sweep_run_5_20251006_085240.log",
  "timestamp": "2025-10-06T09:07:36.527992"
}