{
  "experiment_name": "sweep_run_6",
  "best_val_auc": 0.7223612613624855,
  "final_consistency_metrics": {
    "monotonicity_violation_rate": 0.0,
    "negative_gain_rate": 0.0,
    "bounds_violation_rate": 0.0,
    "mastery_correlation": 0.019557421584309374,
    "gain_correlation": 0.009008035112402274
  },
  "train_history": {
    "train_loss": [
      0.6152427491453505,
      0.579255920710023,
      0.5738984026859716,
      0.570130696001741,
      0.5669370404223806,
      0.5638695893828402,
      0.5609336532268328,
      0.5582154190417418,
      0.5559804175317902,
      0.553873513469991,
      0.5518683898694736,
      0.5448079345767031,
      0.5419873005336093,
      0.5403805064786341,
      0.5387524839529058
    ],
    "train_auc": [
      0.6858170754690586,
      0.7188063980290842,
      0.7262146495762711,
      0.7305072696578397,
      0.733634208524758,
      0.736360021209701,
      0.7387754010408083,
      0.7412154705549774,
      0.7432684469084195,
      0.7455390368720253,
      0.747858076237204,
      0.7575821445304608,
      0.7611995460182099,
      0.7632430876723342,
      0.7653327480229896
    ],
    "val_auc": [
      0.713522889201133,
      0.7196858898623448,
      0.7214037276606731,
      0.722199311304498,
      0.7223612613624855,
      0.7221890680289702,
      0.7219522731931337,
      0.7212415042056518,
      0.7200441912068707,
      0.7197874226241445,
      0.7190676771007241,
      0.719895847207925,
      0.7188051634857365,
      0.7176610439438638,
      0.7164466877188295
    ],
    "consistency_metrics": [
      {
        "monotonicity_violation_rate": 0.0,
        "negative_gain_rate": 0.0,
        "bounds_violation_rate": 0.0,
        "mastery_correlation": 0.016936852581185546,
        "gain_correlation": 0.001359517587184892
      },
      {
        "monotonicity_violation_rate": 0.0,
        "negative_gain_rate": 0.0,
        "bounds_violation_rate": 0.0,
        "mastery_correlation": 0.03389622464547601,
        "gain_correlation": 0.02360983337554046
      },
      {
        "monotonicity_violation_rate": 0.0,
        "negative_gain_rate": 0.0,
        "bounds_violation_rate": 0.0,
        "mastery_correlation": 0.03614501550598849,
        "gain_correlation": 0.03432327852678754
      },
      {
        "monotonicity_violation_rate": 0.0,
        "negative_gain_rate": 0.0,
        "bounds_violation_rate": 0.0,
        "mastery_correlation": 0.011968991661965883,
        "gain_correlation": 0.034249760550983395
      },
      {
        "monotonicity_violation_rate": 0.0,
        "negative_gain_rate": 0.0,
        "bounds_violation_rate": 0.0,
        "mastery_correlation": 0.0037818986865415043,
        "gain_correlation": 0.03379807390990075
      },
      {
        "monotonicity_violation_rate": 0.0,
        "negative_gain_rate": 0.0,
        "bounds_violation_rate": 0.0,
        "mastery_correlation": 0.002409531593262296,
        "gain_correlation": 0.05214054368354775
      },
      {
        "monotonicity_violation_rate": 0.0,
        "negative_gain_rate": 0.0,
        "bounds_violation_rate": 0.0,
        "mastery_correlation": 0.011283707306697468,
        "gain_correlation": 0.0731012321316816
      },
      {
        "monotonicity_violation_rate": 0.0,
        "negative_gain_rate": 0.0,
        "bounds_violation_rate": 0.0,
        "mastery_correlation": 0.01604538280454636,
        "gain_correlation": 0.09907970181840586
      },
      {
        "monotonicity_violation_rate": 0.0,
        "negative_gain_rate": 0.0,
        "bounds_violation_rate": 0.0,
        "mastery_correlation": 0.03281281526949354,
        "gain_correlation": 0.10579732095956845
      },
      {
        "monotonicity_violation_rate": 0.0,
        "negative_gain_rate": 0.0,
        "bounds_violation_rate": 0.0,
        "mastery_correlation": 0.04021489717868523,
        "gain_correlation": 0.07899086079519305
      },
      {
        "monotonicity_violation_rate": 0.0,
        "negative_gain_rate": 0.0,
        "bounds_violation_rate": 0.0,
        "mastery_correlation": 0.03436847881813304,
        "gain_correlation": 0.07982472113710348
      },
      {
        "monotonicity_violation_rate": 0.0,
        "negative_gain_rate": 0.0,
        "bounds_violation_rate": 0.0,
        "mastery_correlation": 0.03606002005800465,
        "gain_correlation": 0.08081883846286342
      },
      {
        "monotonicity_violation_rate": 0.0,
        "negative_gain_rate": 0.0,
        "bounds_violation_rate": 0.0,
        "mastery_correlation": 0.037875626292160715,
        "gain_correlation": 0.08239702952624146
      },
      {
        "monotonicity_violation_rate": 0.0,
        "negative_gain_rate": 0.0,
        "bounds_violation_rate": 0.0,
        "mastery_correlation": 0.040766684941474854,
        "gain_correlation": 0.08248131395419021
      },
      {
        "monotonicity_violation_rate": 0.0,
        "negative_gain_rate": 0.0,
        "bounds_violation_rate": 0.0,
        "mastery_correlation": 0.04257694357340862,
        "gain_correlation": 0.08029877118730129
      }
    ]
  },
  "model_config": {
    "num_c": 100,
    "seq_len": 200,
    "d_model": 512,
    "n_heads": 8,
    "num_encoder_blocks": 6,
    "d_ff": 1024,
    "dropout": 0.2,
    "emb_type": "qid",
    "monitor_frequency": 50,
    "non_negative_loss_weight": 0.0,
    "monotonicity_loss_weight": 0.1,
    "mastery_performance_loss_weight": 0.8,
    "gain_performance_loss_weight": 0.8,
    "sparsity_loss_weight": 0.2,
    "consistency_loss_weight": 0.3
  },
  "training_args": {
    "epochs": 20,
    "batch_size": 128,
    "lr": 0.0004130021585070736,
    "weight_decay": 0.0002505689322325421,
    "patience": 10,
    "enhanced_constraints": true,
    "monitor_freq": 50,
    "dataset": "assist2015",
    "fold": 0,
    "experiment_suffix": "sweep_run_6",
    "use_wandb": true
  },
  "log_file": "logs/cumulative_mastery_full_sweep_run_6_20251006_151559.log",
  "timestamp": "2025-10-06T15:37:08.707978"
}