{
  "experiment_name": "sweep_run_0",
  "best_val_auc": 0.7222892419336213,
  "final_consistency_metrics": {
    "monotonicity_violation_rate": 0.0,
    "negative_gain_rate": 0.0,
    "bounds_violation_rate": 0.0,
    "mastery_correlation": 0.01097609116519447,
    "gain_correlation": 0.00040065865986492694
  },
  "train_history": {
    "train_loss": [
      0.6314969485905504,
      0.5939236734197547,
      0.5798067997156647,
      0.5743920648653891,
      0.5703611645673841,
      0.5669559417919792,
      0.563674265084489,
      0.5616373815067074,
      0.5597927170405116,
      0.5579442293841604,
      0.5568334668720324,
      0.5558480486042141,
      0.5495202558337098,
      0.5476446426594196,
      0.5459999585707571,
      0.545225737780487,
      0.5439998524485474,
      0.5432311765888195,
      0.5375175476074219,
      0.5357505184998784,
      0.5346503307164642
    ],
    "train_auc": [
      0.6523427079939934,
      0.6915881165567161,
      0.7160118206820029,
      0.7239611407232447,
      0.728543479319641,
      0.7318489262447037,
      0.7350344906324,
      0.7367245134698035,
      0.7385665473125361,
      0.7406193090533459,
      0.7415819852773308,
      0.7424744096382757,
      0.7512350128798065,
      0.7533070155336753,
      0.7552896306289367,
      0.756089234984071,
      0.7573319026727787,
      0.7580060078524229,
      0.7656264243244526,
      0.767635208216538,
      0.7688512882990539
    ],
    "val_auc": [
      0.6834348099379044,
      0.7086920540097958,
      0.7197343796587563,
      0.7220059178782996,
      0.7219873411656215,
      0.7222892419336213,
      0.721272735999041,
      0.7199921957708376,
      0.7194231306826343,
      0.7182626558405579,
      0.7193820484680133,
      0.7188857537884541,
      0.719468764095803,
      0.7186216529928495,
      0.7182315294651238,
      0.7177718574265898,
      0.7171750464803281,
      0.716613560893852,
      0.7165155313086378,
      0.7154285926332031,
      0.7146802409131312
    ],
    "consistency_metrics": [
      {
        "monotonicity_violation_rate": 0.0,
        "negative_gain_rate": 0.0,
        "bounds_violation_rate": 0.0,
        "mastery_correlation": 0.034262443816152496,
        "gain_correlation": 0.04056372258284619
      },
      {
        "monotonicity_violation_rate": 0.0,
        "negative_gain_rate": 0.0,
        "bounds_violation_rate": 0.0,
        "mastery_correlation": 0.027008156019021498,
        "gain_correlation": 0.0513737615454622
      },
      {
        "monotonicity_violation_rate": 0.0,
        "negative_gain_rate": 0.0,
        "bounds_violation_rate": 0.0,
        "mastery_correlation": 0.028545207055423315,
        "gain_correlation": 0.10584573602637201
      },
      {
        "monotonicity_violation_rate": 0.0,
        "negative_gain_rate": 0.0,
        "bounds_violation_rate": 0.0,
        "mastery_correlation": 0.02118115052677881,
        "gain_correlation": 0.082758986496038
      },
      {
        "monotonicity_violation_rate": 0.0,
        "negative_gain_rate": 0.0,
        "bounds_violation_rate": 0.0,
        "mastery_correlation": 0.017719362632665745,
        "gain_correlation": 0.07306441863974099
      },
      {
        "monotonicity_violation_rate": 0.0,
        "negative_gain_rate": 0.0,
        "bounds_violation_rate": 0.0,
        "mastery_correlation": 0.013760180664143959,
        "gain_correlation": 0.0781826075417919
      },
      {
        "monotonicity_violation_rate": 0.0,
        "negative_gain_rate": 0.0,
        "bounds_violation_rate": 0.0,
        "mastery_correlation": 0.014106316327834302,
        "gain_correlation": 0.06697620764994126
      },
      {
        "monotonicity_violation_rate": 0.0,
        "negative_gain_rate": 0.0,
        "bounds_violation_rate": 0.0,
        "mastery_correlation": 0.020099929574361155,
        "gain_correlation": 0.06454040705569249
      },
      {
        "monotonicity_violation_rate": 0.0,
        "negative_gain_rate": 0.0,
        "bounds_violation_rate": 0.0,
        "mastery_correlation": 0.04984089479719664,
        "gain_correlation": 0.06825093515843053
      },
      {
        "monotonicity_violation_rate": 0.0,
        "negative_gain_rate": 0.0,
        "bounds_violation_rate": 0.0,
        "mastery_correlation": 0.014454671946925207,
        "gain_correlation": 0.05842314427759612
      },
      {
        "monotonicity_violation_rate": 0.0,
        "negative_gain_rate": 0.0,
        "bounds_violation_rate": 0.0,
        "mastery_correlation": 0.011319365013699812,
        "gain_correlation": 0.06732241893668939
      },
      {
        "monotonicity_violation_rate": 0.0,
        "negative_gain_rate": 0.0,
        "bounds_violation_rate": 0.0,
        "mastery_correlation": 0.008862860074397036,
        "gain_correlation": 0.05583335212898498
      },
      {
        "monotonicity_violation_rate": 0.0,
        "negative_gain_rate": 0.0,
        "bounds_violation_rate": 0.0,
        "mastery_correlation": 0.04052368191347358,
        "gain_correlation": 0.07537946184254063
      },
      {
        "monotonicity_violation_rate": 0.0,
        "negative_gain_rate": 0.0,
        "bounds_violation_rate": 0.0,
        "mastery_correlation": 0.014951375036406771,
        "gain_correlation": 0.060254829416766326
      },
      {
        "monotonicity_violation_rate": 0.0,
        "negative_gain_rate": 0.0,
        "bounds_violation_rate": 0.0,
        "mastery_correlation": 0.042458903503884315,
        "gain_correlation": 0.07787956838327278
      },
      {
        "monotonicity_violation_rate": 0.0,
        "negative_gain_rate": 0.0,
        "bounds_violation_rate": 0.0,
        "mastery_correlation": 0.042008431988524934,
        "gain_correlation": 0.0644126493039758
      },
      {
        "monotonicity_violation_rate": 0.0,
        "negative_gain_rate": 0.0,
        "bounds_violation_rate": 0.0,
        "mastery_correlation": 0.02047611426966681,
        "gain_correlation": 0.053049826470178536
      },
      {
        "monotonicity_violation_rate": 0.0,
        "negative_gain_rate": 0.0,
        "bounds_violation_rate": 0.0,
        "mastery_correlation": 0.04066461472862182,
        "gain_correlation": 0.06254651386596163
      },
      {
        "monotonicity_violation_rate": 0.0,
        "negative_gain_rate": 0.0,
        "bounds_violation_rate": 0.0,
        "mastery_correlation": 0.03631470686791481,
        "gain_correlation": 0.06467586410702933
      },
      {
        "monotonicity_violation_rate": 0.0,
        "negative_gain_rate": 0.0,
        "bounds_violation_rate": 0.0,
        "mastery_correlation": 0.02955239812932414,
        "gain_correlation": 0.059777282249828784
      },
      {
        "monotonicity_violation_rate": 0.0,
        "negative_gain_rate": 0.0,
        "bounds_violation_rate": 0.0,
        "mastery_correlation": 0.0435122968769813,
        "gain_correlation": 0.06317644631277014
      }
    ]
  },
  "model_config": {
    "num_c": 100,
    "seq_len": 200,
    "d_model": 512,
    "n_heads": 8,
    "num_encoder_blocks": 6,
    "d_ff": 1024,
    "dropout": 0.2,
    "emb_type": "qid",
    "monitor_frequency": 50,
    "non_negative_loss_weight": 0.0,
    "monotonicity_loss_weight": 0.1,
    "mastery_performance_loss_weight": 0.8,
    "gain_performance_loss_weight": 0.8,
    "sparsity_loss_weight": 0.2,
    "consistency_loss_weight": 0.3
  },
  "training_args": {
    "epochs": 25,
    "batch_size": 64,
    "lr": 0.0008216851484712461,
    "weight_decay": 9.370458588775972e-05,
    "patience": 15,
    "enhanced_constraints": true,
    "monitor_freq": 50,
    "dataset": "assist2015",
    "fold": 0,
    "experiment_suffix": "sweep_run_0",
    "use_wandb": true
  },
  "log_file": "logs/cumulative_mastery_full_sweep_run_0_20251006_183637.log",
  "timestamp": "2025-10-06T19:00:02.598491"
}