{
  "experiment_name": "sweep_run_2",
  "best_val_auc": 0.7135336169559087,
  "final_consistency_metrics": {
    "monotonicity_violation_rate": 0.0,
    "negative_gain_rate": 0.0,
    "bounds_violation_rate": 0.0,
    "mastery_correlation": 0.008718364653312194,
    "gain_correlation": 0.04324203467079963
  },
  "train_history": {
    "train_loss": [
      0.775048097180579,
      0.6440961956977844,
      0.633624228788781,
      0.6283800987999674,
      0.601886694604251,
      0.5939565890811268,
      0.5915172550962379,
      0.5900329200097316,
      0.5886007136631506,
      0.5875348155362619,
      0.5860915461970116,
      0.584819740890839,
      0.5843687187204707,
      0.5838674587906951,
      0.5837390268404867,
      0.583536603907847,
      0.583390241151029,
      0.5831916384746374,
      0.5826219363533771,
      0.5825508042320686
    ],
    "train_auc": [
      0.6069876813280564,
      0.6309614366335017,
      0.6331095709381154,
      0.6348569547951672,
      0.6767123364963936,
      0.6920620805385799,
      0.6962789522264095,
      0.6993869693611633,
      0.7014661340588774,
      0.7033315440102735,
      0.7059626396977785,
      0.7078942084036064,
      0.7084966042568352,
      0.7095368225963826,
      0.7100979876312894,
      0.7100888955980311,
      0.7103645032828874,
      0.7106879966971277,
      0.7114796201467624,
      0.7119243181409758
    ],
    "val_auc": [
      0.639383492201394,
      0.6393864788792589,
      0.6391313649643455,
      0.6615140695212007,
      0.6936965560215078,
      0.6994277910922133,
      0.7026103840400251,
      0.7044308472030727,
      0.7066941248913413,
      0.7083655800208462,
      0.7098484729699324,
      0.7113667735442173,
      0.7115526758916935,
      0.7117212709754206,
      0.7120566818454235,
      0.7130410503281525,
      0.7127250149335126,
      0.7129317567851516,
      0.7135301507248684,
      0.7135336169559087
    ],
    "consistency_metrics": [
      {
        "monotonicity_violation_rate": 0.0,
        "negative_gain_rate": 0.0,
        "bounds_violation_rate": 0.0,
        "mastery_correlation": 0.04567674765986524,
        "gain_correlation": 0.08658454628622146
      },
      {
        "monotonicity_violation_rate": 0.0,
        "negative_gain_rate": 0.0,
        "bounds_violation_rate": 0.0,
        "mastery_correlation": 0.04567674765986539,
        "gain_correlation": 0.03520744782465817
      },
      {
        "monotonicity_violation_rate": 0.0,
        "negative_gain_rate": 0.0,
        "bounds_violation_rate": 0.0,
        "mastery_correlation": 0.04567674765986534,
        "gain_correlation": 0.051511905204109594
      },
      {
        "monotonicity_violation_rate": 0.0,
        "negative_gain_rate": 0.0,
        "bounds_violation_rate": 0.0,
        "mastery_correlation": 0.03391837895107791,
        "gain_correlation": -0.011344076222226312
      },
      {
        "monotonicity_violation_rate": 0.0,
        "negative_gain_rate": 0.0,
        "bounds_violation_rate": 0.0,
        "mastery_correlation": 0.06520452233302995,
        "gain_correlation": 0.07453177612875779
      },
      {
        "monotonicity_violation_rate": 0.0,
        "negative_gain_rate": 0.0,
        "bounds_violation_rate": 0.0,
        "mastery_correlation": 0.04908016102877466,
        "gain_correlation": 0.07638960606055946
      },
      {
        "monotonicity_violation_rate": 0.0,
        "negative_gain_rate": 0.0,
        "bounds_violation_rate": 0.0,
        "mastery_correlation": 0.044921205547141144,
        "gain_correlation": 0.061475419754103346
      },
      {
        "monotonicity_violation_rate": 0.0,
        "negative_gain_rate": 0.0,
        "bounds_violation_rate": 0.0,
        "mastery_correlation": 0.03521759665309849,
        "gain_correlation": 0.060144362053415605
      },
      {
        "monotonicity_violation_rate": 0.0,
        "negative_gain_rate": 0.0,
        "bounds_violation_rate": 0.0,
        "mastery_correlation": 0.03727166273047912,
        "gain_correlation": 0.06490576896928492
      },
      {
        "monotonicity_violation_rate": 0.0,
        "negative_gain_rate": 0.0,
        "bounds_violation_rate": 0.0,
        "mastery_correlation": 0.037082164351546994,
        "gain_correlation": 0.0749854485390247
      },
      {
        "monotonicity_violation_rate": 0.0,
        "negative_gain_rate": 0.0,
        "bounds_violation_rate": 0.0,
        "mastery_correlation": 0.04359732238107561,
        "gain_correlation": 0.07213744911016622
      },
      {
        "monotonicity_violation_rate": 0.0,
        "negative_gain_rate": 0.0,
        "bounds_violation_rate": 0.0,
        "mastery_correlation": 0.042869124450453384,
        "gain_correlation": 0.07225604152829454
      },
      {
        "monotonicity_violation_rate": 0.0,
        "negative_gain_rate": 0.0,
        "bounds_violation_rate": 0.0,
        "mastery_correlation": 0.05192619558184865,
        "gain_correlation": 0.0759417152908019
      },
      {
        "monotonicity_violation_rate": 0.0,
        "negative_gain_rate": 0.0,
        "bounds_violation_rate": 0.0,
        "mastery_correlation": 0.047522966628360225,
        "gain_correlation": 0.07111180873575085
      },
      {
        "monotonicity_violation_rate": 0.0,
        "negative_gain_rate": 0.0,
        "bounds_violation_rate": 0.0,
        "mastery_correlation": 0.03892220205702564,
        "gain_correlation": 0.08248506911280068
      },
      {
        "monotonicity_violation_rate": 0.0,
        "negative_gain_rate": 0.0,
        "bounds_violation_rate": 0.0,
        "mastery_correlation": 0.044500013623481556,
        "gain_correlation": 0.0911779771173949
      },
      {
        "monotonicity_violation_rate": 0.0,
        "negative_gain_rate": 0.0,
        "bounds_violation_rate": 0.0,
        "mastery_correlation": 0.04746595271533191,
        "gain_correlation": 0.08692038827774703
      },
      {
        "monotonicity_violation_rate": 0.0,
        "negative_gain_rate": 0.0,
        "bounds_violation_rate": 0.0,
        "mastery_correlation": 0.05216787441664698,
        "gain_correlation": 0.08611618597913585
      },
      {
        "monotonicity_violation_rate": 0.0,
        "negative_gain_rate": 0.0,
        "bounds_violation_rate": 0.0,
        "mastery_correlation": 0.047468221893612834,
        "gain_correlation": 0.0790209307092689
      },
      {
        "monotonicity_violation_rate": 0.0,
        "negative_gain_rate": 0.0,
        "bounds_violation_rate": 0.0,
        "mastery_correlation": 0.04713958453088066,
        "gain_correlation": 0.08208056223267746
      }
    ]
  },
  "model_config": {
    "num_c": 100,
    "seq_len": 200,
    "d_model": 512,
    "n_heads": 8,
    "num_encoder_blocks": 6,
    "d_ff": 1024,
    "dropout": 0.2,
    "emb_type": "qid",
    "monitor_frequency": 50,
    "non_negative_loss_weight": 0.0,
    "monotonicity_loss_weight": 0.1,
    "mastery_performance_loss_weight": 0.8,
    "gain_performance_loss_weight": 0.8,
    "sparsity_loss_weight": 0.2,
    "consistency_loss_weight": 0.3
  },
  "training_args": {
    "epochs": 20,
    "batch_size": 64,
    "lr": 0.0022078605220708625,
    "weight_decay": 0.0004520181244114062,
    "patience": 15,
    "enhanced_constraints": true,
    "monitor_freq": 50,
    "dataset": "assist2015",
    "fold": 0,
    "experiment_suffix": "sweep_run_2",
    "use_wandb": true
  },
  "log_file": "logs/cumulative_mastery_full_sweep_run_2_20251006_092547.log",
  "timestamp": "2025-10-06T09:40:27.227092"
}