{
  "experiment_name": "sweep_run_7",
  "best_val_auc": 0.7190446511592026,
  "final_consistency_metrics": {
    "monotonicity_violation_rate": 0.0,
    "negative_gain_rate": 0.0,
    "bounds_violation_rate": 0.0,
    "mastery_correlation": -0.01125429305361447,
    "gain_correlation": 0.0385400243405148
  },
  "train_history": {
    "train_loss": [
      0.6804258548533978,
      0.6281286425541102,
      0.6201794196904632,
      0.6099966999162664,
      0.5877224707232855,
      0.5838891332631284,
      0.5820315588323564,
      0.580963550762809,
      0.580146360273806,
      0.5795004886666728,
      0.5790070971676723,
      0.5788751167336894,
      0.5785090599035352,
      0.5780031406199994,
      0.5780359583815144,
      0.5776869453914425,
      0.5772466993084844,
      0.5775778920539303,
      0.5765486995790906,
      0.5763859158970531,
      0.5758330059175046,
      0.5760201620314406,
      0.5753122955715101,
      0.5750550945805762,
      0.5748876462946284
    ],
    "train_auc": [
      0.6180446869454593,
      0.6354245639815386,
      0.6380234668426954,
      0.6599440194394842,
      0.7022470757808014,
      0.708723506179218,
      0.7118671507892573,
      0.713617632571047,
      0.7151289660036202,
      0.7163004228328963,
      0.7170703031690927,
      0.7173365402730838,
      0.7178457396098357,
      0.7187356053721323,
      0.7187914044165976,
      0.7194511742599474,
      0.7201322951104518,
      0.7200526004186141,
      0.7213741963416029,
      0.7214315934075922,
      0.7225387716082149,
      0.7226001364674393,
      0.723326377217502,
      0.7236740925309633,
      0.7244091348829582
    ],
    "val_auc": [
      0.6422733530339788,
      0.639694199555825,
      0.6437470549166611,
      0.6958878741326954,
      0.7092326594520095,
      0.7119716231021794,
      0.7147577176916122,
      0.7165570056386439,
      0.7173366132898613,
      0.7178677338254361,
      0.7180521068736493,
      0.7182308161697999,
      0.718333669365381,
      0.7183056087312787,
      0.7183297174235748,
      0.7185581049311707,
      0.7185809074752961,
      0.7185218527308112,
      0.7187921569297397,
      0.7189477663932791,
      0.7186201766488677,
      0.7179450596197896,
      0.7179776044578514,
      0.7186068691098302,
      0.7190446511592026
    ],
    "consistency_metrics": [
      {
        "monotonicity_violation_rate": 0.0,
        "negative_gain_rate": 0.0,
        "bounds_violation_rate": 0.0,
        "mastery_correlation": 0.04396102354830335,
        "gain_correlation": -0.004419978096956994
      },
      {
        "monotonicity_violation_rate": 0.0,
        "negative_gain_rate": 0.0,
        "bounds_violation_rate": 0.0,
        "mastery_correlation": 0.045676747659865374,
        "gain_correlation": -0.0023051401094822993
      },
      {
        "monotonicity_violation_rate": 0.0,
        "negative_gain_rate": 0.0,
        "bounds_violation_rate": 0.0,
        "mastery_correlation": 0.044360143607166024,
        "gain_correlation": 0.03111909688572865
      },
      {
        "monotonicity_violation_rate": 0.0,
        "negative_gain_rate": 0.0,
        "bounds_violation_rate": 0.0,
        "mastery_correlation": 0.035711153263872586,
        "gain_correlation": 0.028120015418368977
      },
      {
        "monotonicity_violation_rate": 0.0,
        "negative_gain_rate": 0.0,
        "bounds_violation_rate": 0.0,
        "mastery_correlation": 0.05080486754456898,
        "gain_correlation": 0.055277921839889436
      },
      {
        "monotonicity_violation_rate": 0.0,
        "negative_gain_rate": 0.0,
        "bounds_violation_rate": 0.0,
        "mastery_correlation": 0.04677400729281844,
        "gain_correlation": 0.05114175284798421
      },
      {
        "monotonicity_violation_rate": 0.0,
        "negative_gain_rate": 0.0,
        "bounds_violation_rate": 0.0,
        "mastery_correlation": 0.04341971025475354,
        "gain_correlation": 0.05860289213347856
      },
      {
        "monotonicity_violation_rate": 0.0,
        "negative_gain_rate": 0.0,
        "bounds_violation_rate": 0.0,
        "mastery_correlation": 0.0422198266256077,
        "gain_correlation": 0.06397440760790268
      },
      {
        "monotonicity_violation_rate": 0.0,
        "negative_gain_rate": 0.0,
        "bounds_violation_rate": 0.0,
        "mastery_correlation": 0.04483425616411536,
        "gain_correlation": 0.08124330034681931
      },
      {
        "monotonicity_violation_rate": 0.0,
        "negative_gain_rate": 0.0,
        "bounds_violation_rate": 0.0,
        "mastery_correlation": 0.034789416033542804,
        "gain_correlation": 0.07901718113573764
      },
      {
        "monotonicity_violation_rate": 0.0,
        "negative_gain_rate": 0.0,
        "bounds_violation_rate": 0.0,
        "mastery_correlation": 0.03891364308621845,
        "gain_correlation": 0.09397338271115249
      },
      {
        "monotonicity_violation_rate": 0.0,
        "negative_gain_rate": 0.0,
        "bounds_violation_rate": 0.0,
        "mastery_correlation": 0.0375315544691374,
        "gain_correlation": 0.09914946315407915
      },
      {
        "monotonicity_violation_rate": 0.0,
        "negative_gain_rate": 0.0,
        "bounds_violation_rate": 0.0,
        "mastery_correlation": 0.029279425304915386,
        "gain_correlation": 0.10515632922177726
      },
      {
        "monotonicity_violation_rate": 0.0,
        "negative_gain_rate": 0.0,
        "bounds_violation_rate": 0.0,
        "mastery_correlation": 0.02441909947639226,
        "gain_correlation": 0.09821868107813826
      },
      {
        "monotonicity_violation_rate": 0.0,
        "negative_gain_rate": 0.0,
        "bounds_violation_rate": 0.0,
        "mastery_correlation": 0.02370838794268203,
        "gain_correlation": 0.08678541498579442
      },
      {
        "monotonicity_violation_rate": 0.0,
        "negative_gain_rate": 0.0,
        "bounds_violation_rate": 0.0,
        "mastery_correlation": 0.023355413641955113,
        "gain_correlation": 0.08837281016837167
      },
      {
        "monotonicity_violation_rate": 0.0,
        "negative_gain_rate": 0.0,
        "bounds_violation_rate": 0.0,
        "mastery_correlation": 0.011085506865233033,
        "gain_correlation": 0.08424623567686096
      },
      {
        "monotonicity_violation_rate": 0.0,
        "negative_gain_rate": 0.0,
        "bounds_violation_rate": 0.0,
        "mastery_correlation": 0.015288814111293892,
        "gain_correlation": 0.06331834613320086
      },
      {
        "monotonicity_violation_rate": 0.0,
        "negative_gain_rate": 0.0,
        "bounds_violation_rate": 0.0,
        "mastery_correlation": 0.01452739886687452,
        "gain_correlation": 0.10807787965317973
      },
      {
        "monotonicity_violation_rate": 0.0,
        "negative_gain_rate": 0.0,
        "bounds_violation_rate": 0.0,
        "mastery_correlation": 0.024015456702051522,
        "gain_correlation": 0.11834412344828418
      },
      {
        "monotonicity_violation_rate": 0.0,
        "negative_gain_rate": 0.0,
        "bounds_violation_rate": 0.0,
        "mastery_correlation": 0.009903220545008588,
        "gain_correlation": 0.1365957995195227
      },
      {
        "monotonicity_violation_rate": 0.0,
        "negative_gain_rate": 0.0,
        "bounds_violation_rate": 0.0,
        "mastery_correlation": 0.01006840874414949,
        "gain_correlation": 0.128418637791154
      },
      {
        "monotonicity_violation_rate": 0.0,
        "negative_gain_rate": 0.0,
        "bounds_violation_rate": 0.0,
        "mastery_correlation": 0.016869691531033335,
        "gain_correlation": 0.12581989846355005
      },
      {
        "monotonicity_violation_rate": 0.0,
        "negative_gain_rate": 0.0,
        "bounds_violation_rate": 0.0,
        "mastery_correlation": 0.016508116958669574,