{
  "experiment_name": "sweep_run_2",
  "best_val_auc": 0.6427211680155757,
  "final_consistency_metrics": {
    "monotonicity_violation_rate": 0.0,
    "negative_gain_rate": 0.0,
    "bounds_violation_rate": 0.0,
    "mastery_correlation": 0.015053652916586592,
    "gain_correlation": 0.0075156744068556
  },
  "train_history": {
    "train_loss": [
      0.7198228916355983,
      0.6314511987829455,
      0.6435381708367501,
      0.6300097246861829,
      0.6303662707150909,
      0.6288283025662516,
      0.6286252347916519,
      0.6368307017291766,
      0.6281823744427972,
      0.6283502628148528,
      0.6277327247234206,
      0.6283288076133926,
      0.6280996472106697,
      0.6277424918555226,
      0.627601866895053,
      0.6279227066534171,
      0.6274130773667844,
      0.6283630135763495,
      0.6274026839226639,
      0.6258262105556349
    ],
    "train_auc": [
      0.6140884910914671,
      0.631687129927995,
      0.6312883524883458,
      0.6340883724377516,
      0.6336546245711192,
      0.6360640124813265,
      0.6367816710548547,
      0.6367247788070051,
      0.6379958792398682,
      0.6378435638447825,
      0.6384358230406586,
      0.6384625714440175,
      0.6394028596299135,
      0.6389530902796393,
      0.6388535019028855,
      0.6388676575720214,
      0.6393286438972421,
      0.6389100691973454,
      0.6393298038159961,
      0.6399916453642293
    ],
    "val_auc": [
      0.6399578466601357,
      0.6406298917902915,
      0.6400805011900628,
      0.6405430805966918,
      0.6399916212922417,
      0.640253731461877,
      0.6408450318569368,
      0.6413775442543468,
      0.641760952559797,
      0.6421066059664169,
      0.6422380825999039,
      0.6421875736063016,
      0.6422793532368049,
      0.6421454231728203,
      0.642629245282661,
      0.642614871002585,
      0.6427211680155757,
      0.6423781921757601,
      0.6414893422126976,
      0.6411755981807639
    ],
    "consistency_metrics": [
      {
        "monotonicity_violation_rate": 0.0,
        "negative_gain_rate": 0.0,
        "bounds_violation_rate": 0.0,
        "mastery_correlation": 0.0456767476598654,
        "gain_correlation": -0.01106470775824925
      },
      {
        "monotonicity_violation_rate": 0.0,
        "negative_gain_rate": 0.0,
        "bounds_violation_rate": 0.0,
        "mastery_correlation": 0.04567674765986543,
        "gain_correlation": -0.05201715184774401
      },
      {
        "monotonicity_violation_rate": 0.0,
        "negative_gain_rate": 0.0,
        "bounds_violation_rate": 0.0,
        "mastery_correlation": 0.04567674765986541,
        "gain_correlation": -0.04035072186910231
      },
      {
        "monotonicity_violation_rate": 0.0,
        "negative_gain_rate": 0.0,
        "bounds_violation_rate": 0.0,
        "mastery_correlation": 0.04567674765986537,
        "gain_correlation": -0.07520032003976253
      },
      {
        "monotonicity_violation_rate": 0.0,
        "negative_gain_rate": 0.0,
        "bounds_violation_rate": 0.0,
        "mastery_correlation": 0.045676747659865305,
        "gain_correlation": 0.03715397498753825
      },
      {
        "monotonicity_violation_rate": 0.0,
        "negative_gain_rate": 0.0,
        "bounds_violation_rate": 0.0,
        "mastery_correlation": 0.045676747659865374,
        "gain_correlation": -0.03830337955348888
      },
      {
        "monotonicity_violation_rate": 0.0,
        "negative_gain_rate": 0.0,
        "bounds_violation_rate": 0.0,
        "mastery_correlation": 0.04567674765986532,
        "gain_correlation": 0.0752607324775403
      },
      {
        "monotonicity_violation_rate": 0.0,
        "negative_gain_rate": 0.0,
        "bounds_violation_rate": 0.0,
        "mastery_correlation": 0.045676747659865305,
        "gain_correlation": 0.027297557124518947
      },
      {
        "monotonicity_violation_rate": 0.0,
        "negative_gain_rate": 0.0,
        "bounds_violation_rate": 0.0,
        "mastery_correlation": 0.04567674765986538,
        "gain_correlation": -0.06019982431179283
      },
      {
        "monotonicity_violation_rate": 0.0,
        "negative_gain_rate": 0.0,
        "bounds_violation_rate": 0.0,
        "mastery_correlation": 0.045676747659865354,
        "gain_correlation": -0.0783621181931383
      },
      {
        "monotonicity_violation_rate": 0.0,
        "negative_gain_rate": 0.0,
        "bounds_violation_rate": 0.0,
        "mastery_correlation": 0.0456767476598653,
        "gain_correlation": -0.04423462938561072
      },
      {
        "monotonicity_violation_rate": 0.0,
        "negative_gain_rate": 0.0,
        "bounds_violation_rate": 0.0,
        "mastery_correlation": 0.045676747659865354,
        "gain_correlation": 0.03936160499642326
      },
      {
        "monotonicity_violation_rate": 0.0,
        "negative_gain_rate": 0.0,
        "bounds_violation_rate": 0.0,
        "mastery_correlation": 0.04567674765986529,
        "gain_correlation": -0.0789465313717447
      },
      {
        "monotonicity_violation_rate": 0.0,
        "negative_gain_rate": 0.0,
        "bounds_violation_rate": 0.0,
        "mastery_correlation": 0.045676747659865354,
        "gain_correlation": -0.04849405539583986
      },
      {
        "monotonicity_violation_rate": 0.0,
        "negative_gain_rate": 0.0,
        "bounds_violation_rate": 0.0,
        "mastery_correlation": 0.04567674765986532,
        "gain_correlation": -0.023872877095631982
      },
      {
        "monotonicity_violation_rate": 0.0,
        "negative_gain_rate": 0.0,
        "bounds_violation_rate": 0.0,
        "mastery_correlation": 0.045676747659865354,
        "gain_correlation": -0.023434851613356542
      },
      {
        "monotonicity_violation_rate": 0.0,
        "negative_gain_rate": 0.0,
        "bounds_violation_rate": 0.0,
        "mastery_correlation": 0.0456767476598654,
        "gain_correlation": -0.04953746838720261
      },
      {
        "monotonicity_violation_rate": 0.0,
        "negative_gain_rate": 0.0,
        "bounds_violation_rate": 0.0,
        "mastery_correlation": 0.045676747659865354,
        "gain_correlation": 0.0297325114200966
      },
      {
        "monotonicity_violation_rate": 0.0,
        "negative_gain_rate": 0.0,
        "bounds_violation_rate": 0.0,
        "mastery_correlation": 0.04567674765986538,
        "gain_correlation": -0.037014880950974174
      },
      {
        "monotonicity_violation_rate": 0.0,
        "negative_gain_rate": 0.0,
        "bounds_violation_rate": 0.0,
        "mastery_correlation": 0.04567674765986532,
        "gain_correlation": 0.003909901624724942
      }
    ]
  },
  "model_config": {
    "num_c": 100,
    "seq_len": 200,
    "d_model": 512,
    "n_heads": 8,
    "num_encoder_blocks": 6,
    "d_ff": 1024,
    "dropout": 0.2,
    "emb_type": "qid",
    "monitor_frequency": 50,
    "non_negative_loss_weight": 0.0,
    "monotonicity_loss_weight": 0.1,
    "mastery_performance_loss_weight": 0.8,
    "gain_performance_loss_weight": 0.8,
    "sparsity_loss_weight": 0.2,
    "consistency_loss_weight": 0.3
  },
  "training_args": {
    "epochs": 20,
    "batch_size": 64,
    "lr": 0.004523030670076458,
    "weight_decay": 3.3277005204621415e-05,
    "patience": 20,
    "enhanced_constraints": true,
    "monitor_freq": 50,
    "dataset": "assist2015",
    "fold": 0,
    "experiment_suffix": "sweep_run_2",
    "use_wandb": true
  },
  "log_file": "logs/cumulative_mastery_full_sweep_run_2_20251007_074246.log",
  "timestamp": "2025-10-07T08:15:06.418883"
}