{
  "experiment_name": "sweep_run_3",
  "best_val_auc": 0.7148039836125128,
  "final_consistency_metrics": {
    "monotonicity_violation_rate": 0.0,
    "negative_gain_rate": 0.0,
    "bounds_violation_rate": 0.0,
    "mastery_correlation": -0.003033494952562868,
    "gain_correlation": 0.02173621521933617
  },
  "train_history": {
    "train_loss": [
      0.6651215703067385,
      0.6602609918834014,
      0.6075151230695952,
      0.5939720635123821,
      0.5901572739058826,
      0.5877405740899743,
      0.5858306709503263,
      0.5846381701644838,
      0.5839303095723681,
      0.5833741478197315,
      0.5829659845544884,
      0.582560312562656,
      0.582284294647874,
      0.5819568661828115,
      0.5818116909636117,
      0.5815248380516477,
      0.5814700174516965,
      0.5812084515014461,
      0.5813316736814271,
      0.5810977363370243
    ],
    "train_auc": [
      0.6208614722400606,
      0.6303220822296247,
      0.6651161210014644,
      0.6911898140424306,
      0.6979249039377713,
      0.7020338041175547,
      0.7053147993162159,
      0.7071610533047987,
      0.7083433784728743,
      0.7092898158766445,
      0.7097759781435763,
      0.7105946999594024,
      0.711077356162171,
      0.7116595978201612,
      0.7117616619341425,
      0.7123149547530067,
      0.7125650113121718,
      0.7128841126477008,
      0.7128217074549411,
      0.7131902794862232
    ],
    "val_auc": [
      0.6399352505184556,
      0.6391179731894652,
      0.6906670868409619,
      0.7003226984005451,
      0.7040022246932387,
      0.7081089786782875,
      0.7102127291974155,
      0.7116620810102406,
      0.7130976068148787,
      0.7136235975846696,
      0.7133170852737318,
      0.7132209194681156,
      0.7140092839524301,
      0.7148039836125128,
      0.7136009612954972,
      0.7146446845205373,
      0.7143053059452953,
      0.7141246052842641,
      0.7140978926699502,
      0.7138659133164607
    ],
    "consistency_metrics": [
      {
        "monotonicity_violation_rate": 0.0,
        "negative_gain_rate": 0.0,
        "bounds_violation_rate": 0.0,
        "mastery_correlation": 0.04567674765986533,
        "gain_correlation": 0.02490799480787016
      },
      {
        "monotonicity_violation_rate": 0.0,
        "negative_gain_rate": 0.0,
        "bounds_violation_rate": 0.0,
        "mastery_correlation": 0.04103077948775732,
        "gain_correlation": 0.05669462679510928
      },
      {
        "monotonicity_violation_rate": 0.0,
        "negative_gain_rate": 0.0,
        "bounds_violation_rate": 0.0,
        "mastery_correlation": 0.02063968074649821,
        "gain_correlation": 0.0732854626364351
      },
      {
        "monotonicity_violation_rate": 0.0,
        "negative_gain_rate": 0.0,
        "bounds_violation_rate": 0.0,
        "mastery_correlation": -0.0014443272880420627,
        "gain_correlation": 0.06084771264509038
      },
      {
        "monotonicity_violation_rate": 0.0,
        "negative_gain_rate": 0.0,
        "bounds_violation_rate": 0.0,
        "mastery_correlation": 0.009645323972285097,
        "gain_correlation": 0.0480625238975944
      },
      {
        "monotonicity_violation_rate": 0.0,
        "negative_gain_rate": 0.0,
        "bounds_violation_rate": 0.0,
        "mastery_correlation": 0.0158556331829822,
        "gain_correlation": 0.059986707207848544
      },
      {
        "monotonicity_violation_rate": 0.0,
        "negative_gain_rate": 0.0,
        "bounds_violation_rate": 0.0,
        "mastery_correlation": 0.04323523257979031,
        "gain_correlation": 0.06713052407391702
      },
      {
        "monotonicity_violation_rate": 0.0,
        "negative_gain_rate": 0.0,
        "bounds_violation_rate": 0.0,
        "mastery_correlation": 0.0505325407301095,
        "gain_correlation": 0.06392702115032801
      },
      {
        "monotonicity_violation_rate": 0.0,
        "negative_gain_rate": 0.0,
        "bounds_violation_rate": 0.0,
        "mastery_correlation": 0.050222564378100035,
        "gain_correlation": 0.08288622890090402
      },
      {
        "monotonicity_violation_rate": 0.0,
        "negative_gain_rate": 0.0,
        "bounds_violation_rate": 0.0,
        "mastery_correlation": 0.05284126331721127,
        "gain_correlation": 0.09099915665050395
      },
      {
        "monotonicity_violation_rate": 0.0,
        "negative_gain_rate": 0.0,
        "bounds_violation_rate": 0.0,
        "mastery_correlation": 0.044265360064876046,
        "gain_correlation": 0.08578643180468762
      },
      {
        "monotonicity_violation_rate": 0.0,
        "negative_gain_rate": 0.0,
        "bounds_violation_rate": 0.0,
        "mastery_correlation": 0.046397383695623434,
        "gain_correlation": 0.0839782538322601
      },
      {
        "monotonicity_violation_rate": 0.0,
        "negative_gain_rate": 0.0,
        "bounds_violation_rate": 0.0,
        "mastery_correlation": 0.04988924517944101,
        "gain_correlation": 0.0751676734776139
      },
      {
        "monotonicity_violation_rate": 0.0,
        "negative_gain_rate": 0.0,
        "bounds_violation_rate": 0.0,
        "mastery_correlation": 0.05157514142139758,
        "gain_correlation": 0.07089279255914792
      },
      {
        "monotonicity_violation_rate": 0.0,
        "negative_gain_rate": 0.0,
        "bounds_violation_rate": 0.0,
        "mastery_correlation": 0.04716078237347983,
        "gain_correlation": 0.0921531526002461
      },
      {
        "monotonicity_violation_rate": 0.0,
        "negative_gain_rate": 0.0,
        "bounds_violation_rate": 0.0,
        "mastery_correlation": 0.0350894774914937,
        "gain_correlation": 0.08521794654538709
      },
      {
        "monotonicity_violation_rate": 0.0,
        "negative_gain_rate": 0.0,
        "bounds_violation_rate": 0.0,
        "mastery_correlation": 0.03955219976698685,
        "gain_correlation": 0.06933050241722047
      },
      {
        "monotonicity_violation_rate": 0.0,
        "negative_gain_rate": 0.0,
        "bounds_violation_rate": 0.0,
        "mastery_correlation": 0.03747355303518245,
        "gain_correlation": 0.06361040988392015
      },
      {
        "monotonicity_violation_rate": 0.0,
        "negative_gain_rate": 0.0,
        "bounds_violation_rate": 0.0,
        "mastery_correlation": 0.04238341167761152,
        "gain_correlation": 0.10694677902834929
      },
      {
        "monotonicity_violation_rate": 0.0,
        "negative_gain_rate": 0.0,
        "bounds_violation_rate": 0.0,
        "mastery_correlation": 0.032111001521406134,
        "gain_correlation": 0.07919197551013712
      }
    ]
  },
  "model_config": {
    "num_c": 100,
    "seq_len": 200,
    "d_model": 512,
    "n_heads": 8,
    "num_encoder_blocks": 6,
    "d_ff": 1024,
    "dropout": 0.2,
    "emb_type": "qid",
    "monitor_frequency": 50,
    "non_negative_loss_weight": 0.0,
    "monotonicity_loss_weight": 0.1,
    "mastery_performance_loss_weight": 0.8,
    "gain_performance_loss_weight": 0.8,
    "sparsity_loss_weight": 0.2,
    "consistency_loss_weight": 0.3
  },
  "training_args": {
    "epochs": 20,
    "batch_size": 32,
    "lr": 0.0015196305251568988,
    "weight_decay": 0.0003355738735660534,
    "patience": 10,
    "enhanced_constraints": true,
    "monitor_freq": 50,
    "dataset": "assist2015",
    "fold": 0,
    "experiment_suffix": "sweep_run_3",
    "use_wandb": true
  },
  "log_file": "logs/cumulative_mastery_full_sweep_run_3_20251006_084021.log",
  "timestamp": "2025-10-06T08:59:53.647467"
}