{
  "experiment_name": "sweep_run_13",
  "best_val_auc": 0.7202683957398516,
  "final_consistency_metrics": {
    "monotonicity_violation_rate": 0.0,
    "negative_gain_rate": 0.0,
    "bounds_violation_rate": 0.0,
    "mastery_correlation": -0.017006578577295612,
    "gain_correlation": -0.010427157167975007
  },
  "train_history": {
    "train_loss": [
      0.7098111473216911,
      0.6242225058955849,
      0.626065919127489,
      0.6206301293224868,
      0.6185128213210427,
      0.6227520923540382,
      0.6178129377142753,
      0.6172220595760048,
      0.6169704862826847,
      0.6070793981379178,
      0.5953732302769478,
      0.5915502417890519,
      0.5894482336513737,
      0.5871831700591843,
      0.5841065635952924,
      0.5822719863659359,
      0.5804942926594631,
      0.5793416302438845,
      0.5784736145963323,
      0.5772451906624235,
      0.5770313034094677,
      0.5762556738804041,
      0.5757201993403657,
      0.5753126226249754,
      0.5747778684364082,
      0.5746261899026565,
      0.57399281612332,
      0.5722746896929074,
      0.5715624934033409,
      0.5712448556188474
    ],
    "train_auc": [
      0.6154082720656562,
      0.6360976815987002,
      0.6363052130726603,
      0.6367591868884853,
      0.6372927735791396,
      0.6376684827436201,
      0.63816413277731,
      0.6381736810776457,
      0.6397441373829992,
      0.6682509673404005,
      0.6913872855527801,
      0.6975123663225532,
      0.7012373644730966,
      0.7047874656354451,
      0.7088648047878077,
      0.7124743050417863,
      0.7153692133004892,
      0.7173201101560377,
      0.7189134523172338,
      0.7203201254524451,
      0.7209628271556887,
      0.7221638007303842,
      0.7229570328291447,
      0.7234062402432124,
      0.7242087452420524,
      0.724655201631546,
      0.7252191759099609,
      0.7281034800238573,
      0.7290877392133427,
      0.7296241660282392
    ],
    "val_auc": [
      0.641037668392068,
      0.6405025350776892,
      0.6407762840792419,
      0.6413050667007236,
      0.6400569988973135,
      0.6418472640033235,
      0.641532966773428,
      0.6417682961026425,
      0.6512448486149147,
      0.6885959774646165,
      0.6900288505791172,
      0.7015392560874596,
      0.7076113881953102,
      0.7096035353359582,
      0.7136217648393296,
      0.7154031704036273,
      0.7168822106712716,
      0.7184473357830988,
      0.7194486405963039,
      0.7193007677762098,
      0.7202683957398516,
      0.7200049811461711,
      0.7194002921781784,
      0.7191802341668745,
      0.7185310275411748,
      0.7194203605056635,
      0.7193553146715868,
      0.719419092534556,
      0.7195662951624622,
      0.7201891059203211
    ],
    "consistency_metrics": [
      {
        "monotonicity_violation_rate": 0.0,
        "negative_gain_rate": 0.0,
        "bounds_violation_rate": 0.0,
        "mastery_correlation": 0.04325945685253309,
        "gain_correlation": -0.023784443133612925
      },
      {
        "monotonicity_violation_rate": 0.0,
        "negative_gain_rate": 0.0,
        "bounds_violation_rate": 0.0,
        "mastery_correlation": 0.045676747659865395,
        "gain_correlation": -0.02335524733101307
      },
      {
        "monotonicity_violation_rate": 0.0,
        "negative_gain_rate": 0.0,
        "bounds_violation_rate": 0.0,
        "mastery_correlation": 0.04567674765986541,
        "gain_correlation": -0.06484301033282643
      },
      {
        "monotonicity_violation_rate": 0.0,
        "negative_gain_rate": 0.0,
        "bounds_violation_rate": 0.0,
        "mastery_correlation": 0.045676747659865326,
        "gain_correlation": -0.04321213833566267
      },
      {
        "monotonicity_violation_rate": 0.0,
        "negative_gain_rate": 0.0,
        "bounds_violation_rate": 0.0,
        "mastery_correlation": 0.045676747659865284,
        "gain_correlation": -0.05997069397743223
      },
      {
        "monotonicity_violation_rate": 0.0,
        "negative_gain_rate": 0.0,
        "bounds_violation_rate": 0.0,
        "mastery_correlation": 0.0456767476598653,
        "gain_correlation": -0.02582877878044582
      },
      {
        "monotonicity_violation_rate": 0.0,
        "negative_gain_rate": 0.0,
        "bounds_violation_rate": 0.0,
        "mastery_correlation": 0.013139763637921204,
        "gain_correlation": -0.08878816524537819
      },
      {
        "monotonicity_violation_rate": 0.0,
        "negative_gain_rate": 0.0,
        "bounds_violation_rate": 0.0,
        "mastery_correlation": 0.013139763637921235,
        "gain_correlation": -0.08878777890168763
      },
      {
        "monotonicity_violation_rate": 0.0,
        "negative_gain_rate": 0.0,
        "bounds_violation_rate": 0.0,
        "mastery_correlation": 0.013613004082183373,
        "gain_correlation": -0.08959646329884727
      },
      {
        "monotonicity_violation_rate": 0.0,
        "negative_gain_rate": 0.0,
        "bounds_violation_rate": 0.0,
        "mastery_correlation": -0.11944871059140497,
        "gain_correlation": -0.0733045944207145
      },
      {
        "monotonicity_violation_rate": 0.0,
        "negative_gain_rate": 0.0,
        "bounds_violation_rate": 0.0,
        "mastery_correlation": 0.01862630306035342,
        "gain_correlation": -0.1028938736834011
      },
      {
        "monotonicity_violation_rate": 0.0,
        "negative_gain_rate": 0.0,
        "bounds_violation_rate": 0.0,
        "mastery_correlation": 0.02510689456178116,
        "gain_correlation": -0.1057019601970286
      },
      {
        "monotonicity_violation_rate": 0.0,
        "negative_gain_rate": 0.0,
        "bounds_violation_rate": 0.0,
        "mastery_correlation": 0.02481753519086569,
        "gain_correlation": -0.09711963289098126
      },
      {
        "monotonicity_violation_rate": 0.0,
        "negative_gain_rate": 0.0,
        "bounds_violation_rate": 0.0,
        "mastery_correlation": 0.007948532515490457,
        "gain_correlation": -0.11277950316660534
      },
      {
        "monotonicity_violation_rate": 0.0,
        "negative_gain_rate": 0.0,
        "bounds_violation_rate": 0.0,
        "mastery_correlation": -0.015988490977860006,
        "gain_correlation": -0.06292469460630272
      },
      {
        "monotonicity_violation_rate": 0.0,
        "negative_gain_rate": 0.0,
        "bounds_violation_rate": 0.0,
        "mastery_correlation": -0.0241996145594842,
        "gain_correlation": -0.07663584858315801
      },
      {
        "monotonicity_violation_rate": 0.0,
        "negative_gain_rate": 0.0,
        "bounds_violation_rate": 0.0,
        "mastery_correlation": -0.025261500794795427,
        "gain_correlation": -0.0483469967875974
      },
      {
        "monotonicity_violation_rate": 0.0,
        "negative_gain_rate": 0.0,
        "bounds_violation_rate": 0.0,
        "mastery_correlation": -0.014897873640275791,
        "gain_correlation": -0.05778187563053476
      },
      {
        "monotonicity_violation_rate": 0.0,
        "negative_gain_rate": 0.0,
        "bounds_violation_rate": 0.0,
        "mastery_correlation": -0.021500342103115067,
        "gain_correlation": -0.06373403596238143
      },
      {
        "monotonicity_violation_rate": 0.0,
        "negative_gain_rate": 0.0,
        "bounds_violation_rate": 0.0,
        "mastery_correlation": -0.0035228957261132167,
        "gain_correlation": -0.05084472389306499
      },
      {
        "monotonicity_violation_rate": 0.0,
        "negative_gain_rate": 0.0,
        "bounds_violation_rate": 0.0,
        "mastery_correlation": -0.020861847089458364,
        "gain_correlation": -0.061312686044687474
      },
      {
        "monotonicity_violation_rate": 0.0,
        "negative_gain_rate": 0.0,
        "bounds_violation_rate": 0.0,
        "mastery_correlation": -0.02083702450660913,