{
  "experiment_name": "sweep_run_15",
  "best_val_auc": 0.7171660692054788,
  "final_consistency_metrics": {
    "monotonicity_violation_rate": 0.0,
    "negative_gain_rate": 0.0,
    "bounds_violation_rate": 0.0,
    "mastery_correlation": -0.007528531713007408,
    "gain_correlation": 0.04554994171899029
  },
  "train_history": {
    "train_loss": [
      0.687336051093482,
      0.5924849525634489,
      0.5851028768509781,
      0.5839624886685703,
      0.5837966558846786,
      0.5838022676774257,
      0.5836724305399958,
      0.5831049652914927,
      0.5826058464964436,
      0.5824333883320112,
      0.5823774146292494,
      0.5825969518157484,
      0.5829307924898177,
      0.582241836298315,
      0.5826763081427065,
      0.582307111105153,
      0.579292772038613,
      0.5781989468194042,
      0.5777689589119945,
      0.5773541272613051
    ],
    "train_auc": [
      0.6221476534091629,
      0.6930320208342092,
      0.7052396380374901,
      0.7078166377784081,
      0.7086146512958822,
      0.7089777639436732,
      0.7093517306048781,
      0.7104165618067219,
      0.7111730984903013,
      0.7116267413403083,
      0.7118486190322106,
      0.7115332832973236,
      0.7114606038811631,
      0.7121889446481532,
      0.7118194358495266,
      0.7120808693622112,
      0.71746468634241,
      0.7189119947832898,
      0.7198058554370889,
      0.7204453418462239
    ],
    "val_auc": [
      0.6637280175176662,
      0.7068178567533632,
      0.7107802250851669,
      0.71175820026447,
      0.7130061360491324,
      0.7132378740250607,
      0.7135396309517382,
      0.7142171696381452,
      0.7144335143758638,
      0.7146085372455256,
      0.714358673538873,
      0.7133941115628664,
      0.7142416682290937,
      0.7137347063854527,
      0.7130682245154766,
      0.713847717142897,
      0.716353080761666,
      0.7170711270363159,
      0.7171660692054788,
      0.717147982144425
    ],
    "consistency_metrics": [
      {
        "monotonicity_violation_rate": 0.0,
        "negative_gain_rate": 0.0,
        "bounds_violation_rate": 0.0,
        "mastery_correlation": 0.0703690284282916,
        "gain_correlation": 0.053473285663002856
      },
      {
        "monotonicity_violation_rate": 0.0,
        "negative_gain_rate": 0.0,
        "bounds_violation_rate": 0.0,
        "mastery_correlation": 0.039319326728838394,
        "gain_correlation": 0.033144000529547996
      },
      {
        "monotonicity_violation_rate": 0.0,
        "negative_gain_rate": 0.0,
        "bounds_violation_rate": 0.0,
        "mastery_correlation": 0.036247437848777625,
        "gain_correlation": 0.054003933433694126
      },
      {
        "monotonicity_violation_rate": 0.0,
        "negative_gain_rate": 0.0,
        "bounds_violation_rate": 0.0,
        "mastery_correlation": 0.04056112817778128,
        "gain_correlation": 0.05984870789379303
      },
      {
        "monotonicity_violation_rate": 0.0,
        "negative_gain_rate": 0.0,
        "bounds_violation_rate": 0.0,
        "mastery_correlation": 0.04899551515038879,
        "gain_correlation": 0.03776026245336811
      },
      {
        "monotonicity_violation_rate": 0.0,
        "negative_gain_rate": 0.0,
        "bounds_violation_rate": 0.0,
        "mastery_correlation": 0.036066950043673725,
        "gain_correlation": 0.06319451130839783
      },
      {
        "monotonicity_violation_rate": 0.0,
        "negative_gain_rate": 0.0,
        "bounds_violation_rate": 0.0,
        "mastery_correlation": 0.026908806288272684,
        "gain_correlation": 0.035400067360344914
      },
      {
        "monotonicity_violation_rate": 0.0,
        "negative_gain_rate": 0.0,
        "bounds_violation_rate": 0.0,
        "mastery_correlation": 0.019757454955368157,
        "gain_correlation": 0.05749139800505264
      },
      {
        "monotonicity_violation_rate": 0.0,
        "negative_gain_rate": 0.0,
        "bounds_violation_rate": 0.0,
        "mastery_correlation": 0.021538109669255123,
        "gain_correlation": 0.06045287808788848
      },
      {
        "monotonicity_violation_rate": 0.0,
        "negative_gain_rate": 0.0,
        "bounds_violation_rate": 0.0,
        "mastery_correlation": 0.02543459648904306,
        "gain_correlation": 0.05195232939159795
      },
      {
        "monotonicity_violation_rate": 0.0,
        "negative_gain_rate": 0.0,
        "bounds_violation_rate": 0.0,
        "mastery_correlation": 0.013532797862977928,
        "gain_correlation": 0.04816337514790867
      },
      {
        "monotonicity_violation_rate": 0.0,
        "negative_gain_rate": 0.0,
        "bounds_violation_rate": 0.0,
        "mastery_correlation": 0.010931325360367547,
        "gain_correlation": 0.064287461137764
      },
      {
        "monotonicity_violation_rate": 0.0,
        "negative_gain_rate": 0.0,
        "bounds_violation_rate": 0.0,
        "mastery_correlation": 0.018721160167245152,
        "gain_correlation": 0.09057556851756898
      },
      {
        "monotonicity_violation_rate": 0.0,
        "negative_gain_rate": 0.0,
        "bounds_violation_rate": 0.0,
        "mastery_correlation": 0.011400644364546233,
        "gain_correlation": 0.059406150335374955
      },
      {
        "monotonicity_violation_rate": 0.0,
        "negative_gain_rate": 0.0,
        "bounds_violation_rate": 0.0,
        "mastery_correlation": -0.0008272226330318496,
        "gain_correlation": 0.02487600050249819
      },
      {
        "monotonicity_violation_rate": 0.0,
        "negative_gain_rate": 0.0,
        "bounds_violation_rate": 0.0,
        "mastery_correlation": -9.296744691410524e-05,
        "gain_correlation": 0.0513434105220042
      },
      {
        "monotonicity_violation_rate": 0.0,
        "negative_gain_rate": 0.0,
        "bounds_violation_rate": 0.0,
        "mastery_correlation": -0.0006642764867466512,
        "gain_correlation": 0.04803204211059552
      },
      {
        "monotonicity_violation_rate": 0.0,
        "negative_gain_rate": 0.0,
        "bounds_violation_rate": 0.0,
        "mastery_correlation": -0.008678940519615368,
        "gain_correlation": 0.08113867902816113
      },
      {
        "monotonicity_violation_rate": 0.0,
        "negative_gain_rate": 0.0,
        "bounds_violation_rate": 0.0,
        "mastery_correlation": 0.002313000140625637,
        "gain_correlation": 0.03739130836998715
      },
      {
        "monotonicity_violation_rate": 0.0,
        "negative_gain_rate": 0.0,
        "bounds_violation_rate": 0.0,
        "mastery_correlation": 0.004639228258476606,
        "gain_correlation": 0.07892480171380932
      }
    ]
  },
  "model_config": {
    "num_c": 100,
    "seq_len": 200,
    "d_model": 512,
    "n_heads": 8,
    "num_encoder_blocks": 6,
    "d_ff": 1024,
    "dropout": 0.2,
    "emb_type": "qid",
    "monitor_frequency": 50,
    "non_negative_loss_weight": 0.0,
    "monotonicity_loss_weight": 0.1,
    "mastery_performance_loss_weight": 0.8,
    "gain_performance_loss_weight": 0.8,
    "sparsity_loss_weight": 0.2,
    "consistency_loss_weight": 0.3
  },
  "training_args": {
    "epochs": 20,
    "batch_size": 64,
    "lr": 0.0013568186174768263,
    "weight_decay": 0.0005649845413809703,
    "patience": 15,
    "enhanced_constraints": true,
    "monitor_freq": 50,
    "dataset": "assist2015",
    "fold": 0,
    "experiment_suffix": "sweep_run_15",
    "use_wandb": true
  },
  "log_file": "logs/cumulative_mastery_full_sweep_run_15_20251006_163416.log",
  "timestamp": "2025-10-06T17:05:34.231300"
}