{
  "experiment_name": "sweep_run_14",
  "best_val_auc": 0.6431305234236455,
  "final_consistency_metrics": {
    "monotonicity_violation_rate": 0.0,
    "negative_gain_rate": 0.0,
    "bounds_violation_rate": 0.0,
    "mastery_correlation": 0.015053652916586575,
    "gain_correlation": -0.029249738633424505
  },
  "train_history": {
    "train_loss": [
      0.6915620996235566,
      0.6407878633607854,
      0.6486903131008148,
      0.6349361174464844,
      0.6339083164158262,
      0.6337670313261952,
      0.6333197329019635,
      0.634916146802161,
      0.6325991990652726,
      0.6408766653253625,
      0.6323337226025181,
      0.6308572133279218,
      0.6295407354214031,
      0.6326336395864042,
      0.6287423511243238,
      0.6281583471310571,
      0.63464105005709,
      0.6292583523945487,
      0.6289046371230189,
      0.6290967705336259,
      0.629919613272415,
      0.6267846980243149,
      0.6280049013041462,
      0.628791554913002,
      0.6285187978818627
    ],
    "train_auc": [
      0.6121233119670646,
      0.6288480986777311,
      0.6345455625356426,
      0.6357481155300305,
      0.636766986461412,
      0.6368154669836517,
      0.6379341895542774,
      0.6382074709234462,
      0.6381845720124488,
      0.635579787627604,
      0.6378739461963674,
      0.6375658210281605,
      0.6388755923257843,
      0.6387328317515549,
      0.6393764881465178,
      0.6393684952161622,
      0.6383884879424226,
      0.6372303717877771,
      0.6399669537052521,
      0.6394654252105434,
      0.6383241019368848,
      0.639262436986931,
      0.6390068100401745,
      0.639471811538257,
      0.6392686653543277
    ],
    "val_auc": [
      0.6385529464956439,
      0.6386806408905283,
      0.6392511305989501,
      0.640066558680257,
      0.6405103557106737,
      0.641206222589392,
      0.6415501070433131,
      0.6416284899728633,
      0.64163378870294,
      0.6419158795159667,
      0.6084238502882573,
      0.6421133596120591,
      0.6424964583138415,
      0.6422399325864983,
      0.6429744304660727,
      0.6425643189058468,
      0.642906960511631,
      0.6424467584276766,
      0.6427930992677389,
      0.6424557637811403,
      0.6430541557504281,
      0.6424311004130606,
      0.6429334177090766,
      0.6431305234236455,
      0.642371908723755
    ],
    "consistency_metrics": [
      {
        "monotonicity_violation_rate": 0.0,
        "negative_gain_rate": 0.0,
        "bounds_violation_rate": 0.0,
        "mastery_correlation": 0.04567674765986531,
        "gain_correlation": 0.02756977862648626
      },
      {
        "monotonicity_violation_rate": 0.0,
        "negative_gain_rate": 0.0,
        "bounds_violation_rate": 0.0,
        "mastery_correlation": 0.04567674765986529,
        "gain_correlation": -0.005621570650564135
      },
      {
        "monotonicity_violation_rate": 0.0,
        "negative_gain_rate": 0.0,
        "bounds_violation_rate": 0.0,
        "mastery_correlation": 0.04567674765986529,
        "gain_correlation": -0.07182634041549729
      },
      {
        "monotonicity_violation_rate": 0.0,
        "negative_gain_rate": 0.0,
        "bounds_violation_rate": 0.0,
        "mastery_correlation": 0.04567674765986536,
        "gain_correlation": 0.005162888518053395
      },
      {
        "monotonicity_violation_rate": 0.0,
        "negative_gain_rate": 0.0,
        "bounds_violation_rate": 0.0,
        "mastery_correlation": 0.04567674765986532,
        "gain_correlation": -0.05071868277674629
      },
      {
        "monotonicity_violation_rate": 0.0,
        "negative_gain_rate": 0.0,
        "bounds_violation_rate": 0.0,
        "mastery_correlation": 0.04567674765986534,
        "gain_correlation": -0.06238191425089499
      },
      {
        "monotonicity_violation_rate": 0.0,
        "negative_gain_rate": 0.0,
        "bounds_violation_rate": 0.0,
        "mastery_correlation": 0.04567674765986537,
        "gain_correlation": -0.06837431570474213
      },
      {
        "monotonicity_violation_rate": 0.0,
        "negative_gain_rate": 0.0,
        "bounds_violation_rate": 0.0,
        "mastery_correlation": 0.04567674765986537,
        "gain_correlation": -0.019661130800395065
      },
      {
        "monotonicity_violation_rate": 0.0,
        "negative_gain_rate": 0.0,
        "bounds_violation_rate": 0.0,
        "mastery_correlation": 0.045676747659865395,
        "gain_correlation": -0.02872227586869416
      },
      {
        "monotonicity_violation_rate": 0.0,
        "negative_gain_rate": 0.0,
        "bounds_violation_rate": 0.0,
        "mastery_correlation": 0.045676747659865354,
        "gain_correlation": -0.03639595135413603
      },
      {
        "monotonicity_violation_rate": 0.0,
        "negative_gain_rate": 0.0,
        "bounds_violation_rate": 0.0,
        "mastery_correlation": 0.03758819558410058,
        "gain_correlation": -0.09188885510615787
      },
      {
        "monotonicity_violation_rate": 0.0,
        "negative_gain_rate": 0.0,
        "bounds_violation_rate": 0.0,
        "mastery_correlation": 0.045676747659865326,
        "gain_correlation": 0.054492854912356836
      },
      {
        "monotonicity_violation_rate": 0.0,
        "negative_gain_rate": 0.0,
        "bounds_violation_rate": 0.0,
        "mastery_correlation": 0.04567674765986539,
        "gain_correlation": 0.07999824988955533
      },
      {
        "monotonicity_violation_rate": 0.0,
        "negative_gain_rate": 0.0,
        "bounds_violation_rate": 0.0,
        "mastery_correlation": 0.04567674765986533,
        "gain_correlation": -0.025716792988248076
      },
      {
        "monotonicity_violation_rate": 0.0,
        "negative_gain_rate": 0.0,
        "bounds_violation_rate": 0.0,
        "mastery_correlation": 0.04567021512085142,
        "gain_correlation": 0.0031968122472411688
      },
      {
        "monotonicity_violation_rate": 0.0,
        "negative_gain_rate": 0.0,
        "bounds_violation_rate": 0.0,
        "mastery_correlation": 0.045633456351084095,
        "gain_correlation": 0.05926575860187826
      },
      {
        "monotonicity_violation_rate": 0.0,
        "negative_gain_rate": 0.0,
        "bounds_violation_rate": 0.0,
        "mastery_correlation": 0.045676747659865354,
        "gain_correlation": 0.03409961959594527
      },
      {
        "monotonicity_violation_rate": 0.0,
        "negative_gain_rate": 0.0,
        "bounds_violation_rate": 0.0,
        "mastery_correlation": 0.045295235947210494,
        "gain_correlation": 0.03103140686751873
      },
      {
        "monotonicity_violation_rate": 0.0,
        "negative_gain_rate": 0.0,
        "bounds_violation_rate": 0.0,
        "mastery_correlation": 0.045186015417513915,
        "gain_correlation": 0.051901207271362125
      },
      {
        "monotonicity_violation_rate": 0.0,
        "negative_gain_rate": 0.0,
        "bounds_violation_rate": 0.0,
        "mastery_correlation": 0.04567674765986536,
        "gain_correlation": 0.03600596838506729
      },
      {
        "monotonicity_violation_rate": 0.0,
        "negative_gain_rate": 0.0,
        "bounds_violation_rate": 0.0,
        "mastery_correlation": 0.045676747659865284,
        "gain_correlation": 0.07320375696093326
      },
      {
        "monotonicity_violation_rate": 0.0,
        "negative_gain_rate": 0.0,
        "bounds_violation_rate": 0.0,
        "mastery_correlation": 0.04567674765986532,
        "gain_correlation": 0.011983715402546401
      },
      {
        "monotonicity_violation_rate": 0.0,
        "negative_gain_rate": 0.0,
        "bounds_violation_rate": 0.0,
        "mastery_correlation": 0.06852873763190001,
        "gain_correlation": 0.022702017633754127
      },
      {
        "monotonicity_violation_rate": 0.0,
        "negative_gain_rate": 0.0,
        "bounds_violation_rate": 0.0,
        "mastery_correlation": 0.0456767476598653,