{
  "experiment_name": "simple_sweep_run_2",
  "best_val_auc": 0.7226049859510624,
  "final_consistency_metrics": {
    "monotonicity_violation_rate": 0.0,
    "negative_gain_rate": 0.0,
    "bounds_violation_rate": 0.0,
    "mastery_correlation": 0.023261926234647314,
    "gain_correlation": 0.005803838331335971
  },
  "train_history": {
    "train_loss": [
      0.6148640802226115,
      0.5795929610114736,
      0.5741914498437312,
      0.5705835702493018,
      0.5677161376500867,
      0.5650158641264611,
      0.5627512993271818,
      0.5611313636769953,
      0.5595962798472532,
      0.5585217776986742,
      0.5575020362421409,
      0.5566653025518987,
      0.55168175236466,
      0.5500472160344271,
      0.5490922697426117,
      0.548235458197053,
      0.5474881314739739,
      0.546540946997318,
      0.5456971765793476,
      0.5421642879235375
    ],
    "train_auc": [
      0.6828964163619656,
      0.7178518553782858,
      0.7248354172192644,
      0.7285629141829035,
      0.7309301937566767,
      0.733061504708866,
      0.7350295417548622,
      0.7363025623257892,
      0.7378542996984595,
      0.7391521327979272,
      0.7404913804193882,
      0.7418491713005457,
      0.7492565098901677,
      0.7517106212466359,
      0.7531574701601782,
      0.7545994135110697,
      0.7558851525267757,
      0.7573203650350017,
      0.7587211772383857,
      0.7639423908533728
    ],
    "val_auc": [
      0.7142666377525905,
      0.7197152046745514,
      0.7208581668356482,
      0.7212625922301815,
      0.7214625481704022,
      0.7216468177710889,
      0.7214053990771329,
      0.7212844859138976,
      0.721367222013874,
      0.7211580287021664,
      0.7210088770736051,
      0.7211453610599698,
      0.7226049859510624,
      0.7225132944972601,
      0.7222109392990557,
      0.7219614819933989,
      0.7216647439958699,
      0.7211860110117132,
      0.7210459078397515,
      0.7219082296699221
    ],
    "consistency_metrics": [
      {
        "monotonicity_violation_rate": 0.0,
        "negative_gain_rate": 0.0,
        "bounds_violation_rate": 0.0,
        "mastery_correlation": 0.03737991337681187,
        "gain_correlation": -0.005990375262798402
      },
      {
        "monotonicity_violation_rate": 0.0,
        "negative_gain_rate": 0.0,
        "bounds_violation_rate": 0.0,
        "mastery_correlation": 0.05047875427688153,
        "gain_correlation": -0.00830038543313511
      },
      {
        "monotonicity_violation_rate": 0.0,
        "negative_gain_rate": 0.0,
        "bounds_violation_rate": 0.0,
        "mastery_correlation": 0.0409303591263759,
        "gain_correlation": -0.01437882028911768
      },
      {
        "monotonicity_violation_rate": 0.0,
        "negative_gain_rate": 0.0,
        "bounds_violation_rate": 0.0,
        "mastery_correlation": 0.010582375912658544,
        "gain_correlation": -0.0018892750018587084
      },
      {
        "monotonicity_violation_rate": 0.0,
        "negative_gain_rate": 0.0,
        "bounds_violation_rate": 0.0,
        "mastery_correlation": 0.03147214269042609,
        "gain_correlation": 0.04865978721688662
      },
      {
        "monotonicity_violation_rate": 0.0,
        "negative_gain_rate": 0.0,
        "bounds_violation_rate": 0.0,
        "mastery_correlation": 0.035497076957067525,
        "gain_correlation": 0.06494188940703825
      },
      {
        "monotonicity_violation_rate": 0.0,
        "negative_gain_rate": 0.0,
        "bounds_violation_rate": 0.0,
        "mastery_correlation": 0.04708818067714519,
        "gain_correlation": 0.06712010909402692
      },
      {
        "monotonicity_violation_rate": 0.0,
        "negative_gain_rate": 0.0,
        "bounds_violation_rate": 0.0,
        "mastery_correlation": 0.0515392716220515,
        "gain_correlation": 0.07941003409472497
      },
      {
        "monotonicity_violation_rate": 0.0,
        "negative_gain_rate": 0.0,
        "bounds_violation_rate": 0.0,
        "mastery_correlation": 0.050271993772788286,
        "gain_correlation": 0.08035057454437794
      },
      {
        "monotonicity_violation_rate": 0.0,
        "negative_gain_rate": 0.0,
        "bounds_violation_rate": 0.0,
        "mastery_correlation": 0.05478952982586967,
        "gain_correlation": 0.084940909828797
      },
      {
        "monotonicity_violation_rate": 0.0,
        "negative_gain_rate": 0.0,
        "bounds_violation_rate": 0.0,
        "mastery_correlation": 0.05486189954718866,
        "gain_correlation": 0.0882936541899611
      },
      {
        "monotonicity_violation_rate": 0.0,
        "negative_gain_rate": 0.0,
        "bounds_violation_rate": 0.0,
        "mastery_correlation": 0.051127447894772415,
        "gain_correlation": 0.062426863663557874
      },
      {
        "monotonicity_violation_rate": 0.0,
        "negative_gain_rate": 0.0,
        "bounds_violation_rate": 0.0,
        "mastery_correlation": 0.05474996115280541,
        "gain_correlation": 0.059397142028471586
      },
      {
        "monotonicity_violation_rate": 0.0,
        "negative_gain_rate": 0.0,
        "bounds_violation_rate": 0.0,
        "mastery_correlation": 0.053603864609570236,
        "gain_correlation": 0.06152951274762301
      },
      {
        "monotonicity_violation_rate": 0.0,
        "negative_gain_rate": 0.0,
        "bounds_violation_rate": 0.0,
        "mastery_correlation": 0.05419437044635195,
        "gain_correlation": 0.06292609983683262
      },
      {
        "monotonicity_violation_rate": 0.0,
        "negative_gain_rate": 0.0,
        "bounds_violation_rate": 0.0,
        "mastery_correlation": 0.05362450482755283,
        "gain_correlation": 0.05775615815745087
      },
      {
        "monotonicity_violation_rate": 0.0,
        "negative_gain_rate": 0.0,
        "bounds_violation_rate": 0.0,
        "mastery_correlation": 0.05425641370079668,
        "gain_correlation": 0.06128329542593546
      },
      {
        "monotonicity_violation_rate": 0.0,
        "negative_gain_rate": 0.0,
        "bounds_violation_rate": 0.0,
        "mastery_correlation": 0.052089706720043365,
        "gain_correlation": 0.061256685156886995
      },
      {
        "monotonicity_violation_rate": 0.0,
        "negative_gain_rate": 0.0,
        "bounds_violation_rate": 0.0,
        "mastery_correlation": 0.050497280639186744,
        "gain_correlation": 0.061800196788381806
      },
      {
        "monotonicity_violation_rate": 0.0,
        "negative_gain_rate": 0.0,
        "bounds_violation_rate": 0.0,
        "mastery_correlation": 0.05015235927430517,
        "gain_correlation": 0.06201499296303897
      }
    ]
  },
  "model_config": {
    "num_c": 100,
    "seq_len": 200,
    "d_model": 512,
    "n_heads": 8,
    "num_encoder_blocks": 6,
    "d_ff": 1024,
    "dropout": 0.2,
    "emb_type": "qid",
    "monitor_frequency": 50,
    "non_negative_loss_weight": 0.0,
    "monotonicity_loss_weight": 0.1,
    "mastery_performance_loss_weight": 0.8,
    "gain_performance_loss_weight": 0.8,
    "sparsity_loss_weight": 0.2,
    "consistency_loss_weight": 0.3
  },
  "training_args": {
    "epochs": 20,
    "batch_size": 128,
    "lr": 0.0004083463861134735,
    "weight_decay": 0.0003268018692078701,
    "patience": 10,
    "enhanced_constraints": true,
    "monitor_freq": 50,
    "dataset": "assist2015",
    "fold": 0,
    "experiment_suffix": "simple_sweep_run_2",
    "use_wandb": true
  },
  "log_file": "logs/cumulative_mastery_full_simple_sweep_run_2_20251006_101849.log",
  "timestamp": "2025-10-06T10:30:59.247278"
}