{
  "experiment_name": "stronger_correlation",
  "best_val_auc": 0.719601843427036,
  "final_consistency_metrics": {
    "monotonicity_violation_rate": 0.0,
    "negative_gain_rate": 0.0,
    "bounds_violation_rate": 0.0,
    "mastery_correlation": 0.002297273926423044,
    "gain_correlation": 0.04221682871762426
  },
  "train_history": {
    "train_loss": [
      0.6622920684863867,
      0.628998951127492,
      0.6169442651803012,
      0.6111721081437225,
      0.6080993780663594,
      0.606045927717278,
      0.6050817202873181,
      0.6042276995324101,
      0.6033891267263828,
      0.5975270114568849,
      0.5958395735433064,
      0.59480541087494,
      0.5940364240982372,
      0.5930358780634836,
      0.5923427445283208,
      0.591406265920308,
      0.5869118659298654,
      0.5855358920103527,
      0.5844918385225256,
      0.5836985211607089
    ],
    "train_auc": [
      0.6787696973636141,
      0.7118591936370828,
      0.717314685393406,
      0.7192066093763754,
      0.7198913617898938,
      0.7203737288739086,
      0.7197599565611386,
      0.7196565710114388,
      0.7198694048118484,
      0.7280261267352319,
      0.7301774666801961,
      0.7315152741839955,
      0.7325770844512309,
      0.733766218101331,
      0.7348423042580365,
      0.7360303091947313,
      0.7424255944524336,
      0.7442585321830542,
      0.7456245850718942,
      0.746630916294152
    ],
    "val_auc": [
      0.7103106422810109,
      0.7175547215615989,
      0.719390300871268,
      0.7189033704095671,
      0.7190111656875628,
      0.7173800969649132,
      0.7174347556821398,
      0.7171488828768142,
      0.7168967253444187,
      0.719601843427036,
      0.7194138531636551,
      0.719029855453609,
      0.719297933067687,
      0.7191143602599805,
      0.7182620383573476,
      0.7178732394505652,
      0.7184108653577195,
      0.7180409003046091,
      0.7175107248360776,
      0.7169301948063223
    ],
    "consistency_metrics": [
      {
        "monotonicity_violation_rate": 0.0,
        "negative_gain_rate": 0.0,
        "bounds_violation_rate": 0.0,
        "mastery_correlation": 0.0479675237744913,
        "gain_correlation": 0.0908508161151477
      },
      {
        "monotonicity_violation_rate": 0.0,
        "negative_gain_rate": 0.0,
        "bounds_violation_rate": 0.0,
        "mastery_correlation": 0.028058869935934268,
        "gain_correlation": 0.09892207536019432
      },
      {
        "monotonicity_violation_rate": 0.0,
        "negative_gain_rate": 0.0,
        "bounds_violation_rate": 0.0,
        "mastery_correlation": 0.028319440102227998,
        "gain_correlation": 0.09125682344171865
      },
      {
        "monotonicity_violation_rate": 0.0,
        "negative_gain_rate": 0.0,
        "bounds_violation_rate": 0.0,
        "mastery_correlation": 0.06070984311897931,
        "gain_correlation": 0.09779820048877316
      },
      {
        "monotonicity_violation_rate": 0.0,
        "negative_gain_rate": 0.0,
        "bounds_violation_rate": 0.0,
        "mastery_correlation": 0.007293998963295913,
        "gain_correlation": 0.06651593646460832
      },
      {
        "monotonicity_violation_rate": 0.0,
        "negative_gain_rate": 0.0,
        "bounds_violation_rate": 0.0,
        "mastery_correlation": 0.014860284886361482,
        "gain_correlation": 0.0780011958584332
      },
      {
        "monotonicity_violation_rate": 0.0,
        "negative_gain_rate": 0.0,
        "bounds_violation_rate": 0.0,
        "mastery_correlation": 0.006979067778719243,
        "gain_correlation": 0.09529047446182262
      },
      {
        "monotonicity_violation_rate": 0.0,
        "negative_gain_rate": 0.0,
        "bounds_violation_rate": 0.0,
        "mastery_correlation": 0.025156094971674543,
        "gain_correlation": 0.09408032043989634
      },
      {
        "monotonicity_violation_rate": 0.0,
        "negative_gain_rate": 0.0,
        "bounds_violation_rate": 0.0,
        "mastery_correlation": 0.03988626915987444,
        "gain_correlation": 0.09990936404055394
      },
      {
        "monotonicity_violation_rate": 0.0,
        "negative_gain_rate": 0.0,
        "bounds_violation_rate": 0.0,
        "mastery_correlation": 0.008286078090907851,
        "gain_correlation": 0.08605462463316955
      },
      {
        "monotonicity_violation_rate": 0.0,
        "negative_gain_rate": 0.0,
        "bounds_violation_rate": 0.0,
        "mastery_correlation": 0.008367650192113654,
        "gain_correlation": 0.0935671616145328
      },
      {
        "monotonicity_violation_rate": 0.0,
        "negative_gain_rate": 0.0,
        "bounds_violation_rate": 0.0,
        "mastery_correlation": 0.02754774125720767,
        "gain_correlation": 0.08667787951168925
      },
      {
        "monotonicity_violation_rate": 0.0,
        "negative_gain_rate": 0.0,
        "bounds_violation_rate": 0.0,
        "mastery_correlation": 0.02569596306399393,
        "gain_correlation": 0.08178823010933321
      },
      {
        "monotonicity_violation_rate": 0.0,
        "negative_gain_rate": 0.0,
        "bounds_violation_rate": 0.0,
        "mastery_correlation": 0.014038268722300636,
        "gain_correlation": 0.08483655879007393
      },
      {
        "monotonicity_violation_rate": 0.0,
        "negative_gain_rate": 0.0,
        "bounds_violation_rate": 0.0,
        "mastery_correlation": 0.03912360557807308,
        "gain_correlation": 0.0788650718978481
      },
      {
        "monotonicity_violation_rate": 0.0,
        "negative_gain_rate": 0.0,
        "bounds_violation_rate": 0.0,
        "mastery_correlation": 0.03506740856214588,
        "gain_correlation": 0.0807321487194363
      },
      {
        "monotonicity_violation_rate": 0.0,
        "negative_gain_rate": 0.0,
        "bounds_violation_rate": 0.0,
        "mastery_correlation": 0.05021140150624219,
        "gain_correlation": 0.10330152187004271
      },
      {
        "monotonicity_violation_rate": 0.0,
        "negative_gain_rate": 0.0,
        "bounds_violation_rate": 0.0,
        "mastery_correlation": 0.04538178665457746,
        "gain_correlation": 0.10626869001325583
      },
      {
        "monotonicity_violation_rate": 0.0,
        "negative_gain_rate": 0.0,
        "bounds_violation_rate": 0.0,
        "mastery_correlation": 0.045501664889166515,
        "gain_correlation": 0.09421906389464188
      },
      {
        "monotonicity_violation_rate": 0.0,
        "negative_gain_rate": 0.0,
        "bounds_violation_rate": 0.0,
        "mastery_correlation": 0.032679613029721215,
        "gain_correlation": 0.0861643083916845
      }
    ]
  },
  "model_config": {
    "num_c": 100,
    "seq_len": 200,
    "d_model": 512,
    "n_heads": 8,
    "num_encoder_blocks": 4,
    "d_ff": 768,
    "dropout": 0.2,
    "emb_type": "qid",
    "monitor_frequency": 50,
    "non_negative_loss_weight": 0.0,
    "monotonicity_loss_weight": 0.1,
    "mastery_performance_loss_weight": 1.5,
    "gain_performance_loss_weight": 1.5,
    "sparsity_loss_weight": 0.2,
    "consistency_loss_weight": 0.3
  },
  "training_args": {
    "epochs": 50,
    "batch_size": 32,
    "lr": 0.001,
    "weight_decay": 0.0001,
    "patience": 10,
    "enhanced_constraints": true,
    "monitor_freq": 50,
    "dataset": "assist2015",
    "fold": 0,
    "experiment_suffix": "stronger_correlation",
    "use_wandb": false
  },
  "log_file": "logs/cumulative_mastery_full_stronger_correlation_20251006_070255.log",
  "timestamp": "2025-10-06T07:18:56.880205"
}