{
  "experiment_name": "sweep_run_8",
  "best_val_auc": 0.7085524340855638,
  "final_consistency_metrics": {
    "monotonicity_violation_rate": 0.0,
    "negative_gain_rate": 0.0,
    "bounds_violation_rate": 0.0,
    "mastery_correlation": -0.03245923480892719,
    "gain_correlation": 0.005569285747742026
  },
  "train_history": {
    "train_loss": [
      0.8239606995656701,
      0.668746193764741,
      0.6325729560357919,
      0.634442066590403,
      0.6314874365539749,
      0.6296977234010251,
      0.6268612798013835,
      0.6211213883340667,
      0.6184918235003022,
      0.6097577760874299,
      0.5982560385694158,
      0.595239082457488,
      0.591460976267108,
      0.5896889542668594,
      0.5896386216959187,
      0.5884896949165226,
      0.5886333655816903,
      0.5882617704608898,
      0.5875822284061056,
      0.587676787005805
    ],
    "train_auc": [
      0.5932678546419128,
      0.6270940549133743,
      0.6330168844618399,
      0.6312416799568614,
      0.6346111440264105,
      0.633353455245879,
      0.6355768766385701,
      0.6391284482206533,
      0.6409658568266655,
      0.6593473841274698,
      0.6845114790123693,
      0.6905059843813717,
      0.6972469958409128,
      0.7003553901073349,
      0.700728027245682,
      0.7020746739643732,
      0.7023156750870543,
      0.7025230289403399,
      0.7038628119078324,
      0.7036103566721377
    ],
    "val_auc": [
      0.6383471021744468,
      0.6393022536275119,
      0.6395718194081461,
      0.6397583367757961,
      0.6394967337453432,
      0.6396276879688226,
      0.6412015617857272,
      0.6431019783102951,
      0.6460485934114242,
      0.6830991776409345,
      0.6957968412948101,
      0.698242012492609,
      0.7043322319078171,
      0.7066569185107038,
      0.7067291258692406,
      0.7074992402394956,
      0.7077605078043991,
      0.7084793506250012,
      0.7085524340855638,
      0.7079055069999961
    ],
    "consistency_metrics": [
      {
        "monotonicity_violation_rate": 0.0,
        "negative_gain_rate": 0.0,
        "bounds_violation_rate": 0.0,
        "mastery_correlation": 0.04567674765986533,
        "gain_correlation": 0.07460139801117661
      },
      {
        "monotonicity_violation_rate": 0.0,
        "negative_gain_rate": 0.0,
        "bounds_violation_rate": 0.0,
        "mastery_correlation": 0.04567674765986544,
        "gain_correlation": 0.0001387862955160606
      },
      {
        "monotonicity_violation_rate": 0.0,
        "negative_gain_rate": 0.0,
        "bounds_violation_rate": 0.0,
        "mastery_correlation": 0.04567674765986528,
        "gain_correlation": 0.011261528431999568
      },
      {
        "monotonicity_violation_rate": 0.0,
        "negative_gain_rate": 0.0,
        "bounds_violation_rate": 0.0,
        "mastery_correlation": 0.0456767476598653,
        "gain_correlation": 0.0014223948692593461
      },
      {
        "monotonicity_violation_rate": 0.0,
        "negative_gain_rate": 0.0,
        "bounds_violation_rate": 0.0,
        "mastery_correlation": 0.04567674765986535,
        "gain_correlation": 0.01601376268189116
      },
      {
        "monotonicity_violation_rate": 0.0,
        "negative_gain_rate": 0.0,
        "bounds_violation_rate": 0.0,
        "mastery_correlation": 0.045676747659865395,
        "gain_correlation": -0.0028928004058557783
      },
      {
        "monotonicity_violation_rate": 0.0,
        "negative_gain_rate": 0.0,
        "bounds_violation_rate": 0.0,
        "mastery_correlation": 0.041481763404056265,
        "gain_correlation": -0.005950416224578994
      },
      {
        "monotonicity_violation_rate": 0.0,
        "negative_gain_rate": 0.0,
        "bounds_violation_rate": 0.0,
        "mastery_correlation": 0.05411728604391739,
        "gain_correlation": 0.07739999813456667
      },
      {
        "monotonicity_violation_rate": 0.0,
        "negative_gain_rate": 0.0,
        "bounds_violation_rate": 0.0,
        "mastery_correlation": 0.07508526016948108,
        "gain_correlation": -0.042077158375015696
      },
      {
        "monotonicity_violation_rate": 0.0,
        "negative_gain_rate": 0.0,
        "bounds_violation_rate": 0.0,
        "mastery_correlation": 0.045675533511763344,
        "gain_correlation": -0.12601814646216905
      },
      {
        "monotonicity_violation_rate": 0.0,
        "negative_gain_rate": 0.0,
        "bounds_violation_rate": 0.0,
        "mastery_correlation": 0.07688113453306643,
        "gain_correlation": -0.08613932486554858
      },
      {
        "monotonicity_violation_rate": 0.0,
        "negative_gain_rate": 0.0,
        "bounds_violation_rate": 0.0,
        "mastery_correlation": 0.06534860397858666,
        "gain_correlation": -0.10898059569951471
      },
      {
        "monotonicity_violation_rate": 0.0,
        "negative_gain_rate": 0.0,
        "bounds_violation_rate": 0.0,
        "mastery_correlation": 0.03094169407242198,
        "gain_correlation": -0.09675967966464026
      },
      {
        "monotonicity_violation_rate": 0.0,
        "negative_gain_rate": 0.0,
        "bounds_violation_rate": 0.0,
        "mastery_correlation": -0.016958900115009015,
        "gain_correlation": -0.012016715562354058
      },
      {
        "monotonicity_violation_rate": 0.0,
        "negative_gain_rate": 0.0,
        "bounds_violation_rate": 0.0,
        "mastery_correlation": 0.015775368294739543,
        "gain_correlation": -0.023213185913871885
      },
      {
        "monotonicity_violation_rate": 0.0,
        "negative_gain_rate": 0.0,
        "bounds_violation_rate": 0.0,
        "mastery_correlation": 0.008789961815853321,
        "gain_correlation": -0.019538394326607183
      },
      {
        "monotonicity_violation_rate": 0.0,
        "negative_gain_rate": 0.0,
        "bounds_violation_rate": 0.0,
        "mastery_correlation": -0.016383308997792643,
        "gain_correlation": 0.02910050637399361
      },
      {
        "monotonicity_violation_rate": 0.0,
        "negative_gain_rate": 0.0,
        "bounds_violation_rate": 0.0,
        "mastery_correlation": -0.03301942185858357,
        "gain_correlation": 0.06102631247753145
      },
      {
        "monotonicity_violation_rate": 0.0,
        "negative_gain_rate": 0.0,
        "bounds_violation_rate": 0.0,
        "mastery_correlation": -0.05469075607965489,
        "gain_correlation": 0.008707824755438376
      },
      {
        "monotonicity_violation_rate": 0.0,
        "negative_gain_rate": 0.0,
        "bounds_violation_rate": 0.0,
        "mastery_correlation": -0.04157467047432048,
        "gain_correlation": 0.07987240171609178
      }
    ]
  },
  "model_config": {
    "num_c": 100,
    "seq_len": 200,
    "d_model": 512,
    "n_heads": 8,
    "num_encoder_blocks": 6,
    "d_ff": 1024,
    "dropout": 0.2,
    "emb_type": "qid",
    "monitor_frequency": 50,
    "non_negative_loss_weight": 0.0,
    "monotonicity_loss_weight": 0.1,
    "mastery_performance_loss_weight": 0.8,
    "gain_performance_loss_weight": 0.8,
    "sparsity_loss_weight": 0.2,
    "consistency_loss_weight": 0.3
  },
  "training_args": {
    "epochs": 20,
    "batch_size": 64,
    "lr": 0.004144358164836407,
    "weight_decay": 0.00016044435461025106,
    "patience": 20,
    "enhanced_constraints": true,
    "monitor_freq": 50,
    "dataset": "assist2015",
    "fold": 0,
    "experiment_suffix": "sweep_run_8",
    "use_wandb": true
  },
  "log_file": "logs/cumulative_mastery_full_sweep_run_8_20251006_151559.log",
  "timestamp": "2025-10-06T15:46:23.261649"
}