{
  "experiment_name": "sweep_run_9",
  "best_val_auc": 0.6876989211570788,
  "final_consistency_metrics": {
    "monotonicity_violation_rate": 0.0,
    "negative_gain_rate": 0.0,
    "bounds_violation_rate": 0.0,
    "mastery_correlation": 0.05943792821656546,
    "gain_correlation": 0.01819334276435651
  },
  "train_history": {
    "train_loss": [
      0.7170708760078707,
      0.6303110582840875,
      0.6309270982297591,
      0.6290870237844596,
      0.6295842707465967,
      0.6281972805453088,
      0.6283965462847695,
      0.6281716366505994,
      0.6294838372289826,
      0.627934388237296,
      0.627954426207073,
      0.6274412842612193,
      0.6277760174607984,
      0.6275678076274654,
      0.6494371903375022,
      0.6383327397040135,
      0.6273792515764582,
      0.6197426427213639,
      0.6097492903007744,
      0.6012483974194898
    ],
    "train_auc": [
      0.6153097569355419,
      0.633505700256038,
      0.6337401540703608,
      0.6355221133830349,
      0.6347149188878853,
      0.637175981952012,
      0.6370675758978434,
      0.6372934764545637,
      0.6369499892894098,
      0.6385641451217,
      0.6385269752045659,
      0.6391612359386526,
      0.6389189097248095,
      0.639214309476079,
      0.6366508120255515,
      0.6391174145118539,
      0.6395542029452249,
      0.6458338204199852,
      0.6636504563353876,
      0.6808292735000805
    ],
    "val_auc": [
      0.6404524012045213,
      0.6404120672603403,
      0.6403964949593888,
      0.6403975141638258,
      0.6407430567338106,
      0.6405455680170908,
      0.6409380661581512,
      0.64163406727235,
      0.641348051364613,
      0.6414443447555118,
      0.6418992665821619,
      0.6421728527770126,
      0.6423226534156494,
      0.6424929499648798,
      0.5990485677318071,
      0.6426784594580598,
      0.6427289090924864,
      0.6619755666696623,
      0.6753043348636621,
      0.6876989211570788
    ],
    "consistency_metrics": [
      {
        "monotonicity_violation_rate": 0.0,
        "negative_gain_rate": 0.0,
        "bounds_violation_rate": 0.0,
        "mastery_correlation": 0.04567674765986534,
        "gain_correlation": -0.012576619275273641
      },
      {
        "monotonicity_violation_rate": 0.0,
        "negative_gain_rate": 0.0,
        "bounds_violation_rate": 0.0,
        "mastery_correlation": 0.04567674765986536,
        "gain_correlation": -0.032247540939141825
      },
      {
        "monotonicity_violation_rate": 0.0,
        "negative_gain_rate": 0.0,
        "bounds_violation_rate": 0.0,
        "mastery_correlation": 0.045676747659865395,
        "gain_correlation": -0.055733979773606224
      },
      {
        "monotonicity_violation_rate": 0.0,
        "negative_gain_rate": 0.0,
        "bounds_violation_rate": 0.0,
        "mastery_correlation": 0.04567674765986544,
        "gain_correlation": -0.036631221947241104
      },
      {
        "monotonicity_violation_rate": 0.0,
        "negative_gain_rate": 0.0,
        "bounds_violation_rate": 0.0,
        "mastery_correlation": 0.045676747659865354,
        "gain_correlation": 0.06263701497584073
      },
      {
        "monotonicity_violation_rate": 0.0,
        "negative_gain_rate": 0.0,
        "bounds_violation_rate": 0.0,
        "mastery_correlation": 0.04567674765986537,
        "gain_correlation": 0.06617155135999853
      },
      {
        "monotonicity_violation_rate": 0.0,
        "negative_gain_rate": 0.0,
        "bounds_violation_rate": 0.0,
        "mastery_correlation": 0.045676747659865374,
        "gain_correlation": -0.0027403135565866915
      },
      {
        "monotonicity_violation_rate": 0.0,
        "negative_gain_rate": 0.0,
        "bounds_violation_rate": 0.0,
        "mastery_correlation": 0.045676747659865374,
        "gain_correlation": -0.008138612274930122
      },
      {
        "monotonicity_violation_rate": 0.0,
        "negative_gain_rate": 0.0,
        "bounds_violation_rate": 0.0,
        "mastery_correlation": 0.04567674765986537,
        "gain_correlation": 0.06713331771692645
      },
      {
        "monotonicity_violation_rate": 0.0,
        "negative_gain_rate": 0.0,
        "bounds_violation_rate": 0.0,
        "mastery_correlation": 0.045676747659865284,
        "gain_correlation": -0.06419062455830996
      },
      {
        "monotonicity_violation_rate": 0.0,
        "negative_gain_rate": 0.0,
        "bounds_violation_rate": 0.0,
        "mastery_correlation": 0.0456767476598654,
        "gain_correlation": -0.04842863979830292
      },
      {
        "monotonicity_violation_rate": 0.0,
        "negative_gain_rate": 0.0,
        "bounds_violation_rate": 0.0,
        "mastery_correlation": 0.04567674765986533,
        "gain_correlation": -0.046666877283611616
      },
      {
        "monotonicity_violation_rate": 0.0,
        "negative_gain_rate": 0.0,
        "bounds_violation_rate": 0.0,
        "mastery_correlation": 0.04567674765986533,
        "gain_correlation": -0.037490551563657104
      },
      {
        "monotonicity_violation_rate": 0.0,
        "negative_gain_rate": 0.0,
        "bounds_violation_rate": 0.0,
        "mastery_correlation": 0.045676747659865326,
        "gain_correlation": 0.08005392317586027
      },
      {
        "monotonicity_violation_rate": 0.0,
        "negative_gain_rate": 0.0,
        "bounds_violation_rate": 0.0,
        "mastery_correlation": 0.030336397706006255,
        "gain_correlation": 0.07441566643189351
      },
      {
        "monotonicity_violation_rate": 0.0,
        "negative_gain_rate": 0.0,
        "bounds_violation_rate": 0.0,
        "mastery_correlation": 0.045676747659865395,
        "gain_correlation": -0.021929690443211348
      },
      {
        "monotonicity_violation_rate": 0.0,
        "negative_gain_rate": 0.0,
        "bounds_violation_rate": 0.0,
        "mastery_correlation": 0.045676747659865354,
        "gain_correlation": -0.026792790355345177
      },
      {
        "monotonicity_violation_rate": 0.0,
        "negative_gain_rate": 0.0,
        "bounds_violation_rate": 0.0,
        "mastery_correlation": 0.09517617021855314,
        "gain_correlation": -0.003908088029254211
      },
      {
        "monotonicity_violation_rate": 0.0,
        "negative_gain_rate": 0.0,
        "bounds_violation_rate": 0.0,
        "mastery_correlation": 0.05159566269162589,
        "gain_correlation": -0.0054377458005113195
      },
      {
        "monotonicity_violation_rate": 0.0,
        "negative_gain_rate": 0.0,
        "bounds_violation_rate": 0.0,
        "mastery_correlation": 0.05219415077674685,
        "gain_correlation": -0.009073442472219561
      }
    ]
  },
  "model_config": {
    "num_c": 100,
    "seq_len": 200,
    "d_model": 512,
    "n_heads": 8,
    "num_encoder_blocks": 6,
    "d_ff": 1024,
    "dropout": 0.2,
    "emb_type": "qid",
    "monitor_frequency": 50,
    "non_negative_loss_weight": 0.0,
    "monotonicity_loss_weight": 0.1,
    "mastery_performance_loss_weight": 0.8,
    "gain_performance_loss_weight": 0.8,
    "sparsity_loss_weight": 0.2,
    "consistency_loss_weight": 0.3
  },
  "training_args": {
    "epochs": 20,
    "batch_size": 64,
    "lr": 0.00248184081944314,
    "weight_decay": 5.4758091125467605e-05,
    "patience": 20,
    "enhanced_constraints": true,
    "monitor_freq": 50,
    "dataset": "assist2015",
    "fold": 0,
    "experiment_suffix": "sweep_run_9",
    "use_wandb": true
  },
  "log_file": "logs/cumulative_mastery_full_sweep_run_9_20251007_083447.log",
  "timestamp": "2025-10-07T09:06:33.446548"
}