{
  "experiment_name": "sweep_run_11",
  "best_val_auc": 0.708822022772436,
  "final_consistency_metrics": {
    "monotonicity_violation_rate": 0.0,
    "negative_gain_rate": 0.0,
    "bounds_violation_rate": 0.0,
    "mastery_correlation": 0.013757492816890324,
    "gain_correlation": 0.005798298700369939
  },
  "train_history": {
    "train_loss": [
      0.7582607054218804,
      0.6284613302073527,
      0.6286959611263472,
      0.6273960833696975,
      0.6445301003062848,
      0.6264262918344478,
      0.6266432748627417,
      0.6261320071122081,
      0.6260496255048772,
      0.6260017076718438,
      0.6253346296929821,
      0.6253282304891606,
      0.6252773686782601,
      0.625272342224711,
      0.6269341633491909,
      0.6246509152589385,
      0.6091727018356323,
      0.5912324767751792,
      0.587660682570074,
      0.5853840745601457
    ],
    "train_auc": [
      0.6145209783805732,
      0.6374538826866099,
      0.6377351854675424,
      0.638309676343601,
      0.6344665020138303,
      0.638963912890113,
      0.639045155245861,
      0.6399910201846187,
      0.6396386308152148,
      0.6395554301862368,
      0.6408502036372695,
      0.6408866948133736,
      0.6409543235359022,
      0.641093213207316,
      0.6407149835228986,
      0.6427524528928236,
      0.6733276346194502,
      0.6974208073882477,
      0.7035418039692592,
      0.7066632812509528
    ],
    "val_auc": [
      0.6418000608970956,
      0.6414536552791777,
      0.6415596348067842,
      0.6427360151986288,
      0.6418811149895558,
      0.64173131779917,
      0.6416000953510332,
      0.6416282020439152,
      0.6412505983762059,
      0.6414319221854309,
      0.6432346714374302,
      0.6431894003369069,
      0.6434038982899783,
      0.6437117933495171,
      0.6435338665600112,
      0.6482044125187645,
      0.6954791576362518,
      0.7026952821933,
      0.7058443130690417,
      0.708822022772436
    ],
    "consistency_metrics": [
      {
        "monotonicity_violation_rate": 0.0,
        "negative_gain_rate": 0.0,
        "bounds_violation_rate": 0.0,
        "mastery_correlation": 0.0456767476598653,
        "gain_correlation": -0.015249474474770302
      },
      {
        "monotonicity_violation_rate": 0.0,
        "negative_gain_rate": 0.0,
        "bounds_violation_rate": 0.0,
        "mastery_correlation": 0.045676747659865354,
        "gain_correlation": 0.05060001403233703
      },
      {
        "monotonicity_violation_rate": 0.0,
        "negative_gain_rate": 0.0,
        "bounds_violation_rate": 0.0,
        "mastery_correlation": 0.045676747659865374,
        "gain_correlation": -0.03928461369817779
      },
      {
        "monotonicity_violation_rate": 0.0,
        "negative_gain_rate": 0.0,
        "bounds_violation_rate": 0.0,
        "mastery_correlation": 0.04567674765986536,
        "gain_correlation": -0.023063644353094385
      },
      {
        "monotonicity_violation_rate": 0.0,
        "negative_gain_rate": 0.0,
        "bounds_violation_rate": 0.0,
        "mastery_correlation": 0.045676747659865354,
        "gain_correlation": -0.048353948568237104
      },
      {
        "monotonicity_violation_rate": 0.0,
        "negative_gain_rate": 0.0,
        "bounds_violation_rate": 0.0,
        "mastery_correlation": 0.0456767476598654,
        "gain_correlation": -0.0664402067449974
      },
      {
        "monotonicity_violation_rate": 0.0,
        "negative_gain_rate": 0.0,
        "bounds_violation_rate": 0.0,
        "mastery_correlation": 0.045676747659865444,
        "gain_correlation": -0.026742686509065815
      },
      {
        "monotonicity_violation_rate": 0.0,
        "negative_gain_rate": 0.0,
        "bounds_violation_rate": 0.0,
        "mastery_correlation": 0.045676747659865416,
        "gain_correlation": -0.025993347426406587
      },
      {
        "monotonicity_violation_rate": 0.0,
        "negative_gain_rate": 0.0,
        "bounds_violation_rate": 0.0,
        "mastery_correlation": 0.04567674765986536,
        "gain_correlation": -0.08913319142058074
      },
      {
        "monotonicity_violation_rate": 0.0,
        "negative_gain_rate": 0.0,
        "bounds_violation_rate": 0.0,
        "mastery_correlation": 0.045676747659865374,
        "gain_correlation": -0.0008871873881121104
      },
      {
        "monotonicity_violation_rate": 0.0,
        "negative_gain_rate": 0.0,
        "bounds_violation_rate": 0.0,
        "mastery_correlation": 0.045676747659865326,
        "gain_correlation": -0.0064126127558984695
      },
      {
        "monotonicity_violation_rate": 0.0,
        "negative_gain_rate": 0.0,
        "bounds_violation_rate": 0.0,
        "mastery_correlation": 0.04567674765986532,
        "gain_correlation": -0.016994052812745332
      },
      {
        "monotonicity_violation_rate": 0.0,
        "negative_gain_rate": 0.0,
        "bounds_violation_rate": 0.0,
        "mastery_correlation": 0.04567674765986534,
        "gain_correlation": -0.050145962856392154
      },
      {
        "monotonicity_violation_rate": 0.0,
        "negative_gain_rate": 0.0,
        "bounds_violation_rate": 0.0,
        "mastery_correlation": 0.046617671722236326,
        "gain_correlation": -0.019407912365389624
      },
      {
        "monotonicity_violation_rate": 0.0,
        "negative_gain_rate": 0.0,
        "bounds_violation_rate": 0.0,
        "mastery_correlation": 0.04567674765986539,
        "gain_correlation": -0.020101495775454448
      },
      {
        "monotonicity_violation_rate": 0.0,
        "negative_gain_rate": 0.0,
        "bounds_violation_rate": 0.0,
        "mastery_correlation": 0.04567674765986531,
        "gain_correlation": -0.0444191387422862
      },
      {
        "monotonicity_violation_rate": 0.0,
        "negative_gain_rate": 0.0,
        "bounds_violation_rate": 0.0,
        "mastery_correlation": -0.014704634488291193,
        "gain_correlation": -0.057349588508436945
      },
      {
        "monotonicity_violation_rate": 0.0,
        "negative_gain_rate": 0.0,
        "bounds_violation_rate": 0.0,
        "mastery_correlation": -0.009728772406411958,
        "gain_correlation": 0.01605952024694468
      },
      {
        "monotonicity_violation_rate": 0.0,
        "negative_gain_rate": 0.0,
        "bounds_violation_rate": 0.0,
        "mastery_correlation": 0.04868763966561637,
        "gain_correlation": 0.01656259478277934
      },
      {
        "monotonicity_violation_rate": 0.0,
        "negative_gain_rate": 0.0,
        "bounds_violation_rate": 0.0,
        "mastery_correlation": 0.03932754997983851,
        "gain_correlation": -0.008255436635484708
      }
    ]
  },
  "model_config": {
    "num_c": 100,
    "seq_len": 200,
    "d_model": 512,
    "n_heads": 8,
    "num_encoder_blocks": 6,
    "d_ff": 1024,
    "dropout": 0.2,
    "emb_type": "qid",
    "monitor_frequency": 50,
    "non_negative_loss_weight": 0.0,
    "monotonicity_loss_weight": 0.1,
    "mastery_performance_loss_weight": 0.8,
    "gain_performance_loss_weight": 0.8,
    "sparsity_loss_weight": 0.2,
    "consistency_loss_weight": 0.3
  },
  "training_args": {
    "epochs": 20,
    "batch_size": 128,
    "lr": 0.001321439304456114,
    "weight_decay": 8.307669949076933e-05,
    "patience": 20,
    "enhanced_constraints": true,
    "monitor_freq": 50,
    "dataset": "assist2015",
    "fold": 0,
    "experiment_suffix": "sweep_run_11",
    "use_wandb": true
  },
  "log_file": "logs/cumulative_mastery_full_sweep_run_11_20251006_155103.log",
  "timestamp": "2025-10-06T16:19:10.695635"
}