{
  "experiment_name": "simple_sweep_run_7",
  "best_val_auc": 0.6432818481891691,
  "final_consistency_metrics": {
    "monotonicity_violation_rate": 0.0,
    "negative_gain_rate": 0.0,
    "bounds_violation_rate": 0.0,
    "mastery_correlation": 0.017765068052613808,
    "gain_correlation": -0.005538034454303219
  },
  "train_history": {
    "train_loss": [
      0.7217438888055673,
      0.6479600530523093,
      0.6233202858292377,
      0.6328880320558894,
      0.6303548951840772,
      0.6442126560705314,
      0.6229621436002959,
      0.6229620274793298,
      0.6235134305113955,
      0.6303200789683842,
      0.6274681753753998,
      0.622118043621587,
      0.6245739773456297,
      0.6301179409335932,
      0.6299826458019296,
      0.6212427247064719,
      0.6289905468725787,
      0.6295742452762287,
      0.6269927878762774,
      0.6265867905295575
    ],
    "train_auc": [
      0.6101562193098008,
      0.6268318051500664,
      0.6316621315363901,
      0.6339516470146267,
      0.6357017722283813,
      0.6320145587163453,
      0.6366425727267817,
      0.6375306029907589,
      0.635552139985178,
      0.6348065371702192,
      0.6366034882464878,
      0.6358943018333513,
      0.6339959489134654,
      0.6363676610157597,
      0.6363986133342354,
      0.6369546018661583,
      0.636229779555143,
      0.6369769291166231,
      0.639445744275254,
      0.6392662356841547
    ],
    "val_auc": [
      0.6362244197728006,
      0.6379725566126563,
      0.637341135818666,
      0.6396712694264172,
      0.6406720964105723,
      0.6415255515562249,
      0.6421013988612919,
      0.6409079742579796,
      0.6421893331994624,
      0.6419994382700803,
      0.6420096505113503,
      0.6426294960197604,
      0.6422531672196602,
      0.6422890947918304,
      0.6424025479106011,
      0.6420886213676748,
      0.6421485576328656,
      0.6426027553268321,
      0.6427945623113245,
      0.6432818481891691
    ],
    "consistency_metrics": [
      {
        "monotonicity_violation_rate": 0.0,
        "negative_gain_rate": 0.0,
        "bounds_violation_rate": 0.0,
        "mastery_correlation": 0.04567674765986529,
        "gain_correlation": -0.006844542878047262
      },
      {
        "monotonicity_violation_rate": 0.0,
        "negative_gain_rate": 0.0,
        "bounds_violation_rate": 0.0,
        "mastery_correlation": 0.04714399211822286,
        "gain_correlation": -0.010555892624362372
      },
      {
        "monotonicity_violation_rate": 0.0,
        "negative_gain_rate": 0.0,
        "bounds_violation_rate": 0.0,
        "mastery_correlation": 0.05027348527730381,
        "gain_correlation": 0.007107687083321376
      },
      {
        "monotonicity_violation_rate": 0.0,
        "negative_gain_rate": 0.0,
        "bounds_violation_rate": 0.0,
        "mastery_correlation": 0.04567674765986539,
        "gain_correlation": -0.0815101571555569
      },
      {
        "monotonicity_violation_rate": 0.0,
        "negative_gain_rate": 0.0,
        "bounds_violation_rate": 0.0,
        "mastery_correlation": 0.04354403601480094,
        "gain_correlation": 0.047416802984747985
      },
      {
        "monotonicity_violation_rate": 0.0,
        "negative_gain_rate": 0.0,
        "bounds_violation_rate": 0.0,
        "mastery_correlation": 0.020095587224913673,
        "gain_correlation": -0.0851063469995316
      },
      {
        "monotonicity_violation_rate": 0.0,
        "negative_gain_rate": 0.0,
        "bounds_violation_rate": 0.0,
        "mastery_correlation": 0.032898577274981924,
        "gain_correlation": -0.016318424890490058
      },
      {
        "monotonicity_violation_rate": 0.0,
        "negative_gain_rate": 0.0,
        "bounds_violation_rate": 0.0,
        "mastery_correlation": 0.0669543434638745,
        "gain_correlation": -0.04118978108712443
      },
      {
        "monotonicity_violation_rate": 0.0,
        "negative_gain_rate": 0.0,
        "bounds_violation_rate": 0.0,
        "mastery_correlation": 0.045676747659865326,
        "gain_correlation": 0.01098499350744694
      },
      {
        "monotonicity_violation_rate": 0.0,
        "negative_gain_rate": 0.0,
        "bounds_violation_rate": 0.0,
        "mastery_correlation": 0.04567674765986537,
        "gain_correlation": 0.020421014965365924
      },
      {
        "monotonicity_violation_rate": 0.0,
        "negative_gain_rate": 0.0,
        "bounds_violation_rate": 0.0,
        "mastery_correlation": 0.04845310550640553,
        "gain_correlation": -0.021504897452807054
      },
      {
        "monotonicity_violation_rate": 0.0,
        "negative_gain_rate": 0.0,
        "bounds_violation_rate": 0.0,
        "mastery_correlation": 0.045676747659865395,
        "gain_correlation": -0.018828439463837027
      },
      {
        "monotonicity_violation_rate": 0.0,
        "negative_gain_rate": 0.0,
        "bounds_violation_rate": 0.0,
        "mastery_correlation": 0.04347910370271853,
        "gain_correlation": 0.0734191290422055
      },
      {
        "monotonicity_violation_rate": 0.0,
        "negative_gain_rate": 0.0,
        "bounds_violation_rate": 0.0,
        "mastery_correlation": 0.04237524908915137,
        "gain_correlation": 0.013675610569535819
      },
      {
        "monotonicity_violation_rate": 0.0,
        "negative_gain_rate": 0.0,
        "bounds_violation_rate": 0.0,
        "mastery_correlation": 0.04567674765986534,
        "gain_correlation": 0.035876909866282516
      },
      {
        "monotonicity_violation_rate": 0.0,
        "negative_gain_rate": 0.0,
        "bounds_violation_rate": 0.0,
        "mastery_correlation": 0.04567674765986536,
        "gain_correlation": -0.06552862086148055
      },
      {
        "monotonicity_violation_rate": 0.0,
        "negative_gain_rate": 0.0,
        "bounds_violation_rate": 0.0,
        "mastery_correlation": 0.044760680143969195,
        "gain_correlation": 0.02736057087630367
      },
      {
        "monotonicity_violation_rate": 0.0,
        "negative_gain_rate": 0.0,
        "bounds_violation_rate": 0.0,
        "mastery_correlation": 0.04567674765986529,
        "gain_correlation": 0.045304947000425026
      },
      {
        "monotonicity_violation_rate": 0.0,
        "negative_gain_rate": 0.0,
        "bounds_violation_rate": 0.0,
        "mastery_correlation": 0.04567674765986533,
        "gain_correlation": 0.03662344262820169
      },
      {
        "monotonicity_violation_rate": 0.0,
        "negative_gain_rate": 0.0,
        "bounds_violation_rate": 0.0,
        "mastery_correlation": 0.04403770167800533,
        "gain_correlation": -0.013910444881583522
      }
    ]
  },
  "model_config": {
    "num_c": 100,
    "seq_len": 200,
    "d_model": 512,
    "n_heads": 8,
    "num_encoder_blocks": 6,
    "d_ff": 1024,
    "dropout": 0.2,
    "emb_type": "qid",
    "monitor_frequency": 50,
    "non_negative_loss_weight": 0.0,
    "monotonicity_loss_weight": 0.1,
    "mastery_performance_loss_weight": 0.8,
    "gain_performance_loss_weight": 0.8,
    "sparsity_loss_weight": 0.2,
    "consistency_loss_weight": 0.3
  },
  "training_args": {
    "epochs": 20,
    "batch_size": 32,
    "lr": 0.004740333041139793,
    "weight_decay": 0.00013711605676850595,
    "patience": 20,
    "enhanced_constraints": true,
    "monitor_freq": 50,
    "dataset": "assist2015",
    "fold": 0,
    "experiment_suffix": "simple_sweep_run_7",
    "use_wandb": true
  },
  "log_file": "logs/cumulative_mastery_full_simple_sweep_run_7_20251006_105635.log",
  "timestamp": "2025-10-06T11:18:41.776404"
}