{
  "experiment_name": "sweep_run_1",
  "best_val_auc": 0.7247422111044702,
  "final_consistency_metrics": {
    "monotonicity_violation_rate": 0.0,
    "negative_gain_rate": 0.0,
    "bounds_violation_rate": 0.0,
    "mastery_correlation": 0.021817754695754123,
    "gain_correlation": 0.030633359549488655
  },
  "train_history": {
    "train_loss": [
      0.6225674625524541,
      0.576196346700806,
      0.5672223733872482,
      0.5583485813484979,
      0.547108852371727,
      0.5318461367764424,
      0.513338288081061,
      0.4934710537649922,
      0.4758912097547472,
      0.4436579033271554,
      0.4213078049654813,
      0.40123452538067533,
      0.3834546334350232,
      0.36898120592549905,
      0.3601448880028479,
      0.34134054368304223,
      0.3175002646814917,
      0.3000896510082422,
      0.28742262214114983,
      0.27678362441431614,
      0.268993370772637,
      0.26367591167848137,
      0.25046754098430124
    ],
    "train_auc": [
      0.6814056511212336,
      0.7227514519929128,
      0.7354228469393432,
      0.7468352388957284,
      0.7604668161363815,
      0.7783286193591965,
      0.7980996686807755,
      0.8175361355254582,
      0.833612124932881,
      0.860792408029158,
      0.8775568250102737,
      0.8910307544531375,
      0.9018219315999535,
      0.9101380945207438,
      0.9151313201797139,
      0.9254960750107366,
      0.9372246566079327,
      0.9450472832869133,
      0.9504325108589532,
      0.9547510828100696,
      0.9576210505714866,
      0.9598920970985568,
      0.9645217591352888
    ],
    "val_auc": [
      0.7152806392718207,
      0.7239284729123958,
      0.7247422111044702,
      0.7205532845621596,
      0.71070040546652,
      0.698603744354148,
      0.6893023297353347,
      0.6820789589253764,
      0.671173655436221,
      0.6656411893685243,
      0.6546053213082382,
      0.6455479586155315,
      0.6379487897898041,
      0.6366334761682588,
      0.6369158832351516,
      0.6277020056667472,
      0.6191123095359246,
      0.6156555468999533,
      0.6122623320793572,
      0.6074523930420188,
      0.6072602094592704,
      0.612517069642318,
      0.6086733011900194
    ],
    "consistency_metrics": [
      {
        "monotonicity_violation_rate": 0.0,
        "negative_gain_rate": 0.0,
        "bounds_violation_rate": 0.0,
        "mastery_correlation": 0.034878718200838515,
        "gain_correlation": 0.03566595296178378
      },
      {
        "monotonicity_violation_rate": 0.0,
        "negative_gain_rate": 0.0,
        "bounds_violation_rate": 0.0,
        "mastery_correlation": 0.05365516653214796,
        "gain_correlation": 0.05515299962458265
      },
      {
        "monotonicity_violation_rate": 0.0,
        "negative_gain_rate": 0.0,
        "bounds_violation_rate": 0.0,
        "mastery_correlation": 0.04589991655669548,
        "gain_correlation": 0.0830466733977745
      },
      {
        "monotonicity_violation_rate": 0.0,
        "negative_gain_rate": 0.0,
        "bounds_violation_rate": 0.0,
        "mastery_correlation": 0.04289311576605516,
        "gain_correlation": 0.07607493984354972
      },
      {
        "monotonicity_violation_rate": 0.0,
        "negative_gain_rate": 0.0,
        "bounds_violation_rate": 0.0,
        "mastery_correlation": 0.0507466026528635,
        "gain_correlation": 0.09342560192402569
      },
      {
        "monotonicity_violation_rate": 0.0,
        "negative_gain_rate": 0.0,
        "bounds_violation_rate": 0.0,
        "mastery_correlation": 0.04172607372580688,
        "gain_correlation": 0.07523002099614011
      },
      {
        "monotonicity_violation_rate": 0.0,
        "negative_gain_rate": 0.0,
        "bounds_violation_rate": 0.0,
        "mastery_correlation": 0.04811434849220921,
        "gain_correlation": 0.08530588858984532
      },
      {
        "monotonicity_violation_rate": 0.0,
        "negative_gain_rate": 0.0,
        "bounds_violation_rate": 0.0,
        "mastery_correlation": 0.04860658924328412,
        "gain_correlation": 0.07337616836154823
      },
      {
        "monotonicity_violation_rate": 0.0,
        "negative_gain_rate": 0.0,
        "bounds_violation_rate": 0.0,
        "mastery_correlation": 0.046597479772437125,
        "gain_correlation": 0.0922940028284127
      },
      {
        "monotonicity_violation_rate": 0.0,
        "negative_gain_rate": 0.0,
        "bounds_violation_rate": 0.0,
        "mastery_correlation": 0.04886646060801206,
        "gain_correlation": 0.1036685448997267
      },
      {
        "monotonicity_violation_rate": 0.0,
        "negative_gain_rate": 0.0,
        "bounds_violation_rate": 0.0,
        "mastery_correlation": 0.05006274602307273,
        "gain_correlation": 0.09692546726933234
      },
      {
        "monotonicity_violation_rate": 0.0,
        "negative_gain_rate": 0.0,
        "bounds_violation_rate": 0.0,
        "mastery_correlation": 0.047845049608423215,
        "gain_correlation": 0.09263423538062127
      },
      {
        "monotonicity_violation_rate": 0.0,
        "negative_gain_rate": 0.0,
        "bounds_violation_rate": 0.0,
        "mastery_correlation": 0.05830073688416536,
        "gain_correlation": 0.08443307027214816
      },
      {
        "monotonicity_violation_rate": 0.0,
        "negative_gain_rate": 0.0,
        "bounds_violation_rate": 0.0,
        "mastery_correlation": 0.05870831971194905,
        "gain_correlation": 0.09289993799076221
      },
      {
        "monotonicity_violation_rate": 0.0,
        "negative_gain_rate": 0.0,
        "bounds_violation_rate": 0.0,
        "mastery_correlation": 0.0594255733744121,
        "gain_correlation": 0.09544328237001348
      },
      {
        "monotonicity_violation_rate": 0.0,
        "negative_gain_rate": 0.0,
        "bounds_violation_rate": 0.0,
        "mastery_correlation": 0.06114939593846433,
        "gain_correlation": 0.1024582358556107
      },
      {
        "monotonicity_violation_rate": 0.0,
        "negative_gain_rate": 0.0,
        "bounds_violation_rate": 0.0,
        "mastery_correlation": 0.060345162672638245,
        "gain_correlation": 0.09391912474875967
      },
      {
        "monotonicity_violation_rate": 0.0,
        "negative_gain_rate": 0.0,
        "bounds_violation_rate": 0.0,
        "mastery_correlation": 0.053095938603629336,
        "gain_correlation": 0.09803202081094661
      },
      {
        "monotonicity_violation_rate": 0.0,
        "negative_gain_rate": 0.0,
        "bounds_violation_rate": 0.0,
        "mastery_correlation": 0.06113392157975571,
        "gain_correlation": 0.09988433292998301
      },
      {
        "monotonicity_violation_rate": 0.0,
        "negative_gain_rate": 0.0,
        "bounds_violation_rate": 0.0,
        "mastery_correlation": 0.06140869544811983,
        "gain_correlation": 0.10873977689942727
      },
      {
        "monotonicity_violation_rate": 0.0,
        "negative_gain_rate": 0.0,
        "bounds_violation_rate": 0.0,
        "mastery_correlation": 0.0588090494329014,
        "gain_correlation": 0.10016228515372139
      },
      {
        "monotonicity_violation_rate": 0.0,
        "negative_gain_rate": 0.0,
        "bounds_violation_rate": 0.0,
        "mastery_correlation": 0.060689540726802244,
        "gain_correlation": 0.10670825294748416
      },
      {
        "monotonicity_violation_rate": 0.0,
        "negative_gain_rate": 0.0,
        "bounds_violation_rate": 0.0,
        "mastery_correlation": 0.06200547934220792,
        "gain_correlation": 0.1132893823447799
      }
    ]
  },
  "model_config": {
    "num_c": 100,
    "seq_len": 200,
    "d_model": 512,
    "n_heads": 8,
    "num_encoder_blocks": 6,
    "d_ff": 1024,
    "dropout": 0.2,
    "emb_type": "qid",
    "monitor_frequency": 50,
    "non_negative_loss_weight": 0.0,
    "monotonicity_loss_weight": 0.1,
    "mastery_performance_loss_weight": 0.8,
    "gain_performance_loss_weight": 0.8,