{
  "experiment_name": "simple_sweep_run_11",
  "best_val_auc": 0.7206675549163878,
  "final_consistency_metrics": {
    "monotonicity_violation_rate": 0.0,
    "negative_gain_rate": 0.0,
    "bounds_violation_rate": 0.0,
    "mastery_correlation": 0.024522695190410244,
    "gain_correlation": 0.009466102723948237
  },
  "train_history": {
    "train_loss": [
      0.6013744082784406,
      0.5772458984289762,
      0.570795913279983,
      0.56529241607288,
      0.5615931228961352,
      0.5590858040232732,
      0.5572797233731018,
      0.5556673812897094,
      0.5540518704319247,
      0.5526125731400258,
      0.551107761155756,
      0.5443065029815071,
      0.5421840800985771,
      0.5408073381129942,
      0.5397302387909568,
      0.5385600744597034,
      0.5375448547187864,
      0.5329620816547018,
      0.5315486478373177,
      0.5304943448984561
    ],
    "train_auc": [
      0.6927385599639719,
      0.7186802399140586,
      0.7258832701004675,
      0.7306133366798939,
      0.7340320470800104,
      0.7369901480184144,
      0.7394022376258812,
      0.7417720430263354,
      0.7440691319904441,
      0.7457945642749901,
      0.7477628279443611,
      0.7569628985088138,
      0.7595522786718525,
      0.7612092601119556,
      0.7623206809697495,
      0.7636537916804662,
      0.7647337970511168,
      0.7707569509201149,
      0.772341783816052,
      0.7735391258700745
    ],
    "val_auc": [
      0.7136429745378545,
      0.7187348590690755,
      0.7199022220385782,
      0.7205692854314342,
      0.7206675549163878,
      0.7202246576331459,
      0.7199706577495688,
      0.7193604333537071,
      0.718651843168171,
      0.7185502318355121,
      0.717802956708624,
      0.7194903164026827,
      0.7186122503516243,
      0.7179739108885571,
      0.7168300770588998,
      0.7163526654937393,
      0.7154898081994687,
      0.7160681788852653,
      0.715235392801661,
      0.7145979942184754
    ],
    "consistency_metrics": [
      {
        "monotonicity_violation_rate": 0.0,
        "negative_gain_rate": 0.0,
        "bounds_violation_rate": 0.0,
        "mastery_correlation": 0.033454840815154194,
        "gain_correlation": 0.02208051747242076
      },
      {
        "monotonicity_violation_rate": 0.0,
        "negative_gain_rate": 0.0,
        "bounds_violation_rate": 0.0,
        "mastery_correlation": 0.02090410466584021,
        "gain_correlation": 0.03368972175928029
      },
      {
        "monotonicity_violation_rate": 0.0,
        "negative_gain_rate": 0.0,
        "bounds_violation_rate": 0.0,
        "mastery_correlation": 0.03248623479531152,
        "gain_correlation": 0.0750158550340243
      },
      {
        "monotonicity_violation_rate": 0.0,
        "negative_gain_rate": 0.0,
        "bounds_violation_rate": 0.0,
        "mastery_correlation": 0.025894838206298183,
        "gain_correlation": 0.09879037372813444
      },
      {
        "monotonicity_violation_rate": 0.0,
        "negative_gain_rate": 0.0,
        "bounds_violation_rate": 0.0,
        "mastery_correlation": 0.0427629865464294,
        "gain_correlation": 0.10999776576374716
      },
      {
        "monotonicity_violation_rate": 0.0,
        "negative_gain_rate": 0.0,
        "bounds_violation_rate": 0.0,
        "mastery_correlation": 0.05434150696013812,
        "gain_correlation": 0.126894780700316
      },
      {
        "monotonicity_violation_rate": 0.0,
        "negative_gain_rate": 0.0,
        "bounds_violation_rate": 0.0,
        "mastery_correlation": 0.05909974724659632,
        "gain_correlation": 0.11922579556325112
      },
      {
        "monotonicity_violation_rate": 0.0,
        "negative_gain_rate": 0.0,
        "bounds_violation_rate": 0.0,
        "mastery_correlation": 0.05973192515778542,
        "gain_correlation": 0.11108066826620076
      },
      {
        "monotonicity_violation_rate": 0.0,
        "negative_gain_rate": 0.0,
        "bounds_violation_rate": 0.0,
        "mastery_correlation": 0.06330929030027452,
        "gain_correlation": 0.11123036254420199
      },
      {
        "monotonicity_violation_rate": 0.0,
        "negative_gain_rate": 0.0,
        "bounds_violation_rate": 0.0,
        "mastery_correlation": 0.06496360915704497,
        "gain_correlation": 0.10843929811473765
      },
      {
        "monotonicity_violation_rate": 0.0,
        "negative_gain_rate": 0.0,
        "bounds_violation_rate": 0.0,
        "mastery_correlation": 0.05328487818934103,
        "gain_correlation": 0.10518865626927967
      },
      {
        "monotonicity_violation_rate": 0.0,
        "negative_gain_rate": 0.0,
        "bounds_violation_rate": 0.0,
        "mastery_correlation": 0.05952934634465567,
        "gain_correlation": 0.10341910578421011
      },
      {
        "monotonicity_violation_rate": 0.0,
        "negative_gain_rate": 0.0,
        "bounds_violation_rate": 0.0,
        "mastery_correlation": 0.06436295762953066,
        "gain_correlation": 0.11563088684589683
      },
      {
        "monotonicity_violation_rate": 0.0,
        "negative_gain_rate": 0.0,
        "bounds_violation_rate": 0.0,
        "mastery_correlation": 0.06414996637246263,
        "gain_correlation": 0.10944791028567268
      },
      {
        "monotonicity_violation_rate": 0.0,
        "negative_gain_rate": 0.0,
        "bounds_violation_rate": 0.0,
        "mastery_correlation": 0.057615118334160054,
        "gain_correlation": 0.11286733976037328
      },
      {
        "monotonicity_violation_rate": 0.0,
        "negative_gain_rate": 0.0,
        "bounds_violation_rate": 0.0,
        "mastery_correlation": 0.06374460118870416,
        "gain_correlation": 0.11780177140361094
      },
      {
        "monotonicity_violation_rate": 0.0,
        "negative_gain_rate": 0.0,
        "bounds_violation_rate": 0.0,
        "mastery_correlation": 0.05872197752693057,
        "gain_correlation": 0.10773332711480023
      },
      {
        "monotonicity_violation_rate": 0.0,
        "negative_gain_rate": 0.0,
        "bounds_violation_rate": 0.0,
        "mastery_correlation": 0.06561540517919338,
        "gain_correlation": 0.10979859547321566
      },
      {
        "monotonicity_violation_rate": 0.0,
        "negative_gain_rate": 0.0,
        "bounds_violation_rate": 0.0,
        "mastery_correlation": 0.0676854327171618,
        "gain_correlation": 0.10234051692019012
      },
      {
        "monotonicity_violation_rate": 0.0,
        "negative_gain_rate": 0.0,
        "bounds_violation_rate": 0.0,
        "mastery_correlation": 0.06428738381568756,
        "gain_correlation": 0.10694701090564229
      }
    ]
  },
  "model_config": {
    "num_c": 100,
    "seq_len": 200,
    "d_model": 512,
    "n_heads": 8,
    "num_encoder_blocks": 6,
    "d_ff": 1024,
    "dropout": 0.2,
    "emb_type": "qid",
    "monitor_frequency": 50,
    "non_negative_loss_weight": 0.0,
    "monotonicity_loss_weight": 0.1,
    "mastery_performance_loss_weight": 0.8,
    "gain_performance_loss_weight": 0.8,
    "sparsity_loss_weight": 0.2,
    "consistency_loss_weight": 0.3
  },
  "training_args": {
    "epochs": 20,
    "batch_size": 32,
    "lr": 0.0003260168221073444,
    "weight_decay": 0.00014199327270365058,
    "patience": 15,
    "enhanced_constraints": true,
    "monitor_freq": 50,
    "dataset": "assist2015",
    "fold": 0,
    "experiment_suffix": "simple_sweep_run_11",
    "use_wandb": true
  },
  "log_file": "logs/cumulative_mastery_full_simple_sweep_run_11_20251006_105634.log",
  "timestamp": "2025-10-06T11:18:27.933869"
}