{
  "experiment_name": "sweep_run_1",
  "best_val_auc": 0.7218117365267762,
  "final_consistency_metrics": {
    "monotonicity_violation_rate": 0.0,
    "negative_gain_rate": 0.0,
    "bounds_violation_rate": 0.0,
    "mastery_correlation": 0.005950387419579199,
    "gain_correlation": -0.01999579454555104
  },
  "train_history": {
    "train_loss": [
      0.6033678674018444,
      0.5786898637991496,
      0.5725711566333326,
      0.5695586710241792,
      0.5684936113771379,
      0.5675568934240489,
      0.5663416522308953,
      0.5654603539353208,
      0.564962917504533,
      0.5643339939994515,
      0.5641978260303409,
      0.5639795745129412,
      0.5636178949953978,
      0.5584699011219598,
      0.5569907593603579,
      0.5561648777883905,
      0.5555065933595668,
      0.5547951779526132,
      0.5539969166480198,
      0.5535040698520878
    ],
    "train_auc": [
      0.686945568531699,
      0.715308360400927,
      0.7209566442625719,
      0.7236797626881651,
      0.7252483010571893,
      0.7267815712993579,
      0.7283436578249611,
      0.7294081432416222,
      0.7298443628513104,
      0.7305186443108295,
      0.7303946566964539,
      0.7305236241537832,
      0.7307030172808586,
      0.7380967673313856,
      0.7400047098058964,
      0.7410357522345796,
      0.7416416789638227,
      0.742508505807407,
      0.7435911579166437,
      0.7439976795471356
    ],
    "val_auc": [
      0.7122369354653593,
      0.7171844909931712,
      0.7182684727934804,
      0.7196912745523898,
      0.7194243267330807,
      0.7204139235030471,
      0.7213586715832222,
      0.7208546860726937,
      0.7211385044594086,
      0.7207536124208676,
      0.7198302513778336,
      0.7193359468316365,
      0.7184727075204297,
      0.7218117365267762,
      0.7212460285571033,
      0.7205339603179526,
      0.7200077057569696,
      0.7192226481452442,
      0.7185305420767123,
      0.7186138722610538
    ],
    "consistency_metrics": [
      {
        "monotonicity_violation_rate": 0.0,
        "negative_gain_rate": 0.0,
        "bounds_violation_rate": 0.0,
        "mastery_correlation": 0.030223025532219176,
        "gain_correlation": 0.033357260274192536
      },
      {
        "monotonicity_violation_rate": 0.0,
        "negative_gain_rate": 0.0,
        "bounds_violation_rate": 0.0,
        "mastery_correlation": 0.016248975689884402,
        "gain_correlation": 0.04612244067144676
      },
      {
        "monotonicity_violation_rate": 0.0,
        "negative_gain_rate": 0.0,
        "bounds_violation_rate": 0.0,
        "mastery_correlation": 0.015301420464638765,
        "gain_correlation": 0.06857445350370385
      },
      {
        "monotonicity_violation_rate": 0.0,
        "negative_gain_rate": 0.0,
        "bounds_violation_rate": 0.0,
        "mastery_correlation": 0.01945773283006843,
        "gain_correlation": 0.06070697683303087
      },
      {
        "monotonicity_violation_rate": 0.0,
        "negative_gain_rate": 0.0,
        "bounds_violation_rate": 0.0,
        "mastery_correlation": 0.03872062282317988,
        "gain_correlation": 0.06843500065356982
      },
      {
        "monotonicity_violation_rate": 0.0,
        "negative_gain_rate": 0.0,
        "bounds_violation_rate": 0.0,
        "mastery_correlation": 0.033649618228191895,
        "gain_correlation": 0.06057469465172028
      },
      {
        "monotonicity_violation_rate": 0.0,
        "negative_gain_rate": 0.0,
        "bounds_violation_rate": 0.0,
        "mastery_correlation": 0.023972037540352605,
        "gain_correlation": 0.05344127363067489
      },
      {
        "monotonicity_violation_rate": 0.0,
        "negative_gain_rate": 0.0,
        "bounds_violation_rate": 0.0,
        "mastery_correlation": 0.017329186710118027,
        "gain_correlation": 0.04815116118964406
      },
      {
        "monotonicity_violation_rate": 0.0,
        "negative_gain_rate": 0.0,
        "bounds_violation_rate": 0.0,
        "mastery_correlation": -0.000115669323693191,
        "gain_correlation": 0.04790153773337361
      },
      {
        "monotonicity_violation_rate": 0.0,
        "negative_gain_rate": 0.0,
        "bounds_violation_rate": 0.0,
        "mastery_correlation": 0.003663336115730172,
        "gain_correlation": 0.05116552759801073
      },
      {
        "monotonicity_violation_rate": 0.0,
        "negative_gain_rate": 0.0,
        "bounds_violation_rate": 0.0,
        "mastery_correlation": 0.003936561272810345,
        "gain_correlation": 0.05579687062048363
      },
      {
        "monotonicity_violation_rate": 0.0,
        "negative_gain_rate": 0.0,
        "bounds_violation_rate": 0.0,
        "mastery_correlation": 0.011745962174219462,
        "gain_correlation": 0.06148340159525458
      },
      {
        "monotonicity_violation_rate": 0.0,
        "negative_gain_rate": 0.0,
        "bounds_violation_rate": 0.0,
        "mastery_correlation": 0.013629674486968151,
        "gain_correlation": 0.05097030297875825
      },
      {
        "monotonicity_violation_rate": 0.0,
        "negative_gain_rate": 0.0,
        "bounds_violation_rate": 0.0,
        "mastery_correlation": 0.025602659553945854,
        "gain_correlation": 0.058957481633392955
      },
      {
        "monotonicity_violation_rate": 0.0,
        "negative_gain_rate": 0.0,
        "bounds_violation_rate": 0.0,
        "mastery_correlation": 0.01497379026069052,
        "gain_correlation": 0.05899465480027546
      },
      {
        "monotonicity_violation_rate": 0.0,
        "negative_gain_rate": 0.0,
        "bounds_violation_rate": 0.0,
        "mastery_correlation": 0.02110540865198033,
        "gain_correlation": 0.056296952249706954
      },
      {
        "monotonicity_violation_rate": 0.0,
        "negative_gain_rate": 0.0,
        "bounds_violation_rate": 0.0,
        "mastery_correlation": 0.018308957839693548,
        "gain_correlation": 0.060159836585110135
      },
      {
        "monotonicity_violation_rate": 0.0,
        "negative_gain_rate": 0.0,
        "bounds_violation_rate": 0.0,
        "mastery_correlation": 0.003995197708710815,
        "gain_correlation": 0.04963420887373287
      },
      {
        "monotonicity_violation_rate": 0.0,
        "negative_gain_rate": 0.0,
        "bounds_violation_rate": 0.0,
        "mastery_correlation": 0.01666478713877846,
        "gain_correlation": 0.04722388401230753
      },
      {
        "monotonicity_violation_rate": 0.0,
        "negative_gain_rate": 0.0,
        "bounds_violation_rate": 0.0,
        "mastery_correlation": 0.026092913349801482,
        "gain_correlation": 0.05016438352508891
      }
    ]
  },
  "model_config": {
    "num_c": 100,
    "seq_len": 200,
    "d_model": 512,
    "n_heads": 8,
    "num_encoder_blocks": 6,
    "d_ff": 1024,
    "dropout": 0.2,
    "emb_type": "qid",
    "monitor_frequency": 50,
    "non_negative_loss_weight": 0.0,
    "monotonicity_loss_weight": 0.1,
    "mastery_performance_loss_weight": 0.8,
    "gain_performance_loss_weight": 0.8,
    "sparsity_loss_weight": 0.2,
    "consistency_loss_weight": 0.3
  },
  "training_args": {
    "epochs": 20,
    "batch_size": 32,
    "lr": 0.0005384356563714937,
    "weight_decay": 0.00015514629810311248,
    "patience": 15,
    "enhanced_constraints": true,
    "monitor_freq": 50,
    "dataset": "assist2015",
    "fold": 0,
    "experiment_suffix": "sweep_run_1",
    "use_wandb": true
  },
  "log_file": "logs/cumulative_mastery_full_sweep_run_1_20251006_183637.log",
  "timestamp": "2025-10-06T19:04:24.088389"
}