{
  "experiment_name": "sweep_run_16",
  "best_val_auc": 0.7140261769334667,
  "final_consistency_metrics": {
    "monotonicity_violation_rate": 0.0,
    "negative_gain_rate": 0.0,
    "bounds_violation_rate": 0.0,
    "mastery_correlation": -0.012575954937136225,
    "gain_correlation": -0.020352223862468193
  },
  "train_history": {
    "train_loss": [
      0.8150286588026452,
      0.6344326116878134,
      0.6360456872480521,
      0.628792368686261,
      0.6174422635315614,
      0.6097223999586747,
      0.5944038190989914,
      0.5901861221679134,
      0.5879402979050276,
      0.5868635245555424,
      0.5869108679381059,
      0.5853706345039328,
      0.5847701763859685,
      0.5843934617511967,
      0.5841489412623984,
      0.5837690218742647,
      0.5835784945463269,
      0.5829684434777097,
      0.5828455464209917,
      0.5841398798122307
    ],
    "train_auc": [
      0.6143508847155248,
      0.6332986253032014,
      0.6341836571580051,
      0.6351169349233301,
      0.6431215065252402,
      0.6598904411686002,
      0.6918266313004545,
      0.6997091419465733,
      0.7034369587403362,
      0.7051379427139919,
      0.7047775992550822,
      0.7070063738681562,
      0.7079878891887036,
      0.7086026453802851,
      0.7089321568398489,
      0.7095673619344406,
      0.7103389907722271,
      0.7110872317587674,
      0.7113049394789555,
      0.7093746103071558
    ],
    "val_auc": [
      0.6386741190166056,
      0.6401286478855122,
      0.6400947690669689,
      0.6459618765521162,
      0.6517579604139913,
      0.6857372957164434,
      0.701301986378217,
      0.7060731914597801,
      0.7075066731905603,
      0.7090784884016924,
      0.7095888928312248,
      0.7102603941229568,
      0.71056206533597,
      0.7116145796303122,
      0.7120707859304133,
      0.7131856372114663,
      0.7137467801895878,
      0.7140261769334667,
      0.7138527823771286,
      0.7139615680420365
    ],
    "consistency_metrics": [
      {
        "monotonicity_violation_rate": 0.0,
        "negative_gain_rate": 0.0,
        "bounds_violation_rate": 0.0,
        "mastery_correlation": 0.04567674765986539,
        "gain_correlation": -0.05979738068510593
      },
      {
        "monotonicity_violation_rate": 0.0,
        "negative_gain_rate": 0.0,
        "bounds_violation_rate": 0.0,
        "mastery_correlation": 0.045676747659865326,
        "gain_correlation": 0.03577176134298265
      },
      {
        "monotonicity_violation_rate": 0.0,
        "negative_gain_rate": 0.0,
        "bounds_violation_rate": 0.0,
        "mastery_correlation": 0.04567674765986531,
        "gain_correlation": -0.08283709733928099
      },
      {
        "monotonicity_violation_rate": 0.0,
        "negative_gain_rate": 0.0,
        "bounds_violation_rate": 0.0,
        "mastery_correlation": 0.021236929043136742,
        "gain_correlation": -0.07930584736449647
      },
      {
        "monotonicity_violation_rate": 0.0,
        "negative_gain_rate": 0.0,
        "bounds_violation_rate": 0.0,
        "mastery_correlation": -0.06605286486238596,
        "gain_correlation": 0.026346874888304353
      },
      {
        "monotonicity_violation_rate": 0.0,
        "negative_gain_rate": 0.0,
        "bounds_violation_rate": 0.0,
        "mastery_correlation": -0.016429035572111193,
        "gain_correlation": 0.042188938150484474
      },
      {
        "monotonicity_violation_rate": 0.0,
        "negative_gain_rate": 0.0,
        "bounds_violation_rate": 0.0,
        "mastery_correlation": -0.002962322645621941,
        "gain_correlation": 0.1078147663151051
      },
      {
        "monotonicity_violation_rate": 0.0,
        "negative_gain_rate": 0.0,
        "bounds_violation_rate": 0.0,
        "mastery_correlation": -0.010723861497886504,
        "gain_correlation": 0.06738780493325122
      },
      {
        "monotonicity_violation_rate": 0.0,
        "negative_gain_rate": 0.0,
        "bounds_violation_rate": 0.0,
        "mastery_correlation": -0.004231323253195337,
        "gain_correlation": 0.0244219727007768
      },
      {
        "monotonicity_violation_rate": 0.0,
        "negative_gain_rate": 0.0,
        "bounds_violation_rate": 0.0,
        "mastery_correlation": -0.0060471107048452166,
        "gain_correlation": 0.01930432270734851
      },
      {
        "monotonicity_violation_rate": 0.0,
        "negative_gain_rate": 0.0,
        "bounds_violation_rate": 0.0,
        "mastery_correlation": -0.0021537932733807557,
        "gain_correlation": -0.0002670945706852883
      },
      {
        "monotonicity_violation_rate": 0.0,
        "negative_gain_rate": 0.0,
        "bounds_violation_rate": 0.0,
        "mastery_correlation": -0.0003293177106905483,
        "gain_correlation": 0.01784463980122484
      },
      {
        "monotonicity_violation_rate": 0.0,
        "negative_gain_rate": 0.0,
        "bounds_violation_rate": 0.0,
        "mastery_correlation": -0.012230913895877694,
        "gain_correlation": -0.009397453082186388
      },
      {
        "monotonicity_violation_rate": 0.0,
        "negative_gain_rate": 0.0,
        "bounds_violation_rate": 0.0,
        "mastery_correlation": -0.0031835792061279075,
        "gain_correlation": -0.03832593303476804
      },
      {
        "monotonicity_violation_rate": 0.0,
        "negative_gain_rate": 0.0,
        "bounds_violation_rate": 0.0,
        "mastery_correlation": 0.0007983283004419303,
        "gain_correlation": -0.018573219204694624
      },
      {
        "monotonicity_violation_rate": 0.0,
        "negative_gain_rate": 0.0,
        "bounds_violation_rate": 0.0,
        "mastery_correlation": -0.004472573209017083,
        "gain_correlation": -0.009573777975806299
      },
      {
        "monotonicity_violation_rate": 0.0,
        "negative_gain_rate": 0.0,
        "bounds_violation_rate": 0.0,
        "mastery_correlation": -0.01959066396429526,
        "gain_correlation": 0.007766419668148939
      },
      {
        "monotonicity_violation_rate": 0.0,
        "negative_gain_rate": 0.0,
        "bounds_violation_rate": 0.0,
        "mastery_correlation": -0.006725628417878321,
        "gain_correlation": -0.0026334233766071745
      },
      {
        "monotonicity_violation_rate": 0.0,
        "negative_gain_rate": 0.0,
        "bounds_violation_rate": 0.0,
        "mastery_correlation": 0.0003848961757065849,
        "gain_correlation": -0.022356654258579745
      },
      {
        "monotonicity_violation_rate": 0.0,
        "negative_gain_rate": 0.0,
        "bounds_violation_rate": 0.0,
        "mastery_correlation": -0.013314942933732898,
        "gain_correlation": -0.007760844688180269
      }
    ]
  },
  "model_config": {
    "num_c": 100,
    "seq_len": 200,
    "d_model": 512,
    "n_heads": 8,
    "num_encoder_blocks": 6,
    "d_ff": 1024,
    "dropout": 0.2,
    "emb_type": "qid",
    "monitor_frequency": 50,
    "non_negative_loss_weight": 0.0,
    "monotonicity_loss_weight": 0.1,
    "mastery_performance_loss_weight": 0.8,
    "gain_performance_loss_weight": 0.8,
    "sparsity_loss_weight": 0.2,
    "consistency_loss_weight": 0.3
  },
  "training_args": {
    "epochs": 20,
    "batch_size": 64,
    "lr": 0.002667316908337096,
    "weight_decay": 0.00017055192878677515,
    "patience": 20,
    "enhanced_constraints": true,
    "monitor_freq": 50,
    "dataset": "assist2015",
    "fold": 0,
    "experiment_suffix": "sweep_run_16",
    "use_wandb": true
  },
  "log_file": "logs/cumulative_mastery_full_sweep_run_16_20251006_163416.log",
  "timestamp": "2025-10-06T17:06:52.106827"
}