{
  "experiment_name": "simple_sweep_run_3",
  "best_val_auc": 0.7212057882083032,
  "final_consistency_metrics": {
    "monotonicity_violation_rate": 0.0,
    "negative_gain_rate": 0.0,
    "bounds_violation_rate": 0.0,
    "mastery_correlation": 0.014288363548072263,
    "gain_correlation": 0.017019275251431893
  },
  "train_history": {
    "train_loss": [
      0.6122173855341778,
      0.5815618547750878,
      0.5777457980294302,
      0.5761601319584821,
      0.575933043512038,
      0.5761472063978719,
      0.5766762099735477,
      0.5770296253688595,
      0.5772773802589258,
      0.5771092448209851,
      0.5767278513760147,
      0.5765421458476566,
      0.5761309741692222,
      0.5758296204972143,
      0.5756200300288324,
      0.5755639502421562,
      0.5755784622745811,
      0.5756557528219075,
      0.5756533402235396,
      0.5723550540486766
    ],
    "train_auc": [
      0.6833752232699641,
      0.7120154681031489,
      0.7156077621569942,
      0.7174830652059511,
      0.7185522991564489,
      0.7194456365455273,
      0.7196577125259529,
      0.7197863148623563,
      0.7198158235206368,
      0.7202432854783952,
      0.7210554633025777,
      0.7214343359216168,
      0.7220249302394623,
      0.7226627599706154,
      0.7229334661716746,
      0.7229796889989435,
      0.7230804332579385,
      0.7228731138984892,
      0.7228987480549656,
      0.7281533094188112
    ],
    "val_auc": [
      0.7106753918546728,
      0.7147134490468791,
      0.7168165663193643,
      0.7182459889662572,
      0.7184684969598076,
      0.7189340807781635,
      0.7192266562442791,
      0.7194390056907519,
      0.7196494423432036,
      0.7195559282425101,
      0.7201174909220238,
      0.7200822825564648,
      0.7204472269563013,
      0.7198235341851291,
      0.7202055011217134,
      0.7200111670619372,
      0.719725661987937,
      0.7197369697877707,
      0.7197691574855634,
      0.7212057882083032
    ],
    "consistency_metrics": [
      {
        "monotonicity_violation_rate": 0.0,
        "negative_gain_rate": 0.0,
        "bounds_violation_rate": 0.0,
        "mastery_correlation": 0.024436552510558956,
        "gain_correlation": 0.023761892253223428
      },
      {
        "monotonicity_violation_rate": 0.0,
        "negative_gain_rate": 0.0,
        "bounds_violation_rate": 0.0,
        "mastery_correlation": -0.001589912529381847,
        "gain_correlation": 0.040034273855951055
      },
      {
        "monotonicity_violation_rate": 0.0,
        "negative_gain_rate": 0.0,
        "bounds_violation_rate": 0.0,
        "mastery_correlation": 0.015472455750643538,
        "gain_correlation": 0.05584837981409883
      },
      {
        "monotonicity_violation_rate": 0.0,
        "negative_gain_rate": 0.0,
        "bounds_violation_rate": 0.0,
        "mastery_correlation": 0.021800088066927435,
        "gain_correlation": 0.04424821016791431
      },
      {
        "monotonicity_violation_rate": 0.0,
        "negative_gain_rate": 0.0,
        "bounds_violation_rate": 0.0,
        "mastery_correlation": 0.01641554581018789,
        "gain_correlation": 0.037376075437226874
      },
      {
        "monotonicity_violation_rate": 0.0,
        "negative_gain_rate": 0.0,
        "bounds_violation_rate": 0.0,
        "mastery_correlation": 0.018556210940963075,
        "gain_correlation": 0.04751784913362926
      },
      {
        "monotonicity_violation_rate": 0.0,
        "negative_gain_rate": 0.0,
        "bounds_violation_rate": 0.0,
        "mastery_correlation": 0.04440523753529421,
        "gain_correlation": 0.07316990237943856
      },
      {
        "monotonicity_violation_rate": 0.0,
        "negative_gain_rate": 0.0,
        "bounds_violation_rate": 0.0,
        "mastery_correlation": 0.04407664766866017,
        "gain_correlation": 0.07026337475950208
      },
      {
        "monotonicity_violation_rate": 0.0,
        "negative_gain_rate": 0.0,
        "bounds_violation_rate": 0.0,
        "mastery_correlation": 0.039738002192696215,
        "gain_correlation": 0.07100664257034178
      },
      {
        "monotonicity_violation_rate": 0.0,
        "negative_gain_rate": 0.0,
        "bounds_violation_rate": 0.0,
        "mastery_correlation": 0.052194883519483974,
        "gain_correlation": 0.07635550999217422
      },
      {
        "monotonicity_violation_rate": 0.0,
        "negative_gain_rate": 0.0,
        "bounds_violation_rate": 0.0,
        "mastery_correlation": 0.04214075352938316,
        "gain_correlation": 0.06354367958748912
      },
      {
        "monotonicity_violation_rate": 0.0,
        "negative_gain_rate": 0.0,
        "bounds_violation_rate": 0.0,
        "mastery_correlation": 0.05130722883369604,
        "gain_correlation": 0.1004429669744851
      },
      {
        "monotonicity_violation_rate": 0.0,
        "negative_gain_rate": 0.0,
        "bounds_violation_rate": 0.0,
        "mastery_correlation": 0.04684835837060419,
        "gain_correlation": 0.08472740964346663
      },
      {
        "monotonicity_violation_rate": 0.0,
        "negative_gain_rate": 0.0,
        "bounds_violation_rate": 0.0,
        "mastery_correlation": 0.054807231004920125,
        "gain_correlation": 0.0883409248459347
      },
      {
        "monotonicity_violation_rate": 0.0,
        "negative_gain_rate": 0.0,
        "bounds_violation_rate": 0.0,
        "mastery_correlation": 0.044197485345413255,
        "gain_correlation": 0.08539055324752017
      },
      {
        "monotonicity_violation_rate": 0.0,
        "negative_gain_rate": 0.0,
        "bounds_violation_rate": 0.0,
        "mastery_correlation": 0.05223792360066745,
        "gain_correlation": 0.10554684188110429
      },
      {
        "monotonicity_violation_rate": 0.0,
        "negative_gain_rate": 0.0,
        "bounds_violation_rate": 0.0,
        "mastery_correlation": 0.040858275229284285,
        "gain_correlation": 0.10100586643701047
      },
      {
        "monotonicity_violation_rate": 0.0,
        "negative_gain_rate": 0.0,
        "bounds_violation_rate": 0.0,
        "mastery_correlation": 0.053603943577627225,
        "gain_correlation": 0.07702840360636602
      },
      {
        "monotonicity_violation_rate": 0.0,
        "negative_gain_rate": 0.0,
        "bounds_violation_rate": 0.0,
        "mastery_correlation": 0.039671800714883715,
        "gain_correlation": 0.08573803680005404
      },
      {
        "monotonicity_violation_rate": 0.0,
        "negative_gain_rate": 0.0,
        "bounds_violation_rate": 0.0,
        "mastery_correlation": 0.037594635696887486,
        "gain_correlation": 0.08379282867229565
      }
    ]
  },
  "model_config": {
    "num_c": 100,
    "seq_len": 200,
    "d_model": 512,
    "n_heads": 8,
    "num_encoder_blocks": 6,
    "d_ff": 1024,
    "dropout": 0.2,
    "emb_type": "qid",
    "monitor_frequency": 50,
    "non_negative_loss_weight": 0.0,
    "monotonicity_loss_weight": 0.1,
    "mastery_performance_loss_weight": 0.8,
    "gain_performance_loss_weight": 0.8,
    "sparsity_loss_weight": 0.2,
    "consistency_loss_weight": 0.3
  },
  "training_args": {
    "epochs": 20,
    "batch_size": 64,
    "lr": 0.0007822590213846329,
    "weight_decay": 0.00039634833554631516,
    "patience": 20,
    "enhanced_constraints": true,
    "monitor_freq": 50,
    "dataset": "assist2015",
    "fold": 0,
    "experiment_suffix": "simple_sweep_run_3",
    "use_wandb": true
  },
  "log_file": "logs/cumulative_mastery_full_simple_sweep_run_3_20251006_105635.log",
  "timestamp": "2025-10-06T11:26:23.398047"
}