{
  "experiment_name": "sweep_run_16",
  "best_val_auc": 0.7049709287574571,
  "final_consistency_metrics": {
    "monotonicity_violation_rate": 0.0,
    "negative_gain_rate": 0.0,
    "bounds_violation_rate": 0.0,
    "mastery_correlation": 0.011945641041008712,
    "gain_correlation": -0.01000919730824545
  },
  "train_history": {
    "train_loss": [
      0.7846427349846598,
      0.6383613863757237,
      0.6342565692150531,
      0.6276038621064912,
      0.6219370118076937,
      0.6203343185736108,
      0.6131369794279801,
      0.5989747872778789,
      0.5943490784866204,
      0.5926279732909228,
      0.5915233499799986,
      0.6214901295350623,
      0.6291547618381718,
      0.6271836320662127,
      0.6263591577660852,
      0.62804312594814,
      0.6238115919377519,
      0.6233736026472378,
      0.6228710397537508,
      0.6221853806564845,
      0.6232746615619857,
      0.6223650851089102,
      0.6213851351812096,
      0.6205922394527672,
      0.6205316369706485,
      0.620418187713376,
      0.6201659663353559,
      0.620227599545464,
      0.61909862163771,
      0.618642244623115
    ],
    "train_auc": [
      0.6051499750503992,
      0.6283602034060309,
      0.6304253906762857,
      0.6337460176132189,
      0.6359535644315729,
      0.6371825312503995,
      0.6560126139414397,
      0.6862989991576729,
      0.6944077418485363,
      0.6961789230511728,
      0.6976738302479621,
      0.6500142085813259,
      0.6349484145526367,
      0.6358477995693137,
      0.6367717313539194,
      0.6362214913948097,
      0.6398776865363432,
      0.63915180551578,
      0.6393725964119095,
      0.6395534044354987,
      0.6394286948216611,
      0.6391973562072216,
      0.6402764386983897,
      0.6406320593809303,
      0.6403498338616518,
      0.640425469261261,
      0.6400660599727789,
      0.6404950063369299,
      0.6420178263439825,
      0.6420848991568464
    ],
    "val_auc": [
      0.6380387189411058,
      0.6373343400551024,
      0.6381975104012916,
      0.6393226842676425,
      0.6398915333475589,
      0.641792384351737,
      0.6911586113580428,
      0.6993396545387595,
      0.7034882700431269,
      0.7049709287574571,
      0.7049661822401276,
      0.642770050666283,
      0.6430305059218019,
      0.6422687648898859,
      0.6429035184183468,
      0.643164394606776,
      0.6434102071112578,
      0.6434774477570164,
      0.6432095809788492,
      0.643496378161713,
      0.6433608084544373,
      0.6428638992473112,
      0.6429693773007192,
      0.6429372556123005,
      0.6431442797279041,
      0.6431585222355359,
      0.643477219433548,
      0.6437737101422285,
      0.6431538619244784,
      0.6425667090363103
    ],
    "consistency_metrics": [
      {
        "monotonicity_violation_rate": 0.0,
        "negative_gain_rate": 0.0,
        "bounds_violation_rate": 0.0,
        "mastery_correlation": 0.04567674765986531,
        "gain_correlation": -0.025179054770240912
      },
      {
        "monotonicity_violation_rate": 0.0,
        "negative_gain_rate": 0.0,
        "bounds_violation_rate": 0.0,
        "mastery_correlation": 0.045676747659865374,
        "gain_correlation": 0.06465203994112054
      },
      {
        "monotonicity_violation_rate": 0.0,
        "negative_gain_rate": 0.0,
        "bounds_violation_rate": 0.0,
        "mastery_correlation": 0.020287579860837717,
        "gain_correlation": -0.010796570182180696
      },
      {
        "monotonicity_violation_rate": 0.0,
        "negative_gain_rate": 0.0,
        "bounds_violation_rate": 0.0,
        "mastery_correlation": 0.03738440563708371,
        "gain_correlation": -0.09975587501206946
      },
      {
        "monotonicity_violation_rate": 0.0,
        "negative_gain_rate": 0.0,
        "bounds_violation_rate": 0.0,
        "mastery_correlation": 0.021399530546365307,
        "gain_correlation": -0.04575490911282878
      },
      {
        "monotonicity_violation_rate": 0.0,
        "negative_gain_rate": 0.0,
        "bounds_violation_rate": 0.0,
        "mastery_correlation": 0.030791002152346578,
        "gain_correlation": 0.0011158118839233564
      },
      {
        "monotonicity_violation_rate": 0.0,
        "negative_gain_rate": 0.0,
        "bounds_violation_rate": 0.0,
        "mastery_correlation": 0.04197112034323612,
        "gain_correlation": 0.10294834268061424
      },
      {
        "monotonicity_violation_rate": 0.0,
        "negative_gain_rate": 0.0,
        "bounds_violation_rate": 0.0,
        "mastery_correlation": 0.014392813832594789,
        "gain_correlation": 0.10184135672383506
      },
      {
        "monotonicity_violation_rate": 0.0,
        "negative_gain_rate": 0.0,
        "bounds_violation_rate": 0.0,
        "mastery_correlation": 0.01934193630780357,
        "gain_correlation": 0.11594396392593241
      },
      {
        "monotonicity_violation_rate": 0.0,
        "negative_gain_rate": 0.0,
        "bounds_violation_rate": 0.0,
        "mastery_correlation": 0.009001448769147685,
        "gain_correlation": 0.07523034675527858
      },
      {
        "monotonicity_violation_rate": 0.0,
        "negative_gain_rate": 0.0,
        "bounds_violation_rate": 0.0,
        "mastery_correlation": 0.012716993471490901,
        "gain_correlation": 0.08443628049005962
      },
      {
        "monotonicity_violation_rate": 0.0,
        "negative_gain_rate": 0.0,
        "bounds_violation_rate": 0.0,
        "mastery_correlation": 0.051191975057214345,
        "gain_correlation": 0.01275564285654047
      },
      {
        "monotonicity_violation_rate": 0.0,
        "negative_gain_rate": 0.0,
        "bounds_violation_rate": 0.0,
        "mastery_correlation": 0.045676747659865374,
        "gain_correlation": 0.0583958799223957
      },
      {
        "monotonicity_violation_rate": 0.0,
        "negative_gain_rate": 0.0,
        "bounds_violation_rate": 0.0,
        "mastery_correlation": 0.04567674765986529,
        "gain_correlation": -0.01220612594217752
      },
      {
        "monotonicity_violation_rate": 0.0,
        "negative_gain_rate": 0.0,
        "bounds_violation_rate": 0.0,
        "mastery_correlation": 0.0456767476598654,
        "gain_correlation": -0.07182816667792091
      },
      {
        "monotonicity_violation_rate": 0.0,
        "negative_gain_rate": 0.0,
        "bounds_violation_rate": 0.0,
        "mastery_correlation": 0.045676747659865326,
        "gain_correlation": -0.020355995249751947
      },
      {
        "monotonicity_violation_rate": 0.0,
        "negative_gain_rate": 0.0,
        "bounds_violation_rate": 0.0,
        "mastery_correlation": 0.04567674765986529,
        "gain_correlation": -0.030816271099230737
      },
      {
        "monotonicity_violation_rate": 0.0,
        "negative_gain_rate": 0.0,
        "bounds_violation_rate": 0.0,
        "mastery_correlation": 0.045560783144550816,
        "gain_correlation": 0.03711381066697795
      },
      {
        "monotonicity_violation_rate": 0.0,
        "negative_gain_rate": 0.0,
        "bounds_violation_rate": 0.0,
        "mastery_correlation": 0.04592379166229212,
        "gain_correlation": 0.05406185889328592
      },
      {
        "monotonicity_violation_rate": 0.0,
        "negative_gain_rate": 0.0,
        "bounds_violation_rate": 0.0,
        "mastery_correlation": 0.04567674765986535,
        "gain_correlation": -0.021412800171986348
      },
      {
        "monotonicity_violation_rate": 0.0,
        "negative_gain_rate": 0.0,
        "bounds_violation_rate": 0.0,
        "mastery_correlation": 0.045676747659865256,
        "gain_correlation": -0.020203653724770457
      },
      {
        "monotonicity_violation_rate": 0.0,
        "negative_gain_rate": 0.0,
        "bounds_violation_rate": 0.0,
        "mastery_correlation": 0.045676747659865326,
        "gain_correlation": -0.03831615561045638
      },
      {
        "monotonicity_violation_rate": 0.0,