{
  "experiment_name": "sweep_run_3",
  "best_val_auc": 0.7198276427760467,
  "final_consistency_metrics": {
    "monotonicity_violation_rate": 0.0,
    "negative_gain_rate": 0.0,
    "bounds_violation_rate": 0.0,
    "mastery_correlation": -0.011978228493712299,
    "gain_correlation": 0.033890554493135945
  },
  "train_history": {
    "train_loss": [
      0.6143563728721648,
      0.5829509036528632,
      0.5807492948412277,
      0.5809443606922664,
      0.5803799708735757,
      0.5798505452012769,
      0.5793094308419549,
      0.5792916170056002,
      0.5790755570398094,
      0.5787412793679558,
      0.5783553802905305,
      0.5776994224502633,
      0.5770162057536872,
      0.5760950101008687,
      0.5754271560382349,
      0.5752108006742952,
      0.5746232171596023,
      0.574418816850593,
      0.573967930103213,
      0.5735653361662681
    ],
    "train_auc": [
      0.6700189934014366,
      0.7078768667121361,
      0.7116714771924949,
      0.7120510720650419,
      0.7132993600755446,
      0.7143754541217977,
      0.7152813346213968,
      0.7152258242863885,
      0.7154930620080169,
      0.7160532771357421,
      0.7167379527567226,
      0.7177694812323496,
      0.7189310720341047,
      0.720587034268853,
      0.7215769887802334,
      0.7222996059132847,
      0.7228660526404393,
      0.7235971003267508,
      0.724199425837394,
      0.724924834614193
    ],
    "val_auc": [
      0.7083384469662292,
      0.7134356115084506,
      0.7137585744390985,
      0.7149134000610272,
      0.7145807027181591,
      0.7144952641747113,
      0.7158426093375452,
      0.7158982335650169,
      0.7152737260214237,
      0.7153672117971992,
      0.7160642104411155,
      0.7169041614974307,
      0.716665116924202,
      0.7173141415315163,
      0.7181063761848306,
      0.7192344512616857,
      0.7192936106852151,
      0.7196632678587831,
      0.7198276427760467,
      0.7195337052508353
    ],
    "consistency_metrics": [
      {
        "monotonicity_violation_rate": 0.0,
        "negative_gain_rate": 0.0,
        "bounds_violation_rate": 0.0,
        "mastery_correlation": 0.0548281435461877,
        "gain_correlation": 0.04310530802756826
      },
      {
        "monotonicity_violation_rate": 0.0,
        "negative_gain_rate": 0.0,
        "bounds_violation_rate": 0.0,
        "mastery_correlation": 0.02623998767092824,
        "gain_correlation": 0.04363136193974628
      },
      {
        "monotonicity_violation_rate": 0.0,
        "negative_gain_rate": 0.0,
        "bounds_violation_rate": 0.0,
        "mastery_correlation": 0.03759955219423053,
        "gain_correlation": 0.06064969059866905
      },
      {
        "monotonicity_violation_rate": 0.0,
        "negative_gain_rate": 0.0,
        "bounds_violation_rate": 0.0,
        "mastery_correlation": 0.021131974430364624,
        "gain_correlation": 0.04599668593293383
      },
      {
        "monotonicity_violation_rate": 0.0,
        "negative_gain_rate": 0.0,
        "bounds_violation_rate": 0.0,
        "mastery_correlation": -0.0010127235294636972,
        "gain_correlation": 0.04978650594114715
      },
      {
        "monotonicity_violation_rate": 0.0,
        "negative_gain_rate": 0.0,
        "bounds_violation_rate": 0.0,
        "mastery_correlation": 0.02842037591013665,
        "gain_correlation": 0.052134251232303246
      },
      {
        "monotonicity_violation_rate": 0.0,
        "negative_gain_rate": 0.0,
        "bounds_violation_rate": 0.0,
        "mastery_correlation": 0.006239356936069944,
        "gain_correlation": 0.07128104577282077
      },
      {
        "monotonicity_violation_rate": 0.0,
        "negative_gain_rate": 0.0,
        "bounds_violation_rate": 0.0,
        "mastery_correlation": 0.015863096476863396,
        "gain_correlation": 0.05636996704330355
      },
      {
        "monotonicity_violation_rate": 0.0,
        "negative_gain_rate": 0.0,
        "bounds_violation_rate": 0.0,
        "mastery_correlation": 0.001198329623115272,
        "gain_correlation": 0.0799529804991214
      },
      {
        "monotonicity_violation_rate": 0.0,
        "negative_gain_rate": 0.0,
        "bounds_violation_rate": 0.0,
        "mastery_correlation": -0.004198361189281461,
        "gain_correlation": 0.05779107811087086
      },
      {
        "monotonicity_violation_rate": 0.0,
        "negative_gain_rate": 0.0,
        "bounds_violation_rate": 0.0,
        "mastery_correlation": 0.003929221736760061,
        "gain_correlation": 0.0786134973126807
      },
      {
        "monotonicity_violation_rate": 0.0,
        "negative_gain_rate": 0.0,
        "bounds_violation_rate": 0.0,
        "mastery_correlation": 0.007706435078657245,
        "gain_correlation": 0.08457030703876506
      },
      {
        "monotonicity_violation_rate": 0.0,
        "negative_gain_rate": 0.0,
        "bounds_violation_rate": 0.0,
        "mastery_correlation": 0.0009918319974074926,
        "gain_correlation": 0.06366951510857007
      },
      {
        "monotonicity_violation_rate": 0.0,
        "negative_gain_rate": 0.0,
        "bounds_violation_rate": 0.0,
        "mastery_correlation": -0.0028121106393277986,
        "gain_correlation": 0.058519659998913925
      },
      {
        "monotonicity_violation_rate": 0.0,
        "negative_gain_rate": 0.0,
        "bounds_violation_rate": 0.0,
        "mastery_correlation": 0.010593259057006463,
        "gain_correlation": 0.0511596173822203
      },
      {
        "monotonicity_violation_rate": 0.0,
        "negative_gain_rate": 0.0,
        "bounds_violation_rate": 0.0,
        "mastery_correlation": 0.015341693569433254,
        "gain_correlation": 0.04985752513563545
      },
      {
        "monotonicity_violation_rate": 0.0,
        "negative_gain_rate": 0.0,
        "bounds_violation_rate": 0.0,
        "mastery_correlation": 0.0037099887152766482,
        "gain_correlation": 0.028258843422499826
      },
      {
        "monotonicity_violation_rate": 0.0,
        "negative_gain_rate": 0.0,
        "bounds_violation_rate": 0.0,
        "mastery_correlation": 0.009541639736872665,
        "gain_correlation": 0.04138182274835396
      },
      {
        "monotonicity_violation_rate": 0.0,
        "negative_gain_rate": 0.0,
        "bounds_violation_rate": 0.0,
        "mastery_correlation": 0.004033993133214932,
        "gain_correlation": 0.05386641636277281
      },
      {
        "monotonicity_violation_rate": 0.0,
        "negative_gain_rate": 0.0,
        "bounds_violation_rate": 0.0,
        "mastery_correlation": 0.006121419333231648,
        "gain_correlation": 0.07942826138484292
      }
    ]
  },
  "model_config": {
    "num_c": 100,
    "seq_len": 200,
    "d_model": 512,
    "n_heads": 8,
    "num_encoder_blocks": 6,
    "d_ff": 1024,
    "dropout": 0.2,
    "emb_type": "qid",
    "monitor_frequency": 50,
    "non_negative_loss_weight": 0.0,
    "monotonicity_loss_weight": 0.1,
    "mastery_performance_loss_weight": 0.8,
    "gain_performance_loss_weight": 0.8,
    "sparsity_loss_weight": 0.2,
    "consistency_loss_weight": 0.3
  },
  "training_args": {
    "epochs": 20,
    "batch_size": 32,
    "lr": 0.0009000077019674647,
    "weight_decay": 0.00029102661974597123,
    "patience": 15,
    "enhanced_constraints": true,
    "monitor_freq": 50,
    "dataset": "assist2015",
    "fold": 0,
    "experiment_suffix": "sweep_run_3",
    "use_wandb": true
  },
  "log_file": "logs/cumulative_mastery_full_sweep_run_3_20251006_142437.log",
  "timestamp": "2025-10-06T15:03:16.843980"
}