{
  "experiment_name": "sweep_run_0",
  "best_val_auc": 0.7027448988288366,
  "final_consistency_metrics": {
    "monotonicity_violation_rate": 0.0,
    "negative_gain_rate": 0.0,
    "bounds_violation_rate": 0.0,
    "mastery_correlation": 0.04227859664036151,
    "gain_correlation": -0.041331227276620634
  },
  "train_history": {
    "train_loss": [
      0.9611594824446845,
      0.6413042643635544,
      0.7176087639995457,
      0.6352234931336236,
      0.6347738436816894,
      0.6345934044454515,
      0.6346474535686454,
      0.6344444124969011,
      0.6339647911258579,
      0.6480498436799983,
      0.6342876885355133,
      0.6337877413661209,
      0.6337831051079268,
      0.6334117952081346,
      0.6331523195984438,
      0.6335569251443922,
      0.6335567027023158,
      0.6334821760039968,
      0.6373975031154672,
      0.6262664567563951,
      0.6242182512873227,
      0.6186114740125912,
      0.6178648023261237,
      0.6158547837709644,
      0.6107658596382928,
      0.6060245086237327,
      0.5992986879397914,
      0.5970240081708456,
      0.5929539424856913,
      0.5926627012872204
    ],
    "train_auc": [
      0.6022551188006109,
      0.6332515352325802,
      0.622483324996476,
      0.6362368833377136,
      0.6363911027530395,
      0.6368636837211946,
      0.6366499618738669,
      0.63669201115866,
      0.6375081289438987,
      0.6325086160070279,
      0.6371721430307976,
      0.6373273810445903,
      0.638385204930873,
      0.6386761146262583,
      0.6388867485131067,
      0.6385308726693288,
      0.6389953046803856,
      0.639025425632486,
      0.6345974084933286,
      0.6394839331719241,
      0.6396974802495409,
      0.6407027698680319,
      0.6425928410351953,
      0.6472537703795342,
      0.6574340341513593,
      0.6685560411307891,
      0.6834051859653603,
      0.6865028430373057,
      0.6940061616012176,
      0.6952993429725859
    ],
    "val_auc": [
      0.6400535683803,
      0.6405009653846301,
      0.6393246487854267,
      0.6399138868801597,
      0.6398889710508551,
      0.6400316781448347,
      0.6408603706620432,
      0.6408949876525771,
      0.6406533504872977,
      0.6403490763374813,
      0.6408269694262462,
      0.6409198596398349,
      0.6409682664319215,
      0.6409298691732139,
      0.6409982014366782,
      0.6412550458809236,
      0.6421841743698498,
      0.6429274941066807,
      0.6424174726792989,
      0.6422748165701716,
      0.6433586919673109,
      0.6433719859596486,
      0.6457305501495603,
      0.647668446698103,
      0.6772634686967367,
      0.6857066383031283,
      0.6851149815067104,
      0.6878523700451411,
      0.70130268267859,
      0.7027448988288366
    ],
    "consistency_metrics": [
      {
        "monotonicity_violation_rate": 0.0,
        "negative_gain_rate": 0.0,
        "bounds_violation_rate": 0.0,
        "mastery_correlation": 0.04567674765986533,
        "gain_correlation": -0.014981957805084604
      },
      {
        "monotonicity_violation_rate": 0.0,
        "negative_gain_rate": 0.0,
        "bounds_violation_rate": 0.0,
        "mastery_correlation": 0.045676747659865374,
        "gain_correlation": 0.02997551368509975
      },
      {
        "monotonicity_violation_rate": 0.0,
        "negative_gain_rate": 0.0,
        "bounds_violation_rate": 0.0,
        "mastery_correlation": 0.04567674765986529,
        "gain_correlation": -0.021853082703940985
      },
      {
        "monotonicity_violation_rate": 0.0,
        "negative_gain_rate": 0.0,
        "bounds_violation_rate": 0.0,
        "mastery_correlation": 0.045676747659865326,
        "gain_correlation": 0.015774784091350694
      },
      {
        "monotonicity_violation_rate": 0.0,
        "negative_gain_rate": 0.0,
        "bounds_violation_rate": 0.0,
        "mastery_correlation": 0.04567674765986533,
        "gain_correlation": 0.00436580711109423
      },
      {
        "monotonicity_violation_rate": 0.0,
        "negative_gain_rate": 0.0,
        "bounds_violation_rate": 0.0,
        "mastery_correlation": 0.045676747659865416,
        "gain_correlation": 0.022972723677768647
      },
      {
        "monotonicity_violation_rate": 0.0,
        "negative_gain_rate": 0.0,
        "bounds_violation_rate": 0.0,
        "mastery_correlation": 0.045676747659865416,
        "gain_correlation": 0.06507019017430168
      },
      {
        "monotonicity_violation_rate": 0.0,
        "negative_gain_rate": 0.0,
        "bounds_violation_rate": 0.0,
        "mastery_correlation": 0.04567674765986531,
        "gain_correlation": 0.055616707942468514
      },
      {
        "monotonicity_violation_rate": 0.0,
        "negative_gain_rate": 0.0,
        "bounds_violation_rate": 0.0,
        "mastery_correlation": 0.04567674765986529,
        "gain_correlation": 0.05759682019384578
      },
      {
        "monotonicity_violation_rate": 0.0,
        "negative_gain_rate": 0.0,
        "bounds_violation_rate": 0.0,
        "mastery_correlation": 0.045676747659865416,
        "gain_correlation": -0.0350915842178396
      },
      {
        "monotonicity_violation_rate": 0.0,
        "negative_gain_rate": 0.0,
        "bounds_violation_rate": 0.0,
        "mastery_correlation": 0.045676747659865326,
        "gain_correlation": 0.013051100877885911
      },
      {
        "monotonicity_violation_rate": 0.0,
        "negative_gain_rate": 0.0,
        "bounds_violation_rate": 0.0,
        "mastery_correlation": 0.045676747659865284,
        "gain_correlation": -0.013909745579819152
      },
      {
        "monotonicity_violation_rate": 0.0,
        "negative_gain_rate": 0.0,
        "bounds_violation_rate": 0.0,
        "mastery_correlation": 0.04567674765986533,
        "gain_correlation": 0.011789099077651636
      },
      {
        "monotonicity_violation_rate": 0.0,
        "negative_gain_rate": 0.0,
        "bounds_violation_rate": 0.0,
        "mastery_correlation": 0.04567674765986528,
        "gain_correlation": 0.026821548463369104
      },
      {
        "monotonicity_violation_rate": 0.0,
        "negative_gain_rate": 0.0,
        "bounds_violation_rate": 0.0,
        "mastery_correlation": 0.045676747659865374,
        "gain_correlation": 0.060459654627612394
      },
      {
        "monotonicity_violation_rate": 0.0,
        "negative_gain_rate": 0.0,
        "bounds_violation_rate": 0.0,
        "mastery_correlation": 0.0456767476598654,
        "gain_correlation": -0.014187883939787262
      },
      {
        "monotonicity_violation_rate": 0.0,
        "negative_gain_rate": 0.0,
        "bounds_violation_rate": 0.0,
        "mastery_correlation": 0.0456767476598654,
        "gain_correlation": -0.025239385647957618
      },
      {
        "monotonicity_violation_rate": 0.0,
        "negative_gain_rate": 0.0,
        "bounds_violation_rate": 0.0,
        "mastery_correlation": 0.0456767476598654,
        "gain_correlation": -0.015310306936406172
      },
      {
        "monotonicity_violation_rate": 0.0,
        "negative_gain_rate": 0.0,
        "bounds_violation_rate": 0.0,
        "mastery_correlation": 0.045130815997960164,
        "gain_correlation": -0.056839235869416076
      },
      {
        "monotonicity_violation_rate": 0.0,
        "negative_gain_rate": 0.0,
        "bounds_violation_rate": 0.0,
        "mastery_correlation": 0.022065542479268296,
        "gain_correlation": -0.05509035402429579
      },
      {
        "monotonicity_violation_rate": 0.0,
        "negative_gain_rate": 0.0,
        "bounds_violation_rate": 0.0,
        "mastery_correlation": 0.04977618579342154,
        "gain_correlation": -0.06522668604175695
      },
      {
        "monotonicity_violation_rate": 0.0,
        "negative_gain_rate": 0.0,
        "bounds_violation_rate": 0.0,
        "mastery_correlation": 0.04758812948951835,
        "gain_correlation": -0.07482645236953142
      },
      {
        "monotonicity_violation_rate": 0.0,