{
  "experiment_name": "sweep_run_5",
  "best_val_auc": 0.644707055595671,
  "final_consistency_metrics": {
    "monotonicity_violation_rate": 0.0,
    "negative_gain_rate": 0.0,
    "bounds_violation_rate": 0.0,
    "mastery_correlation": 0.01505365291658661,
    "gain_correlation": 0.04015509299865302
  },
  "train_history": {
    "train_loss": [
      0.7906181750838289,
      0.6344328479668528,
      0.6344549612900645,
      0.634785338160918,
      0.6343500909117079,
      0.6333869591201704,
      0.6335692829692486,
      0.6503796313226837,
      0.6307212366271264,
      0.6305662104763936,
      0.6313519723636588,
      0.6269152957139555,
      0.6264975857488888,
      0.6261101340510181,
      0.6258436963730252,
      0.6267975427440762,
      0.6262604477479286,
      0.6258185063440775,
      0.65935843384143,
      0.6259548264680449
    ],
    "train_auc": [
      0.6051043711644943,
      0.6366680261293463,
      0.6361412273006282,
      0.63555682646116,
      0.6371640652772196,
      0.6383945687371714,
      0.637680590447084,
      0.6354848379520223,
      0.6389072728960826,
      0.6395489452603481,
      0.6392302333777309,
      0.6397119840467305,
      0.6400033190578909,
      0.640043901973576,
      0.6400824798432926,
      0.6395609001408747,
      0.6395957776433828,
      0.6405397900203811,
      0.6372276365281844,
      0.6404486997026236
    ],
    "val_auc": [
      0.6404161775753832,
      0.639990711446618,
      0.6397900685655622,
      0.6398846789637302,
      0.6411549143404975,
      0.6413836048015632,
      0.6409581605938215,
      0.6408717508751451,
      0.6411400208523612,
      0.6411912022548842,
      0.6414905407261803,
      0.641456441958492,
      0.6416699852386784,
      0.641618167633869,
      0.6423672124523668,
      0.643005131475131,
      0.6426933460496944,
      0.644707055595671,
      0.642641450366633,
      0.6432057196767801
    ],
    "consistency_metrics": [
      {
        "monotonicity_violation_rate": 0.0,
        "negative_gain_rate": 0.0,
        "bounds_violation_rate": 0.0,
        "mastery_correlation": 0.04567674765986532,
        "gain_correlation": -0.08199448668449057
      },
      {
        "monotonicity_violation_rate": 0.0,
        "negative_gain_rate": 0.0,
        "bounds_violation_rate": 0.0,
        "mastery_correlation": 0.045676747659865395,
        "gain_correlation": 0.04758720832813684
      },
      {
        "monotonicity_violation_rate": 0.0,
        "negative_gain_rate": 0.0,
        "bounds_violation_rate": 0.0,
        "mastery_correlation": 0.045676747659865395,
        "gain_correlation": 0.02762060968901321
      },
      {
        "monotonicity_violation_rate": 0.0,
        "negative_gain_rate": 0.0,
        "bounds_violation_rate": 0.0,
        "mastery_correlation": 0.045676747659865416,
        "gain_correlation": 0.0570986553585712
      },
      {
        "monotonicity_violation_rate": 0.0,
        "negative_gain_rate": 0.0,
        "bounds_violation_rate": 0.0,
        "mastery_correlation": 0.045676747659865374,
        "gain_correlation": 0.050650718829446724
      },
      {
        "monotonicity_violation_rate": 0.0,
        "negative_gain_rate": 0.0,
        "bounds_violation_rate": 0.0,
        "mastery_correlation": 0.045676747659865305,
        "gain_correlation": 0.07981552819331762
      },
      {
        "monotonicity_violation_rate": 0.0,
        "negative_gain_rate": 0.0,
        "bounds_violation_rate": 0.0,
        "mastery_correlation": 0.045676747659865465,
        "gain_correlation": 0.07993079007069809
      },
      {
        "monotonicity_violation_rate": 0.0,
        "negative_gain_rate": 0.0,
        "bounds_violation_rate": 0.0,
        "mastery_correlation": 0.045676747659865284,
        "gain_correlation": 0.0008436166137038568
      },
      {
        "monotonicity_violation_rate": 0.0,
        "negative_gain_rate": 0.0,
        "bounds_violation_rate": 0.0,
        "mastery_correlation": 0.04567674765986543,
        "gain_correlation": -0.03200153876303349
      },
      {
        "monotonicity_violation_rate": 0.0,
        "negative_gain_rate": 0.0,
        "bounds_violation_rate": 0.0,
        "mastery_correlation": 0.04567674765986536,
        "gain_correlation": 0.07474707216242672
      },
      {
        "monotonicity_violation_rate": 0.0,
        "negative_gain_rate": 0.0,
        "bounds_violation_rate": 0.0,
        "mastery_correlation": 0.04567674765986537,
        "gain_correlation": 0.05167491903334138
      },
      {
        "monotonicity_violation_rate": 0.0,
        "negative_gain_rate": 0.0,
        "bounds_violation_rate": 0.0,
        "mastery_correlation": 0.04567674765986535,
        "gain_correlation": -0.09549600378949955
      },
      {
        "monotonicity_violation_rate": 0.0,
        "negative_gain_rate": 0.0,
        "bounds_violation_rate": 0.0,
        "mastery_correlation": 0.045676747659865305,
        "gain_correlation": -0.0861166047601505
      },
      {
        "monotonicity_violation_rate": 0.0,
        "negative_gain_rate": 0.0,
        "bounds_violation_rate": 0.0,
        "mastery_correlation": 0.045676747659865305,
        "gain_correlation": 0.06849815794160982
      },
      {
        "monotonicity_violation_rate": 0.0,
        "negative_gain_rate": 0.0,
        "bounds_violation_rate": 0.0,
        "mastery_correlation": 0.04567674765986538,
        "gain_correlation": 0.00039979877933896146
      },
      {
        "monotonicity_violation_rate": 0.0,
        "negative_gain_rate": 0.0,
        "bounds_violation_rate": 0.0,
        "mastery_correlation": 0.04567674765986537,
        "gain_correlation": 0.10533959926670539
      },
      {
        "monotonicity_violation_rate": 0.0,
        "negative_gain_rate": 0.0,
        "bounds_violation_rate": 0.0,
        "mastery_correlation": 0.04567674765986539,
        "gain_correlation": 0.042915917357858525
      },
      {
        "monotonicity_violation_rate": 0.0,
        "negative_gain_rate": 0.0,
        "bounds_violation_rate": 0.0,
        "mastery_correlation": 0.04567674765986532,
        "gain_correlation": 0.02030819083707737
      },
      {
        "monotonicity_violation_rate": 0.0,
        "negative_gain_rate": 0.0,
        "bounds_violation_rate": 0.0,
        "mastery_correlation": 0.045676747659865354,
        "gain_correlation": 0.06479779965770391
      },
      {
        "monotonicity_violation_rate": 0.0,
        "negative_gain_rate": 0.0,
        "bounds_violation_rate": 0.0,
        "mastery_correlation": 0.04567674765986531,
        "gain_correlation": -0.015304450776634724
      }
    ]
  },
  "model_config": {
    "num_c": 100,
    "seq_len": 200,
    "d_model": 512,
    "n_heads": 8,
    "num_encoder_blocks": 6,
    "d_ff": 1024,
    "dropout": 0.2,
    "emb_type": "qid",
    "monitor_frequency": 50,
    "non_negative_loss_weight": 0.0,
    "monotonicity_loss_weight": 0.1,
    "mastery_performance_loss_weight": 0.8,
    "gain_performance_loss_weight": 0.8,
    "sparsity_loss_weight": 0.2,
    "consistency_loss_weight": 0.3
  },
  "training_args": {
    "epochs": 20,
    "batch_size": 128,
    "lr": 0.002660302429316466,
    "weight_decay": 5.419247937910569e-05,
    "patience": 10,
    "enhanced_constraints": true,
    "monitor_freq": 50,
    "dataset": "assist2015",
    "fold": 0,
    "experiment_suffix": "sweep_run_5",
    "use_wandb": true
  },
  "log_file": "logs/cumulative_mastery_full_sweep_run_5_20251006_151559.log",
  "timestamp": "2025-10-06T15:42:54.816175"
}