{
  "experiment_name": "sweep_run_18",
  "best_val_auc": 0.711533596719602,
  "final_consistency_metrics": {
    "monotonicity_violation_rate": 0.0,
    "negative_gain_rate": 0.0,
    "bounds_violation_rate": 0.0,
    "mastery_correlation": 0.0002325375350722605,
    "gain_correlation": -0.00466875309151822
  },
  "train_history": {
    "train_loss": [
      0.6517690278087873,
      0.6207109640299348,
      0.6179873461550381,
      0.6175139429038052,
      0.6255183179761462,
      0.6205274617116068,
      0.6179904258312957,
      0.6169955063360343,
      0.6172068622445813,
      0.6166511684501726,
      0.6169321286863614,
      0.615141972050148,
      0.614872184442115,
      0.6143735313662593,
      0.614093980640945,
      0.6133103892593186,
      0.612611617449034,
      0.6122126217950811,
      0.6118127292919653,
      0.6106562673119066,
      0.6092954086516188,
      0.6071140639522533,
      0.603104074075432,
      0.5947275717641406,
      0.5875641879640094
    ],
    "train_auc": [
      0.6244338654956947,
      0.6371112763421694,
      0.6370129354736733,
      0.63842154071535,
      0.6382562469861647,
      0.6384019425709129,
      0.6388307513831294,
      0.6396357782850473,
      0.6412117192797216,
      0.6428370367189878,
      0.6427060906929555,
      0.6450164217335195,
      0.6454060745373073,
      0.645614297327587,
      0.6463692299631009,
      0.6485481151275084,
      0.649502308549386,
      0.6511222497206282,
      0.6523899994950689,
      0.6555119132564589,
      0.6587130961398653,
      0.6636673886595422,
      0.6730396177770189,
      0.691616697466294,
      0.7044394761496179
    ],
    "val_auc": [
      0.641973279592639,
      0.6416830885920034,
      0.6415116474697861,
      0.6428538525220835,
      0.6417663079397093,
      0.6423135022504344,
      0.6435560543302664,
      0.6447295209501216,
      0.6441217002314235,
      0.6471350118935837,
      0.6474325905254155,
      0.6471677692916816,
      0.6474267457401823,
      0.6468674259015592,
      0.6500827279719564,
      0.6523161507041493,
      0.65174430016815,
      0.6553016650307919,
      0.657202859135932,
      0.6588855228049062,
      0.6626333690458824,
      0.669350738596372,
      0.6862923983442465,
      0.7033254103858193,
      0.711533596719602
    ],
    "consistency_metrics": [
      {
        "monotonicity_violation_rate": 0.0,
        "negative_gain_rate": 0.0,
        "bounds_violation_rate": 0.0,
        "mastery_correlation": 0.04567674765986537,
        "gain_correlation": -0.04700334656323717
      },
      {
        "monotonicity_violation_rate": 0.0,
        "negative_gain_rate": 0.0,
        "bounds_violation_rate": 0.0,
        "mastery_correlation": 0.045676747659865395,
        "gain_correlation": -0.05517287885664975
      },
      {
        "monotonicity_violation_rate": 0.0,
        "negative_gain_rate": 0.0,
        "bounds_violation_rate": 0.0,
        "mastery_correlation": 0.04567674765986545,
        "gain_correlation": -0.055168753698319195
      },
      {
        "monotonicity_violation_rate": 0.0,
        "negative_gain_rate": 0.0,
        "bounds_violation_rate": 0.0,
        "mastery_correlation": 0.04567674765986532,
        "gain_correlation": -0.09891419057807908
      },
      {
        "monotonicity_violation_rate": 0.0,
        "negative_gain_rate": 0.0,
        "bounds_violation_rate": 0.0,
        "mastery_correlation": 0.045676747659865416,
        "gain_correlation": -0.04429798020198325
      },
      {
        "monotonicity_violation_rate": 0.0,
        "negative_gain_rate": 0.0,
        "bounds_violation_rate": 0.0,
        "mastery_correlation": 0.045676747659865465,
        "gain_correlation": -0.03568618693578477
      },
      {
        "monotonicity_violation_rate": 0.0,
        "negative_gain_rate": 0.0,
        "bounds_violation_rate": 0.0,
        "mastery_correlation": 0.045676747659865395,
        "gain_correlation": -0.00228979359692286
      },
      {
        "monotonicity_violation_rate": 0.0,
        "negative_gain_rate": 0.0,
        "bounds_violation_rate": 0.0,
        "mastery_correlation": 0.04567674765986535,
        "gain_correlation": -0.00492099656291015
      },
      {
        "monotonicity_violation_rate": 0.0,
        "negative_gain_rate": 0.0,
        "bounds_violation_rate": 0.0,
        "mastery_correlation": 0.04567674765986529,
        "gain_correlation": -0.03821297974138786
      },
      {
        "monotonicity_violation_rate": 0.0,
        "negative_gain_rate": 0.0,
        "bounds_violation_rate": 0.0,
        "mastery_correlation": 0.04567674765986535,
        "gain_correlation": -0.004980678058424615
      },
      {
        "monotonicity_violation_rate": 0.0,
        "negative_gain_rate": 0.0,
        "bounds_violation_rate": 0.0,
        "mastery_correlation": 0.04567674765986531,
        "gain_correlation": -0.024210285528208045
      },
      {
        "monotonicity_violation_rate": 0.0,
        "negative_gain_rate": 0.0,
        "bounds_violation_rate": 0.0,
        "mastery_correlation": 0.04567674765986538,
        "gain_correlation": -0.002316952449660414
      },
      {
        "monotonicity_violation_rate": 0.0,
        "negative_gain_rate": 0.0,
        "bounds_violation_rate": 0.0,
        "mastery_correlation": 0.04567674765986529,
        "gain_correlation": 0.03672313262380477
      },
      {
        "monotonicity_violation_rate": 0.0,
        "negative_gain_rate": 0.0,
        "bounds_violation_rate": 0.0,
        "mastery_correlation": 0.04567674765986537,
        "gain_correlation": 0.018064747139792735
      },
      {
        "monotonicity_violation_rate": 0.0,
        "negative_gain_rate": 0.0,
        "bounds_violation_rate": 0.0,
        "mastery_correlation": 0.032962681881689736,
        "gain_correlation": 0.015575513386955687
      },
      {
        "monotonicity_violation_rate": 0.0,
        "negative_gain_rate": 0.0,
        "bounds_violation_rate": 0.0,
        "mastery_correlation": 0.052148487305505066,
        "gain_correlation": 0.030402779853824728
      },
      {
        "monotonicity_violation_rate": 0.0,
        "negative_gain_rate": 0.0,
        "bounds_violation_rate": 0.0,
        "mastery_correlation": 0.055621521457260764,
        "gain_correlation": 0.026079204546906067
      },
      {
        "monotonicity_violation_rate": 0.0,
        "negative_gain_rate": 0.0,
        "bounds_violation_rate": 0.0,
        "mastery_correlation": 0.04567674765986534,
        "gain_correlation": 0.013510966419013809
      },
      {
        "monotonicity_violation_rate": 0.0,
        "negative_gain_rate": 0.0,
        "bounds_violation_rate": 0.0,
        "mastery_correlation": 0.04665901166904358,
        "gain_correlation": 0.005728030262613267
      },
      {
        "monotonicity_violation_rate": 0.0,
        "negative_gain_rate": 0.0,
        "bounds_violation_rate": 0.0,
        "mastery_correlation": 0.04537530335506657,
        "gain_correlation": 0.016005234699222038
      },
      {
        "monotonicity_violation_rate": 0.0,
        "negative_gain_rate": 0.0,
        "bounds_violation_rate": 0.0,
        "mastery_correlation": 0.03528721427608096,
        "gain_correlation": 0.002182641585812873
      },
      {
        "monotonicity_violation_rate": 0.0,
        "negative_gain_rate": 0.0,
        "bounds_violation_rate": 0.0,
        "mastery_correlation": 0.018015297553399905,
        "gain_correlation": -0.024799957611537707
      },
      {
        "monotonicity_violation_rate": 0.0,
        "negative_gain_rate": 0.0,
        "bounds_violation_rate": 0.0,
        "mastery_correlation": 0.03507208337765721,
        "gain_correlation": -0.0004827261134329287
      },
      {
        "monotonicity_violation_rate": 0.0,
        "negative_gain_rate": 0.0,
        "bounds_violation_rate": 0.0,
        "mastery_correlation": 0.038978988688044405,