{
  "experiment_name": "simple_sweep_run_1",
  "best_val_auc": 0.7222698856699418,
  "final_consistency_metrics": {
    "monotonicity_violation_rate": 0.0,
    "negative_gain_rate": 0.0,
    "bounds_violation_rate": 0.0,
    "mastery_correlation": 0.020090770864930912,
    "gain_correlation": -0.016609864408636814
  },
  "train_history": {
    "train_loss": [
      0.5991248381106965,
      0.5791605527228024,
      0.5742405171221402,
      0.571831723028514,
      0.571024963661179,
      0.5712797092032557,
      0.571938469079492,
      0.5723156630220808,
      0.5720234218347876,
      0.571615447111698,
      0.5713015034254351,
      0.5708077290515208,
      0.5705568218323851,
      0.5703840022568876,
      0.5668374796451064,
      0.5660293187193303,
      0.5656823070401354,
      0.5652108160788532,
      0.5650549666097127,
      0.5648721870363067
    ],
    "train_auc": [
      0.6909511558613528,
      0.7149415322560613,
      0.7196515456518641,
      0.722070721216322,
      0.7234551443875851,
      0.724334745170942,
      0.7247229411605837,
      0.7249570259727182,
      0.7258031731969504,
      0.7266640700081255,
      0.7272088634695348,
      0.7278908142185919,
      0.7286059399932805,
      0.7287422022336244,
      0.7344186335031372,
      0.7355745508450888,
      0.7359865384501606,
      0.7366921129606406,
      0.7368907082304934,
      0.7370403884460981
    ],
    "val_auc": [
      0.7116964881500786,
      0.7155643182506791,
      0.717475197261009,
      0.7187668275566338,
      0.7191694709443756,
      0.7193196016298817,
      0.7196063616208968,
      0.7202001725888971,
      0.7201358563061842,
      0.7194090103416048,
      0.7196518605522815,
      0.7199034106999156,
      0.7199061665912756,
      0.7194365795999578,
      0.7222698856699418,
      0.7221912983083754,
      0.7216996136939322,
      0.7214382897254967,
      0.7213120411329433,
      0.7211013980780464
    ],
    "consistency_metrics": [
      {
        "monotonicity_violation_rate": 0.0,
        "negative_gain_rate": 0.0,
        "bounds_violation_rate": 0.0,
        "mastery_correlation": 0.03260359145252423,
        "gain_correlation": 0.013040383889156019
      },
      {
        "monotonicity_violation_rate": 0.0,
        "negative_gain_rate": 0.0,
        "bounds_violation_rate": 0.0,
        "mastery_correlation": 0.03636973336511844,
        "gain_correlation": 0.025282207148601913
      },
      {
        "monotonicity_violation_rate": 0.0,
        "negative_gain_rate": 0.0,
        "bounds_violation_rate": 0.0,
        "mastery_correlation": 0.033783278278276936,
        "gain_correlation": 0.04954446840570484
      },
      {
        "monotonicity_violation_rate": 0.0,
        "negative_gain_rate": 0.0,
        "bounds_violation_rate": 0.0,
        "mastery_correlation": 0.03359335235077763,
        "gain_correlation": 0.06427174754275627
      },
      {
        "monotonicity_violation_rate": 0.0,
        "negative_gain_rate": 0.0,
        "bounds_violation_rate": 0.0,
        "mastery_correlation": 0.03675350064196774,
        "gain_correlation": 0.06136395506255403
      },
      {
        "monotonicity_violation_rate": 0.0,
        "negative_gain_rate": 0.0,
        "bounds_violation_rate": 0.0,
        "mastery_correlation": 0.05209312538389171,
        "gain_correlation": 0.05771589433768584
      },
      {
        "monotonicity_violation_rate": 0.0,
        "negative_gain_rate": 0.0,
        "bounds_violation_rate": 0.0,
        "mastery_correlation": 0.046399457283206824,
        "gain_correlation": 0.03885673491252038
      },
      {
        "monotonicity_violation_rate": 0.0,
        "negative_gain_rate": 0.0,
        "bounds_violation_rate": 0.0,
        "mastery_correlation": 0.043644174637035425,
        "gain_correlation": 0.03276435869848955
      },
      {
        "monotonicity_violation_rate": 0.0,
        "negative_gain_rate": 0.0,
        "bounds_violation_rate": 0.0,
        "mastery_correlation": 0.03630425935314684,
        "gain_correlation": 0.0016204485534222566
      },
      {
        "monotonicity_violation_rate": 0.0,
        "negative_gain_rate": 0.0,
        "bounds_violation_rate": 0.0,
        "mastery_correlation": 0.04451520557395466,
        "gain_correlation": 0.020204760885949972
      },
      {
        "monotonicity_violation_rate": 0.0,
        "negative_gain_rate": 0.0,
        "bounds_violation_rate": 0.0,
        "mastery_correlation": 0.037067821891393134,
        "gain_correlation": 0.032710962829104434
      },
      {
        "monotonicity_violation_rate": 0.0,
        "negative_gain_rate": 0.0,
        "bounds_violation_rate": 0.0,
        "mastery_correlation": 0.03465975945914395,
        "gain_correlation": 0.012300880321385823
      },
      {
        "monotonicity_violation_rate": 0.0,
        "negative_gain_rate": 0.0,
        "bounds_violation_rate": 0.0,
        "mastery_correlation": 0.029613230359627207,
        "gain_correlation": 0.008927504713439637
      },
      {
        "monotonicity_violation_rate": 0.0,
        "negative_gain_rate": 0.0,
        "bounds_violation_rate": 0.0,
        "mastery_correlation": 0.019918338266814002,
        "gain_correlation": -0.015843681831722745
      },
      {
        "monotonicity_violation_rate": 0.0,
        "negative_gain_rate": 0.0,
        "bounds_violation_rate": 0.0,
        "mastery_correlation": 0.03922417169023072,
        "gain_correlation": 0.02137081964317137
      },
      {
        "monotonicity_violation_rate": 0.0,
        "negative_gain_rate": 0.0,
        "bounds_violation_rate": 0.0,
        "mastery_correlation": 0.040742182353565,
        "gain_correlation": 0.019315064612131286
      },
      {
        "monotonicity_violation_rate": 0.0,
        "negative_gain_rate": 0.0,
        "bounds_violation_rate": 0.0,
        "mastery_correlation": 0.032804366818877245,
        "gain_correlation": 0.01702553928057571
      },
      {
        "monotonicity_violation_rate": 0.0,
        "negative_gain_rate": 0.0,
        "bounds_violation_rate": 0.0,
        "mastery_correlation": 0.04549093786027347,
        "gain_correlation": 0.018582493828086816
      },
      {
        "monotonicity_violation_rate": 0.0,
        "negative_gain_rate": 0.0,
        "bounds_violation_rate": 0.0,
        "mastery_correlation": 0.04379461121255475,
        "gain_correlation": 0.034147712780273495
      },
      {
        "monotonicity_violation_rate": 0.0,
        "negative_gain_rate": 0.0,
        "bounds_violation_rate": 0.0,
        "mastery_correlation": 0.03375404666139378,
        "gain_correlation": 0.02945785218907997
      }
    ]
  },
  "model_config": {
    "num_c": 100,
    "seq_len": 200,
    "d_model": 512,
    "n_heads": 8,
    "num_encoder_blocks": 6,
    "d_ff": 1024,
    "dropout": 0.2,
    "emb_type": "qid",
    "monitor_frequency": 50,
    "non_negative_loss_weight": 0.0,
    "monotonicity_loss_weight": 0.1,
    "mastery_performance_loss_weight": 0.8,
    "gain_performance_loss_weight": 0.8,
    "sparsity_loss_weight": 0.2,
    "consistency_loss_weight": 0.3
  },
  "training_args": {
    "epochs": 20,
    "batch_size": 32,
    "lr": 0.00039317545518980247,
    "weight_decay": 0.0002827650422422849,
    "patience": 10,
    "enhanced_constraints": true,
    "monitor_freq": 50,
    "dataset": "assist2015",
    "fold": 0,
    "experiment_suffix": "simple_sweep_run_1",
    "use_wandb": true
  },
  "log_file": "logs/cumulative_mastery_full_simple_sweep_run_1_20251006_095927.log",
  "timestamp": "2025-10-06T10:18:45.029036"
}