{
  "experiment_name": "sweep_run_0",
  "best_val_auc": 0.6606750792953613,
  "final_consistency_metrics": {
    "monotonicity_violation_rate": 0.0,
    "negative_gain_rate": 0.0,
    "bounds_violation_rate": 0.0,
    "mastery_correlation": 0.01007777252610254,
    "gain_correlation": 0.0143491977603006
  },
  "train_history": {
    "train_loss": [
      0.7221042016117843,
      0.6166931187983641,
      0.7057438572657477,
      0.6271380567059075,
      0.6266896749280163,
      0.6193596339717353,
      0.717845067535479,
      0.6278311345995087,
      0.6180050108850617,
      0.6161469374735331,
      0.6162642406434128,
      0.6160282726140366,
      0.6161155030899441,
      0.6157728783863107,
      0.6149626232914089,
      0.6145403630954703,
      0.6148014572477832
    ],
    "train_auc": [
      0.6077370705472228,
      0.6430884391305395,
      0.636314169078262,
      0.6379475632266935,
      0.6390416024513003,
      0.6403278118054234,
      0.6336815712434677,
      0.6384799062903525,
      0.6401383031350618,
      0.6415978840848579,
      0.6413369300280282,
      0.6413302406372439,
      0.6415546173821747,
      0.642336870998969,
      0.6441337560090974,
      0.6459586090845497,
      0.6449917534326844
    ],
    "val_auc": [
      0.64219740752519,
      0.6606750792953613,
      0.6399210752517157,
      0.6399042036990954,
      0.6406539775763497,
      0.6339422387732353,
      0.6406700483958562,
      0.64077179223987,
      0.6428417516245486,
      0.6431947510370504,
      0.6433010441091828,
      0.6433829880966724,
      0.6433305835503034,
      0.6431312340096295,
      0.6432042349584749,
      0.6377678701648423,
      0.6493257120289537
    ],
    "consistency_metrics": [
      {
        "monotonicity_violation_rate": 0.0,
        "negative_gain_rate": 0.0,
        "bounds_violation_rate": 0.0,
        "mastery_correlation": 0.04567674765986535,
        "gain_correlation": 0.015018746691249968
      },
      {
        "monotonicity_violation_rate": 0.0,
        "negative_gain_rate": 0.0,
        "bounds_violation_rate": 0.0,
        "mastery_correlation": 0.010708148411375315,
        "gain_correlation": -0.13557722918235493
      },
      {
        "monotonicity_violation_rate": 0.0,
        "negative_gain_rate": 0.0,
        "bounds_violation_rate": 0.0,
        "mastery_correlation": 0.04567674765986544,
        "gain_correlation": -0.10481668221609564
      },
      {
        "monotonicity_violation_rate": 0.0,
        "negative_gain_rate": 0.0,
        "bounds_violation_rate": 0.0,
        "mastery_correlation": 0.04567674765986536,
        "gain_correlation": -0.0735098947029141
      },
      {
        "monotonicity_violation_rate": 0.0,
        "negative_gain_rate": 0.0,
        "bounds_violation_rate": 0.0,
        "mastery_correlation": 0.04567674765986538,
        "gain_correlation": -0.061054912386172
      },
      {
        "monotonicity_violation_rate": 0.0,
        "negative_gain_rate": 0.0,
        "bounds_violation_rate": 0.0,
        "mastery_correlation": 0.012037907574920601,
        "gain_correlation": -0.060984872113402366
      },
      {
        "monotonicity_violation_rate": 0.0,
        "negative_gain_rate": 0.0,
        "bounds_violation_rate": 0.0,
        "mastery_correlation": 0.04567674765986533,
        "gain_correlation": -0.065307871300478
      },
      {
        "monotonicity_violation_rate": 0.0,
        "negative_gain_rate": 0.0,
        "bounds_violation_rate": 0.0,
        "mastery_correlation": 0.04567674765986541,
        "gain_correlation": -0.0624067607906077
      },
      {
        "monotonicity_violation_rate": 0.0,
        "negative_gain_rate": 0.0,
        "bounds_violation_rate": 0.0,
        "mastery_correlation": 0.046938727213755534,
        "gain_correlation": -0.07729342017626212
      },
      {
        "monotonicity_violation_rate": 0.0,
        "negative_gain_rate": 0.0,
        "bounds_violation_rate": 0.0,
        "mastery_correlation": 0.016110670825096648,
        "gain_correlation": -0.08273439998046199
      },
      {
        "monotonicity_violation_rate": 0.0,
        "negative_gain_rate": 0.0,
        "bounds_violation_rate": 0.0,
        "mastery_correlation": 0.01574757094219897,
        "gain_correlation": -0.10229041320893313
      },
      {
        "monotonicity_violation_rate": 0.0,
        "negative_gain_rate": 0.0,
        "bounds_violation_rate": 0.0,
        "mastery_correlation": 0.045945563874705796,
        "gain_correlation": -0.11315074336084915
      },
      {
        "monotonicity_violation_rate": 0.0,
        "negative_gain_rate": 0.0,
        "bounds_violation_rate": 0.0,
        "mastery_correlation": 0.046204626117639966,
        "gain_correlation": -0.10639683545721712
      },
      {
        "monotonicity_violation_rate": 0.0,
        "negative_gain_rate": 0.0,
        "bounds_violation_rate": 0.0,
        "mastery_correlation": 0.0184283768998335,
        "gain_correlation": -0.0707320647953622
      },
      {
        "monotonicity_violation_rate": 0.0,
        "negative_gain_rate": 0.0,
        "bounds_violation_rate": 0.0,
        "mastery_correlation": 0.01313976363792111,
        "gain_correlation": -0.06838750966139351
      },
      {
        "monotonicity_violation_rate": 0.0,
        "negative_gain_rate": 0.0,
        "bounds_violation_rate": 0.0,
        "mastery_correlation": 0.01988664562818756,
        "gain_correlation": -0.04500892291590295
      },
      {
        "monotonicity_violation_rate": 0.0,
        "negative_gain_rate": 0.0,
        "bounds_violation_rate": 0.0,
        "mastery_correlation": 0.053672577527910305,
        "gain_correlation": -0.07749181178282903
      }
    ]
  },
  "model_config": {
    "num_c": 100,
    "seq_len": 200,
    "d_model": 512,
    "n_heads": 8,
    "num_encoder_blocks": 6,
    "d_ff": 1024,
    "dropout": 0.2,
    "emb_type": "qid",
    "monitor_frequency": 50,
    "non_negative_loss_weight": 0.0,
    "monotonicity_loss_weight": 0.1,
    "mastery_performance_loss_weight": 0.8,
    "gain_performance_loss_weight": 0.8,
    "sparsity_loss_weight": 0.2,
    "consistency_loss_weight": 0.3
  },
  "training_args": {
    "epochs": 30,
    "batch_size": 128,
    "lr": 0.0012608428206439444,
    "weight_decay": 7.702818598194964e-05,
    "patience": 15,
    "enhanced_constraints": true,
    "monitor_freq": 50,
    "dataset": "assist2015",
    "fold": 0,
    "experiment_suffix": "sweep_run_0",
    "use_wandb": true
  },
  "log_file": "logs/cumulative_mastery_full_sweep_run_0_20251006_084021.log",
  "timestamp": "2025-10-06T08:50:31.483461"
}