{
  "experiment_name": "full_seed84",
  "best_val_auc": 0.6862204848259448,
  "final_consistency_metrics": {
    "monotonicity_violation_rate": 0.0,
    "negative_gain_rate": 0.0,
    "bounds_violation_rate": 0.0,
    "mastery_correlation": 0.08729249271478193,
    "gain_correlation": 0.0005917344437164909
  },
  "train_history": {
    "train_loss": [
      0.6113409017034145,
      0.5532754438837575,
      0.5471316333570628
    ],
    "train_auc": [
      0.6196034673271898,
      0.6740310168800979,
      0.6804220574059181
    ],
    "val_auc": [
      0.6737472220090465,
      0.6775634736656663,
      0.6862204848259448
    ],
    "consistency_metrics": [
      {
        "monotonicity_violation_rate": 0.0,
        "negative_gain_rate": 0.0,
        "bounds_violation_rate": 0.0,
        "mastery_correlation": 0.08503968336250073,
        "gain_correlation": 0.004971077997088631
      },
      {
        "monotonicity_violation_rate": 0.0,
        "negative_gain_rate": 0.0,
        "bounds_violation_rate": 0.0,
        "mastery_correlation": 0.12067030773197622,
        "gain_correlation": -0.03697791928728439
      },
      {
        "monotonicity_violation_rate": 0.0,
        "negative_gain_rate": 0.0,
        "bounds_violation_rate": 0.0,
        "mastery_correlation": 0.1430430392715777,
        "gain_correlation": -0.03769072091225232
      }
    ],
    "semantic_trajectory": [
      {
        "epoch": 1,
        "mastery_correlation": 0.08503968336250073,
        "gain_correlation": 0.004971077997088631,
        "warmup_scale": 0.125,
        "alignment_corr_mastery": 0.008753670379519463,
        "alignment_corr_gain": 0.11836354434490204,
        "global_alignment_mastery_corr": 0.06592688243593632,
        "global_alignment_gain_corr": 0.03129308231837058,
        "effective_alignment_weight": 0.0375,
        "peak_mastery_corr": 0.06592688243593632,
        "retention_loss_value": 0.0,
        "mean_lag_corr": 0.0,
        "lag_corr_count": 0,
        "consistency_loss_weight_current": 0.3,
        "sparsity_loss_weight_current": 0.2,
        "loss_shares": {
          "main": 0.9255191692515021,
          "constraint_total": 0.07448082897476851,
          "alignment": -0.00193623669739457,
          "lag": 0.0,
          "retention": 0.0
        },
        "mean_mastery_variance": 0.03002052109476198,
        "min_mastery_variance": 0.0188140869140625,
        "max_mastery_variance": 0.036468505859375,
        "per_lag_correlations": []
      },
      {
        "epoch": 2,
        "mastery_correlation": 0.12067030773197622,
        "gain_correlation": -0.03697791928728439,
        "warmup_scale": 0.25,
        "alignment_corr_mastery": 0.013807233422994614,
        "alignment_corr_gain": 0.15897972881793976,
        "global_alignment_mastery_corr": 0.0898945297000076,
        "global_alignment_gain_corr": 0.009982483154065752,
        "effective_alignment_weight": 0.075,
        "peak_mastery_corr": 0.0898945297000076,
        "retention_loss_value": 0.0,
        "mean_lag_corr": 0.0,
        "lag_corr_count": 0,
        "consistency_loss_weight_current": 0.3,
        "sparsity_loss_weight_current": 0.2,
        "loss_shares": {
          "main": 0.9781344840900068,
          "constraint_total": 0.021865516540136493,
          "alignment": -0.018152913202587405,
          "lag": 0.0,
          "retention": 0.0
        },
        "mean_mastery_variance": 0.019188836448550843,
        "min_mastery_variance": 0.0156097412109375,
        "max_mastery_variance": 0.0278472900390625,
        "per_lag_correlations": []
      },
      {
        "epoch": 3,
        "mastery_correlation": 0.1430430392715777,
        "gain_correlation": -0.03769072091225232,
        "warmup_scale": 0.375,
        "alignment_corr_mastery": 0.01722710020840168,
        "alignment_corr_gain": 0.17949096858501434,
        "global_alignment_mastery_corr": 0.10116674216958926,
        "global_alignment_gain_corr": 0.0023645775786523397,
        "effective_alignment_weight": 0.11249999999999999,
        "peak_mastery_corr": 0.10116674216958926,
        "retention_loss_value": 0.0,
        "mean_lag_corr": 0.0,
        "lag_corr_count": 0,
        "consistency_loss_weight_current": 0.3,
        "sparsity_loss_weight_current": 0.2,
        "loss_shares": {
          "main": 0.9839444335364828,
          "constraint_total": 0.016055568527313706,
          "alignment": -0.031960966919442134,
          "lag": 0.0,
          "retention": 0.0
        },
        "mean_mastery_variance": 0.014358876282687014,
        "min_mastery_variance": 0.01308441162109375,
        "max_mastery_variance": 0.016845703125,
        "per_lag_correlations": []
      }
    ]
  },
  "model_config": {
    "num_c": 100,
    "seq_len": 200,
    "d_model": 512,
    "n_heads": 8,
    "num_encoder_blocks": 6,
    "d_ff": 1024,
    "dropout": 0.2,
    "emb_type": "qid",
    "monitor_frequency": 50,
    "use_mastery_head": true,
    "use_gain_head": true,
    "non_negative_loss_weight": 0.0,
    "monotonicity_loss_weight": 0.1,
    "mastery_performance_loss_weight": 0.8,
    "gain_performance_loss_weight": 0.8,
    "sparsity_loss_weight": 0.2,
    "consistency_loss_weight": 0.3
  },
  "training_args": {
    "dataset_name": "assist2015",
    "num_epochs": 3,
    "batch_size": 64,
    "learning_rate": 0.000174,
    "weight_decay": 1.7571e-05,
    "enhanced_constraints": true,
    "fold": 0,
    "constraint_weights": {
      "non_negative_loss_weight": 0.0,
      "monotonicity_loss_weight": 0.1,
      "mastery_performance_loss_weight": 0.8,
      "gain_performance_loss_weight": 0.8,
      "sparsity_loss_weight": 0.2,
      "consistency_loss_weight": 0.3
    },
    "alignment": {
      "enable_alignment_loss": true,
      "alignment_weight": 0.3,
      "alignment_warmup_epochs": 8,
      "adaptive_alignment": true,
      "alignment_min_correlation": 0.05
    },
    "global_alignment": {
      "enable_global_alignment_pass": true,
      "alignment_global_students": 600,
      "use_residual_alignment": true,
      "alignment_residual_window": 5
    },
    "refinement": {
      "enable_retention_loss": true,
      "retention_delta": 0.012,
      "retention_weight": 0.08,
      "enable_lag_gain_loss": true,
      "lag_gain_weight": 0.04,
      "lag_max_lag": 3,
      "lag_l1_weight": 0.5,
      "lag_l2_weight": 0.3,
      "lag_l3_weight": 0.2,
      "enable_cosine_perf_schedule": false,
      "consistency_rebalance_epoch": 8,
      "consistency_rebalance_threshold": 0.1,
      "consistency_rebalance_new_weight": 0.2,
      "variance_floor": 0.0001,
      "variance_floor_patience": 3,
      "variance_floor_reduce_factor": 0.5,
      "alignment_share_cap": 0.08,
      "alignment_share_decay_factor": 0.7
    }
  },
  "timestamp": "2025-10-21T10:33:16.088502"
}