{
  "experiment_name": "full_seed63",
  "best_val_auc": 0.6771632768119202,
  "final_consistency_metrics": {
    "monotonicity_violation_rate": 0.0,
    "negative_gain_rate": 0.0,
    "bounds_violation_rate": 0.0,
    "mastery_correlation": 0.07891642671983452,
    "gain_correlation": 0.0023365326575642896
  },
  "train_history": {
    "train_loss": [
      0.618193636286444,
      0.5669241204780618,
      0.563984656426573
    ],
    "train_auc": [
      0.6228665062400309,
      0.6695350961121349,
      0.6769799014437144
    ],
    "val_auc": [
      0.6678340774190745,
      0.6771632768119202,
      0.6768631018934833
    ],
    "consistency_metrics": [
      {
        "monotonicity_violation_rate": 0.0,
        "negative_gain_rate": 0.0,
        "bounds_violation_rate": 0.0,
        "mastery_correlation": 0.07912079063856349,
        "gain_correlation": 0.018161581672893078
      },
      {
        "monotonicity_violation_rate": 0.0,
        "negative_gain_rate": 0.0,
        "bounds_violation_rate": 0.0,
        "mastery_correlation": 0.12168614191137152,
        "gain_correlation": -0.024531531342059248
      },
      {
        "monotonicity_violation_rate": 0.0,
        "negative_gain_rate": 0.0,
        "bounds_violation_rate": 0.0,
        "mastery_correlation": 0.12784260064451722,
        "gain_correlation": -0.03721631154892351
      }
    ],
    "semantic_trajectory": [
      {
        "epoch": 1,
        "mastery_correlation": 0.07912079063856349,
        "gain_correlation": 0.018161581672893078,
        "warmup_scale": 0.16666666666666666,
        "alignment_corr_mastery": 0.008274500258266926,
        "alignment_corr_gain": 0.054909106343984604,
        "global_alignment_mastery_corr": 0.06821823365206607,
        "global_alignment_gain_corr": 0.018581239624448548,
        "effective_alignment_weight": 0.0275,
        "peak_mastery_corr": 0.06821823365206607,
        "retention_loss_value": 0.0,
        "mean_lag_corr": 0.0,
        "lag_corr_count": 0,
        "consistency_loss_weight_current": 0.3,
        "sparsity_loss_weight_current": 0.2,
        "loss_shares": {
          "main": 0.9123676919990459,
          "constraint_total": 0.08763230930341244,
          "alignment": -0.0011383938578908518,
          "lag": 0.0,
          "retention": 0.0
        },
        "mean_mastery_variance": 0.029680637497976035,
        "min_mastery_variance": 0.0220489501953125,
        "max_mastery_variance": 0.03387451171875,
        "per_lag_correlations": []
      },
      {
        "epoch": 2,
        "mastery_correlation": 0.12168614191137152,
        "gain_correlation": -0.024531531342059248,
        "warmup_scale": 0.3333333333333333,
        "alignment_corr_mastery": 0.014238172210752964,
        "alignment_corr_gain": 0.1422051638364792,
        "global_alignment_mastery_corr": 0.07686599781881039,
        "global_alignment_gain_corr": 0.007111167748177346,
        "effective_alignment_weight": 0.055,
        "peak_mastery_corr": 0.07686599781881039,
        "retention_loss_value": 0.0,
        "mean_lag_corr": 0.0,
        "lag_corr_count": 0,
        "consistency_loss_weight_current": 0.3,
        "sparsity_loss_weight_current": 0.2,
        "loss_shares": {
          "main": 0.958341047049762,
          "constraint_total": 0.041658952321433886,
          "alignment": -0.010699598854295018,
          "lag": 0.0,
          "retention": 0.0
        },
        "mean_mastery_variance": 0.020444326450170015,
        "min_mastery_variance": 0.015655517578125,
        "max_mastery_variance": 0.02862548828125,
        "per_lag_correlations": []
      },
      {
        "epoch": 3,
        "mastery_correlation": 0.12784260064451722,
        "gain_correlation": -0.03721631154892351,
        "warmup_scale": 0.5,
        "alignment_corr_mastery": 0.015904298052191734,
        "alignment_corr_gain": 0.15381063520908356,
        "global_alignment_mastery_corr": 0.10098574969471277,
        "global_alignment_gain_corr": 0.0019896129590051713,
        "effective_alignment_weight": 0.0825,
        "peak_mastery_corr": 0.10098574969471277,
        "retention_loss_value": 0.0,
        "mean_lag_corr": 0.0,
        "lag_corr_count": 0,
        "consistency_loss_weight_current": 0.3,
        "sparsity_loss_weight_current": 0.2,
        "loss_shares": {
          "main": 0.9575487439556287,
          "constraint_total": 0.04245125746896088,
          "alignment": -0.021176282030884327,
          "lag": 0.0,
          "retention": 0.0
        },
        "mean_mastery_variance": 0.015923099814301327,
        "min_mastery_variance": 0.01416015625,
        "max_mastery_variance": 0.0175323486328125,
        "per_lag_correlations": []
      }
    ]
  },
  "model_config": {
    "num_c": 100,
    "seq_len": 200,
    "d_model": 512,
    "n_heads": 8,
    "num_encoder_blocks": 6,
    "d_ff": 1024,
    "dropout": 0.2,
    "emb_type": "qid",
    "monitor_frequency": 50,
    "use_mastery_head": true,
    "use_gain_head": true,
    "non_negative_loss_weight": 0.0,
    "monotonicity_loss_weight": 0.1,
    "mastery_performance_loss_weight": 0.8,
    "gain_performance_loss_weight": 0.8,
    "sparsity_loss_weight": 0.2,
    "consistency_loss_weight": 0.3
  },
  "training_args": {
    "dataset_name": "assist2015",
    "num_epochs": 3,
    "batch_size": 64,
    "learning_rate": 0.000174,
    "weight_decay": 1.7571e-05,
    "enhanced_constraints": true,
    "fold": 0,
    "constraint_weights": {
      "non_negative_loss_weight": 0.0,
      "monotonicity_loss_weight": 0.1,
      "mastery_performance_loss_weight": 0.8,
      "gain_performance_loss_weight": 0.8,
      "sparsity_loss_weight": 0.2,
      "consistency_loss_weight": 0.3
    },
    "alignment": {
      "enable_alignment_loss": true,
      "alignment_weight": 0.22,
      "alignment_warmup_epochs": 8,
      "adaptive_alignment": true,
      "alignment_min_correlation": 0.05
    },
    "global_alignment": {
      "enable_global_alignment_pass": true,
      "alignment_global_students": 600,
      "use_residual_alignment": true,
      "alignment_residual_window": 5
    },
    "refinement": {
      "enable_retention_loss": true,
      "retention_delta": 0.003,
      "retention_weight": 0.15,
      "enable_lag_gain_loss": true,
      "lag_gain_weight": 0.1,
      "lag_max_lag": 5,
      "lag_l1_weight": 0.5,
      "lag_l2_weight": 0.3,
      "lag_l3_weight": 0.2,
      "enable_cosine_perf_schedule": false,
      "consistency_rebalance_epoch": 8,
      "consistency_rebalance_threshold": 0.1,
      "consistency_rebalance_new_weight": 0.2,
      "variance_floor": 0.0001,
      "variance_floor_patience": 3,
      "variance_floor_reduce_factor": 0.5,
      "alignment_share_cap": 0.08,
      "alignment_share_decay_factor": 0.7
    }
  },
  "timestamp": "2025-10-21T10:37:35.444901"
}