{
  "experiment_name": "optimal_v1",
  "best_val_auc": 0.7238689083193884,
  "final_consistency_metrics": {
    "monotonicity_violation_rate": 0.0,
    "negative_gain_rate": 0.0,
    "bounds_violation_rate": 0.0,
    "mastery_correlation": 0.07460331704520612,
    "gain_correlation": 0.029026549005278637
  },
  "train_history": {
    "train_loss": [
      0.5529920390850521,
      0.5346158644078309
    ],
    "train_auc": [
      0.6902525087971138,
      0.7241274592891438
    ],
    "val_auc": [
      0.716040791645298,
      0.7238689083193884
    ],
    "consistency_metrics": [
      {
        "monotonicity_violation_rate": 0.0,
        "negative_gain_rate": 0.0,
        "bounds_violation_rate": 0.0,
        "mastery_correlation": 0.11097390028147978,
        "gain_correlation": -0.008177015106462246
      },
      {
        "monotonicity_violation_rate": 0.0,
        "negative_gain_rate": 0.0,
        "bounds_violation_rate": 0.0,
        "mastery_correlation": 0.09514576773109047,
        "gain_correlation": -0.011504978357252074
      }
    ],
    "semantic_trajectory": [
      {
        "epoch": 1,
        "mastery_correlation": 0.11097390028147978,
        "gain_correlation": -0.008177015106462246,
        "warmup_scale": 0.25,
        "alignment_corr_mastery": 0.025612952187657356,
        "alignment_corr_gain": 0.15644881129264832,
        "global_alignment_mastery_corr": 0.10125361029437045,
        "global_alignment_gain_corr": 0.031265988470064864,
        "effective_alignment_weight": 0.03125,
        "peak_mastery_corr": 0.10125361029437045,
        "retention_loss_value": 0.0,
        "mean_lag_corr": 0.0,
        "lag_corr_count": 0,
        "consistency_loss_weight_current": 0.3,
        "sparsity_loss_weight_current": 0.2,
        "loss_shares": {
          "main": 0.9637656372792212,
          "constraint_total": 0.036234359457155224,
          "alignment": -0.0044183404221084105,
          "lag": 0.0,
          "retention": 0.0
        },
        "mean_mastery_variance": 0.013311627547744025,
        "min_mastery_variance": 0.009841926395893097,
        "max_mastery_variance": 0.03979767858982086,
        "per_lag_correlations": []
      },
      {
        "epoch": 2,
        "mastery_correlation": 0.09514576773109047,
        "gain_correlation": -0.011504978357252074,
        "warmup_scale": 0.5,
        "alignment_corr_mastery": 0.05546939745545387,
        "alignment_corr_gain": 0.187154158949852,
        "global_alignment_mastery_corr": 0.09227966305266212,
        "global_alignment_gain_corr": 0.013943814514495898,
        "effective_alignment_weight": 0.0625,
        "peak_mastery_corr": 0.10125361029437045,
        "retention_loss_value": 0.0,
        "mean_lag_corr": 0.0,
        "lag_corr_count": 0,
        "consistency_loss_weight_current": 0.3,
        "sparsity_loss_weight_current": 0.2,
        "loss_shares": {
          "main": 0.9616331092835517,
          "constraint_total": 0.03836688834709241,
          "alignment": -0.021342187260488362,
          "lag": 0.0,
          "retention": 0.0
        },
        "mean_mastery_variance": 0.009870545914483502,
        "min_mastery_variance": 0.009833058342337608,
        "max_mastery_variance": 0.009922811761498451,
        "per_lag_correlations": []
      }
    ]
  },
  "model_config": {
    "num_c": 100,
    "seq_len": 200,
    "d_model": 512,
    "n_heads": 8,
    "num_encoder_blocks": 6,
    "d_ff": 1024,
    "dropout": 0.2,
    "emb_type": "qid",
    "monitor_frequency": 50,
    "use_mastery_head": true,
    "use_gain_head": true,
    "non_negative_loss_weight": 0.0,
    "monotonicity_loss_weight": 0.1,
    "mastery_performance_loss_weight": 0.8,
    "gain_performance_loss_weight": 0.8,
    "sparsity_loss_weight": 0.2,
    "consistency_loss_weight": 0.3
  },
  "training_args": {
    "dataset_name": "assist2015",
    "num_epochs": 2,
    "batch_size": 64,
    "learning_rate": 0.000174,
    "weight_decay": 1.7571e-05,
    "enhanced_constraints": true,
    "fold": 0
  },
  "timestamp": "2025-10-31T01:05:16.331128"
}