{
  "experiment_name": "full_seed63",
  "best_val_auc": 0.6849073401542001,
  "final_consistency_metrics": {
    "monotonicity_violation_rate": 0.0,
    "negative_gain_rate": 0.0,
    "bounds_violation_rate": 0.0,
    "mastery_correlation": 0.08999306311874147,
    "gain_correlation": 0.00047474680428445616
  },
  "train_history": {
    "train_loss": [
      0.6084112688667416,
      0.5553647736811267,
      0.5519531986874002
    ],
    "train_auc": [
      0.6241949147803525,
      0.6744933474064045,
      0.6795884282545369
    ],
    "val_auc": [
      0.6719217027250013,
      0.6795913739955117,
      0.6849073401542001
    ],
    "consistency_metrics": [
      {
        "monotonicity_violation_rate": 0.0,
        "negative_gain_rate": 0.0,
        "bounds_violation_rate": 0.0,
        "mastery_correlation": 0.08390550036039983,
        "gain_correlation": 0.011764263859731982
      },
      {
        "monotonicity_violation_rate": 0.0,
        "negative_gain_rate": 0.0,
        "bounds_violation_rate": 0.0,
        "mastery_correlation": 0.120482678461983,
        "gain_correlation": -0.024427911013562877
      },
      {
        "monotonicity_violation_rate": 0.0,
        "negative_gain_rate": 0.0,
        "bounds_violation_rate": 0.0,
        "mastery_correlation": 0.14163858840734123,
        "gain_correlation": -0.032333156343477124
      }
    ],
    "semantic_trajectory": [
      {
        "epoch": 1,
        "mastery_correlation": 0.08390550036039983,
        "gain_correlation": 0.011764263859731982,
        "warmup_scale": 0.125,
        "alignment_corr_mastery": 0.00912524200975895,
        "alignment_corr_gain": 0.0779719352722168,
        "global_alignment_mastery_corr": 0.07108607438470547,
        "global_alignment_gain_corr": 0.015914808485346536,
        "effective_alignment_weight": 0.02875,
        "peak_mastery_corr": 0.07108607438470547,
        "retention_loss_value": 0.0,
        "mean_lag_corr": 0.0,
        "lag_corr_count": 0,
        "consistency_loss_weight_current": 0.3,
        "sparsity_loss_weight_current": 0.2,
        "loss_shares": {
          "main": 0.9254801976533517,
          "constraint_total": 0.07451980332391266,
          "alignment": -0.001453839498298159,
          "lag": 0.0,
          "retention": 0.0
        },
        "mean_mastery_variance": 0.030197538860103627,
        "min_mastery_variance": 0.02197265625,
        "max_mastery_variance": 0.03472900390625,
        "per_lag_correlations": []
      },
      {
        "epoch": 2,
        "mastery_correlation": 0.120482678461983,
        "gain_correlation": -0.024427911013562877,
        "warmup_scale": 0.25,
        "alignment_corr_mastery": 0.012995454482734203,
        "alignment_corr_gain": 0.1499279886484146,
        "global_alignment_mastery_corr": 0.07593155967556717,
        "global_alignment_gain_corr": 0.00877648131047863,
        "effective_alignment_weight": 0.0575,
        "peak_mastery_corr": 0.07593155967556717,
        "retention_loss_value": 0.0,
        "mean_lag_corr": 0.0,
        "lag_corr_count": 0,
        "consistency_loss_weight_current": 0.3,
        "sparsity_loss_weight_current": 0.2,
        "loss_shares": {
          "main": 0.9742765450420052,
          "constraint_total": 0.025723453676383044,
          "alignment": -0.01338251881456234,
          "lag": 0.0,
          "retention": 0.0
        },
        "mean_mastery_variance": 0.019117839595814444,
        "min_mastery_variance": 0.01544952392578125,
        "max_mastery_variance": 0.028167724609375,
        "per_lag_correlations": []
      },
      {
        "epoch": 3,
        "mastery_correlation": 0.14163858840734123,
        "gain_correlation": -0.032333156343477124,
        "warmup_scale": 0.375,
        "alignment_corr_mastery": 0.017136314883828163,
        "alignment_corr_gain": 0.17175579071044922,
        "global_alignment_mastery_corr": 0.11220314701529181,
        "global_alignment_gain_corr": 0.0017844585726076426,
        "effective_alignment_weight": 0.08625000000000001,
        "peak_mastery_corr": 0.11220314701529181,
        "retention_loss_value": 0.0,
        "mean_lag_corr": 0.0,
        "lag_corr_count": 0,
        "consistency_loss_weight_current": 0.3,
        "sparsity_loss_weight_current": 0.2,
        "loss_shares": {
          "main": 0.9760871286502886,
          "constraint_total": 0.023912872132174082,
          "alignment": -0.023618183707620265,
          "lag": 0.0,
          "retention": 0.0
        },
        "mean_mastery_variance": 0.01451948887325939,
        "min_mastery_variance": 0.01290130615234375,
        "max_mastery_variance": 0.0178070068359375,
        "per_lag_correlations": []
      }
    ]
  },
  "model_config": {
    "num_c": 100,
    "seq_len": 200,
    "d_model": 512,
    "n_heads": 8,
    "num_encoder_blocks": 6,
    "d_ff": 1024,
    "dropout": 0.2,
    "emb_type": "qid",
    "monitor_frequency": 50,
    "use_mastery_head": true,
    "use_gain_head": true,
    "non_negative_loss_weight": 0.0,
    "monotonicity_loss_weight": 0.1,
    "mastery_performance_loss_weight": 0.8,
    "gain_performance_loss_weight": 0.8,
    "sparsity_loss_weight": 0.2,
    "consistency_loss_weight": 0.3
  },
  "training_args": {
    "dataset_name": "assist2015",
    "num_epochs": 3,
    "batch_size": 64,
    "learning_rate": 0.000174,
    "weight_decay": 1.7571e-05,
    "enhanced_constraints": true,
    "fold": 0,
    "constraint_weights": {
      "non_negative_loss_weight": 0.0,
      "monotonicity_loss_weight": 0.1,
      "mastery_performance_loss_weight": 0.8,
      "gain_performance_loss_weight": 0.8,
      "sparsity_loss_weight": 0.2,
      "consistency_loss_weight": 0.3
    },
    "alignment": {
      "enable_alignment_loss": true,
      "alignment_weight": 0.23,
      "alignment_warmup_epochs": 8,
      "adaptive_alignment": true,
      "alignment_min_correlation": 0.05
    },
    "global_alignment": {
      "enable_global_alignment_pass": true,
      "alignment_global_students": 600,
      "use_residual_alignment": true,
      "alignment_residual_window": 5
    },
    "refinement": {
      "enable_retention_loss": true,
      "retention_delta": 0.008,
      "retention_weight": 0.11,
      "enable_lag_gain_loss": true,
      "lag_gain_weight": 0.08,
      "lag_max_lag": 3,
      "lag_l1_weight": 0.5,
      "lag_l2_weight": 0.3,
      "lag_l3_weight": 0.2,
      "enable_cosine_perf_schedule": false,
      "consistency_rebalance_epoch": 8,
      "consistency_rebalance_threshold": 0.1,
      "consistency_rebalance_new_weight": 0.2,
      "variance_floor": 0.0001,
      "variance_floor_patience": 3,
      "variance_floor_reduce_factor": 0.5,
      "alignment_share_cap": 0.08,
      "alignment_share_decay_factor": 0.7
    }
  },
  "timestamp": "2025-10-21T10:24:23.454188"
}