{
  "experiment_name": "full_seed42",
  "best_val_auc": 0.677380604547442,
  "final_consistency_metrics": {
    "monotonicity_violation_rate": 0.0,
    "negative_gain_rate": 0.0,
    "bounds_violation_rate": 0.0,
    "mastery_correlation": 0.08030725206633763,
    "gain_correlation": 0.010779975852184825
  },
  "train_history": {
    "train_loss": [
      0.637490884627703,
      0.5759049626212046,
      0.5746344398958078
    ],
    "train_auc": [
      0.6184323921318463,
      0.6685358220690729,
      0.6761061854443056
    ],
    "val_auc": [
      0.6666398193242649,
      0.677380604547442,
      0.6767403786448425
    ],
    "consistency_metrics": [
      {
        "monotonicity_violation_rate": 0.0,
        "negative_gain_rate": 0.0,
        "bounds_violation_rate": 0.0,
        "mastery_correlation": 0.07700213764611914,
        "gain_correlation": 0.009392280674579269
      },
      {
        "monotonicity_violation_rate": 0.0,
        "negative_gain_rate": 0.0,
        "bounds_violation_rate": 0.0,
        "mastery_correlation": 0.1260596043956215,
        "gain_correlation": -0.02905497587259283
      },
      {
        "monotonicity_violation_rate": 0.0,
        "negative_gain_rate": 0.0,
        "bounds_violation_rate": 0.0,
        "mastery_correlation": 0.13113129633114085,
        "gain_correlation": -0.030260617782724285
      }
    ],
    "semantic_trajectory": [
      {
        "epoch": 1,
        "mastery_correlation": 0.07700213764611914,
        "gain_correlation": 0.009392280674579269,
        "warmup_scale": 0.25,
        "alignment_corr_mastery": 0.009508347138762474,
        "alignment_corr_gain": 0.07899615168571472,
        "global_alignment_mastery_corr": 0.06736144195174953,
        "global_alignment_gain_corr": 0.02010758681038472,
        "effective_alignment_weight": 0.04,
        "peak_mastery_corr": 0.06736144195174953,
        "retention_loss_value": 0.0,
        "mean_lag_corr": 0.0,
        "lag_corr_count": 0,
        "consistency_loss_weight_current": 0.3,
        "sparsity_loss_weight_current": 0.2,
        "loss_shares": {
          "main": 0.8880960175588806,
          "constraint_total": 0.11190398455446683,
          "alignment": -0.002133740246281585,
          "lag": 0.0,
          "retention": 0.0
        },
        "mean_mastery_variance": 0.027636513191183616,
        "min_mastery_variance": 0.0193634033203125,
        "max_mastery_variance": 0.032470703125,
        "per_lag_correlations": []
      },
      {
        "epoch": 2,
        "mastery_correlation": 0.1260596043956215,
        "gain_correlation": -0.02905497587259283,
        "warmup_scale": 0.5,
        "alignment_corr_mastery": 0.016001630574464798,
        "alignment_corr_gain": 0.15782830119132996,
        "global_alignment_mastery_corr": 0.09276974204098223,
        "global_alignment_gain_corr": 0.011603571218729484,
        "effective_alignment_weight": 0.08,
        "peak_mastery_corr": 0.09276974204098223,
        "retention_loss_value": 0.0,
        "mean_lag_corr": 0.0,
        "lag_corr_count": 0,
        "consistency_loss_weight_current": 0.3,
        "sparsity_loss_weight_current": 0.2,
        "loss_shares": {
          "main": 0.944035491954821,
          "constraint_total": 0.05596450772991926,
          "alignment": -0.016067631781230857,
          "lag": 0.0,
          "retention": 0.0
        },
        "mean_mastery_variance": 0.020001979689523965,
        "min_mastery_variance": 0.01556396484375,
        "max_mastery_variance": 0.02789306640625,
        "per_lag_correlations": []
      },
      {
        "epoch": 3,
        "mastery_correlation": 0.13113129633114085,
        "gain_correlation": -0.030260617782724285,
        "warmup_scale": 0.75,
        "alignment_corr_mastery": 0.018251484259963036,
        "alignment_corr_gain": 0.1592102199792862,
        "global_alignment_mastery_corr": 0.09687938404108233,
        "global_alignment_gain_corr": 0.015013620227715971,
        "effective_alignment_weight": 0.12,
        "peak_mastery_corr": 0.09687938404108233,
        "retention_loss_value": 0.0,
        "mean_lag_corr": 0.0,
        "lag_corr_count": 0,
        "consistency_loss_weight_current": 0.3,
        "sparsity_loss_weight_current": 0.2,
        "loss_shares": {
          "main": 0.9404704994256898,
          "constraint_total": 0.05952950220342953,
          "alignment": -0.030964834550205628,
          "lag": 0.0,
          "retention": 0.0
        },
        "mean_mastery_variance": 0.01569485046702963,
        "min_mastery_variance": 0.01421356201171875,
        "max_mastery_variance": 0.017333984375,
        "per_lag_correlations": []
      }
    ]
  },
  "model_config": {
    "num_c": 100,
    "seq_len": 200,
    "d_model": 512,
    "n_heads": 8,
    "num_encoder_blocks": 6,
    "d_ff": 1024,
    "dropout": 0.2,
    "emb_type": "qid",
    "monitor_frequency": 50,
    "use_mastery_head": true,
    "use_gain_head": true,
    "non_negative_loss_weight": 0.0,
    "monotonicity_loss_weight": 0.1,
    "mastery_performance_loss_weight": 0.8,
    "gain_performance_loss_weight": 0.8,
    "sparsity_loss_weight": 0.2,
    "consistency_loss_weight": 0.3
  },
  "training_args": {
    "dataset_name": "assist2015",
    "num_epochs": 3,
    "batch_size": 64,
    "learning_rate": 0.000174,
    "weight_decay": 1.7571e-05,
    "enhanced_constraints": true,
    "fold": 0,
    "constraint_weights": {
      "non_negative_loss_weight": 0.0,
      "monotonicity_loss_weight": 0.1,
      "mastery_performance_loss_weight": 0.8,
      "gain_performance_loss_weight": 0.8,
      "sparsity_loss_weight": 0.2,
      "consistency_loss_weight": 0.3
    },
    "alignment": {
      "enable_alignment_loss": true,
      "alignment_weight": 0.32,
      "alignment_warmup_epochs": 8,
      "adaptive_alignment": true,
      "alignment_min_correlation": 0.05
    },
    "global_alignment": {
      "enable_global_alignment_pass": true,
      "alignment_global_students": 600,
      "use_residual_alignment": true,
      "alignment_residual_window": 5
    },
    "refinement": {
      "enable_retention_loss": true,
      "retention_delta": 0.002,
      "retention_weight": 0.16,
      "enable_lag_gain_loss": true,
      "lag_gain_weight": 0.06,
      "lag_max_lag": 3,
      "lag_l1_weight": 0.5,
      "lag_l2_weight": 0.3,
      "lag_l3_weight": 0.2,
      "enable_cosine_perf_schedule": false,
      "consistency_rebalance_epoch": 8,
      "consistency_rebalance_threshold": 0.1,
      "consistency_rebalance_new_weight": 0.2,
      "variance_floor": 0.0001,
      "variance_floor_patience": 3,
      "variance_floor_reduce_factor": 0.5,
      "alignment_share_cap": 0.08,
      "alignment_share_decay_factor": 0.7
    }
  },
  "timestamp": "2025-10-21T10:35:31.451684"
}