{
  "experiment_name": "smoke_temporal_s21",
  "best_val_auc": 0.6877464375615288,
  "final_consistency_metrics": {
    "monotonicity_violation_rate": 0.0,
    "negative_gain_rate": 0.0,
    "bounds_violation_rate": 0.0,
    "mastery_correlation": -3.5225829246807407e-06,
    "gain_correlation": 0.09615811325431092
  },
  "train_history": {
    "train_loss": [
      0.590549900896191,
      0.5416375866516884
    ],
    "train_auc": [
      0.6372145248903683,
      0.680814286196409
    ],
    "val_auc": [
      0.6806082072676212,
      0.6877464375615288
    ],
    "consistency_metrics": [
      {
        "monotonicity_violation_rate": 0.0,
        "negative_gain_rate": 0.0,
        "bounds_violation_rate": 0.0,
        "mastery_correlation": 0.20881861329124524,
        "gain_correlation": 0.10471110920133209
      },
      {
        "monotonicity_violation_rate": 0.0,
        "negative_gain_rate": 0.0,
        "bounds_violation_rate": 0.0,
        "mastery_correlation": 0.17761067260276012,
        "gain_correlation": 0.11784772070122071
      }
    ],
    "semantic_trajectory": [
      {
        "epoch": 1,
        "mastery_correlation": 0.20881861329124524,
        "gain_correlation": 0.10471110920133209,
        "warmup_scale": 0.125,
        "alignment_corr_mastery": -0.04710604250431061,
        "alignment_corr_gain": 0.31935587525367737,
        "global_alignment_mastery_corr": 0.06306002161058132,
        "global_alignment_gain_corr": 0.06271334266290068,
        "effective_alignment_weight": 0.03125,
        "peak_mastery_corr": 0.06306002161058132,
        "retention_loss_value": 0.0,
        "mean_lag_corr": 0.0,
        "lag_corr_count": 0,
        "consistency_loss_weight_current": 0.3,
        "sparsity_loss_weight_current": 0.2,
        "loss_shares": {
          "main": 0.9420023677710857,
          "constraint_total": 0.05799763376883567,
          "alignment": -0.005951085745388359,
          "lag": 0.0,
          "retention": 0.0
        },
        "mean_mastery_variance": 0.029197890523801815,
        "min_mastery_variance": 0.020751953125,
        "max_mastery_variance": 0.036041259765625,
        "per_lag_correlations": []
      },
      {
        "epoch": 2,
        "mastery_correlation": 0.17761067260276012,
        "gain_correlation": 0.11784772070122071,
        "warmup_scale": 0.25,
        "alignment_corr_mastery": 0.020682459697127342,
        "alignment_corr_gain": 0.34352725744247437,
        "global_alignment_mastery_corr": 0.03025044882670045,
        "global_alignment_gain_corr": 0.02003789372742176,
        "effective_alignment_weight": 0.0625,
        "peak_mastery_corr": 0.06306002161058132,
        "retention_loss_value": 0.0,
        "mean_lag_corr": 0.0,
        "lag_corr_count": 0,
        "consistency_loss_weight_current": 0.3,
        "sparsity_loss_weight_current": 0.2,
        "loss_shares": {
          "main": 0.9921795225455414,
          "constraint_total": 0.007820480166167107,
          "alignment": -0.029123159231132803,
          "lag": 0.0,
          "retention": 0.0
        },
        "mean_mastery_variance": 0.018245578429859535,
        "min_mastery_variance": 0.01493072509765625,
        "max_mastery_variance": 0.0257110595703125,
        "per_lag_correlations": []
      }
    ],
    "val_acc": [
      0.741905030705895,
      0.7431702498321151
    ]
  },
  "model_config": {
    "num_c": 100,
    "seq_len": 200,
    "d_model": 512,
    "n_heads": 8,
    "num_encoder_blocks": 6,
    "d_ff": 1024,
    "dropout": 0.2,
    "emb_type": "qid",
    "monitor_frequency": 50,
    "use_mastery_head": true,
    "use_gain_head": true,
    "non_negative_loss_weight": 0.0,
    "monotonicity_loss_weight": 0.1,
    "mastery_performance_loss_weight": 0.8,
    "gain_performance_loss_weight": 0.8,
    "sparsity_loss_weight": 0.2,
    "consistency_loss_weight": 0.3
  },
  "training_args": {
    "dataset_name": "assist2015",
    "num_epochs": 2,
    "batch_size": 32,
    "learning_rate": 0.0001,
    "weight_decay": 1.7571e-05,
    "enhanced_constraints": true,
    "fold": 0,
    "constraint_weights": {
      "non_negative_loss_weight": 0.0,
      "monotonicity_loss_weight": 0.1,
      "mastery_performance_loss_weight": 0.8,
      "gain_performance_loss_weight": 0.8,
      "sparsity_loss_weight": 0.2,
      "consistency_loss_weight": 0.3
    },
    "alignment": {
      "enable_alignment_loss": true,
      "alignment_weight": 0.25,
      "alignment_warmup_epochs": 8,
      "adaptive_alignment": true,
      "alignment_min_correlation": 0.05
    },
    "global_alignment": {
      "enable_global_alignment_pass": true,
      "alignment_global_students": 50,
      "use_residual_alignment": false,
      "alignment_residual_window": 5
    },
    "refinement": {
      "enable_retention_loss": true,
      "retention_delta": 0.005,
      "retention_weight": 0.14,
      "enable_lag_gain_loss": true,
      "lag_gain_weight": 0.06,
      "lag_max_lag": 3,
      "lag_l1_weight": 0.5,
      "lag_l2_weight": 0.3,
      "lag_l3_weight": 0.2,
      "enable_cosine_perf_schedule": false,
      "consistency_rebalance_epoch": 8,
      "consistency_rebalance_threshold": 0.1,
      "consistency_rebalance_new_weight": 0.2,
      "variance_floor": 0.0001,
      "variance_floor_patience": 3,
      "variance_floor_reduce_factor": 0.5,
      "alignment_share_cap": 0.08,
      "alignment_share_decay_factor": 0.7
    }
  },
  "timestamp": "2025-10-26T09:47:44.162324"
}