{
  "experiment_name": "full_seed63",
  "best_val_auc": 0.6847190097455008,
  "final_consistency_metrics": {
    "monotonicity_violation_rate": 0.0,
    "negative_gain_rate": 0.0,
    "bounds_violation_rate": 0.0,
    "mastery_correlation": 0.09092229119817802,
    "gain_correlation": 0.0013708772438413468
  },
  "train_history": {
    "train_loss": [
      0.6176751305402252,
      0.5616660372889721,
      0.5585042363312578
    ],
    "train_auc": [
      0.6231786955273452,
      0.6727904798773459,
      0.6792615110306659
    ],
    "val_auc": [
      0.6678110226600279,
      0.6791812033224134,
      0.6847190097455008
    ],
    "consistency_metrics": [
      {
        "monotonicity_violation_rate": 0.0,
        "negative_gain_rate": 0.0,
        "bounds_violation_rate": 0.0,
        "mastery_correlation": 0.08065116626125514,
        "gain_correlation": 0.016722026719009967
      },
      {
        "monotonicity_violation_rate": 0.0,
        "negative_gain_rate": 0.0,
        "bounds_violation_rate": 0.0,
        "mastery_correlation": 0.1222755526800657,
        "gain_correlation": -0.026312438196194186
      },
      {
        "monotonicity_violation_rate": 0.0,
        "negative_gain_rate": 0.0,
        "bounds_violation_rate": 0.0,
        "mastery_correlation": 0.14379567718804467,
        "gain_correlation": -0.029686146515375093
      }
    ],
    "semantic_trajectory": [
      {
        "epoch": 1,
        "mastery_correlation": 0.08065116626125514,
        "gain_correlation": 0.016722026719009967,
        "warmup_scale": 0.16666666666666666,
        "alignment_corr_mastery": 0.00826537236571312,
        "alignment_corr_gain": 0.06147989258170128,
        "global_alignment_mastery_corr": 0.068959578476691,
        "global_alignment_gain_corr": 0.01832295417733197,
        "effective_alignment_weight": 0.03125,
        "peak_mastery_corr": 0.068959578476691,
        "retention_loss_value": 0.0,
        "mean_lag_corr": 0.0,
        "lag_corr_count": 0,
        "consistency_loss_weight_current": 0.3,
        "sparsity_loss_weight_current": 0.2,
        "loss_shares": {
          "main": 0.9127680592975278,
          "constraint_total": 0.08723194017446591,
          "alignment": -0.0014467561263029325,
          "lag": 0.0,
          "retention": 0.0
        },
        "mean_mastery_variance": 0.02965035710310071,
        "min_mastery_variance": 0.0220489501953125,
        "max_mastery_variance": 0.033905029296875,
        "per_lag_correlations": []
      },
      {
        "epoch": 2,
        "mastery_correlation": 0.1222755526800657,
        "gain_correlation": -0.026312438196194186,
        "warmup_scale": 0.3333333333333333,
        "alignment_corr_mastery": 0.01385910902172327,
        "alignment_corr_gain": 0.14821551740169525,
        "global_alignment_mastery_corr": 0.07702353625563167,
        "global_alignment_gain_corr": 0.008024273560537646,
        "effective_alignment_weight": 0.0625,
        "peak_mastery_corr": 0.07702353625563167,
        "retention_loss_value": 0.0,
        "mean_lag_corr": 0.0,
        "lag_corr_count": 0,
        "consistency_loss_weight_current": 0.3,
        "sparsity_loss_weight_current": 0.2,
        "loss_shares": {
          "main": 0.9646723871612506,
          "constraint_total": 0.03532761410168741,
          "alignment": -0.013939273005491736,
          "lag": 0.0,
          "retention": 0.0
        },
        "mean_mastery_variance": 0.018708817081747896,
        "min_mastery_variance": 0.01522064208984375,
        "max_mastery_variance": 0.0286407470703125,
        "per_lag_correlations": []
      },
      {
        "epoch": 3,
        "mastery_correlation": 0.14379567718804467,
        "gain_correlation": -0.029686146515375093,
        "warmup_scale": 0.5,
        "alignment_corr_mastery": 0.01809093728661537,
        "alignment_corr_gain": 0.17133887112140656,
        "global_alignment_mastery_corr": 0.11221440257436674,
        "global_alignment_gain_corr": 0.0017010079588120183,
        "effective_alignment_weight": 0.09375,
        "peak_mastery_corr": 0.11221440257436674,
        "retention_loss_value": 0.0,
        "mean_lag_corr": 0.0,
        "lag_corr_count": 0,
        "consistency_loss_weight_current": 0.3,
        "sparsity_loss_weight_current": 0.2,
        "loss_shares": {
          "main": 0.9648652874342027,
          "constraint_total": 0.03513471174499235,
          "alignment": -0.025529381104691027,
          "lag": 0.0,
          "retention": 0.0
        },
        "mean_mastery_variance": 0.01410279743411998,
        "min_mastery_variance": 0.01276397705078125,
        "max_mastery_variance": 0.017120361328125,
        "per_lag_correlations": []
      }
    ]
  },
  "model_config": {
    "num_c": 100,
    "seq_len": 200,
    "d_model": 512,
    "n_heads": 8,
    "num_encoder_blocks": 6,
    "d_ff": 1024,
    "dropout": 0.2,
    "emb_type": "qid",
    "monitor_frequency": 50,
    "use_mastery_head": true,
    "use_gain_head": true,
    "non_negative_loss_weight": 0.0,
    "monotonicity_loss_weight": 0.1,
    "mastery_performance_loss_weight": 0.8,
    "gain_performance_loss_weight": 0.8,
    "sparsity_loss_weight": 0.2,
    "consistency_loss_weight": 0.3
  },
  "training_args": {
    "dataset_name": "assist2015",
    "num_epochs": 3,
    "batch_size": 64,
    "learning_rate": 0.000174,
    "weight_decay": 1.7571e-05,
    "enhanced_constraints": true,
    "fold": 0,
    "constraint_weights": {
      "non_negative_loss_weight": 0.0,
      "monotonicity_loss_weight": 0.1,
      "mastery_performance_loss_weight": 0.8,
      "gain_performance_loss_weight": 0.8,
      "sparsity_loss_weight": 0.2,
      "consistency_loss_weight": 0.3
    },
    "alignment": {
      "enable_alignment_loss": true,
      "alignment_weight": 0.25,
      "alignment_warmup_epochs": 8,
      "adaptive_alignment": true,
      "alignment_min_correlation": 0.05
    },
    "global_alignment": {
      "enable_global_alignment_pass": true,
      "alignment_global_students": 600,
      "use_residual_alignment": true,
      "alignment_residual_window": 5
    },
    "refinement": {
      "enable_retention_loss": true,
      "retention_delta": 0.005,
      "retention_weight": 0.14,
      "enable_lag_gain_loss": true,
      "lag_gain_weight": 0.1,
      "lag_max_lag": 5,
      "lag_l1_weight": 0.5,
      "lag_l2_weight": 0.3,
      "lag_l3_weight": 0.2,
      "enable_cosine_perf_schedule": false,
      "consistency_rebalance_epoch": 8,
      "consistency_rebalance_threshold": 0.1,
      "consistency_rebalance_new_weight": 0.2,
      "variance_floor": 0.0001,
      "variance_floor_patience": 3,
      "variance_floor_reduce_factor": 0.5,
      "alignment_share_cap": 0.08,
      "alignment_share_decay_factor": 0.7
    }
  },
  "timestamp": "2025-10-21T10:37:34.646507"
}