{
  "experiment_name": "full_seed84",
  "best_val_auc": 0.6862096937711353,
  "final_consistency_metrics": {
    "monotonicity_violation_rate": 0.0,
    "negative_gain_rate": 0.0,
    "bounds_violation_rate": 0.0,
    "mastery_correlation": 0.08732188257760728,
    "gain_correlation": -0.0004022244567714965
  },
  "train_history": {
    "train_loss": [
      0.6175041387118206,
      0.5576407152754037,
      0.5525078677760504
    ],
    "train_auc": [
      0.6148510129637208,
      0.6723261797445239,
      0.679441075102645
    ],
    "val_auc": [
      0.6684228327586847,
      0.6807000396071021,
      0.6862096937711353
    ],
    "consistency_metrics": [
      {
        "monotonicity_violation_rate": 0.0,
        "negative_gain_rate": 0.0,
        "bounds_violation_rate": 0.0,
        "mastery_correlation": 0.07832486508235945,
        "gain_correlation": 0.025143632775894327
      },
      {
        "monotonicity_violation_rate": 0.0,
        "negative_gain_rate": 0.0,
        "bounds_violation_rate": 0.0,
        "mastery_correlation": 0.11795472382564781,
        "gain_correlation": -0.0328140905951037
      },
      {
        "monotonicity_violation_rate": 0.0,
        "negative_gain_rate": 0.0,
        "bounds_violation_rate": 0.0,
        "mastery_correlation": 0.14284298236047666,
        "gain_correlation": -0.03827583967842438
      }
    ],
    "semantic_trajectory": [
      {
        "epoch": 1,
        "mastery_correlation": 0.07832486508235945,
        "gain_correlation": 0.025143632775894327,
        "warmup_scale": 0.125,
        "alignment_corr_mastery": 0.007185318972915411,
        "alignment_corr_gain": 0.0760582685470581,
        "global_alignment_mastery_corr": 0.06180300529076097,
        "global_alignment_gain_corr": 0.037474925130760915,
        "effective_alignment_weight": 0.0275,
        "peak_mastery_corr": 0.06180300529076097,
        "retention_loss_value": 0.0,
        "mean_lag_corr": 0.0,
        "lag_corr_count": 0,
        "consistency_loss_weight_current": 0.3,
        "sparsity_loss_weight_current": 0.2,
        "loss_shares": {
          "main": 0.9208806848912109,
          "constraint_total": 0.0791193158559927,
          "alignment": -0.0007322271097063194,
          "lag": 0.0,
          "retention": 0.0
        },
        "mean_mastery_variance": 0.030241022455877592,
        "min_mastery_variance": 0.0188140869140625,
        "max_mastery_variance": 0.035797119140625,
        "per_lag_correlations": []
      },
      {
        "epoch": 2,
        "mastery_correlation": 0.11795472382564781,
        "gain_correlation": -0.0328140905951037,
        "warmup_scale": 0.25,
        "alignment_corr_mastery": 0.01260300725698471,
        "alignment_corr_gain": 0.1605696976184845,
        "global_alignment_mastery_corr": 0.08785713062044427,
        "global_alignment_gain_corr": 0.013153307847096585,
        "effective_alignment_weight": 0.055,
        "peak_mastery_corr": 0.08785713062044427,
        "retention_loss_value": 0.0,
        "mean_lag_corr": 0.0,
        "lag_corr_count": 0,
        "consistency_loss_weight_current": 0.3,
        "sparsity_loss_weight_current": 0.2,
        "loss_shares": {
          "main": 0.9718455891593382,
          "constraint_total": 0.028154409477205704,
          "alignment": -0.012247589670870227,
          "lag": 0.0,
          "retention": 0.0
        },
        "mean_mastery_variance": 0.01935035824158031,
        "min_mastery_variance": 0.0153045654296875,
        "max_mastery_variance": 0.0297393798828125,
        "per_lag_correlations": []
      },
      {
        "epoch": 3,
        "mastery_correlation": 0.14284298236047666,
        "gain_correlation": -0.03827583967842438,
        "warmup_scale": 0.375,
        "alignment_corr_mastery": 0.016705386340618134,
        "alignment_corr_gain": 0.17454876005649567,
        "global_alignment_mastery_corr": 0.1001649771228161,
        "global_alignment_gain_corr": 0.0023681933192225796,
        "effective_alignment_weight": 0.0825,
        "peak_mastery_corr": 0.1001649771228161,
        "retention_loss_value": 0.0,
        "mean_lag_corr": 0.0,
        "lag_corr_count": 0,
        "consistency_loss_weight_current": 0.3,
        "sparsity_loss_weight_current": 0.2,
        "loss_shares": {
          "main": 0.9751243059223688,
          "constraint_total": 0.024875695719589884,
          "alignment": -0.022622668108488356,
          "lag": 0.0,
          "retention": 0.0
        },
        "mean_mastery_variance": 0.014411570494656736,
        "min_mastery_variance": 0.01288604736328125,
        "max_mastery_variance": 0.01776123046875,
        "per_lag_correlations": []
      }
    ]
  },
  "model_config": {
    "num_c": 100,
    "seq_len": 200,
    "d_model": 512,
    "n_heads": 8,
    "num_encoder_blocks": 6,
    "d_ff": 1024,
    "dropout": 0.2,
    "emb_type": "qid",
    "monitor_frequency": 50,
    "use_mastery_head": true,
    "use_gain_head": true,
    "non_negative_loss_weight": 0.0,
    "monotonicity_loss_weight": 0.1,
    "mastery_performance_loss_weight": 0.8,
    "gain_performance_loss_weight": 0.8,
    "sparsity_loss_weight": 0.2,
    "consistency_loss_weight": 0.3
  },
  "training_args": {
    "dataset_name": "assist2015",
    "num_epochs": 3,
    "batch_size": 64,
    "learning_rate": 0.000174,
    "weight_decay": 1.7571e-05,
    "enhanced_constraints": true,
    "fold": 0,
    "constraint_weights": {
      "non_negative_loss_weight": 0.0,
      "monotonicity_loss_weight": 0.1,
      "mastery_performance_loss_weight": 0.8,
      "gain_performance_loss_weight": 0.8,
      "sparsity_loss_weight": 0.2,
      "consistency_loss_weight": 0.3
    },
    "alignment": {
      "enable_alignment_loss": true,
      "alignment_weight": 0.22,
      "alignment_warmup_epochs": 8,
      "adaptive_alignment": true,
      "alignment_min_correlation": 0.05
    },
    "global_alignment": {
      "enable_global_alignment_pass": true,
      "alignment_global_students": 600,
      "use_residual_alignment": true,
      "alignment_residual_window": 5
    },
    "refinement": {
      "enable_retention_loss": true,
      "retention_delta": 0.007,
      "retention_weight": 0.12,
      "enable_lag_gain_loss": true,
      "lag_gain_weight": 0.08,
      "lag_max_lag": 3,
      "lag_l1_weight": 0.5,
      "lag_l2_weight": 0.3,
      "lag_l3_weight": 0.2,
      "enable_cosine_perf_schedule": false,
      "consistency_rebalance_epoch": 8,
      "consistency_rebalance_threshold": 0.1,
      "consistency_rebalance_new_weight": 0.2,
      "variance_floor": 0.0001,
      "variance_floor_patience": 3,
      "variance_floor_reduce_factor": 0.5,
      "alignment_share_cap": 0.08,
      "alignment_share_decay_factor": 0.7
    }
  },
  "timestamp": "2025-10-21T10:26:34.899060"
}