{
  "experiment_name": "full_seed63",
  "best_val_auc": 0.6848007988080047,
  "final_consistency_metrics": {
    "monotonicity_violation_rate": 0.0,
    "negative_gain_rate": 0.0,
    "bounds_violation_rate": 0.0,
    "mastery_correlation": 0.08964923914680718,
    "gain_correlation": 0.0008148327700410244
  },
  "train_history": {
    "train_loss": [
      0.6084051166173707,
      0.5550666678445945,
      0.5514040254249474
    ],
    "train_auc": [
      0.6241502373446913,
      0.6744702544181805,
      0.6795713404681867
    ],
    "val_auc": [
      0.6719442624137437,
      0.6793947000512129,
      0.6848007988080047
    ],
    "consistency_metrics": [
      {
        "monotonicity_violation_rate": 0.0,
        "negative_gain_rate": 0.0,
        "bounds_violation_rate": 0.0,
        "mastery_correlation": 0.08444201194716894,
        "gain_correlation": 0.010965533332588002
      },
      {
        "monotonicity_violation_rate": 0.0,
        "negative_gain_rate": 0.0,
        "bounds_violation_rate": 0.0,
        "mastery_correlation": 0.11975316589234837,
        "gain_correlation": -0.024497479804018996
      },
      {
        "monotonicity_violation_rate": 0.0,
        "negative_gain_rate": 0.0,
        "bounds_violation_rate": 0.0,
        "mastery_correlation": 0.1415370872392036,
        "gain_correlation": -0.03156974604382957
      }
    ],
    "semantic_trajectory": [
      {
        "epoch": 1,
        "mastery_correlation": 0.08444201194716894,
        "gain_correlation": 0.010965533332588002,
        "warmup_scale": 0.125,
        "alignment_corr_mastery": 0.00915500894188881,
        "alignment_corr_gain": 0.07974062114953995,
        "global_alignment_mastery_corr": 0.07133724199336333,
        "global_alignment_gain_corr": 0.015473243886614606,
        "effective_alignment_weight": 0.03,
        "peak_mastery_corr": 0.07133724199336333,
        "retention_loss_value": 0.0,
        "mean_lag_corr": 0.0,
        "lag_corr_count": 0,
        "consistency_loss_weight_current": 0.3,
        "sparsity_loss_weight_current": 0.2,
        "loss_shares": {
          "main": 0.925528379710461,
          "constraint_total": 0.07447161943331176,
          "alignment": -0.0015607484898867347,
          "lag": 0.0,
          "retention": 0.0
        },
        "mean_mastery_variance": 0.03019492984435719,
        "min_mastery_variance": 0.02197265625,
        "max_mastery_variance": 0.03472900390625,
        "per_lag_correlations": []
      },
      {
        "epoch": 2,
        "mastery_correlation": 0.11975316589234837,
        "gain_correlation": -0.024497479804018996,
        "warmup_scale": 0.25,
        "alignment_corr_mastery": 0.013033583760261536,
        "alignment_corr_gain": 0.14767363667488098,
        "global_alignment_mastery_corr": 0.07589013694711563,
        "global_alignment_gain_corr": 0.008816948873184932,
        "effective_alignment_weight": 0.06,
        "peak_mastery_corr": 0.07589013694711563,
        "retention_loss_value": 0.0,
        "mean_lag_corr": 0.0,
        "lag_corr_count": 0,
        "consistency_loss_weight_current": 0.3,
        "sparsity_loss_weight_current": 0.2,
        "loss_shares": {
          "main": 0.9748265035552592,
          "constraint_total": 0.025173495557997524,
          "alignment": -0.014048626083981781,
          "lag": 0.0,
          "retention": 0.0
        },
        "mean_mastery_variance": 0.019164960001416775,
        "min_mastery_variance": 0.01551055908203125,
        "max_mastery_variance": 0.0281829833984375,
        "per_lag_correlations": []
      },
      {
        "epoch": 3,
        "mastery_correlation": 0.1415370872392036,
        "gain_correlation": -0.03156974604382957,
        "warmup_scale": 0.375,
        "alignment_corr_mastery": 0.01722174510359764,
        "alignment_corr_gain": 0.1707952618598938,
        "global_alignment_mastery_corr": 0.11146132525716287,
        "global_alignment_gain_corr": 0.0017707490791993527,
        "effective_alignment_weight": 0.09,
        "peak_mastery_corr": 0.11146132525716287,
        "retention_loss_value": 0.0,
        "mean_lag_corr": 0.0,
        "lag_corr_count": 0,
        "consistency_loss_weight_current": 0.3,
        "sparsity_loss_weight_current": 0.2,
        "loss_shares": {
          "main": 0.9770649450434356,
          "constraint_total": 0.022935055822943782,
          "alignment": -0.024710297896379203,
          "lag": 0.0,
          "retention": 0.0
        },
        "mean_mastery_variance": 0.014567202236985913,
        "min_mastery_variance": 0.01296234130859375,
        "max_mastery_variance": 0.0177764892578125,
        "per_lag_correlations": []
      }
    ]
  },
  "model_config": {
    "num_c": 100,
    "seq_len": 200,
    "d_model": 512,
    "n_heads": 8,
    "num_encoder_blocks": 6,
    "d_ff": 1024,
    "dropout": 0.2,
    "emb_type": "qid",
    "monitor_frequency": 50,
    "use_mastery_head": true,
    "use_gain_head": true,
    "non_negative_loss_weight": 0.0,
    "monotonicity_loss_weight": 0.1,
    "mastery_performance_loss_weight": 0.8,
    "gain_performance_loss_weight": 0.8,
    "sparsity_loss_weight": 0.2,
    "consistency_loss_weight": 0.3
  },
  "training_args": {
    "dataset_name": "assist2015",
    "num_epochs": 3,
    "batch_size": 64,
    "learning_rate": 0.000174,
    "weight_decay": 1.7571e-05,
    "enhanced_constraints": true,
    "fold": 0,
    "constraint_weights": {
      "non_negative_loss_weight": 0.0,
      "monotonicity_loss_weight": 0.1,
      "mastery_performance_loss_weight": 0.8,
      "gain_performance_loss_weight": 0.8,
      "sparsity_loss_weight": 0.2,
      "consistency_loss_weight": 0.3
    },
    "alignment": {
      "enable_alignment_loss": true,
      "alignment_weight": 0.24,
      "alignment_warmup_epochs": 8,
      "adaptive_alignment": true,
      "alignment_min_correlation": 0.05
    },
    "global_alignment": {
      "enable_global_alignment_pass": true,
      "alignment_global_students": 600,
      "use_residual_alignment": true,
      "alignment_residual_window": 5
    },
    "refinement": {
      "enable_retention_loss": true,
      "retention_delta": 0.0075,
      "retention_weight": 0.115,
      "enable_lag_gain_loss": true,
      "lag_gain_weight": 0.065,
      "lag_max_lag": 3,
      "lag_l1_weight": 0.5,
      "lag_l2_weight": 0.3,
      "lag_l3_weight": 0.2,
      "enable_cosine_perf_schedule": false,
      "consistency_rebalance_epoch": 8,
      "consistency_rebalance_threshold": 0.1,
      "consistency_rebalance_new_weight": 0.2,
      "variance_floor": 0.0001,
      "variance_floor_patience": 3,
      "variance_floor_reduce_factor": 0.5,
      "alignment_share_cap": 0.08,
      "alignment_share_decay_factor": 0.7
    }
  },
  "timestamp": "2025-10-21T10:31:05.536733"
}