{
  "experiment_name": "full_seed84",
  "best_val_auc": 0.6637512488764182,
  "final_consistency_metrics": {
    "monotonicity_violation_rate": 0.0,
    "negative_gain_rate": 0.0,
    "bounds_violation_rate": 0.0,
    "mastery_correlation": 0.03707584258579428,
    "gain_correlation": 0.002644111722428398
  },
  "train_history": {
    "train_loss": [
      0.6520267388363576,
      0.5973195733184024,
      0.6070734775128143
    ],
    "train_auc": [
      0.6062953468334342,
      0.65931675728459,
      0.6613524665938206
    ],
    "val_auc": [
      0.6562201044346128,
      0.6637512488764182,
      0.663422407663243
    ],
    "consistency_metrics": [
      {
        "monotonicity_violation_rate": 0.0,
        "negative_gain_rate": 0.0,
        "bounds_violation_rate": 0.0,
        "mastery_correlation": 0.0706361305272627,
        "gain_correlation": 0.012582880232597479
      },
      {
        "monotonicity_violation_rate": 0.0,
        "negative_gain_rate": 0.0,
        "bounds_violation_rate": 0.0,
        "mastery_correlation": 0.07295084275751394,
        "gain_correlation": 0.019316517818858906
      },
      {
        "monotonicity_violation_rate": 0.0,
        "negative_gain_rate": 0.0,
        "bounds_violation_rate": 0.0,
        "mastery_correlation": 0.07745903743142724,
        "gain_correlation": 0.021932965610711338
      }
    ],
    "semantic_trajectory": [
      {
        "epoch": 1,
        "mastery_correlation": 0.0706361305272627,
        "gain_correlation": 0.012582880232597479,
        "warmup_scale": 0.25,
        "alignment_corr_mastery": 0.006954714190214872,
        "alignment_corr_gain": 0.01716211996972561,
        "global_alignment_mastery_corr": 0.05701837116503157,
        "global_alignment_gain_corr": 0.03419653596705757,
        "effective_alignment_weight": 0.0225,
        "peak_mastery_corr": 0.05701837116503157,
        "retention_loss_value": 0.0,
        "mean_lag_corr": 0.0,
        "lag_corr_count": 0,
        "consistency_loss_weight_current": 0.3,
        "sparsity_loss_weight_current": 0.2,
        "loss_shares": {
          "main": 0.8806886674194576,
          "constraint_total": 0.11931133151602279,
          "alignment": -9.261392416228443e-06,
          "lag": 0.0,
          "retention": 0.0
        },
        "mean_mastery_variance": 0.0291287120759796,
        "min_mastery_variance": 0.0189208984375,
        "max_mastery_variance": 0.033782958984375,
        "per_lag_correlations": []
      },
      {
        "epoch": 2,
        "mastery_correlation": 0.07295084275751394,
        "gain_correlation": 0.019316517818858906,
        "warmup_scale": 0.5,
        "alignment_corr_mastery": 0.014347621239721775,
        "alignment_corr_gain": 0.03392384573817253,
        "global_alignment_mastery_corr": 0.05645635432804738,
        "global_alignment_gain_corr": 0.03128597219198734,
        "effective_alignment_weight": 0.045,
        "peak_mastery_corr": 0.05701837116503157,
        "retention_loss_value": 0.0,
        "mean_lag_corr": 0.0,
        "lag_corr_count": 0,
        "consistency_loss_weight_current": 0.3,
        "sparsity_loss_weight_current": 0.2,
        "loss_shares": {
          "main": 0.9184328549707742,
          "constraint_total": 0.08156714285389725,
          "alignment": -0.002300774368863147,
          "lag": 0.0,
          "retention": 0.0
        },
        "mean_mastery_variance": 0.0222828128794932,
        "min_mastery_variance": 0.01885986328125,
        "max_mastery_variance": 0.0289764404296875,
        "per_lag_correlations": []
      },
      {
        "epoch": 3,
        "mastery_correlation": 0.07745903743142724,
        "gain_correlation": 0.021932965610711338,
        "warmup_scale": 0.75,
        "alignment_corr_mastery": 0.01665716990828514,
        "alignment_corr_gain": 0.04666874557733536,
        "global_alignment_mastery_corr": 0.059462526540058507,
        "global_alignment_gain_corr": 0.014219516331456059,
        "effective_alignment_weight": 0.0675,
        "peak_mastery_corr": 0.059462526540058507,
        "retention_loss_value": 0.0,
        "mean_lag_corr": 0.0,
        "lag_corr_count": 0,
        "consistency_loss_weight_current": 0.3,
        "sparsity_loss_weight_current": 0.2,
        "loss_shares": {
          "main": 0.9024083348572645,
          "constraint_total": 0.09759166137289293,
          "alignment": -0.005134413646098503,
          "lag": 0.0,
          "retention": 0.0
        },
        "mean_mastery_variance": 0.019096414042260364,
        "min_mastery_variance": 0.0176239013671875,
        "max_mastery_variance": 0.0213623046875,
        "per_lag_correlations": []
      }
    ]
  },
  "model_config": {
    "num_c": 100,
    "seq_len": 200,
    "d_model": 512,
    "n_heads": 8,
    "num_encoder_blocks": 6,
    "d_ff": 1024,
    "dropout": 0.2,
    "emb_type": "qid",
    "monitor_frequency": 50,
    "use_mastery_head": true,
    "use_gain_head": true,
    "non_negative_loss_weight": 0.0,
    "monotonicity_loss_weight": 0.1,
    "mastery_performance_loss_weight": 0.8,
    "gain_performance_loss_weight": 0.8,
    "sparsity_loss_weight": 0.2,
    "consistency_loss_weight": 0.3
  },
  "training_args": {
    "dataset_name": "assist2015",
    "num_epochs": 3,
    "batch_size": 64,
    "learning_rate": 0.000174,
    "weight_decay": 1.7571e-05,
    "enhanced_constraints": true,
    "fold": 0,
    "constraint_weights": {
      "non_negative_loss_weight": 0.0,
      "monotonicity_loss_weight": 0.1,
      "mastery_performance_loss_weight": 0.8,
      "gain_performance_loss_weight": 0.8,
      "sparsity_loss_weight": 0.2,
      "consistency_loss_weight": 0.3
    },
    "alignment": {
      "enable_alignment_loss": true,
      "alignment_weight": 0.18,
      "alignment_warmup_epochs": 8,
      "adaptive_alignment": true,
      "alignment_min_correlation": 0.05
    },
    "global_alignment": {
      "enable_global_alignment_pass": true,
      "alignment_global_students": 600,
      "use_residual_alignment": true,
      "alignment_residual_window": 5
    },
    "refinement": {
      "enable_retention_loss": true,
      "retention_delta": 0.002,
      "retention_weight": 0.14,
      "enable_lag_gain_loss": true,
      "lag_gain_weight": 0.06,
      "lag_max_lag": 3,
      "lag_l1_weight": 0.5,
      "lag_l2_weight": 0.3,
      "lag_l3_weight": 0.2,
      "enable_cosine_perf_schedule": false,
      "consistency_rebalance_epoch": 8,
      "consistency_rebalance_threshold": 0.1,
      "consistency_rebalance_new_weight": 0.2,
      "variance_floor": 0.0001,
      "variance_floor_patience": 3,
      "variance_floor_reduce_factor": 0.5,
      "alignment_share_cap": 0.08,
      "alignment_share_decay_factor": 0.7
    }
  },
  "timestamp": "2025-10-21T10:39:56.950529"
}