{
  "experiment_name": "full_seed84",
  "best_val_auc": 0.6848318862674645,
  "final_consistency_metrics": {
    "monotonicity_violation_rate": 0.0,
    "negative_gain_rate": 0.0,
    "bounds_violation_rate": 0.0,
    "mastery_correlation": 0.09052194876101677,
    "gain_correlation": -0.0037024040423235816
  },
  "train_history": {
    "train_loss": [
      0.6370459918531112,
      0.5759340212752782,
      0.5703495842805181
    ],
    "train_auc": [
      0.6155209140588837,
      0.6682839891196843,
      0.6775857407387041
    ],
    "val_auc": [
      0.6683452421879248,
      0.6773507958964494,
      0.6848318862674645
    ],
    "consistency_metrics": [
      {
        "monotonicity_violation_rate": 0.0,
        "negative_gain_rate": 0.0,
        "bounds_violation_rate": 0.0,
        "mastery_correlation": 0.0763670987197822,
        "gain_correlation": 0.017748904465679158
      },
      {
        "monotonicity_violation_rate": 0.0,
        "negative_gain_rate": 0.0,
        "bounds_violation_rate": 0.0,
        "mastery_correlation": 0.12273557917379133,
        "gain_correlation": -0.032617087767758145
      },
      {
        "monotonicity_violation_rate": 0.0,
        "negative_gain_rate": 0.0,
        "bounds_violation_rate": 0.0,
        "mastery_correlation": 0.14724404203884062,
        "gain_correlation": -0.041253267909150626
      }
    ],
    "semantic_trajectory": [
      {
        "epoch": 1,
        "mastery_correlation": 0.0763670987197822,
        "gain_correlation": 0.017748904465679158,
        "warmup_scale": 0.25,
        "alignment_corr_mastery": 0.00950924027711153,
        "alignment_corr_gain": 0.0648847222328186,
        "global_alignment_mastery_corr": 0.060005486849719694,
        "global_alignment_gain_corr": 0.03301885963160506,
        "effective_alignment_weight": 0.04,
        "peak_mastery_corr": 0.060005486849719694,
        "retention_loss_value": 0.0,
        "mean_lag_corr": 0.0,
        "lag_corr_count": 0,
        "consistency_loss_weight_current": 0.3,
        "sparsity_loss_weight_current": 0.2,
        "loss_shares": {
          "main": 0.891238327487546,
          "constraint_total": 0.10876167535655297,
          "alignment": -0.0012548628328958946,
          "lag": 0.0,
          "retention": 0.0
        },
        "mean_mastery_variance": 0.028193182278173575,
        "min_mastery_variance": 0.0189208984375,
        "max_mastery_variance": 0.033538818359375,
        "per_lag_correlations": []
      },
      {
        "epoch": 2,
        "mastery_correlation": 0.12273557917379133,
        "gain_correlation": -0.032617087767758145,
        "warmup_scale": 0.5,
        "alignment_corr_mastery": 0.014868944883346558,
        "alignment_corr_gain": 0.15932707488536835,
        "global_alignment_mastery_corr": 0.0906608245458483,
        "global_alignment_gain_corr": 0.009961409321525328,
        "effective_alignment_weight": 0.08,
        "peak_mastery_corr": 0.0906608245458483,
        "retention_loss_value": 0.0,
        "mean_lag_corr": 0.0,
        "lag_corr_count": 0,
        "consistency_loss_weight_current": 0.3,
        "sparsity_loss_weight_current": 0.2,
        "loss_shares": {
          "main": 0.9442044872809818,
          "constraint_total": 0.055795513907728266,
          "alignment": -0.015846975201181134,
          "lag": 0.0,
          "retention": 0.0
        },
        "mean_mastery_variance": 0.019315729487127592,
        "min_mastery_variance": 0.0151824951171875,
        "max_mastery_variance": 0.0275115966796875,
        "per_lag_correlations": []
      },
      {
        "epoch": 3,
        "mastery_correlation": 0.14724404203884062,
        "gain_correlation": -0.041253267909150626,
        "warmup_scale": 0.75,
        "alignment_corr_mastery": 0.019209086894989014,
        "alignment_corr_gain": 0.1746402382850647,
        "global_alignment_mastery_corr": 0.10366381191122248,
        "global_alignment_gain_corr": -0.00029971216761623507,
        "effective_alignment_weight": 0.12,
        "peak_mastery_corr": 0.10366381191122248,
        "retention_loss_value": 0.0,
        "mean_lag_corr": 0.0,
        "lag_corr_count": 0,
        "consistency_loss_weight_current": 0.3,
        "sparsity_loss_weight_current": 0.2,
        "loss_shares": {
          "main": 0.9460822226735521,
          "constraint_total": 0.0539177772756841,
          "alignment": -0.03248959697774264,
          "lag": 0.0,
          "retention": 0.0
        },
        "mean_mastery_variance": 0.013430738696162564,
        "min_mastery_variance": 0.0122833251953125,
        "max_mastery_variance": 0.0165557861328125,
        "per_lag_correlations": []
      }
    ]
  },
  "model_config": {
    "num_c": 100,
    "seq_len": 200,
    "d_model": 512,
    "n_heads": 8,
    "num_encoder_blocks": 6,
    "d_ff": 1024,
    "dropout": 0.2,
    "emb_type": "qid",
    "monitor_frequency": 50,
    "use_mastery_head": true,
    "use_gain_head": true,
    "non_negative_loss_weight": 0.0,
    "monotonicity_loss_weight": 0.1,
    "mastery_performance_loss_weight": 0.8,
    "gain_performance_loss_weight": 0.8,
    "sparsity_loss_weight": 0.2,
    "consistency_loss_weight": 0.3
  },
  "training_args": {
    "dataset_name": "assist2015",
    "num_epochs": 3,
    "batch_size": 64,
    "learning_rate": 0.000174,
    "weight_decay": 1.7571e-05,
    "enhanced_constraints": true,
    "fold": 0,
    "constraint_weights": {
      "non_negative_loss_weight": 0.0,
      "monotonicity_loss_weight": 0.1,
      "mastery_performance_loss_weight": 0.8,
      "gain_performance_loss_weight": 0.8,
      "sparsity_loss_weight": 0.2,
      "consistency_loss_weight": 0.3
    },
    "alignment": {
      "enable_alignment_loss": true,
      "alignment_weight": 0.32,
      "alignment_warmup_epochs": 8,
      "adaptive_alignment": true,
      "alignment_min_correlation": 0.05
    },
    "global_alignment": {
      "enable_global_alignment_pass": true,
      "alignment_global_students": 600,
      "use_residual_alignment": true,
      "alignment_residual_window": 5
    },
    "refinement": {
      "enable_retention_loss": true,
      "retention_delta": 0.002,
      "retention_weight": 0.16,
      "enable_lag_gain_loss": true,
      "lag_gain_weight": 0.06,
      "lag_max_lag": 3,
      "lag_l1_weight": 0.5,
      "lag_l2_weight": 0.3,
      "lag_l3_weight": 0.2,
      "enable_cosine_perf_schedule": false,
      "consistency_rebalance_epoch": 8,
      "consistency_rebalance_threshold": 0.1,
      "consistency_rebalance_new_weight": 0.2,
      "variance_floor": 0.0001,
      "variance_floor_patience": 3,
      "variance_floor_reduce_factor": 0.5,
      "alignment_share_cap": 0.08,
      "alignment_share_decay_factor": 0.7
    }
  },
  "timestamp": "2025-10-21T10:39:46.420427"
}