{
  "experiment_name": "full_seed84",
  "best_val_auc": 0.6865179871036502,
  "final_consistency_metrics": {
    "monotonicity_violation_rate": 0.0,
    "negative_gain_rate": 0.0,
    "bounds_violation_rate": 0.0,
    "mastery_correlation": 0.0865828897337925,
    "gain_correlation": -0.0010456133442248764
  },
  "train_history": {
    "train_loss": [
      0.6114753648407101,
      0.5543407184781188,
      0.5487309759144956
    ],
    "train_auc": [
      0.6195587525749564,
      0.6740714396901863,
      0.6807213584749854
    ],
    "val_auc": [
      0.6738617507357865,
      0.677888922785195,
      0.6865179871036502
    ],
    "consistency_metrics": [
      {
        "monotonicity_violation_rate": 0.0,
        "negative_gain_rate": 0.0,
        "bounds_violation_rate": 0.0,
        "mastery_correlation": 0.08398448377614802,
        "gain_correlation": 0.009505351290167042
      },
      {
        "monotonicity_violation_rate": 0.0,
        "negative_gain_rate": 0.0,
        "bounds_violation_rate": 0.0,
        "mastery_correlation": 0.12196018179703423,
        "gain_correlation": -0.037809344552756766
      },
      {
        "monotonicity_violation_rate": 0.0,
        "negative_gain_rate": 0.0,
        "bounds_violation_rate": 0.0,
        "mastery_correlation": 0.1424437442805436,
        "gain_correlation": -0.03959236426019759
      }
    ],
    "semantic_trajectory": [
      {
        "epoch": 1,
        "mastery_correlation": 0.08398448377614802,
        "gain_correlation": 0.009505351290167042,
        "warmup_scale": 0.125,
        "alignment_corr_mastery": 0.00895619299262762,
        "alignment_corr_gain": 0.11305014044046402,
        "global_alignment_mastery_corr": 0.06517372369598888,
        "global_alignment_gain_corr": 0.03222644631297044,
        "effective_alignment_weight": 0.03375,
        "peak_mastery_corr": 0.06517372369598888,
        "retention_loss_value": 0.0,
        "mean_lag_corr": 0.0,
        "lag_corr_count": 0,
        "consistency_loss_weight_current": 0.3,
        "sparsity_loss_weight_current": 0.2,
        "loss_shares": {
          "main": 0.9252944930484983,
          "constraint_total": 0.0747055089722235,
          "alignment": -0.001578386570808929,
          "lag": 0.0,
          "retention": 0.0
        },
        "mean_mastery_variance": 0.030019730483929728,
        "min_mastery_variance": 0.0188140869140625,
        "max_mastery_variance": 0.0364990234375,
        "per_lag_correlations": []
      },
      {
        "epoch": 2,
        "mastery_correlation": 0.12196018179703423,
        "gain_correlation": -0.037809344552756766,
        "warmup_scale": 0.25,
        "alignment_corr_mastery": 0.01382556464523077,
        "alignment_corr_gain": 0.1575414538383484,
        "global_alignment_mastery_corr": 0.09028267027165081,
        "global_alignment_gain_corr": 0.01063215127681057,
        "effective_alignment_weight": 0.0675,
        "peak_mastery_corr": 0.09028267027165081,
        "retention_loss_value": 0.0,
        "mean_lag_corr": 0.0,
        "lag_corr_count": 0,
        "consistency_loss_weight_current": 0.3,
        "sparsity_loss_weight_current": 0.2,
        "loss_shares": {
          "main": 0.9762292237287024,
          "constraint_total": 0.023770777237546524,
          "alignment": -0.016099866185061668,
          "lag": 0.0,
          "retention": 0.0
        },
        "mean_mastery_variance": 0.019132624018377592,
        "min_mastery_variance": 0.0155181884765625,
        "max_mastery_variance": 0.0279693603515625,
        "per_lag_correlations": []
      },
      {
        "epoch": 3,
        "mastery_correlation": 0.1424437442805436,
        "gain_correlation": -0.03959236426019759,
        "warmup_scale": 0.375,
        "alignment_corr_mastery": 0.016891878098249435,
        "alignment_corr_gain": 0.17827677726745605,
        "global_alignment_mastery_corr": 0.10006141920428491,
        "global_alignment_gain_corr": 0.0028037205578099627,
        "effective_alignment_weight": 0.10125,
        "peak_mastery_corr": 0.10006141920428491,
        "retention_loss_value": 0.0,
        "mean_lag_corr": 0.0,
        "lag_corr_count": 0,
        "consistency_loss_weight_current": 0.3,
        "sparsity_loss_weight_current": 0.2,
        "loss_shares": {
          "main": 0.9808462280236879,
          "constraint_total": 0.01915377536197779,
          "alignment": -0.0285379556428899,
          "lag": 0.0,
          "retention": 0.0
        },
        "mean_mastery_variance": 0.014245344567175355,
        "min_mastery_variance": 0.01287841796875,
        "max_mastery_variance": 0.01678466796875,
        "per_lag_correlations": []
      }
    ]
  },
  "model_config": {
    "num_c": 100,
    "seq_len": 200,
    "d_model": 512,
    "n_heads": 8,
    "num_encoder_blocks": 6,
    "d_ff": 1024,
    "dropout": 0.2,
    "emb_type": "qid",
    "monitor_frequency": 50,
    "use_mastery_head": true,
    "use_gain_head": true,
    "non_negative_loss_weight": 0.0,
    "monotonicity_loss_weight": 0.1,
    "mastery_performance_loss_weight": 0.8,
    "gain_performance_loss_weight": 0.8,
    "sparsity_loss_weight": 0.2,
    "consistency_loss_weight": 0.3
  },
  "training_args": {
    "dataset_name": "assist2015",
    "num_epochs": 3,
    "batch_size": 64,
    "learning_rate": 0.000174,
    "weight_decay": 1.7571e-05,
    "enhanced_constraints": true,
    "fold": 0,
    "constraint_weights": {
      "non_negative_loss_weight": 0.0,
      "monotonicity_loss_weight": 0.1,
      "mastery_performance_loss_weight": 0.8,
      "gain_performance_loss_weight": 0.8,
      "sparsity_loss_weight": 0.2,
      "consistency_loss_weight": 0.3
    },
    "alignment": {
      "enable_alignment_loss": true,
      "alignment_weight": 0.27,
      "alignment_warmup_epochs": 8,
      "adaptive_alignment": true,
      "alignment_min_correlation": 0.05
    },
    "global_alignment": {
      "enable_global_alignment_pass": true,
      "alignment_global_students": 600,
      "use_residual_alignment": true,
      "alignment_residual_window": 5
    },
    "refinement": {
      "enable_retention_loss": true,
      "retention_delta": 0.005,
      "retention_weight": 0.15,
      "enable_lag_gain_loss": true,
      "lag_gain_weight": 0.06,
      "lag_max_lag": 3,
      "lag_l1_weight": 0.5,
      "lag_l2_weight": 0.3,
      "lag_l3_weight": 0.2,
      "enable_cosine_perf_schedule": false,
      "consistency_rebalance_epoch": 8,
      "consistency_rebalance_threshold": 0.1,
      "consistency_rebalance_new_weight": 0.2,
      "variance_floor": 0.0001,
      "variance_floor_patience": 3,
      "variance_floor_reduce_factor": 0.5,
      "alignment_share_cap": 0.08,
      "alignment_share_decay_factor": 0.7
    }
  },
  "timestamp": "2025-10-21T10:26:41.488771"
}