{
  "experiment_name": "full_seed63",
  "best_val_auc": 0.6849037387024648,
  "final_consistency_metrics": {
    "monotonicity_violation_rate": 0.0,
    "negative_gain_rate": 0.0,
    "bounds_violation_rate": 0.0,
    "mastery_correlation": 0.08902919342189791,
    "gain_correlation": 0.001269092050984059
  },
  "train_history": {
    "train_loss": [
      0.6064929835536937,
      0.5545647638449397,
      0.550866145080853
    ],
    "train_auc": [
      0.6256411607856727,
      0.6747136631372378,
      0.6795499946689805
    ],
    "val_auc": [
      0.6725249702747227,
      0.6795580606901119,
      0.6849037387024648
    ],
    "consistency_metrics": [
      {
        "monotonicity_violation_rate": 0.0,
        "negative_gain_rate": 0.0,
        "bounds_violation_rate": 0.0,
        "mastery_correlation": 0.08545309162884354,
        "gain_correlation": 0.009898206239312254
      },
      {
        "monotonicity_violation_rate": 0.0,
        "negative_gain_rate": 0.0,
        "bounds_violation_rate": 0.0,
        "mastery_correlation": 0.121341819321706,
        "gain_correlation": -0.0259302677242353
      },
      {
        "monotonicity_violation_rate": 0.0,
        "negative_gain_rate": 0.0,
        "bounds_violation_rate": 0.0,
        "mastery_correlation": 0.141273359344174,
        "gain_correlation": -0.03339637299117837
      }
    ],
    "semantic_trajectory": [
      {
        "epoch": 1,
        "mastery_correlation": 0.08545309162884354,
        "gain_correlation": 0.009898206239312254,
        "warmup_scale": 0.125,
        "alignment_corr_mastery": 0.009080414660274982,
        "alignment_corr_gain": 0.08466436713933945,
        "global_alignment_mastery_corr": 0.07182643830252346,
        "global_alignment_gain_corr": 0.014702697111994591,
        "effective_alignment_weight": 0.03125,
        "peak_mastery_corr": 0.07182643830252346,
        "retention_loss_value": 0.0,
        "mean_lag_corr": 0.0,
        "lag_corr_count": 0,
        "consistency_loss_weight_current": 0.3,
        "sparsity_loss_weight_current": 0.2,
        "loss_shares": {
          "main": 0.9269255399899854,
          "constraint_total": 0.07307446045094257,
          "alignment": -0.001804486392732109,
          "lag": 0.0,
          "retention": 0.0
        },
        "mean_mastery_variance": 0.03008914611500162,
        "min_mastery_variance": 0.02197265625,
        "max_mastery_variance": 0.03472900390625,
        "per_lag_correlations": []
      },
      {
        "epoch": 2,
        "mastery_correlation": 0.121341819321706,
        "gain_correlation": -0.0259302677242353,
        "warmup_scale": 0.25,
        "alignment_corr_mastery": 0.012926560826599598,
        "alignment_corr_gain": 0.14926186203956604,
        "global_alignment_mastery_corr": 0.07634412600651558,
        "global_alignment_gain_corr": 0.009062871589364174,
        "effective_alignment_weight": 0.0625,
        "peak_mastery_corr": 0.07634412600651558,
        "retention_loss_value": 0.0,
        "mean_lag_corr": 0.0,
        "lag_corr_count": 0,
        "consistency_loss_weight_current": 0.3,
        "sparsity_loss_weight_current": 0.2,
        "loss_shares": {
          "main": 0.9755165671309022,
          "constraint_total": 0.02448342972353138,
          "alignment": -0.014761929035931423,
          "lag": 0.0,
          "retention": 0.0
        },
        "mean_mastery_variance": 0.019098113855549707,
        "min_mastery_variance": 0.01554107666015625,
        "max_mastery_variance": 0.0278167724609375,
        "per_lag_correlations": []
      },
      {
        "epoch": 3,
        "mastery_correlation": 0.141273359344174,
        "gain_correlation": -0.03339637299117837,
        "warmup_scale": 0.375,
        "alignment_corr_mastery": 0.01732506789267063,
        "alignment_corr_gain": 0.1702881157398224,
        "global_alignment_mastery_corr": 0.11104365766785729,
        "global_alignment_gain_corr": 0.002541100824419118,
        "effective_alignment_weight": 0.09375,
        "peak_mastery_corr": 0.11104365766785729,
        "retention_loss_value": 0.0,
        "mean_lag_corr": 0.0,
        "lag_corr_count": 0,
        "consistency_loss_weight_current": 0.3,
        "sparsity_loss_weight_current": 0.2,
        "loss_shares": {
          "main": 0.9780548682259242,
          "constraint_total": 0.021945132667580722,
          "alignment": -0.02582654114265319,
          "lag": 0.0,
          "retention": 0.0
        },
        "mean_mastery_variance": 0.014530162119494818,
        "min_mastery_variance": 0.01293182373046875,
        "max_mastery_variance": 0.0177764892578125,
        "per_lag_correlations": []
      }
    ]
  },
  "model_config": {
    "num_c": 100,
    "seq_len": 200,
    "d_model": 512,
    "n_heads": 8,
    "num_encoder_blocks": 6,
    "d_ff": 1024,
    "dropout": 0.2,
    "emb_type": "qid",
    "monitor_frequency": 50,
    "use_mastery_head": true,
    "use_gain_head": true,
    "non_negative_loss_weight": 0.0,
    "monotonicity_loss_weight": 0.1,
    "mastery_performance_loss_weight": 0.8,
    "gain_performance_loss_weight": 0.8,
    "sparsity_loss_weight": 0.2,
    "consistency_loss_weight": 0.3
  },
  "training_args": {
    "dataset_name": "assist2015",
    "num_epochs": 3,
    "batch_size": 64,
    "learning_rate": 0.000174,
    "weight_decay": 1.7571e-05,
    "enhanced_constraints": true,
    "fold": 0,
    "constraint_weights": {
      "non_negative_loss_weight": 0.0,
      "monotonicity_loss_weight": 0.1,
      "mastery_performance_loss_weight": 0.8,
      "gain_performance_loss_weight": 0.8,
      "sparsity_loss_weight": 0.2,
      "consistency_loss_weight": 0.3
    },
    "alignment": {
      "enable_alignment_loss": true,
      "alignment_weight": 0.25,
      "alignment_warmup_epochs": 8,
      "adaptive_alignment": true,
      "alignment_min_correlation": 0.05
    },
    "global_alignment": {
      "enable_global_alignment_pass": true,
      "alignment_global_students": 600,
      "use_residual_alignment": true,
      "alignment_residual_window": 5
    },
    "refinement": {
      "enable_retention_loss": true,
      "retention_delta": 0.009,
      "retention_weight": 0.09,
      "enable_lag_gain_loss": true,
      "lag_gain_weight": 0.06,
      "lag_max_lag": 3,
      "lag_l1_weight": 0.5,
      "lag_l2_weight": 0.3,
      "lag_l3_weight": 0.2,
      "enable_cosine_perf_schedule": false,
      "consistency_rebalance_epoch": 8,
      "consistency_rebalance_threshold": 0.1,
      "consistency_rebalance_new_weight": 0.2,
      "variance_floor": 0.0001,
      "variance_floor_patience": 3,
      "variance_floor_reduce_factor": 0.5,
      "alignment_share_cap": 0.08,
      "alignment_share_decay_factor": 0.7
    }
  },
  "timestamp": "2025-10-21T10:24:17.716545"
}