{
  "experiment_name": "seed21_gpu0",
  "best_val_auc": 0.5,
  "final_consistency_metrics": {
    "monotonicity_violation_rate": 0.0,
    "negative_gain_rate": 0.0,
    "bounds_violation_rate": 0.0,
    "mastery_correlation": 0.006352685126305019,
    "gain_correlation": 0.0800985011062339
  },
  "train_history": {
    "train_loss": [
      0.7178333352266816,
      0.723007894241748
    ],
    "train_auc": [
      0.49307427160591155,
      0.4977918885356128
    ],
    "val_auc": [
      0.5,
      0.5
    ],
    "consistency_metrics": [
      {
        "monotonicity_violation_rate": 0.0,
        "negative_gain_rate": 0.0,
        "bounds_violation_rate": 0.0,
        "mastery_correlation": 0.02268969911370328,
        "gain_correlation": 0.10028254212873201
      },
      {
        "monotonicity_violation_rate": 0.0,
        "negative_gain_rate": 0.0,
        "bounds_violation_rate": 0.0,
        "mastery_correlation": 0.028249779555927713,
        "gain_correlation": 0.09943797765289486
      }
    ],
    "semantic_trajectory": [
      {
        "epoch": 1,
        "mastery_correlation": 0.02268969911370328,
        "gain_correlation": 0.10028254212873201,
        "warmup_scale": 0.125,
        "alignment_corr_mastery": 0.051596593111753464,
        "alignment_corr_gain": 0.1094738245010376,
        "global_alignment_mastery_corr": null,
        "global_alignment_gain_corr": null,
        "effective_alignment_weight": 0.25,
        "peak_mastery_corr": 0.0,
        "retention_loss_value": 0.0,
        "mean_lag_corr": 0.0,
        "lag_corr_count": 0,
        "consistency_loss_weight_current": 0.3,
        "sparsity_loss_weight_current": 0.2,
        "loss_shares": {
          "main": 0.9409354540538986,
          "constraint_total": 0.05906454694436602,
          "alignment": -0.044179498575256174,
          "lag": 0.0,
          "retention": 0.0
        },
        "mean_mastery_variance": 0.010616628617202679,
        "min_mastery_variance": 0.0028476715087890625,
        "max_mastery_variance": 0.0330810546875,
        "per_lag_correlations": []
      },
      {
        "epoch": 2,
        "mastery_correlation": 0.028249779555927713,
        "gain_correlation": 0.09943797765289486,
        "warmup_scale": 0.25,
        "alignment_corr_mastery": 0.05492166057229042,
        "alignment_corr_gain": 0.12426682561635971,
        "global_alignment_mastery_corr": null,
        "global_alignment_gain_corr": null,
        "effective_alignment_weight": 0.25,
        "peak_mastery_corr": 0.0,
        "retention_loss_value": 0.0,
        "mean_lag_corr": 0.0,
        "lag_corr_count": 0,
        "consistency_loss_weight_current": 0.3,
        "sparsity_loss_weight_current": 0.2,
        "loss_shares": {
          "main": 0.9157051402604605,
          "constraint_total": 0.08429486104267882,
          "alignment": -0.05629323703724617,
          "lag": 0.0,
          "retention": 0.0
        },
        "mean_mastery_variance": 0.007378039582405683,
        "min_mastery_variance": 0.00388336181640625,
        "max_mastery_variance": 0.010894775390625,
        "per_lag_correlations": []
      }
    ]
  },
  "model_config": {
    "num_c": 100,
    "seq_len": 200,
    "d_model": 512,
    "n_heads": 8,
    "num_encoder_blocks": 6,
    "d_ff": 1024,
    "dropout": 0.2,
    "emb_type": "qid",
    "monitor_frequency": 50,
    "use_mastery_head": true,
    "use_gain_head": true,
    "non_negative_loss_weight": 0.0,
    "monotonicity_loss_weight": 0.1,
    "mastery_performance_loss_weight": 0.8,
    "gain_performance_loss_weight": 0.8,
    "sparsity_loss_weight": 0.2,
    "consistency_loss_weight": 0.3
  },
  "training_args": {
    "dataset_name": "assist2015",
    "num_epochs": 2,
    "batch_size": 64,
    "learning_rate": 0.001,
    "weight_decay": 0.01,
    "enhanced_constraints": true,
    "fold": 0,
    "constraint_weights": {
      "non_negative_loss_weight": 0.0,
      "monotonicity_loss_weight": 0.1,
      "mastery_performance_loss_weight": 0.8,
      "gain_performance_loss_weight": 0.8,
      "sparsity_loss_weight": 0.2,
      "consistency_loss_weight": 0.3
    },
    "alignment": {
      "enable_alignment_loss": true,
      "alignment_weight": 0.25,
      "alignment_warmup_epochs": 1,
      "adaptive_alignment": true,
      "alignment_min_correlation": 0.05
    },
    "global_alignment": {
      "enable_global_alignment_pass": false,
      "alignment_global_students": 100,
      "use_residual_alignment": false,
      "alignment_residual_window": 5
    },
    "refinement": {
      "enable_retention_loss": true,
      "retention_delta": 0.01,
      "retention_weight": 0.1,
      "enable_lag_gain_loss": true,
      "lag_gain_weight": 0.06,
      "lag_max_lag": 3,
      "lag_l1_weight": 0.5,
      "lag_l2_weight": 0.3,
      "lag_l3_weight": 0.2,
      "enable_cosine_perf_schedule": false,
      "consistency_rebalance_epoch": 8,
      "consistency_rebalance_threshold": 0.1,
      "consistency_rebalance_new_weight": 0.2,
      "variance_floor": 0.0001,
      "variance_floor_patience": 3,
      "variance_floor_reduce_factor": 0.5,
      "alignment_share_cap": 0.08,
      "alignment_share_decay_factor": 0.7
    }
  },
  "timestamp": "2025-10-21T16:40:51.457451"
}