{
  "experiment_name": "full_seed63",
  "best_val_auc": 0.6847264173272911,
  "final_consistency_metrics": {
    "monotonicity_violation_rate": 0.0,
    "negative_gain_rate": 0.0,
    "bounds_violation_rate": 0.0,
    "mastery_correlation": 0.0894788256002533,
    "gain_correlation": 0.001429849684304506
  },
  "train_history": {
    "train_loss": [
      0.6058111620072874,
      0.5537047566836362,
      0.5497083901741344
    ],
    "train_auc": [
      0.6258283843805226,
      0.6749437842914461,
      0.6796109866306408
    ],
    "val_auc": [
      0.6733590309796327,
      0.6795385539349121,
      0.6847264173272911
    ],
    "consistency_metrics": [
      {
        "monotonicity_violation_rate": 0.0,
        "negative_gain_rate": 0.0,
        "bounds_violation_rate": 0.0,
        "mastery_correlation": 0.08753011976926173,
        "gain_correlation": 0.004169412557166997
      },
      {
        "monotonicity_violation_rate": 0.0,
        "negative_gain_rate": 0.0,
        "bounds_violation_rate": 0.0,
        "mastery_correlation": 0.12117096187712817,
        "gain_correlation": -0.02438717266407117
      },
      {
        "monotonicity_violation_rate": 0.0,
        "negative_gain_rate": 0.0,
        "bounds_violation_rate": 0.0,
        "mastery_correlation": 0.14158126491673598,
        "gain_correlation": -0.03420139976901645
      }
    ],
    "semantic_trajectory": [
      {
        "epoch": 1,
        "mastery_correlation": 0.08753011976926173,
        "gain_correlation": 0.004169412557166997,
        "warmup_scale": 0.125,
        "alignment_corr_mastery": 0.009133382700383663,
        "alignment_corr_gain": 0.09510186314582825,
        "global_alignment_mastery_corr": 0.07307687943405956,
        "global_alignment_gain_corr": 0.012696465425930607,
        "effective_alignment_weight": 0.03375,
        "peak_mastery_corr": 0.07307687943405956,
        "retention_loss_value": 0.0,
        "mean_lag_corr": 0.0,
        "lag_corr_count": 0,
        "consistency_loss_weight_current": 0.3,
        "sparsity_loss_weight_current": 0.2,
        "loss_shares": {
          "main": 0.9276307766726943,
          "constraint_total": 0.07236922131201261,
          "alignment": -0.002089077534975397,
          "lag": 0.0,
          "retention": 0.0
        },
        "mean_mastery_variance": 0.03002178607209359,
        "min_mastery_variance": 0.02197265625,
        "max_mastery_variance": 0.034759521484375,
        "per_lag_correlations": []
      },
      {
        "epoch": 2,
        "mastery_correlation": 0.12117096187712817,
        "gain_correlation": -0.02438717266407117,
        "warmup_scale": 0.25,
        "alignment_corr_mastery": 0.012879736721515656,
        "alignment_corr_gain": 0.14972412586212158,
        "global_alignment_mastery_corr": 0.07653575551196506,
        "global_alignment_gain_corr": 0.009406238719723964,
        "effective_alignment_weight": 0.0675,
        "peak_mastery_corr": 0.07653575551196506,
        "retention_loss_value": 0.0,
        "mean_lag_corr": 0.0,
        "lag_corr_count": 0,
        "consistency_loss_weight_current": 0.3,
        "sparsity_loss_weight_current": 0.2,
        "loss_shares": {
          "main": 0.9768350568172096,
          "constraint_total": 0.023164940189207377,
          "alignment": -0.016181211151730095,
          "lag": 0.0,
          "retention": 0.0
        },
        "mean_mastery_variance": 0.01906435477301247,
        "min_mastery_variance": 0.01554107666015625,
        "max_mastery_variance": 0.0274200439453125,
        "per_lag_correlations": []
      },
      {
        "epoch": 3,
        "mastery_correlation": 0.14158126491673598,
        "gain_correlation": -0.03420139976901645,
        "warmup_scale": 0.375,
        "alignment_corr_mastery": 0.017838679254055023,
        "alignment_corr_gain": 0.17080776393413544,
        "global_alignment_mastery_corr": 0.11152024527604226,
        "global_alignment_gain_corr": 0.0013515986608642076,
        "effective_alignment_weight": 0.10125,
        "peak_mastery_corr": 0.11152024527604226,
        "retention_loss_value": 0.0,
        "mean_lag_corr": 0.0,
        "lag_corr_count": 0,
        "consistency_loss_weight_current": 0.3,
        "sparsity_loss_weight_current": 0.2,
        "loss_shares": {
          "main": 0.9800810687449968,
          "constraint_total": 0.019918931413012677,
          "alignment": -0.0280333215075343,
          "lag": 0.0,
          "retention": 0.0
        },
        "mean_mastery_variance": 0.014621912506577883,
        "min_mastery_variance": 0.01293182373046875,
        "max_mastery_variance": 0.01788330078125,
        "per_lag_correlations": []
      }
    ]
  },
  "model_config": {
    "num_c": 100,
    "seq_len": 200,
    "d_model": 512,
    "n_heads": 8,
    "num_encoder_blocks": 6,
    "d_ff": 1024,
    "dropout": 0.2,
    "emb_type": "qid",
    "monitor_frequency": 50,
    "use_mastery_head": true,
    "use_gain_head": true,
    "non_negative_loss_weight": 0.0,
    "monotonicity_loss_weight": 0.1,
    "mastery_performance_loss_weight": 0.8,
    "gain_performance_loss_weight": 0.8,
    "sparsity_loss_weight": 0.2,
    "consistency_loss_weight": 0.3
  },
  "training_args": {
    "dataset_name": "assist2015",
    "num_epochs": 3,
    "batch_size": 64,
    "learning_rate": 0.000174,
    "weight_decay": 1.7571e-05,
    "enhanced_constraints": true,
    "fold": 0,
    "constraint_weights": {
      "non_negative_loss_weight": 0.0,
      "monotonicity_loss_weight": 0.1,
      "mastery_performance_loss_weight": 0.8,
      "gain_performance_loss_weight": 0.8,
      "sparsity_loss_weight": 0.2,
      "consistency_loss_weight": 0.3
    },
    "alignment": {
      "enable_alignment_loss": true,
      "alignment_weight": 0.27,
      "alignment_warmup_epochs": 8,
      "adaptive_alignment": true,
      "alignment_min_correlation": 0.05
    },
    "global_alignment": {
      "enable_global_alignment_pass": true,
      "alignment_global_students": 600,
      "use_residual_alignment": true,
      "alignment_residual_window": 5
    },
    "refinement": {
      "enable_retention_loss": true,
      "retention_delta": 0.005,
      "retention_weight": 0.15,
      "enable_lag_gain_loss": true,
      "lag_gain_weight": 0.06,
      "lag_max_lag": 3,
      "lag_l1_weight": 0.5,
      "lag_l2_weight": 0.3,
      "lag_l3_weight": 0.2,
      "enable_cosine_perf_schedule": false,
      "consistency_rebalance_epoch": 8,
      "consistency_rebalance_threshold": 0.1,
      "consistency_rebalance_new_weight": 0.2,
      "variance_floor": 0.0001,
      "variance_floor_patience": 3,
      "variance_floor_reduce_factor": 0.5,
      "alignment_share_cap": 0.08,
      "alignment_share_decay_factor": 0.7
    }
  },
  "timestamp": "2025-10-21T10:24:29.810612"
}