epoch,train_loss,train_auc,train_acc,val_loss,val_auc,val_acc,train_bce_loss,train_im_loss,val_bce_loss,val_im_loss,train_encoder1_auc,train_encoder1_acc,val_encoder1_auc,val_encoder1_acc,train_encoder2_auc,train_encoder2_acc,val_encoder2_auc,val_encoder2_acc
1,0.599566,0.677991,0.734370,0.599566,0.673812,0.740241,0.563586,0.608561,0.563586,0.608561,0.677991,0.734370,0.673812,0.740241,0.508131,0.734370,0.510773,0.740241
2,0.597139,0.688848,0.734370,0.597139,0.683124,0.740241,0.554694,0.607751,0.554694,0.607751,0.688848,0.734370,0.683124,0.740241,0.510567,0.734370,0.512924,0.740241
3,0.596054,0.693580,0.734370,0.596054,0.686981,0.740241,0.552456,0.606953,0.552456,0.606953,0.693580,0.734370,0.686981,0.740241,0.512472,0.734370,0.514527,0.740241
4,0.595124,0.697427,0.734370,0.595124,0.689418,0.740241,0.550926,0.606174,0.550926,0.606174,0.697427,0.734370,0.689418,0.740241,0.513994,0.734370,0.515924,0.740241
5,0.594261,0.700160,0.734370,0.594261,0.690326,0.740241,0.549595,0.605428,0.549595,0.605428,0.700160,0.734370,0.690326,0.740241,0.515728,0.734370,0.517635,0.740241
6,0.593449,0.701890,0.734370,0.593449,0.689858,0.740241,0.548361,0.604721,0.548361,0.604721,0.701890,0.734370,0.689858,0.740241,0.517538,0.734370,0.519451,0.740241
