split,total_auc,bce_auc,mastery_auc,total_acc,bce_acc,mastery_acc
training,0.6911667440877338,0.6911667440877338,N/A,0.7421085236392307,0.7421085236392307,N/A
validation,0.6874319349144027,0.6874319349144027,N/A,0.7433065041995542,0.7433065041995542,N/A
test,0.6834748973514073,0.6834748973514073,N/A,0.7382608178792202,0.7382608178792202,N/A
