{
  "experiment_id": "20251116_203019_gainakt3exp_phase2_bce0.5_836356",
  "dataset": "assist2015",
  "fold": 0,
  "train_auc": 0.7035640980949152,
  "train_acc": 0.7517716516956232,
  "valid_auc": 0.6893167668228375,
  "valid_acc": 0.7412626886879677,
  "test_auc": 0.6848107737101994,
  "test_acc": 0.7343229909652876,
  "train_encoder1_auc": 0.7035640980949152,
  "train_encoder1_acc": 0.7517716516956232,
  "valid_encoder1_auc": 0.6893167668228375,
  "valid_encoder1_acc": 0.7412626886879677,
  "test_encoder1_auc": 0.6848107737101994,
  "test_encoder1_acc": 0.7343229909652876,
  "train_encoder2_auc": 0.5439809108005429,
  "train_encoder2_acc": 0.5840396474530454,
  "valid_encoder2_auc": 0.5445461515892167,
  "valid_encoder2_acc": 0.5838207671120886,
  "test_encoder2_auc": 0.5430192268966954,
  "test_encoder2_acc": 0.5854879933428435,
  "train_mastery_correlation": 0.0,
  "train_gain_correlation": 0.0,
  "train_correlation_students": 0,
  "test_mastery_correlation": 0.0,
  "test_gain_correlation": 0.0,
  "test_correlation_students": 0,
  "timestamp": "2025-11-16T20:37:41.111782Z"
}