{
  "lambda_ref": 5.7435642516300405,
  "lambda_initmastery": 5.707731513787057,
  "lambda_rate": 1.6287461364393754
}