{
  "valid_auc": 0.7839808405832993,
  "valid_acc": 0.7449503076194983,
  "valid_metrics": {
    "l_sup": 0.5189213411585171,
    "l_reg": 2.3401184459241147e-05,
    "l_ref": 0.017778789546961587,
    "l_init": 0.038054313500063316,
    "l_rate": 0.14577145667084654
  },
  "test_auc": 0.7775561378326923,
  "test_acc": 0.73266670974412,
  "test_metrics": {
    "l_sup": 0.5359311186967397,
    "l_reg": 2.2310586882667848e-05,
    "l_ref": 0.017607281170785426,
    "l_init": 0.03815315054073998,
    "l_rate": 0.1488945831885483
  },
  "window_test_auc": 0.7799038571307937,
  "window_test_acc": 0.7338652482269503,
  "window_metrics": {
    "l_sup": 0.5124698874081469,
    "l_reg": 6.757487364928603e-05,
    "l_ref": 0.0,
    "l_init": 0.04024157643011681,
    "l_rate": 0.14220613874561236
  },
  "checkpoint": "/workspaces/pykt-toolkit/experiments/20251226_181543_idkt_assist2009_hr_sweep_l0.4_139325/best_model.pt"
}