split,auc,acc,l_sup,l_ref,l_init,l_rate,l_reg
test,0.777556,0.732667,0.535931,0.017607,0.038153,0.148895,0.000022
