{
  "r2_true": 0.7867072077475314,
  "pearson_true": 0.8869750379337624,
  "r2_control": -0.014042067003948722,
  "pearson_control": -0.008212589720643138,
  "selectivity_r2": 0.8007492747514802
}