split,auc,acc
test,0.797437,0.748627
