{
  "lambda_ref": 5.152936785037793,
  "lambda_initmastery": 6.7311493744552635,
  "lambda_rate": 1.7944902105069707
}