{
  "valid_auc": 0.7884685850738109,
  "valid_acc": 0.7351335210306288,
  "valid_metrics": {
    "l_sup": 0.535416004450078,
    "l_reg": 2.9849696703523578e-06,
    "l_ref": 0.022267069046696026,
    "l_init": 0.03388847284349626,
    "l_rate": 0.14303736828745078
  },
  "test_auc": 0.7823912593124525,
  "test_acc": 0.729005667181865,
  "test_metrics": {
    "l_sup": 0.5437818396553904,
    "l_reg": 3.1309492152848346e-06,
    "l_ref": 0.02176012572917071,
    "l_init": 0.035263941647665914,
    "l_rate": 0.14686811263995234
  },
  "window_test_auc": 0.7823912593124525,
  "window_test_acc": 0.729005667181865,
  "window_metrics": {
    "l_sup": 0.5437818396553904,
    "l_reg": 3.1309492152848346e-06,
    "l_ref": 0.0,
    "l_init": 0.035263941647665914,
    "l_rate": 0.14686811263995234
  },
  "checkpoint": "/workspaces/pykt-toolkit/experiments/20251231_000323_idkt_assist2009_S_hr_sweep_l0.4_505982/best_model.pt"
}