{
  "prediction_mse": 0.022249436005949974,
  "prediction_corr": 0.8091385307466523,
  "initmastery_mse": 0.03409823030233383,
  "initmastery_corr": 0.35695417090860676,
  "learning_rate_mse": 0.14288264513015747,
  "learning_rate_corr": 0.19703200269868437,
  "h2_functional_alignment": 0.26801587426647266,
  "h3_discriminant_overlap": 0.12838731624205346,
  "h3_latent_overlap": -0.02410516208483443
}