split,auc,acc,l_sup,l_ref,l_init,l_rate,l_reg
test,0.782391,0.729006,0.543782,0.021760,0.035264,0.146868,0.000003
