{
  "r2_true": -668.2971608806811,
  "pearson_true": 0.0791615057897568,
  "r2_control": -28783.189711699404,
  "pearson_control": 0.0062327752096749825,
  "selectivity_r2": 28114.892550818724
}