{
  "valid_auc": 0.7884685850738109,
  "valid_acc": 0.7351335210306288,
  "valid_metrics": {
    "l_sup": 0.5358900949423853,
    "l_reg": 8.700041639207888e-06,
    "l_ref": 0.021068308916356828,
    "l_init": 0.0316804007704298,
    "l_rate": 0.13713737640827725
  },
  "test_auc": 0.7881400482159107,
  "test_acc": 0.7324460370275574,
  "test_metrics": {
    "l_sup": 0.5358900949423853,
    "l_reg": 8.700041639207888e-06,
    "l_ref": 0.021068308916356828,
    "l_init": 0.0316804007704298,
    "l_rate": 0.13713737640827725
  },
  "best_epoch": 18,
  "params": {
    "model_name": "idkt",
    "dataset_name": "assist2009_S",
    "fold": 0,
    "seed": 42,
    "emb_type": "qid",
    "save_dir": "/workspaces/pykt-toolkit/experiments/20251231_000323_idkt_assist2009_S_hr_sweep_l0.4_505982",
    "d_model": 256,
    "d_ff": 512,
    "num_attn_heads": 8,
    "n_blocks": 4,
    "dropout": 0.2,
    "final_fc_dim": 512,
    "learning_rate": 0.0001,
    "weight_decay": 0.0,
    "batch_size": 64,
    "num_epochs": 100,
    "optimizer": "Adam",
    "gradient_clip": 1.0,
    "patience": 10,
    "seq_len": 200,
    "l2": 1e-05,
    "lambda_student": 1e-05,
    "lambda_gap": 1e-05,
    "lambda_ref": 0.4,
    "lambda_initmastery": 0.4,
    "lambda_rate": 0.4,
    "theory_guided": 1,
    "calibrate": 1,
    "use_wandb": 0,
    "add_uuid": 0
  }
}