lambda_penalty,epsilon,test_auc,test_l1_auc,test_l2_mae,test_l2_mse,test_l2_penalty
100.0,0.05,0.7153197603822872,0.7153197603822872,0.1889244019985199,0.04101426526904106,0.024567816437023583
