split,total_auc,bce_auc,mastery_auc,total_acc,bce_acc,mastery_acc
training,0.7220992820703592,0.7220992820703592,0.48591489744807487,0.7508025230197393,0.7508025230197393,0.2656304264166174
validation,0.7072427487483577,0.7072427487483577,0.4875808259537194,0.7482213938821789,0.7482213938821789,0.25975921906782545
test,0.7027017075176718,0.7027017075176718,0.48861510449253914,0.7439595221112696,0.7439595221112696,0.26662803138373753
