{
  "valid_auc": 0.9276435408325359,
  "valid_acc": 0.8711880887268307,
  "valid_metrics": {
    "l_sup": 0.29483871357900815,
    "l_reg": 0.00014338582280158465,
    "l_ref": 0.12609630397387914,
    "l_init": 0.04949169184477996,
    "l_rate": 0.22596068657232818
  },
  "test_auc": 0.92811298474197,
  "test_acc": 0.8749721549816594,
  "test_metrics": {
    "l_sup": 0.28880452384393,
    "l_reg": 0.000143347805836432,
    "l_ref": 0.12311113936205705,
    "l_init": 0.04920575553439746,
    "l_rate": 0.22533248000872455
  },
  "window_test_auc": 0.9290316559271532,
  "window_test_acc": 0.8752198914955578,
  "window_metrics": {
    "l_sup": 0.28477557389142055,
    "l_reg": 0.00016082161824066256,
    "l_ref": 0.0,
    "l_init": 0.049257880807303256,
    "l_rate": 0.22461694309339922
  },
  "checkpoint": "/workspaces/pykt-toolkit/experiments/20251228_221629_idkt_algebra2005-lambda00_525526/best_model.pt"
}