split,auc,acc,l_sup,l_ref,l_init,l_rate,l_reg
test,0.928113,0.874972,0.288805,0.123111,0.049206,0.225332,0.000143
