{
  "r2_true": 0.7106823099889145,
  "pearson_true": 0.8431063395664093,
  "r2_control": -0.008741486546872679,
  "pearson_control": 0.004299552563097437,
  "selectivity_r2": 0.7194237965357871
}