{
  "experiment_id": "20251118_193021_gainakt3exp_V3-phase1-fixed_101336",
  "dataset": "assist2015",
  "fold": 0,
  "train_auc": 0.6834596853515167,
  "train_acc": 0.7425778353466805,
  "valid_auc": 0.6745418448223954,
  "valid_acc": 0.7371847901196119,
  "test_auc": 0.6690659013326024,
  "test_acc": 0.7307195078459344,
  "train_encoder1_auc": 0.6834596853515167,
  "train_encoder1_acc": 0.7425778353466805,
  "valid_encoder1_auc": 0.6745418448223954,
  "valid_encoder1_acc": 0.7371847901196119,
  "test_encoder1_auc": 0.6690659013326024,
  "test_encoder1_acc": 0.7307195078459344,
  "train_encoder2_auc": 0.0,
  "train_encoder2_acc": 0.0,
  "valid_encoder2_auc": 0.0,
  "valid_encoder2_acc": 0.0,
  "test_encoder2_auc": 0.0,
  "test_encoder2_acc": 0.0,
  "train_mastery_correlation": 0.0,
  "train_gain_correlation": 0.0,
  "train_correlation_students": 0,
  "test_mastery_correlation": 0.0,
  "test_gain_correlation": 0.0,
  "test_correlation_students": 0,
  "timestamp": "2025-11-18T19:55:11.090868Z"
}