epoch,train_loss,train_auc,train_acc,val_loss,val_auc,val_acc,train_bce_loss,train_im_loss,val_bce_loss,val_im_loss,train_encoder1_auc,train_encoder1_acc,val_encoder1_auc,val_encoder1_acc,train_encoder2_auc,train_encoder2_acc,val_encoder2_auc,val_encoder2_acc
1,0.282995,0.657263,0.734370,0.282995,0.653660,0.740241,0.565990,0.000000,0.565990,0.000000,0.657263,0.734370,0.653660,0.740241,0.500000,0.265630,0.500000,0.259759
2,0.279416,0.666869,0.734370,0.279416,0.662004,0.740241,0.558832,0.000000,0.558832,0.000000,0.666869,0.734370,0.662004,0.740241,0.500000,0.265630,0.500000,0.259759
3,0.278501,0.670191,0.734370,0.278501,0.663537,0.740241,0.557002,0.000000,0.557002,0.000000,0.670191,0.734370,0.663537,0.740241,0.500000,0.265630,0.500000,0.259759
4,0.277837,0.673668,0.734370,0.277837,0.664839,0.740241,0.555674,0.000000,0.555674,0.000000,0.673668,0.734370,0.664839,0.740241,0.500000,0.265630,0.500000,0.259759
5,0.277071,0.676337,0.734370,0.277071,0.664762,0.740241,0.554142,0.000000,0.554142,0.000000,0.676337,0.734370,0.664762,0.740241,0.500000,0.265630,0.500000,0.259759
