{
  "valid_auc": 0.7608128692389973,
  "valid_acc": 0.7352768575485092,
  "valid_metrics": {
    "l_sup": 0.5397077313418492,
    "l_reg": 0.0011783597631923233,
    "l_ref": 0.012976354220882058,
    "l_init": 0.01043362799923922,
    "l_rate": 0.17376779036621337
  },
  "test_auc": 0.755471471426486,
  "test_acc": 0.7238789092788834,
  "test_metrics": {
    "l_sup": 0.5541743560713047,
    "l_reg": 0.001147125171458659,
    "l_ref": 0.012788687894741694,
    "l_init": 0.01044335004734545,
    "l_rate": 0.17562873127977402
  },
  "window_test_auc": 0.7570707433304021,
  "window_test_acc": 0.7247743391360413,
  "window_metrics": {
    "l_sup": 0.5366535526095921,
    "l_reg": 0.0010791509520684166,
    "l_ref": 0.0,
    "l_init": 0.010845017094621535,
    "l_rate": 0.17124876547841747
  },
  "checkpoint": "/workspaces/pykt-toolkit/experiments/20251221_134733_idkt_pareto_v2_l0.80_assist2009_182261/best_model.pt"
}