split,auc,acc,l_sup,l_ref,l_init,l_rate,l_reg
test,0.755471,0.723879,0.554174,0.012789,0.010443,0.175629,0.001147
