{
  "valid_auc": 0.7608128692389973,
  "valid_acc": 0.7352768575485092,
  "valid_metrics": {
    "l_sup": 0.5399962180765596,
    "l_reg": 0.0011830699659185484,
    "l_ref": 0.011159832046056787,
    "l_init": 0.00925085507518565,
    "l_rate": 0.16575510721882
  },
  "test_auc": 0.7591106582160754,
  "test_acc": 0.7313014671083767,
  "test_metrics": {
    "l_sup": 0.5399962180765596,
    "l_reg": 0.0011830699659185484,
    "l_ref": 0.011159832046056787,
    "l_init": 0.00925085507518565,
    "l_rate": 0.16575510721882
  },
  "best_epoch": 12,
  "params": {
    "model_name": "idkt",
    "dataset_name": "assist2009",
    "fold": 0,
    "seed": 42,
    "emb_type": "qid",
    "save_dir": "/workspaces/pykt-toolkit/experiments/20251221_134733_idkt_pareto_v2_l0.80_assist2009_182261",
    "d_model": 256,
    "d_ff": 512,
    "num_attn_heads": 8,
    "n_blocks": 4,
    "dropout": 0.2,
    "final_fc_dim": 512,
    "learning_rate": 0.0001,
    "weight_decay": 0.0,
    "batch_size": 64,
    "num_epochs": 100,
    "optimizer": "Adam",
    "gradient_clip": 1.0,
    "patience": 10,
    "seq_len": 200,
    "l2": 1e-05,
    "lambda_student": 1e-05,
    "lambda_gap": 1e-05,
    "lambda_ref": 0.8,
    "lambda_initmastery": 0.8,
    "lambda_rate": 0.8,
    "theory_guided": 1,
    "calibrate": 1,
    "use_wandb": 0,
    "add_uuid": 0
  }
}