{
  "experiment_id": "20251120_215238_gainakt3exp_bug-gains_147937",
  "dataset": "assist2015",
  "fold": 0,
  "train_auc": 0.7315895989730795,
  "train_acc": 0.7538460094425515,
  "train_mastery_correlation": 0.06516478198643881,
  "train_gain_correlation": 0.002753530730769709,
  "train_correlation_students": 3334,
  "valid_auc": 0.7186144904831748,
  "valid_acc": 0.7514039066073636,
  "test_auc": 0.7134285074884725,
  "test_acc": 0.7474589871611983,
  "test_mastery_correlation": 0.059473014455903604,
  "test_gain_correlation": 0.006915966300898277,
  "test_correlation_students": 3177,
  "timestamp": "2025-11-20T21:58:20.379902Z"
}