{
  "experiment_name": "optimal_v1",
  "best_val_auc": 0.7186144904831748,
  "final_consistency_metrics": {
    "monotonicity_violation_rate": 0.0,
    "negative_gain_rate": 0.0,
    "bounds_violation_rate": 0.0,
    "mastery_correlation": 0.038259989303734976,
    "gain_correlation": -0.007395815644882378
  },
  "train_history": {
    "train_loss": [
      0.5467749637952123,
      0.5162967448098672
    ],
    "train_auc": [
      0.6787594762323792,
      0.7150803103729413
    ],
    "val_auc": [
      0.7084427824170791,
      0.7186144904831748
    ],
    "consistency_metrics": [
      {
        "monotonicity_violation_rate": 0.0,
        "negative_gain_rate": 0.0,
        "bounds_violation_rate": 0.0,
        "mastery_correlation": 0.09284243788531367,
        "gain_correlation": 0.024425258860656433
      },
      {
        "monotonicity_violation_rate": 0.0,
        "negative_gain_rate": 0.0,
        "bounds_violation_rate": 0.0,
        "mastery_correlation": 0.08708149008623035,
        "gain_correlation": 0.071852694040073
      }
    ],
    "semantic_trajectory": [
      {
        "epoch": 1,
        "mastery_correlation": 0.09284243788531367,
        "gain_correlation": 0.024425258860656433,
        "warmup_scale": 1.0,
        "loss_shares": {
          "bce": 0.9793157474501585,
          "incremental_mastery": 1.186158500290774
        },
        "mean_mastery_variance": null,
        "min_mastery_variance": null,
        "max_mastery_variance": null
      },
      {
        "epoch": 2,
        "mastery_correlation": 0.08708149008623035,
        "gain_correlation": 0.071852694040073,
        "warmup_scale": 1.0,
        "loss_shares": {
          "bce": 1.0066549859447718,
          "incremental_mastery": 0.9401053624744569
        },
        "mean_mastery_variance": null,
        "min_mastery_variance": null,
        "max_mastery_variance": null
      }
    ]
  },
  "correlation_sampling": {
    "deterministic": true,
    "epoch": 2,
    "local_mastery_corr": 0.08708149008623035,
    "local_gain_corr": 0.071852694040073,
    "global_mastery_corr": null,
    "global_gain_corr": null,
    "notes": "Deterministic stratified selection (sorted slice) applied; seeds fixed."
  }
}