{
  "tail_metrics": {
    "epoch": 20.0,
    "train_loss": 0.18669369446181264,
    "train_auc": 0.9748527217494126,
    "val_loss": 1.5133190349656709,
    "val_auc": 0.6072997170547596,
    "val_accuracy": 0.6852524112156809,
    "monotonicity_violation_rate": 0.0,
    "negative_gain_rate": 0.0,
    "bounds_violation_rate": 0.0,
    "mastery_correlation": 0.0395047070184963,
    "gain_correlation": 0.07696923069430937,
    "main_loss_share": 0.9299591017627298,
    "constraint_loss_share": 0.07004089844404764,
    "alignment_loss_share": -0.26329027320344606,
    "lag_loss_share": 0.0,
    "retention_loss_share": 0.0
  },
  "best_summary": {
    "best_epoch": 20.0,
    "best_val_auc": 0.6072997170547596,
    "best_val_accuracy": 0.6852524112156809,
    "mastery_corr": null,
    "gain_corr": null
  },
  "config_md5": "a2104e50d9ddf931b319b6d8aab59295"
}