split,bce_auc,bce_acc,mastery_auc,mastery_acc
training,0.6810858340668308,0.7409094322266964,0.5977127873663994,0.7152193093608913
validation,0.6729816263252595,0.7426836270912612,0.5934289030348947,0.7183816874130162
test,0.6726003008439321,0.7370200309082263,0.5922398727569075,0.7071594151212554
