epoch,train_loss,train_auc,train_acc,val_loss,val_auc,val_acc,train_bce_loss,train_im_loss,val_bce_loss,val_im_loss,train_encoder1_auc,train_encoder1_acc,val_encoder1_auc,val_encoder1_acc,train_encoder2_auc,train_encoder2_acc,val_encoder2_auc,val_encoder2_acc
1,0.567645,0.680382,0.734370,0.567645,0.675598,0.740241,0.563305,0.606703,0.563305,0.606703,0.680382,0.734370,0.675598,0.740241,0.516156,0.734370,0.518260,0.740241
2,0.559206,0.693518,0.734370,0.559206,0.686649,0.740241,0.553997,0.606094,0.553997,0.606094,0.693518,0.734370,0.686649,0.740241,0.519015,0.734370,0.521020,0.740241
3,0.556664,0.698830,0.734370,0.556664,0.689919,0.740241,0.551237,0.605506,0.551237,0.605506,0.698830,0.734370,0.689919,0.740241,0.521503,0.734370,0.523328,0.740241
4,0.554690,0.700914,0.734370,0.554690,0.688637,0.740241,0.549107,0.604938,0.549107,0.604938,0.700914,0.734370,0.688637,0.740241,0.522867,0.734370,0.524663,0.740241
5,0.552776,0.705300,0.734370,0.552776,0.689311,0.740241,0.547041,0.604389,0.547041,0.604389,0.705300,0.734370,0.689311,0.740241,0.524207,0.734370,0.526018,0.740241
6,0.550757,0.708423,0.734370,0.550757,0.688419,0.740241,0.544857,0.603859,0.544857,0.603859,0.708423,0.734370,0.688419,0.740241,0.525454,0.734370,0.527299,0.740241
