split,total_auc,bce_auc,mastery_auc,total_acc,bce_acc,mastery_acc
training,0.7310509454145147,0.7310509454145147,N/A,0.7530012483691418,0.7530012483691418,N/A
validation,0.7178639941973622,0.7178639941973622,N/A,0.7515985557037052,0.7515985557037052,N/A
test,0.7123008955129219,0.7123008955129219,N/A,0.7459804446029482,0.7459804446029482,N/A
