epoch,train_loss,train_auc,train_acc,val_loss,val_auc,val_acc,train_bce_loss,train_im_loss,val_bce_loss,val_im_loss,train_encoder1_auc,train_encoder1_acc,val_encoder1_auc,val_encoder1_acc,train_encoder2_auc,train_encoder2_acc,val_encoder2_auc,val_encoder2_acc
1,0.568004,0.680382,0.734370,0.568004,0.675598,0.740241,0.563305,0.610296,0.563305,0.610296,0.680382,0.734370,0.675598,0.740241,0.505425,0.734370,0.508057,0.740241
2,0.559571,0.693518,0.734370,0.559571,0.686649,0.740241,0.553997,0.609739,0.553997,0.609739,0.693518,0.734370,0.686649,0.740241,0.507443,0.734370,0.509886,0.740241
3,0.557033,0.698830,0.734370,0.557033,0.689919,0.740241,0.551237,0.609199,0.551237,0.609199,0.698830,0.734370,0.689919,0.740241,0.508375,0.734370,0.510751,0.740241
4,0.555064,0.700914,0.734370,0.555064,0.688637,0.740241,0.549107,0.608675,0.549107,0.608675,0.700914,0.734370,0.688637,0.740241,0.509065,0.734370,0.511431,0.740241
5,0.553153,0.705300,0.734370,0.553153,0.689311,0.740241,0.547041,0.608164,0.547041,0.608164,0.705300,0.734370,0.689311,0.740241,0.509608,0.734370,0.512006,0.740241
6,0.551138,0.708423,0.734370,0.551138,0.688419,0.740241,0.544857,0.607665,0.544857,0.607665,0.708423,0.734370,0.688419,0.740241,0.510307,0.734370,0.512771,0.740241
