epoch,train_loss,train_auc,train_acc,val_loss,val_auc,val_acc,train_bce_loss,train_im_loss,val_bce_loss,val_im_loss,train_encoder1_auc,train_encoder1_acc,val_encoder1_auc,val_encoder1_acc,train_encoder2_auc,train_encoder2_acc,val_encoder2_auc,val_encoder2_acc
1,0.567926,0.680382,0.734370,0.567926,0.675598,0.740241,0.563305,0.609509,0.563305,0.609509,0.680382,0.734370,0.675598,0.740241,0.505637,0.734370,0.508116,0.740241
2,0.559502,0.693518,0.734370,0.559502,0.686649,0.740241,0.553997,0.609053,0.553997,0.609053,0.693518,0.734370,0.686649,0.740241,0.507181,0.734370,0.509593,0.740241
3,0.556975,0.698830,0.734370,0.556975,0.689919,0.740241,0.551237,0.608616,0.551237,0.608616,0.698830,0.734370,0.689919,0.740241,0.507758,0.734370,0.510192,0.740241
4,0.555015,0.700914,0.734370,0.555015,0.688637,0.740241,0.549107,0.608193,0.549107,0.608193,0.700914,0.734370,0.688637,0.740241,0.507932,0.734370,0.510359,0.740241
5,0.553115,0.705300,0.734370,0.553115,0.689311,0.740241,0.547041,0.607782,0.547041,0.607782,0.705300,0.734370,0.689311,0.740241,0.507979,0.734370,0.510421,0.740241
6,0.551110,0.708423,0.734370,0.551110,0.688419,0.740241,0.544857,0.607382,0.544857,0.607382,0.708423,0.734370,0.688419,0.740241,0.507851,0.734370,0.510320,0.740241
