{
  "experiment_name": "optimal_v1",
  "best_val_auc": 0.7247588035950734,
  "best_epoch": 3,
  "best_mastery_corr": 0.05296367518339589,
  "best_gain_corr": -0.06764940726197641,
  "best_mastery_corr_ci": [
    -0.29572241525614457,
    0.3891959590463733
  ],
  "best_gain_corr_ci": [
    -0.40163067287227533,
    0.2822139095574203
  ],
  "final_consistency_metrics": {
    "monotonicity_violation_rate": 0.0,
    "negative_gain_rate": 0.0,
    "bounds_violation_rate": 0.0,
    "mastery_correlation": 0.022975956473682824,
    "gain_correlation": -0.009930271778764283,
    "mastery_correlation_n": 153,
    "gain_correlation_n": 153,
    "mastery_correlation_ci_low": -0.13619872296460353,
    "mastery_correlation_ci_high": 0.18099421966114493,
    "gain_correlation_ci_low": -0.16834313925819647,
    "gain_correlation_ci_high": 0.148982611261087
  },
  "train_history": {
    "train_loss": [
      0.5408370871618005,
      0.5287437729267259,
      0.527733959527831,
      0.5260216630802254,
      0.5204662272967205,
      0.5093139269500199,
      0.4905579510130413,
      0.4662108594271803
    ],
    "train_auc": [
      0.6928393447151175,
      0.7252701058191858,
      0.738280317008065,
      0.7515117638716143,
      0.7686188747725607,
      0.7902022780373015,
      0.817077716817528,
      0.8447131293154838
    ],
    "val_auc": [
      0.7180509425963716,
      0.7242159215683713,
      0.7247588035950734,
      0.7200239684470071,
      0.7107213210785058,
      0.6983771676708688,
      0.6852178778054273,
      0.6709241858153826
    ],
    "consistency_metrics": [
      {
        "monotonicity_violation_rate": 0.0,
        "negative_gain_rate": 0.0,
        "bounds_violation_rate": 0.0,
        "mastery_correlation": 0.050140335769471155,
        "gain_correlation": -0.06229464711253047,
        "mastery_correlation_n": 33,
        "gain_correlation_n": 33,
        "mastery_correlation_ci_low": -0.2983035481535312,
        "mastery_correlation_ci_high": 0.3867912523717798,
        "gain_correlation_ci_low": -0.39711090652231384,
        "gain_correlation_ci_high": 0.2871555487818622
      },
      {
        "monotonicity_violation_rate": 0.0,
        "negative_gain_rate": 0.0,
        "bounds_violation_rate": 0.0,
        "mastery_correlation": 0.05360497963217274,
        "gain_correlation": -0.07090229405363924,
        "mastery_correlation_n": 33,
        "gain_correlation_n": 33,
        "mastery_correlation_ci_low": -0.29513541611935795,
        "mastery_correlation_ci_high": 0.3897415356527447,
        "gain_correlation_ci_low": -0.4043684003880939,
        "gain_correlation_ci_high": 0.2792028914410077
      },
      {
        "monotonicity_violation_rate": 0.0,
        "negative_gain_rate": 0.0,
        "bounds_violation_rate": 0.0,
        "mastery_correlation": 0.05296367518339589,
        "gain_correlation": -0.06764940726197641,
        "mastery_correlation_n": 33,
        "gain_correlation_n": 33,
        "mastery_correlation_ci_low": -0.29572241525614457,
        "mastery_correlation_ci_high": 0.3891959590463733,
        "gain_correlation_ci_low": -0.40163067287227533,
        "gain_correlation_ci_high": 0.2822139095574203
      },
      {
        "monotonicity_violation_rate": 0.0,
        "negative_gain_rate": 0.0,
        "bounds_violation_rate": 0.0,
        "mastery_correlation": 0.0526264862141191,
        "gain_correlation": -0.07111404279952763,
        "mastery_correlation_n": 33,
        "gain_correlation_n": 33,
        "mastery_correlation_ci_low": -0.29603094566048854,
        "mastery_correlation_ci_high": 0.38890900779427395,
        "gain_correlation_ci_low": -0.4045464075882204,
        "gain_correlation_ci_high": 0.27900664832169947
      },
      {
        "monotonicity_violation_rate": 0.0,
        "negative_gain_rate": 0.0,
        "bounds_violation_rate": 0.0,
        "mastery_correlation": 0.045758506290614405,
        "gain_correlation": -0.05204942673102313,
        "mastery_correlation_n": 33,
        "gain_correlation_n": 33,
        "mastery_correlation_ci_low": -0.302299405342675,
        "mastery_correlation_ci_high": 0.38305005293451094,
        "gain_correlation_ci_low": -0.3884177728588174,
        "gain_correlation_ci_high": 0.2965587906179266
      },
      {
        "monotonicity_violation_rate": 0.0,
        "negative_gain_rate": 0.0,
        "bounds_violation_rate": 0.0,
        "mastery_correlation": 0.0560997958151425,
        "gain_correlation": -0.03598945831725786,
        "mastery_correlation_n": 33,
        "gain_correlation_n": 33,
        "mastery_correlation_ci_low": -0.2928493527221058,
        "mastery_correlation_ci_high": 0.39186170741478044,
        "gain_correlation_ci_low": -0.37466922833998095,
        "gain_correlation_ci_high": 0.31116412908208974
      },
      {
        "monotonicity_violation_rate": 0.0,
        "negative_gain_rate": 0.0,
        "bounds_violation_rate": 0.0,
        "mastery_correlation": 0.05698367089196328,
        "gain_correlation": -0.03097716984578991,
        "mastery_correlation_n": 33,
        "gain_correlation_n": 33,
        "mastery_correlation_ci_low": -0.292038477356228,
        "mastery_correlation_ci_high": 0.3926119971633866,
        "gain_correlation_ci_low": -0.37034761631264873,
        "gain_correlation_ci_high": 0.3156890994950064
      },
      {
        "monotonicity_violation_rate": 0.0,
        "negative_gain_rate": 0.0,
        "bounds_violation_rate": 0.0,
        "mastery_correlation": 0.05520254242632521,
        "gain_correlation": -0.01771928291680276,
        "mastery_correlation_n": 33,
        "gain_correlation_n": 33,
        "mastery_correlation_ci_low": -0.29367198841794473,
        "mastery_correlation_ci_high": 0.3910996042312224,
        "gain_correlation_ci_low": -0.35884535619456787,
        "gain_correlation_ci_high": 0.3275824606796587
      }
    ],
    "semantic_trajectory": [
      {
        "epoch": 1,
        "mastery_correlation": 0.050140335769471155,
        "gain_correlation": -0.06229464711253047,
        "mastery_correlation_ci_low": -0.2983035481535312,
        "mastery_correlation_ci_high": 0.3867912523717798,
        "gain_correlation_ci_low": -0.39711090652231384,
        "gain_correlation_ci_high": 0.2871555487818622,
        "warmup_scale": 0.125,
        "alignment_corr_mastery": 0.0,
        "alignment_corr_gain": 0.0,
        "global_alignment_mastery_corr": null,
        "global_alignment_gain_corr": null,
        "effective_alignment_weight": 0.25,
        "peak_mastery_corr": 0.0,
        "retention_loss_value": 0.0,
        "mean_lag_corr": null,
        "lag_corr_count": 0,
        "consistency_loss_weight_current": 0.0,
        "sparsity_loss_weight_current": 0.0,
        "loss_shares": {
          "main": 0.9833043688852495,
          "constraint_total": 0.016695632198808704,
          "alignment": 0.0,
          "lag": 0.0,
          "retention": 0.0
        },
        "mean_mastery_variance": null,
        "min_mastery_variance": null,
        "max_mastery_variance": null,
        "per_lag_correlations": []
      },
      {
        "epoch": 2,
        "mastery_correlation": 0.05360497963217274,
        "gain_correlation": -0.07090229405363924,
        "mastery_correlation_ci_low": -0.29513541611935795,
        "mastery_correlation_ci_high": 0.3897415356527447,
        "gain_correlation_ci_low": -0.4043684003880939,
        "gain_correlation_ci_high": 0.2792028914410077,
        "warmup_scale": 0.25,
        "alignment_corr_mastery": 0.0,
        "alignment_corr_gain": 0.0,
        "global_alignment_mastery_corr": null,
        "global_alignment_gain_corr": null,
        "effective_alignment_weight": 0.25,
        "peak_mastery_corr": 0.0,
        "retention_loss_value": 0.0,
        "mean_lag_corr": null,
        "lag_corr_count": 0,
        "consistency_loss_weight_current": 0.0,
        "sparsity_loss_weight_current": 0.0,