epoch,train_loss,train_auc,train_acc,val_loss,val_auc,val_acc,train_bce_loss,train_im_loss,val_bce_loss,val_im_loss,train_encoder1_auc,train_encoder1_acc,val_encoder1_auc,val_encoder1_acc,train_encoder2_auc,train_encoder2_acc,val_encoder2_auc,val_encoder2_acc
1,0.567861,0.680382,0.734370,0.567861,0.675598,0.740241,0.563305,0.608868,0.563305,0.608868,0.680382,0.734370,0.675598,0.740241,0.508809,0.734370,0.511067,0.740241
2,0.559437,0.693518,0.734370,0.559437,0.686649,0.740241,0.553997,0.608404,0.553997,0.608404,0.693518,0.734370,0.686649,0.740241,0.510750,0.734370,0.512940,0.740241
3,0.556910,0.698830,0.734370,0.556910,0.689919,0.740241,0.551237,0.607964,0.551237,0.607964,0.698830,0.734370,0.689919,0.740241,0.511584,0.734370,0.513785,0.740241
4,0.554950,0.700914,0.734370,0.554950,0.688637,0.740241,0.549107,0.607540,0.549107,0.607540,0.700914,0.734370,0.688637,0.740241,0.511741,0.734370,0.513951,0.740241
5,0.553050,0.705300,0.734370,0.553050,0.689311,0.740241,0.547041,0.607132,0.547041,0.607132,0.705300,0.734370,0.689311,0.740241,0.511701,0.734370,0.513921,0.740241
6,0.551045,0.708423,0.734370,0.551045,0.688419,0.740241,0.544857,0.606738,0.544857,0.606738,0.708423,0.734370,0.688419,0.740241,0.511492,0.734370,0.513715,0.740241
