{
  "tail_metrics": {
    "epoch": 12.0,
    "train_loss": 0.32113594635162945,
    "train_auc": 0.9202364990983956,
    "val_loss": 0.7383156357979288,
    "val_auc": 0.6495037540885602,
    "val_accuracy": 0.7025664483352636,
    "monotonicity_violation_rate": 0.0,
    "negative_gain_rate": 0.0,
    "bounds_violation_rate": 0.0,
    "mastery_correlation": 0.12730922190643865,
    "gain_correlation": 0.01946629445579533,
    "main_loss_share": 0.9420849723660241,
    "constraint_loss_share": 0.0579150299780887,
    "alignment_loss_share": -0.12826081312227494,
    "lag_loss_share": -0.007771619430469533,
    "retention_loss_share": 0.0
  },
  "best_summary": {
    "best_epoch": 12.0,
    "best_val_auc": 0.6495037540885602,
    "best_val_accuracy": 0.7025664483352636,
    "mastery_corr": null,
    "gain_corr": null
  },
  "config_md5": "728172c78c5dc5f6499b32a0d3d050ad"
}