split,auc,acc,l_sup,l_ref,l_init,l_rate,l_reg
validation,0.790054,0.720311,0.549753,0.000000,0.000000,0.000000,0.000659
