{
  "r2_true": 0.6601447900090658,
  "pearson_true": 0.8124930075282721,
  "r2_control": -0.008049445046695025,
  "pearson_control": 0.011533784625718671,
  "selectivity_r2": 0.6681942350557608
}