{
  "valid_auc": 0.8312390163600373,
  "valid_acc": 0.7666154764951796,
  "valid_metrics": {
    "l_sup": 0.4783110574047034,
    "l_reg": 6.494717429935311e-06,
    "l_ref": 0.06876519529355897,
    "l_init": 0.03825230398803291,
    "l_rate": 0.154918101601267
  },
  "test_auc": 0.8206932649051046,
  "test_acc": 0.7573072299501975,
  "test_metrics": {
    "l_sup": 0.49557237209977384,
    "l_reg": 7.063489358022872e-06,
    "l_ref": 0.06467181308702989,
    "l_init": 0.0398474637542314,
    "l_rate": 0.1591614615171305
  },
  "window_test_auc": 0.8206932649051046,
  "window_test_acc": 0.7573072299501975,
  "window_metrics": {
    "l_sup": 0.49557237209977384,
    "l_reg": 7.063489358022872e-06,
    "l_ref": 0.0,
    "l_init": 0.0398474637542314,
    "l_rate": 0.1591614615171305
  },
  "checkpoint": "/workspaces/pykt-toolkit/experiments/20251231_000314_idkt_assist2009_S_hr_sweep_l0.0_673874/best_model.pt"
}