split,auc,acc,l_sup,l_ref,l_init,l_rate,l_reg
test,0.820693,0.757307,0.495572,0.064672,0.039847,0.159161,0.000007
