{
  "r2_true": -1.1466241519730191,
  "pearson_true": 0.43473554396060676,
  "r2_control": -1.028101550681157,
  "pearson_control": -0.0033721852850190836,
  "selectivity_r2": -0.1185226012918621
}