{
  "0": {
    "r2": -5276.11109099759,
    "pearson": -0.034830015317973424,
    "count": 200
  },
  "1": {
    "r2": -944.2379639734792,
    "pearson": 0.03661495531566031,
    "count": 539
  },
  "2": {
    "r2": 0.8927555644702385,
    "pearson": 0.9487465507632589,
    "count": 250
  },
  "3": {
    "r2": -28.691991199380478,
    "pearson": 0.16845454529440362,
    "count": 111
  },
  "4": {
    "r2": -180.19906779754584,
    "pearson": 0.03955760854563428,
    "count": 145
  },
  "5": {
    "r2": -4.534595599362693,
    "pearson": 0.3397931408287847,
    "count": 413
  },
  "8": {
    "r2": -28.763777156893543,
    "pearson": -0.006434888862357531,
    "count": 151
  },
  "9": {
    "r2": -2908.2944389288077,
    "pearson": 0.025222479262056886,
    "count": 195
  },
  "10": {
    "r2": -27.07446817815331,
    "pearson": -0.1715210718017921,
    "count": 63
  },
  "11": {
    "r2": -0.7406190786282327,
    "pearson": 0.32820840502403636,
    "count": 593
  },
  "12": {
    "r2": -926.5694585525093,
    "pearson": 0.10174843916309269,
    "count": 415
  },
  "14": {
    "r2": -9.938233473351035,
    "pearson": 0.007966691606849615,
    "count": 52
  },
  "15": {
    "r2": -4.533557378637122,
    "pearson": 0.336274462070788,
    "count": 499
  },
  "16": {
    "r2": -8.605170454223991,
    "pearson": 0.4692331506139005,
    "count": 30
  },
  "17": {
    "r2": -3.014353097037577,
    "pearson": 0.38840429231264506,
    "count": 87
  },
  "18": {
    "r2": 0.6074682934015273,
    "pearson": 0.8046031035553116,
    "count": 84
  },
  "19": {
    "r2": 0.0959336330128252,
    "pearson": 0.5901965442287103,
    "count": 39
  },
  "20": {
    "r2": -23.220129198722447,
    "pearson": 0.19569265643604528,
    "count": 233
  },
  "21": {
    "r2": -7.511240432324573,
    "pearson": -0.11399492364517065,
    "count": 75
  },
  "22": {
    "r2": -7.021609623439915,
    "pearson": -0.33279163407412465,
    "count": 55
  },
  "23": {
    "r2": -1219.7792030997707,
    "pearson": -0.006306979952051792,
    "count": 354
  },
  "24": {
    "r2": 0.9128461898257039,
    "pearson": 0.9603652222536374,
    "count": 92
  },
  "25": {
    "r2": -1544.337797482264,
    "pearson": 0.04777365210178989,
    "count": 309
  },
  "26": {
    "r2": 0.5145888197568245,
    "pearson": 0.85010539012302,
    "count": 116
  },
  "27": {
    "r2": 0.6931627623245906,
    "pearson": 0.9988381512855866,
    "count": 28
  },
  "28": {
    "r2": -96805.2289272463,
    "pearson": -0.21408646892859948,
    "count": 208
  },
  "30": {
    "r2": -3167.515583184245,
    "pearson": 0.3439275232727057,
    "count": 77
  },
  "31": {
    "r2": 0.00223698185450516,
    "pearson": 0.6763920921787079,
    "count": 82
  },
  "32": {
    "r2": 0.8983325473372148,
    "pearson": 0.9939863019694716,
    "count": 25
  },
  "37": {
    "r2": -0.6715639190098459,
    "pearson": 0.607403652073637,
    "count": 27
  },
  "38": {
    "r2": 0.7269658953641984,
    "pearson": 0.867762934413817,
    "count": 61
  },
  "40": {
    "r2": -55.69738190842284,
    "pearson": 0.6034644400031022,
    "count": 22
  },
  "44": {
    "r2": 0.5563353319781967,
    "pearson": 0.7916793846579236,
    "count": 90
  },
  "45": {
    "r2": -1261.4066813281515,
    "pearson": 0.018368186664136726,
    "count": 335
  },
  "46": {
    "r2": -30.105391669513335,
    "pearson": 0.17713745897052888,
    "count": 381
  },
  "47": {
    "r2": -32.38742982422495,
    "pearson": 0.38458269894875213,
    "count": 303
  },
  "48": {
    "r2": -155.1382772963553,
    "pearson": 0.08162129625105574,
    "count": 163
  },
  "49": {
    "r2": 0.5076637689744147,
    "pearson": 0.7719716023382689,
    "count": 34
  },
  "51": {
    "r2": 0.5201847470879322,
    "pearson": 0.7418138593753542,
    "count": 101
  },
  "52": {
    "r2": -0.3888286282991489,
    "pearson": 0.5042916825840864,
    "count": 174
  },
  "53": {
    "r2": -46.63933347880187,
    "pearson": 0.058056787107201094,
    "count": 205
  },
  "54": {
    "r2": -25.351993790550058,
    "pearson": 0.2541097781782217,
    "count": 117
  },
  "55": {
    "r2": 0.22160497418537994,
    "pearson": 0.6652274229916391,
    "count": 84
  },
  "56": {
    "r2": -94.39815252201177,
    "pearson": 0.14857280028860828,
    "count": 121
  },
  "57": {
    "r2": -6041.17157707412,
    "pearson": 0.15738155610946586,
    "count": 271
  },
  "58": {
    "r2": -0.4518483832446585,
    "pearson": -0.5559485265447437,
    "count": 23
  },
  "60": {
    "r2": 0.8018169478138182,
    "pearson": 0.9143324079759867,
    "count": 34
  },
  "61": {
    "r2": 0.18934692542010534,
    "pearson": 0.5762211016690255,
    "count": 102
  },
  "62": {
    "r2": -1212.105681751279,
    "pearson": 0.0505070925721683,
    "count": 376
  },
  "63": {
    "r2": -115.72989999500388,
    "pearson": 0.31723022993957956,
    "count": 103
  },
  "65": {
    "r2": 0.2824933364713045,
    "pearson": 0.7279304005201122,
    "count": 22
  },
  "68": {
    "r2": -1018.2587484498966,
    "pearson": 0.8638699244442226,
    "count": 99
  },
  "72": {
    "r2": 0.20116385854317964,
    "pearson": 0.6215984917447795,
    "count": 57
  },
  "75": {
    "r2": -0.08453768161169761,
    "pearson": 0.8439099650145281,
    "count": 33
  },
  "76": {
    "r2": -12.553675292507966,
    "pearson": 0.8649140042717635,
    "count": 21
  },
  "80": {
    "r2": -0.6569685096129338,
    "pearson": 0.4962682787974329,
    "count": 25
  },
  "86": {
    "r2": -1.3341872219858448,
    "pearson": 0.7533603320835376,
    "count": 42
  }
}