{
  "valid_auc": 0.8312390163600373,
  "valid_acc": 0.7666154764951796,
  "valid_metrics": {
    "l_sup": 0.4879001783165132,
    "l_reg": 1.78136330456861e-05,
    "l_ref": 0.0713230710890558,
    "l_init": 0.03830587435762003,
    "l_rate": 0.15542337125112024
  },
  "test_auc": 0.8248660152261733,
  "test_acc": 0.7587663168671614,
  "test_metrics": {
    "l_sup": 0.4879001783165132,
    "l_reg": 1.78136330456861e-05,
    "l_ref": 0.0713230710890558,
    "l_init": 0.03830587435762003,
    "l_rate": 0.15542337125112024
  },
  "best_epoch": 22,
  "params": {
    "model_name": "idkt",
    "dataset_name": "assist2009_S",
    "fold": 0,
    "seed": 42,
    "emb_type": "qid",
    "save_dir": "/workspaces/pykt-toolkit/experiments/20251231_000314_idkt_assist2009_S_hr_sweep_l0.0_673874",
    "d_model": 256,
    "d_ff": 512,
    "num_attn_heads": 8,
    "n_blocks": 4,
    "dropout": 0.2,
    "final_fc_dim": 512,
    "learning_rate": 0.0001,
    "weight_decay": 0.0,
    "batch_size": 64,
    "num_epochs": 100,
    "optimizer": "Adam",
    "gradient_clip": 1.0,
    "patience": 10,
    "seq_len": 200,
    "l2": 1e-05,
    "lambda_student": 1e-05,
    "lambda_gap": 1e-05,
    "lambda_ref": 0.0,
    "lambda_initmastery": 0.0,
    "lambda_rate": 0.0,
    "theory_guided": 1,
    "calibrate": 1,
    "use_wandb": 0,
    "add_uuid": 0
  }
}