{
  "experiment_id": "20251109_093556_gainakt2exp_baseline_seed2025_351039",
  "dataset": "assist2015",
  "fold": 0,
  "train_auc": 0.753925414917944,
  "train_acc": 0.7625071570035387,
  "train_mastery_correlation": 0.08775288986260651,
  "train_gain_correlation": 0.07296228877279043,
  "train_correlation_students": 267,
  "valid_auc": 0.7251456185260845,
  "valid_acc": 0.7538272878568161,
  "test_auc": 0.719081131628933,
  "test_acc": 0.7475778649548265,
  "test_mastery_correlation": 0.06866232097268335,
  "test_gain_correlation": 0.025141574169114278,
  "test_correlation_students": 262,
  "timestamp": "2025-11-09T10:40:23.358793Z"
}