{
  "experiment_id": "20251116_174852_gainakt3exp_lc_b1.5_m0.7_g1.0_o1.5_150623",
  "dataset": "assist2015",
  "fold": 0,
  "train_auc": 0.7001608669308191,
  "train_acc": 0.7482025361604671,
  "valid_auc": 0.6903256444875713,
  "valid_acc": 0.7413600132361385,
  "test_auc": 0.6860181657407145,
  "test_acc": 0.7358758321445554,
  "train_encoder1_auc": 0.7001608669308191,
  "train_encoder1_acc": 0.7482025361604671,
  "valid_encoder1_auc": 0.6903256444875713,
  "valid_encoder1_acc": 0.7413600132361385,
  "test_encoder1_auc": 0.6860181657407145,
  "test_encoder1_acc": 0.7358758321445554,
  "train_encoder2_auc": 0.522981277564301,
  "train_encoder2_acc": 0.5405438384065929,
  "valid_encoder2_auc": 0.524664320043277,
  "valid_encoder2_acc": 0.5402388344412111,
  "test_encoder2_auc": 0.5214728892826189,
  "test_encoder2_acc": 0.543695019020447,
  "train_mastery_correlation": 0.0,
  "train_gain_correlation": 0.0,
  "train_correlation_students": 0,
  "test_mastery_correlation": 0.0,
  "test_gain_correlation": 0.0,
  "test_correlation_students": 0,
  "timestamp": "2025-11-16T17:53:56.717431Z"
}