epoch,train_loss,train_auc,train_acc,val_loss,val_auc,val_acc,train_bce_loss,train_im_loss,val_bce_loss,val_im_loss,train_encoder1_auc,train_encoder1_acc,val_encoder1_auc,val_encoder1_acc,train_encoder2_auc,train_encoder2_acc,val_encoder2_auc,val_encoder2_acc
1,0.600212,0.677991,0.734370,0.600212,0.673812,0.740241,0.563586,0.609369,0.563586,0.609369,0.677991,0.734370,0.673812,0.740241,0.510827,0.734370,0.513239,0.740241
2,0.597722,0.688848,0.734370,0.597722,0.683124,0.740241,0.554694,0.608479,0.554694,0.608479,0.688848,0.734370,0.683124,0.740241,0.514339,0.734370,0.516327,0.740241
3,0.596574,0.693580,0.734370,0.596574,0.686981,0.740241,0.552456,0.607603,0.552456,0.607603,0.693580,0.734370,0.686981,0.740241,0.517422,0.734370,0.519122,0.740241
4,0.595582,0.697427,0.734370,0.595582,0.689418,0.740241,0.550926,0.606746,0.550926,0.606746,0.697427,0.734370,0.689418,0.740241,0.520046,0.734370,0.521708,0.740241
5,0.594645,0.700160,0.734370,0.594645,0.690326,0.740241,0.549595,0.605908,0.549595,0.605908,0.700160,0.734370,0.690326,0.740241,0.522981,0.734370,0.524664,0.740241
6,0.593744,0.701890,0.734370,0.593744,0.689858,0.740241,0.548361,0.605090,0.548361,0.605090,0.701890,0.734370,0.689858,0.740241,0.526289,0.734370,0.527814,0.740241
