{
  "experiment_id": "20251114_175003_gainakt3exp_debug_thresholds_696370",
  "dataset": "assist2015",
  "fold": 0,
  "train_auc": 0.7162683333892611,
  "train_acc": 0.7489487417753123,
  "train_mastery_correlation": 0.026642510560845368,
  "train_gain_correlation": 0.033675061301081874,
  "train_correlation_students": 3334,
  "valid_auc": 0.7083706193931965,
  "valid_acc": 0.7489999902675452,
  "test_auc": 0.7045193105083069,
  "test_acc": 0.7444944721825963,
  "test_mastery_correlation": 0.02280015060212896,
  "test_gain_correlation": 0.03162427395355019,
  "test_correlation_students": 3177,
  "timestamp": "2025-11-14T17:55:51.439771Z"
}