split,total_auc,bce_auc,mastery_auc,total_acc,bce_acc,mastery_acc
training,0.7531836610307991,0.754297255748299,0.6480844251291131,0.7611109546738752,0.7623992153108251,0.7354489905105173
validation,0.7240874239773367,0.7245286498441187,0.6353715567410839,0.753691033489377,0.7542068535946822,0.7345570273190006
test,0.7181560067765093,0.718681222366246,0.63141330937925,0.7471246433666191,0.7469834759866857,0.7262170114122682
