split,total_auc,bce_auc,mastery_auc,total_acc,bce_acc,mastery_acc
training,0.7548970405846686,0.7548970408951696,0.5,0.7618993983423911,0.7618993983423911,0.2656304264166174
validation,0.7239507348200447,0.7239507382682956,0.5,0.7533212002063281,0.7533212002063281,0.25975921906782545
test,0.717769464767984,0.7177694658972373,0.5,0.7470577746077033,0.7470577746077033,0.26662803138373753
