{
  "train": {
    "total_auc": 0.7518938570915059,
    "total_acc": 0.7601019345028581,
    "bce_auc": 0.7518938570915059,
    "bce_acc": 0.7601019345028581,
    "mastery_auc": "N/A",
    "mastery_acc": "N/A"
  },
  "valid": {
    "total_auc": 0.7251637294785909,
    "total_acc": 0.7532141432033401,
    "bce_auc": 0.7251637294785909,
    "bce_acc": 0.7532141432033401,
    "mastery_auc": "N/A",
    "mastery_acc": "N/A"
  },
  "test": {
    "total_auc": 0.7189097903011658,
    "total_acc": 0.7477116024726581,
    "bce_auc": 0.7189097903011658,
    "bce_acc": 0.7477116024726581,
    "mastery_auc": "N/A",
    "mastery_acc": "N/A"
  },
  "checkpoint_epoch": 10,
  "checkpoint_val_auc": 0.7251637398233435
}