split,total_auc,bce_auc,mastery_auc,total_acc,bce_acc,mastery_acc
training,0.7518938570915059,0.7518938570915059,N/A,0.7601019345028581,0.7601019345028581,N/A
validation,0.7251637294785909,0.7251637294785909,N/A,0.7532141432033401,0.7532141432033401,N/A
test,0.7189097903011658,0.7189097903011658,N/A,0.7477116024726581,0.7477116024726581,N/A
