split,total_auc,bce_auc,mastery_auc,total_acc,bce_acc,mastery_acc
training,0.7511895960142875,0.7511895960142875,N/A,0.7609678146031031,0.7609678146031031,N/A
validation,0.7246077320296858,0.7246077320296858,N/A,0.7529319020136449,0.7529319020136449,N/A
test,0.7178427583917331,0.7178427583917331,N/A,0.7465302543984783,0.7465302543984783,N/A
