epoch,train_loss,train_auc,train_acc,val_loss,val_auc,val_acc,train_bce_loss,train_im_loss,val_bce_loss,val_im_loss,train_encoder1_auc,train_encoder1_acc,val_encoder1_auc,val_encoder1_acc,train_encoder2_auc,train_encoder2_acc,val_encoder2_auc,val_encoder2_acc
1,0.598773,0.677991,0.734370,0.598773,0.673812,0.740241,0.563586,0.607570,0.563586,0.607570,0.677991,0.734370,0.673812,0.740241,0.508282,0.734370,0.510989,0.740241
2,0.596332,0.688848,0.734370,0.596332,0.683124,0.740241,0.554694,0.606741,0.554694,0.606741,0.688848,0.734370,0.683124,0.740241,0.510971,0.734370,0.513378,0.740241
3,0.595233,0.693580,0.734370,0.595233,0.686981,0.740241,0.552456,0.605927,0.552456,0.605927,0.693580,0.734370,0.686981,0.740241,0.513121,0.734370,0.515212,0.740241
4,0.594291,0.697427,0.734370,0.594291,0.689418,0.740241,0.550926,0.605133,0.550926,0.605133,0.697427,0.734370,0.689418,0.740241,0.515213,0.734370,0.517264,0.740241
5,0.593418,0.700160,0.734370,0.593418,0.690326,0.740241,0.549595,0.604374,0.549595,0.604374,0.700160,0.734370,0.690326,0.740241,0.517545,0.734370,0.519588,0.740241
6,0.592595,0.701890,0.734370,0.592595,0.689858,0.740241,0.548361,0.603653,0.548361,0.603653,0.701890,0.734370,0.689858,0.740241,0.520017,0.734370,0.521978,0.740241
