epoch,train_loss,train_auc,train_acc,val_loss,val_auc,val_acc,train_bce_loss,train_im_loss,val_bce_loss,val_im_loss,train_encoder1_auc,train_encoder1_acc,val_encoder1_auc,val_encoder1_acc,train_encoder2_auc,train_encoder2_acc,val_encoder2_auc,val_encoder2_acc
1,0.567966,0.680382,0.734370,0.567966,0.675598,0.740241,0.563305,0.609918,0.563305,0.609918,0.680382,0.734370,0.675598,0.740241,0.504695,0.734370,0.507537,0.740241
2,0.559530,0.693518,0.734370,0.559530,0.686649,0.740241,0.553997,0.609336,0.553997,0.609336,0.693518,0.734370,0.686649,0.740241,0.506592,0.734370,0.509286,0.740241
3,0.556990,0.698830,0.734370,0.556990,0.689919,0.740241,0.551237,0.608770,0.551237,0.608770,0.698830,0.734370,0.689919,0.740241,0.507890,0.734370,0.510493,0.740241
4,0.555018,0.700914,0.734370,0.555018,0.688637,0.740241,0.549107,0.608219,0.549107,0.608219,0.700914,0.734370,0.688637,0.740241,0.508902,0.734370,0.511485,0.740241
5,0.553105,0.705300,0.734370,0.553105,0.689311,0.740241,0.547041,0.607681,0.547041,0.607681,0.705300,0.734370,0.689311,0.740241,0.510343,0.734370,0.513049,0.740241
6,0.551087,0.708423,0.734370,0.551087,0.688419,0.740241,0.544857,0.607155,0.544857,0.607155,0.708423,0.734370,0.688419,0.740241,0.512612,0.734370,0.515406,0.740241
