{
  "train": {
    "total_auc": 0.7041755183627569,
    "total_acc": 0.7431926336834399,
    "bce_auc": 0.7082265886946388,
    "bce_acc": 0.7448563436863496,
    "mastery_auc": 0.5973869782499596,
    "mastery_acc": 0.7255230478979529
  },
  "valid": {
    "total_auc": 0.6985053199442087,
    "total_acc": 0.7439391137626643,
    "bce_auc": 0.7027909603177211,
    "bce_acc": 0.7457298854490068,
    "mastery_auc": 0.5902754990381326,
    "mastery_acc": 0.7293404315370466
  },
  "test": {
    "total_auc": 0.6942507680382307,
    "total_acc": 0.7393307180218736,
    "bce_auc": 0.6989561336783867,
    "bce_acc": 0.7414036495482644,
    "mastery_auc": 0.5914497494361297,
    "mastery_acc": 0.7207857822158821
  },
  "checkpoint_epoch": 2,
  "checkpoint_val_auc": 0.7027909603177211
}