split,total_auc,bce_auc,mastery_auc,total_acc,bce_acc,mastery_acc
training,0.7041755183627569,0.7082265886946388,0.5973869782499596,0.7431926336834399,0.7448563436863496,0.7255230478979529
validation,0.6985053199442087,0.7027909603177211,0.5902754990381326,0.7439391137626643,0.7457298854490068,0.7293404315370466
test,0.6942507680382307,0.6989561336783867,0.5914497494361297,0.7393307180218736,0.7414036495482644,0.7207857822158821
