epoch,lambda_bce,lambda_mastery,lambda_curve,val_total_auc,val_bce_auc,val_mastery_auc,val_curve_auc,val_total_acc,val_bce_acc,val_mastery_acc,val_curve_acc,val_total_loss,val_bce_loss,val_mastery_loss,val_curve_loss,val_curve_mae
1,0.7,0.1,0.2,0.6792222953891798,0.6837981289800604,0.5556018764021665,N/A,0.7400558642906501,0.7429269384616882,0.7225666429843599,N/A,0.07386842940230759,0.09057507587938893,0.10465877092614466,0.0,N/A
2,0.7,0.1,0.2,0.6985053199442087,0.7027909603177211,0.5902754990381326,N/A,0.7439391137626643,0.7457298854490068,0.7293404315370466,N/A,0.07219594793052089,0.08874191130910601,0.10076610804820547,0.0,N/A
