{
  "train": {
    "total_auc": 0.7412106032262882,
    "total_acc": 0.757417471536245,
    "bce_auc": 0.7412106021395347,
    "bce_acc": 0.7574104318606332,
    "mastery_auc": 0.5,
    "mastery_acc": 0.2656304264166174
  },
  "valid": {
    "total_auc": 0.7096476601393691,
    "total_acc": 0.7502846743033995,
    "bce_auc": 0.7096476596467618,
    "bce_acc": 0.7502944067582166,
    "mastery_auc": 0.5,
    "mastery_acc": 0.25975921906782545
  },
  "test": {
    "total_auc": 0.7050558731179704,
    "total_acc": 0.7455272230147408,
    "bce_auc": 0.7050558687421138,
    "bce_acc": 0.745519793152639,
    "mastery_auc": 0.5,
    "mastery_acc": 0.26662803138373753
  },
  "checkpoint_epoch": 10,
  "checkpoint_val_auc": 0.7096476596467618
}