split,total_auc,bce_auc,mastery_auc,total_acc,bce_acc,mastery_acc
training,0.7412106032262882,0.7412106021395347,0.5,0.757417471536245,0.7574104318606332,0.2656304264166174
validation,0.7096476601393691,0.7096476596467618,0.5,0.7502846743033995,0.7502944067582166,0.25975921906782545
test,0.7050558731179704,0.7050558687421138,0.5,0.7455272230147408,0.745519793152639,0.26662803138373753
