{
  "experiment_name": "optimal_v1",
  "best_val_auc": 0.7152009317213274,
  "final_consistency_metrics": {
    "monotonicity_violation_rate": 0.0,
    "negative_gain_rate": 0.0,
    "bounds_violation_rate": 0.0,
    "mastery_correlation": -0.01809928360979502,
    "gain_correlation": 0.048859563839176993
  },
  "train_history": {
    "train_loss": [
      0.548085448037775
    ],
    "train_auc": [
      0.6911103927043651
    ],
    "val_auc": [
      0.7152009317213274
    ],
    "consistency_metrics": [
      {
        "monotonicity_violation_rate": 0.0,
        "negative_gain_rate": 0.0,
        "bounds_violation_rate": 0.0,
        "mastery_correlation": 0.0037343996928741858,
        "gain_correlation": 0.10397523847480673
      }
    ],
    "semantic_trajectory": [
      {
        "epoch": 1,
        "mastery_correlation": 0.0037343996928741858,
        "gain_correlation": 0.10397523847480673,
        "warmup_scale": 0.25,
        "alignment_corr_mastery": 0.13489137589931488,
        "alignment_corr_gain": 0.32388201355934143,
        "global_alignment_mastery_corr": 0.017729078470535266,
        "global_alignment_gain_corr": 0.0308039737304595,
        "effective_alignment_weight": 0.03125,
        "peak_mastery_corr": 0.017729078470535266,
        "retention_loss_value": 0.0,
        "mean_lag_corr": 0.0,
        "lag_corr_count": 0,
        "consistency_loss_weight_current": 0.3,
        "sparsity_loss_weight_current": 0.2,
        "loss_shares": {
          "main": 0.9706173947935605,
          "constraint_total": 0.02938260506921644,
          "alignment": -0.012917829939440236,
          "lag": 0.0,
          "retention": 0.0
        },
        "mean_mastery_variance": 0.01827040072433998,
        "min_mastery_variance": 0.013610140420496464,
        "max_mastery_variance": 0.04116927832365036,
        "per_lag_correlations": []
      }
    ]
  }
}