{
  "tail_metrics": {
    "epoch": 1.0,
    "train_loss": 0.548085448037775,
    "train_auc": 0.6911103927043651,
    "val_loss": 0.5155002926428294,
    "val_auc": 0.7152009317213274,
    "val_accuracy": 0.7500024331137043,
    "monotonicity_violation_rate": 0.0,
    "negative_gain_rate": 0.0,
    "bounds_violation_rate": 0.0,
    "mastery_correlation": 0.0037343996928741858,
    "gain_correlation": 0.10397523847480673,
    "main_loss_share": 0.9706173947935605,
    "constraint_loss_share": 0.02938260506921644,
    "alignment_loss_share": -0.012917829939440236,
    "lag_loss_share": 0.0,
    "retention_loss_share": 0.0
  },
  "best_summary": {
    "best_epoch": 1.0,
    "best_val_auc": 0.7152009317213274,
    "best_val_accuracy": 0.7500024331137043,
    "mastery_corr": null,
    "gain_corr": null
  },
  "config_md5": "28db4d23ec059644764115c60354d259"
}