split,total_auc,bce_auc,mastery_auc,curve_r2,total_acc,bce_acc,mastery_acc,curve_acc,curve_mae,curve_rmse
training,0.6538444148517564,0.6632183203922547,0.5429161367167659,N/A,0.7337383493368625,0.7350852739372437,0.7152803198828598,N/A,N/A,N/A
validation,0.6528065840961321,0.6626225504050658,0.5430336044215167,N/A,0.739072886354125,0.7398417502846742,0.7199778100030171,N/A,N/A,N/A
test,0.6485545588517095,0.6571440605397506,0.546758953321002,N/A,0.7324060865430337,0.7341743937232525,0.7109635045173561,N/A,N/A,N/A
