{
  "experiment_id": "20251116_182416_gainakt3exp_lc_b2.0_m0.9_g1.0_o2.5_108805",
  "dataset": "assist2015",
  "fold": 0,
  "train_auc": 0.7001608669308191,
  "train_acc": 0.7482025361604671,
  "valid_auc": 0.6903256444875713,
  "valid_acc": 0.7413600132361385,
  "test_auc": 0.6860181657407145,
  "test_acc": 0.7358758321445554,
  "train_encoder1_auc": 0.7001608669308191,
  "train_encoder1_acc": 0.7482025361604671,
  "valid_encoder1_auc": 0.6903256444875713,
  "valid_encoder1_acc": 0.7413600132361385,
  "test_encoder1_auc": 0.6860181657407145,
  "test_encoder1_acc": 0.7358758321445554,
  "train_encoder2_auc": 0.5178928536313734,
  "train_encoder2_acc": 0.512981161828063,
  "valid_encoder2_auc": 0.5193787856837746,
  "valid_encoder2_acc": 0.509980632414914,
  "test_encoder2_auc": 0.5165287657488256,
  "test_encoder2_acc": 0.5157438777936282,
  "train_mastery_correlation": 0.0,
  "train_gain_correlation": 0.0,
  "train_correlation_students": 0,
  "test_mastery_correlation": 0.0,
  "test_gain_correlation": 0.0,
  "test_correlation_students": 0,
  "timestamp": "2025-11-16T18:29:15.058859Z"
}