epoch,train_loss,train_auc,train_acc,val_loss,val_auc,val_acc,train_bce_loss,train_im_loss,val_bce_loss,val_im_loss,train_encoder1_auc,train_encoder1_acc,val_encoder1_auc,val_encoder1_acc,train_encoder2_auc,train_encoder2_acc,val_encoder2_auc,val_encoder2_acc
1,0.599403,0.677991,0.734370,0.599403,0.673812,0.740241,0.563586,0.608358,0.563586,0.608358,0.677991,0.734370,0.673812,0.740241,0.511537,0.734370,0.513662,0.740241
2,0.597034,0.688848,0.734370,0.597034,0.683124,0.740241,0.554694,0.607619,0.554694,0.607619,0.688848,0.734370,0.683124,0.740241,0.514047,0.734370,0.515864,0.740241
3,0.596007,0.693580,0.734370,0.596007,0.686981,0.740241,0.552456,0.606895,0.552456,0.606895,0.693580,0.734370,0.686981,0.740241,0.515874,0.734370,0.517583,0.740241
4,0.595137,0.697427,0.734370,0.595137,0.689418,0.740241,0.550926,0.606189,0.550926,0.606189,0.697427,0.734370,0.689418,0.740241,0.517139,0.734370,0.518691,0.740241
5,0.594337,0.700160,0.734370,0.594337,0.690326,0.740241,0.549595,0.605523,0.549595,0.605523,0.700160,0.734370,0.690326,0.740241,0.517893,0.734370,0.519379,0.740241
6,0.593593,0.701890,0.734370,0.593593,0.689858,0.740241,0.548361,0.604901,0.548361,0.604901,0.701890,0.734370,0.689858,0.740241,0.518691,0.734370,0.520202,0.740241
