split,auc,acc
test,0.845042,0.778496
