epoch,train_loss,train_auc,train_acc,val_loss,val_auc,val_acc,train_bce_loss,train_im_loss,val_bce_loss,val_im_loss,train_encoder1_auc,train_encoder1_acc,val_encoder1_auc,val_encoder1_acc,train_encoder2_auc,train_encoder2_acc,val_encoder2_auc,val_encoder2_acc
1,0.601413,0.677991,0.734370,0.601413,0.673812,0.740241,0.563586,0.610870,0.563586,0.610870,0.677991,0.734370,0.673812,0.740241,0.506354,0.734370,0.509198,0.740241
2,0.599009,0.688848,0.734370,0.599009,0.683124,0.740241,0.554694,0.610088,0.554694,0.610088,0.688848,0.734370,0.683124,0.740241,0.508306,0.734370,0.510780,0.740241
3,0.597945,0.693580,0.734370,0.597945,0.686981,0.740241,0.552456,0.609318,0.552456,0.609318,0.693580,0.734370,0.686981,0.740241,0.509839,0.734370,0.512161,0.740241
4,0.597036,0.697427,0.734370,0.597036,0.689418,0.740241,0.550926,0.608564,0.550926,0.608564,0.697427,0.734370,0.689418,0.740241,0.511188,0.734370,0.513318,0.740241
5,0.596180,0.700160,0.734370,0.596180,0.690326,0.740241,0.549595,0.607826,0.549595,0.607826,0.700160,0.734370,0.690326,0.740241,0.512300,0.734370,0.514324,0.740241
6,0.595357,0.701890,0.734370,0.595357,0.689858,0.740241,0.548361,0.607106,0.548361,0.607106,0.701890,0.734370,0.689858,0.740241,0.513656,0.734370,0.515690,0.740241
