split,auc,acc
test,0.724915,0.751293
