epoch,train_loss,train_auc,train_acc,val_loss,val_auc,val_acc,train_bce_loss,train_im_loss,val_bce_loss,val_im_loss,train_encoder1_auc,train_encoder1_acc,val_encoder1_auc,val_encoder1_acc,train_encoder2_auc,train_encoder2_acc,val_encoder2_auc,val_encoder2_acc
1,0.599671,0.677991,0.734370,0.599671,0.673812,0.740241,0.563586,0.608693,0.563586,0.608693,0.677991,0.734370,0.673812,0.740241,0.514592,0.734370,0.516538,0.740241
2,0.597213,0.688848,0.734370,0.597213,0.683124,0.740241,0.554694,0.607843,0.554694,0.607843,0.688848,0.734370,0.683124,0.740241,0.518766,0.734370,0.520277,0.740241
3,0.596099,0.693580,0.734370,0.596099,0.686981,0.740241,0.552456,0.607010,0.552456,0.607010,0.693580,0.734370,0.686981,0.740241,0.521017,0.734370,0.522356,0.740241
4,0.595144,0.697427,0.734370,0.595144,0.689418,0.740241,0.550926,0.606198,0.550926,0.606198,0.697427,0.734370,0.689418,0.740241,0.523332,0.734370,0.524676,0.740241
5,0.594245,0.700160,0.734370,0.594245,0.690326,0.740241,0.549595,0.605408,0.549595,0.605408,0.700160,0.734370,0.690326,0.740241,0.525505,0.734370,0.526829,0.740241
6,0.593383,0.701890,0.734370,0.593383,0.689858,0.740241,0.548361,0.604639,0.548361,0.604639,0.701890,0.734370,0.689858,0.740241,0.527683,0.734370,0.528974,0.740241
