{
  "lambda_ref": 6.686120637176898,
  "lambda_initmastery": 11.24946476742411,
  "lambda_rate": 5.186032230282413
}