{
  "valid_auc": 0.6906137303310477,
  "valid_acc": 0.7420218201636999,
  "valid_metrics": {
    "l_sup": 0.529158009709325,
    "l_reg": 2.2796602983552642e-07,
    "l_ref": 0.0049321242532103645,
    "l_init": 0.027427880935116916,
    "l_rate": 0.07490789693864444
  },
  "test_auc": 0.682480396819716,
  "test_acc": 0.7342412624821684,
  "test_metrics": {
    "l_sup": 0.5389897525757309,
    "l_reg": 2.3056072996880295e-07,
    "l_ref": 0.004821421525089956,
    "l_init": 0.027145238433504026,
    "l_rate": 0.07502075995494419
  },
  "window_test_auc": 0.6827558058363128,
  "window_test_acc": 0.7344622697563874,
  "window_metrics": {
    "l_sup": 0.5454815129026022,
    "l_reg": 2.270999493828955e-07,
    "l_ref": 0.0,
    "l_init": 0.025950406036422926,
    "l_rate": 0.0773930489280125
  },
  "checkpoint": "/workspaces/pykt-toolkit/experiments/20251226_190425_idkt_assist2015_hr_sweep_l0.7_119954/best_model.pt"
}