split,auc,acc,l_sup,l_ref,l_init,l_rate,l_reg
test,0.682480,0.734241,0.538990,0.004821,0.027145,0.075021,0.000000
