{
  "r2_true": 0.8739764776249794,
  "pearson_true": 0.9348873293409983,
  "r2_control": -0.003425728547184148,
  "pearson_control": 0.010887823383472219,
  "selectivity_r2": 0.8774022061721636
}