split,auc,acc,l_sup,l_ref,l_init,l_rate,l_reg
test,0.828995,0.771033,0.477024,0.050494,0.038010,0.150931,0.000067
