{
  "valid_auc": 0.835543013313015,
  "valid_acc": 0.7829436819687647,
  "valid_metrics": {
    "l_sup": 0.46822893293341816,
    "l_reg": 8.351491093587053e-05,
    "l_ref": 0.055649204490085445,
    "l_init": 0.03617576422199481,
    "l_rate": 0.14516551912132244
  },
  "test_auc": 0.8330571868252059,
  "test_acc": 0.7816753431140558,
  "test_metrics": {
    "l_sup": 0.46822893293341816,
    "l_reg": 8.351491093587053e-05,
    "l_ref": 0.055649204490085445,
    "l_init": 0.03617576422199481,
    "l_rate": 0.14516551912132244
  },
  "best_epoch": 38,
  "params": {
    "model_name": "idkt",
    "dataset_name": "assist2009",
    "fold": 0,
    "seed": 42,
    "emb_type": "qid",
    "save_dir": "/workspaces/pykt-toolkit/experiments/20251226_181543_idkt_assist2009_hr_sweep_l0.1_177339",
    "d_model": 256,
    "d_ff": 512,
    "num_attn_heads": 8,
    "n_blocks": 4,
    "dropout": 0.2,
    "final_fc_dim": 512,
    "learning_rate": 0.0001,
    "weight_decay": 0.0,
    "batch_size": 64,
    "num_epochs": 100,
    "optimizer": "Adam",
    "gradient_clip": 1.0,
    "patience": 10,
    "seq_len": 200,
    "l2": 1e-05,
    "lambda_student": 1e-05,
    "lambda_gap": 1e-05,
    "lambda_ref": 0.1,
    "lambda_initmastery": 0.1,
    "lambda_rate": 0.1,
    "theory_guided": 1,
    "calibrate": 1,
    "use_wandb": 0,
    "add_uuid": 0
  }
}