{
  "experiment_id": "20251116_221110_gainakt3exp_p1bce09_b1.5_m0.7_g1.1_o2.5_167675",
  "dataset": "assist2015",
  "fold": 0,
  "train_auc": 0.6988300596151721,
  "train_acc": 0.7410337998291705,
  "valid_auc": 0.689919021572016,
  "valid_acc": 0.7362115446379041,
  "test_auc": 0.6857817397552349,
  "test_acc": 0.7304000237755587,
  "train_encoder1_auc": 0.6988300596151721,
  "train_encoder1_acc": 0.7410337998291705,
  "valid_encoder1_auc": 0.689919021572016,
  "valid_encoder1_acc": 0.7362115446379041,
  "test_encoder1_auc": 0.6857817397552349,
  "test_encoder1_acc": 0.7304000237755587,
  "train_encoder2_auc": 0.5040687024829059,
  "train_encoder2_acc": 0.405194341978055,
  "valid_encoder2_auc": 0.5067411986881611,
  "valid_encoder2_acc": 0.4000136254367439,
  "test_encoder2_auc": 0.5027720497531092,
  "test_encoder2_acc": 0.4066735021398003,
  "train_mastery_correlation": 0.0,
  "train_gain_correlation": 0.0,
  "train_correlation_students": 0,
  "test_mastery_correlation": 0.0,
  "test_gain_correlation": 0.0,
  "test_correlation_students": 0,
  "timestamp": "2025-11-16T22:16:26.539860Z"
}