epoch,train_loss,train_auc,train_acc,val_loss,val_auc,val_acc,train_bce_loss,train_im_loss,val_bce_loss,val_im_loss,train_encoder1_auc,train_encoder1_acc,val_encoder1_auc,val_encoder1_acc,train_encoder2_auc,train_encoder2_acc,val_encoder2_auc,val_encoder2_acc
1,0.568119,0.680382,0.734370,0.568119,0.675598,0.740241,0.563305,0.611443,0.563305,0.611443,0.680382,0.734370,0.675598,0.740241,0.502391,0.734370,0.505172,0.740241
2,0.559691,0.693518,0.734370,0.559691,0.686649,0.740241,0.553997,0.610944,0.553997,0.610944,0.693518,0.734370,0.686649,0.740241,0.503432,0.734370,0.506119,0.740241
3,0.557159,0.698830,0.734370,0.557159,0.689919,0.740241,0.551237,0.610460,0.551237,0.610460,0.698830,0.734370,0.689919,0.740241,0.504069,0.734370,0.506741,0.740241
4,0.555195,0.700914,0.734370,0.555195,0.688637,0.740241,0.549107,0.609988,0.549107,0.609988,0.700914,0.734370,0.688637,0.740241,0.504294,0.734370,0.506952,0.740241
5,0.553289,0.705300,0.734370,0.553289,0.689311,0.740241,0.547041,0.609526,0.547041,0.609526,0.705300,0.734370,0.689311,0.740241,0.504359,0.734370,0.507028,0.740241
6,0.551279,0.708423,0.734370,0.551279,0.688419,0.740241,0.544857,0.609073,0.544857,0.609073,0.708423,0.734370,0.688419,0.740241,0.504334,0.734370,0.507012,0.740241
