split,auc,acc
test,0.714744,0.745498
