{
  "experiment_id": "20251115_224825_gainakt3exp_arch-simplified_353339",
  "dataset": "assist2015",
  "fold": 0,
  "train_auc": 0.7416599785931592,
  "train_acc": 0.7579477937656632,
  "train_mastery_correlation": 0.0,
  "train_gain_correlation": 0.0,
  "train_correlation_students": 0,
  "valid_auc": 0.7224234944090626,
  "valid_acc": 0.7533114677515109,
  "test_auc": 0.7170568858628603,
  "test_acc": 0.7481722539229672,
  "test_mastery_correlation": 0.0,
  "test_gain_correlation": 0.0,
  "test_correlation_students": 0,
  "timestamp": "2025-11-15T22:56:37.465599Z"
}