{
  "experiment_id": "20251118_062036_gainakt3exp_baseline-beforeV3-bce00_178361",
  "dataset": "assist2015",
  "fold": 0,
  "train_auc": 0.5016486731818881,
  "train_acc": 0.7343695735833826,
  "valid_auc": 0.5017645827797966,
  "valid_acc": 0.7402407809321745,
  "test_auc": 0.505053163531031,
  "test_acc": 0.7333719686162625,
  "train_encoder1_auc": 0.5016486731818881,
  "train_encoder1_acc": 0.7343695735833826,
  "valid_encoder1_auc": 0.5017645827797966,
  "valid_encoder1_acc": 0.7402407809321745,
  "test_encoder1_auc": 0.505053163531031,
  "test_encoder1_acc": 0.7333719686162625,
  "train_encoder2_auc": 0.5921130178574872,
  "train_encoder2_acc": 0.6968551422483785,
  "valid_encoder2_auc": 0.5911639132900668,
  "valid_encoder2_acc": 0.6973401200984924,
  "test_encoder2_auc": 0.5879772337139051,
  "test_encoder2_acc": 0.6943429029957204,
  "train_mastery_correlation": 0.03522304323133434,
  "train_gain_correlation": -0.0036738898328545176,
  "train_correlation_students": 3334,
  "test_mastery_correlation": 0.03822476023209349,
  "test_gain_correlation": 0.0013876001616538389,
  "test_correlation_students": 3177,
  "timestamp": "2025-11-18T06:47:36.280842Z"
}