epoch,train_loss,train_auc,val_loss,val_auc,val_accuracy,monotonicity_violation_rate,negative_gain_rate,bounds_violation_rate,mastery_correlation,gain_correlation,main_loss_share,constraint_loss_share,alignment_loss_share,lag_loss_share,retention_loss_share
1,0.541672172787276,0.6922362560212916,0.5157848310713865,0.7176349754135525,0.7508686215924243,0.0,0.0,0.0,0.10892073678926463,0.013134877641318345,0.9823907403952885,0.017609255894584917,-0.005521122315273278,0.0,0.0
2,0.5186334372802102,0.7244319653284896,0.5098999075743617,0.7250828716901268,0.754304178142853,0.0,0.0,0.0,0.08860855136250735,0.019504493375793103,0.9908505729320005,0.00914942460236783,-0.02276801721112691,0.0,0.0
3,0.5075265711144462,0.7366800687405135,0.5093903602386007,0.726261544676196,0.7539538097694382,0.0,0.0,0.0,0.11814721005425888,0.021846004858417045,0.9970978111865291,0.0029021884046316693,-0.04434791905222037,0.0,0.0
4,0.49456907646643683,0.746799848600851,0.5108486426119901,0.7244786406005894,0.75281511255584,0.0,0.0,0.0,0.139676820809936,0.024686646330509467,1.009140083531787,-0.009140078087386462,-0.07301619754674375,0.0,0.0
