{
  "experiment_name": "optimal_v1",
  "best_val_auc": 0.7176349754135525,
  "final_consistency_metrics": {
    "monotonicity_violation_rate": 0.0,
    "negative_gain_rate": 0.0,
    "bounds_violation_rate": 0.0,
    "mastery_correlation": 0.07897171633573702,
    "gain_correlation": 0.027097531266934843
  },
  "train_history": {
    "train_loss": [
      0.541672172787276
    ],
    "train_auc": [
      0.6922362560212916
    ],
    "val_auc": [
      0.7176349754135525
    ],
    "consistency_metrics": [
      {
        "monotonicity_violation_rate": 0.0,
        "negative_gain_rate": 0.0,
        "bounds_violation_rate": 0.0,
        "mastery_correlation": 0.10892073678926463,
        "gain_correlation": 0.013134877641318345
      }
    ],
    "semantic_trajectory": [
      {
        "epoch": 1,
        "mastery_correlation": 0.10892073678926463,
        "gain_correlation": 0.013134877641318345,
        "warmup_scale": 0.125,
        "alignment_corr_mastery": 0.03233505040407181,
        "alignment_corr_gain": 0.15858355164527893,
        "global_alignment_mastery_corr": 0.1065571176710849,
        "global_alignment_gain_corr": 0.02282925293155131,
        "effective_alignment_weight": 0.03125,
        "peak_mastery_corr": 0.1065571176710849,
        "retention_loss_value": 0.0,
        "mean_lag_corr": 0.0,
        "lag_corr_count": 0,
        "consistency_loss_weight_current": 0.3,
        "sparsity_loss_weight_current": 0.2,
        "loss_shares": {
          "main": 0.9823907403952885,
          "constraint_total": 0.017609255894584917,
          "alignment": -0.005521122315273278,
          "lag": 0.0,
          "retention": 0.0
        },
        "mean_mastery_variance": 0.014594497646499484,
        "min_mastery_variance": 0.009861337952315807,
        "max_mastery_variance": 0.045989733189344406,
        "per_lag_correlations": []
      }
    ]
  },
  "correlation_sampling": {
    "deterministic": true,
    "epoch": 1,
    "local_mastery_corr": 0.10892073678926463,
    "local_gain_corr": 0.013134877641318345,
    "global_mastery_corr": 0.1065571176710849,
    "global_gain_corr": 0.02282925293155131,
    "notes": "Deterministic stratified selection (sorted slice) applied; seeds fixed."
  }
}