{
  "lambda_ref": 11.487128503260081,
  "lambda_initmastery": 11.415463027574114,
  "lambda_rate": 3.2574922728787508
}