{
  "valid_auc": 0.7546770396353482,
  "valid_acc": 0.7313582584003786,
  "valid_metrics": {
    "l_sup": 0.5475434854232124,
    "l_reg": 1.6353991642385304e-07,
    "l_ref": 0.015607467231651148,
    "l_init": 0.046407051637485604,
    "l_rate": 0.1631311111425072
  },
  "test_auc": 0.7505059009905176,
  "test_acc": 0.724040449728612,
  "test_metrics": {
    "l_sup": 0.5590575845253266,
    "l_reg": 1.4764556806786308e-07,
    "l_ref": 0.015742952811221282,
    "l_init": 0.046473568591587584,
    "l_rate": 0.16643977654671596
  },
  "window_test_auc": 0.7511547844687381,
  "window_test_acc": 0.7247259832366215,
  "window_metrics": {
    "l_sup": 0.545506430670032,
    "l_reg": 4.6708331415928807e-07,
    "l_ref": 0.0,
    "l_init": 0.048890518198002386,
    "l_rate": 0.15931397072007336
  },
  "checkpoint": "/workspaces/pykt-toolkit/experiments/20251226_181543_idkt_assist2009_hr_sweep_l0.8_510959/best_model.pt"
}