{
  "prediction_mse": 0.015479877591133118,
  "prediction_corr": 0.775497170927017,
  "initmastery_mse": 0.04662787914276123,
  "initmastery_corr": -0.05716515533220473,
  "learning_rate_mse": 0.1626574844121933,
  "learning_rate_corr": 0.013237804169339031,
  "h2_functional_alignment": 0.1911458627468504,
  "h3_discriminant_overlap": -0.10864603714887071,
  "h3_latent_overlap": 0.19526049421416178
}