split,auc,acc,l_sup,l_ref,l_init,l_rate,l_reg
test,0.750506,0.724040,0.559058,0.015743,0.046474,0.166440,0.000000
