{
  "r2_true": 0.6581608481836284,
  "pearson_true": 0.8112868287225817,
  "r2_control": -0.014909437157776484,
  "pearson_control": -0.010964473799623977,
  "selectivity_r2": 0.6730702853414049
}