{
  "valid_auc": 0.7546770396353482,
  "valid_acc": 0.7313582584003786,
  "valid_metrics": {
    "l_sup": 0.5464044454998274,
    "l_reg": 3.6501220203414655e-06,
    "l_ref": 0.01256583840586245,
    "l_init": 0.042700405264395454,
    "l_rate": 0.1553666155875648
  },
  "test_auc": 0.7531230381107159,
  "test_acc": 0.7268717463322291,
  "test_metrics": {
    "l_sup": 0.5464044454998274,
    "l_reg": 3.6501220203414655e-06,
    "l_ref": 0.01256583840586245,
    "l_init": 0.042700405264395454,
    "l_rate": 0.1553666155875648
  },
  "best_epoch": 3,
  "params": {
    "model_name": "idkt",
    "dataset_name": "assist2009",
    "fold": 0,
    "seed": 42,
    "emb_type": "qid",
    "save_dir": "/workspaces/pykt-toolkit/experiments/20251226_181543_idkt_assist2009_hr_sweep_l0.8_510959",
    "d_model": 256,
    "d_ff": 512,
    "num_attn_heads": 8,
    "n_blocks": 4,
    "dropout": 0.2,
    "final_fc_dim": 512,
    "learning_rate": 0.0001,
    "weight_decay": 0.0,
    "batch_size": 64,
    "num_epochs": 100,
    "optimizer": "Adam",
    "gradient_clip": 1.0,
    "patience": 10,
    "seq_len": 200,
    "l2": 1e-05,
    "lambda_student": 1e-05,
    "lambda_gap": 1e-05,
    "lambda_ref": 0.8,
    "lambda_initmastery": 0.8,
    "lambda_rate": 0.8,
    "theory_guided": 1,
    "calibrate": 1,
    "use_wandb": 0,
    "add_uuid": 0
  }
}