{
  "lambda_ref": 2.7218040213861543,
  "lambda_initmastery": 1.8693444315165892,
  "lambda_rate": 0.2858561701540814
}