{
  "valid_auc": 0.7709442285086845,
  "valid_acc": 0.7030728795877157,
  "valid_metrics": {
    "l_sup": 0.5711519519981963,
    "l_reg": 0.0006082314175728243,
    "l_ref": 0.01715026330202818,
    "l_init": 0.021042367234956894,
    "l_rate": 0.2015708144542779
  },
  "test_auc": 0.7802534305394321,
  "test_acc": 0.7109037743553844,
  "test_metrics": {
    "l_sup": 0.5608540737232538,
    "l_reg": 0.0006182916394177953,
    "l_ref": 0.017942954625548988,
    "l_init": 0.020866599037479564,
    "l_rate": 0.20159436487108695
  },
  "window_test_auc": 0.7826252452011222,
  "window_test_acc": 0.7131388240766988,
  "window_metrics": {
    "l_sup": 0.5569557880719442,
    "l_reg": 0.0008136645834328551,
    "l_ref": 0.0,
    "l_init": 0.02445192903559931,
    "l_rate": 0.1991551183124304
  },
  "checkpoint": "/workspaces/pykt-toolkit/experiments/20251229_065441_idkt_nips_grounded_908181/best_model.pt"
}