{
  "prediction_mse": 0.01721872389316559,
  "prediction_corr": 0.7504085230823379,
  "initmastery_mse": 0.021059883758425713,
  "initmastery_corr": 0.812155078949039,
  "learning_rate_mse": 0.20155487954616547,
  "learning_rate_corr": 0.2856264760093368,
  "h2_functional_alignment": 0.20873183542866758,
  "h3_discriminant_overlap": 0.10550361413882949,
  "h3_latent_overlap": 0.2915909671100019
}