split,auc,acc,l_sup,l_ref,l_init,l_rate,l_reg
test,0.780253,0.710904,0.560854,0.017943,0.020867,0.201594,0.000618
