split,auc,acc,l_sup,l_ref,l_init,l_rate,l_reg
validation,0.770944,0.703073,0.571152,0.017150,0.021042,0.201571,0.000608
