{
  "r2_true": 0.8395834394358832,
  "pearson_true": 0.916334190558037,
  "r2_control": -0.012664635481449027,
  "pearson_control": -0.009057984599312204,
  "selectivity_r2": 0.8522480749173322
}