{
  "0": {
    "r2": 0.9004885494363319,
    "pearson": 0.9492445512742097,
    "count": 5934
  },
  "1": {
    "r2": 0.7558139971673747,
    "pearson": 0.8742955809635735,
    "count": 1679
  },
  "2": {
    "r2": 0.8125260271342777,
    "pearson": 0.9023344279063682,
    "count": 2136
  },
  "3": {
    "r2": 0.7352536829809704,
    "pearson": 0.8697690703101142,
    "count": 762
  },
  "4": {
    "r2": 0.837284334628563,
    "pearson": 0.9200444676741714,
    "count": 2409
  },
  "5": {
    "r2": 0.8924408927469639,
    "pearson": 0.9447891140772653,
    "count": 5754
  },
  "6": {
    "r2": 0.7239049810327468,
    "pearson": 0.8604440724570899,
    "count": 1123
  },
  "7": {
    "r2": 0.7942515428244995,
    "pearson": 0.8918441969056932,
    "count": 3723
  },
  "8": {
    "r2": 0.7672134682857064,
    "pearson": 0.8761957934445164,
    "count": 1815
  },
  "9": {
    "r2": 0.7942617788258939,
    "pearson": 0.8933417302863795,
    "count": 1756
  },
  "10": {
    "r2": 0.8200866949457837,
    "pearson": 0.9101676253903852,
    "count": 1501
  },
  "11": {
    "r2": 0.3983226979214015,
    "pearson": 0.7402221013521926,
    "count": 569
  },
  "12": {
    "r2": 0.30877547766091007,
    "pearson": 0.7453178323817985,
    "count": 559
  },
  "13": {
    "r2": 0.17954833743849918,
    "pearson": 0.7283274566943531,
    "count": 447
  },
  "14": {
    "r2": 0.6950496612767849,
    "pearson": 0.8527779105087607,
    "count": 1480
  },
  "15": {
    "r2": 0.3878783633452919,
    "pearson": 0.7296537729555554,
    "count": 632
  },
  "16": {
    "r2": 0.6962459289679892,
    "pearson": 0.856378517615094,
    "count": 1132
  },
  "17": {
    "r2": 0.8079425175056445,
    "pearson": 0.9006522081675946,
    "count": 1318
  },
  "18": {
    "r2": -6.122643449279448,
    "pearson": 0.37469036033377057,
    "count": 349
  },
  "19": {
    "r2": 0.5808165153930642,
    "pearson": 0.7823918330597621,
    "count": 102
  },
  "20": {
    "r2": 0.3176025581029257,
    "pearson": 0.6994333218154694,
    "count": 774
  },
  "21": {
    "r2": 0.6073384277084072,
    "pearson": 0.7922196063278953,
    "count": 1043
  },
  "22": {
    "r2": -0.7379231495238776,
    "pearson": 0.74393118992615,
    "count": 78
  },
  "23": {
    "r2": 0.5609127758695464,
    "pearson": 0.7750308342629806,
    "count": 980
  },
  "24": {
    "r2": 0.586939591310601,
    "pearson": 0.7998539261834251,
    "count": 540
  },
  "25": {
    "r2": -0.39571507395947236,
    "pearson": 0.5854873189809163,
    "count": 441
  },
  "26": {
    "r2": 0.7541709982351316,
    "pearson": 0.8846461372686362,
    "count": 1790
  },
  "27": {
    "r2": 0.7967542397492855,
    "pearson": 0.9025593634444637,
    "count": 1183
  },
  "28": {
    "r2": -0.7551570671519874,
    "pearson": 0.5170233564878274,
    "count": 421
  },
  "29": {
    "r2": 0.6569186942864913,
    "pearson": 0.8270243588228043,
    "count": 693
  },
  "30": {
    "r2": -16.663539687070855,
    "pearson": 0.2926400421559945,
    "count": 309
  },
  "31": {
    "r2": 0.35577106327785857,
    "pearson": 0.7228325344594169,
    "count": 650
  },
  "32": {
    "r2": 0.5001452840960379,
    "pearson": 0.7691714038319344,
    "count": 505
  },
  "33": {
    "r2": 0.6365932853039751,
    "pearson": 0.8255032361813632,
    "count": 691
  },
  "34": {
    "r2": -4.20064047983795,
    "pearson": 0.4125711283465384,
    "count": 288
  },
  "35": {
    "r2": 0.09308476341620697,
    "pearson": 0.6243763837942152,
    "count": 455
  },
  "36": {
    "r2": -3.388460529820483,
    "pearson": 0.3823190245488824,
    "count": 359
  },
  "37": {
    "r2": 0.46024760248154517,
    "pearson": 0.7392845604763789,
    "count": 636
  },
  "38": {
    "r2": -0.012925698548531983,
    "pearson": 0.7499670195687935,
    "count": 84
  },
  "39": {
    "r2": -5.045303531775314,
    "pearson": 0.5085028058598224,
    "count": 351
  },
  "40": {
    "r2": 0.35741363608175225,
    "pearson": 0.8218721820769744,
    "count": 52
  },
  "41": {
    "r2": -0.629805536818876,
    "pearson": 0.5694355215637451,
    "count": 169
  },
  "42": {
    "r2": 0.5283404436596231,
    "pearson": 0.7620687866587285,
    "count": 144
  },
  "43": {
    "r2": 0.3998821041756445,
    "pearson": 0.732851005747875,
    "count": 57
  },
  "44": {
    "r2": 0.09492510636933915,
    "pearson": 0.5645349723501061,
    "count": 102
  },
  "45": {
    "r2": 0.6389866749267641,
    "pearson": 0.8809284230728767,
    "count": 39
  },
  "46": {
    "r2": 0.47505455663706864,
    "pearson": 0.7114444400334707,
    "count": 106
  },
  "48": {
    "r2": -0.6684847336530646,
    "pearson": 0.46908566607339436,
    "count": 63
  },
  "49": {
    "r2": 0.9171540932350328,
    "pearson": 0.9768737714414611,
    "count": 21
  },
  "50": {
    "r2": -0.8710726049456634,
    "pearson": 0.2920192945254812,
    "count": 48
  },
  "54": {
    "r2": 0.9187855859072518,
    "pearson": 0.9695858663424529,
    "count": 66
  },
  "55": {
    "r2": -0.19253289519132477,
    "pearson": 0.4191305064590011,
    "count": 123
  }
}