{
  "valid_auc": 0.7709442285086845,
  "valid_acc": 0.7030728795877157,
  "valid_metrics": {
    "l_sup": 0.5719412244244398,
    "l_reg": 0.0006262204939654717,
    "l_ref": 0.0179528205577905,
    "l_init": 0.018025563418499636,
    "l_rate": 0.19001097243329482
  },
  "test_auc": 0.7705394986849965,
  "test_acc": 0.7007983308035695,
  "test_metrics": {
    "l_sup": 0.5719412244244398,
    "l_reg": 0.0006262204939654717,
    "l_ref": 0.0179528205577905,
    "l_init": 0.018025563418499636,
    "l_rate": 0.19001097243329482
  },
  "best_epoch": 29,
  "params": {
    "model_name": "idkt",
    "dataset_name": "nips_task34",
    "fold": 0,
    "seed": 42,
    "emb_type": "qid",
    "save_dir": "/workspaces/pykt-toolkit/experiments/20251229_065441_idkt_nips_grounded_908181",
    "d_model": 256,
    "d_ff": 512,
    "num_attn_heads": 8,
    "n_blocks": 4,
    "dropout": 0.2,
    "final_fc_dim": 512,
    "learning_rate": 0.0001,
    "weight_decay": 0.0,
    "batch_size": 64,
    "num_epochs": 200,
    "optimizer": "Adam",
    "gradient_clip": 1.0,
    "patience": 10,
    "seq_len": 200,
    "l2": 1e-05,
    "lambda_student": 1e-05,
    "lambda_gap": 1e-05,
    "lambda_ref": 0.1,
    "lambda_initmastery": 0.1,
    "lambda_rate": 0.1,
    "theory_guided": 1,
    "calibrate": 1,
    "use_wandb": 0,
    "add_uuid": 0
  }
}