split,auc,acc
test,0.784772,0.737093
