epoch,train_loss,train_auc,train_acc,val_loss,val_auc,val_acc,train_bce_loss,train_im_loss,val_bce_loss,val_im_loss,train_encoder1_auc,train_encoder1_acc,val_encoder1_auc,val_encoder1_acc,train_encoder2_auc,train_encoder2_acc,val_encoder2_auc,val_encoder2_acc
1,0.567942,0.680382,0.734370,0.567942,0.675598,0.740241,0.563305,0.609670,0.563305,0.609670,0.680382,0.734370,0.675598,0.740241,0.499739,0.734370,0.502768,0.740241
2,0.559527,0.693518,0.734370,0.559527,0.686649,0.740241,0.553997,0.609299,0.553997,0.609299,0.693518,0.734370,0.686649,0.740241,0.500520,0.734370,0.503440,0.740241
3,0.557007,0.698830,0.734370,0.557007,0.689919,0.740241,0.551237,0.608938,0.551237,0.608938,0.698830,0.734370,0.689919,0.740241,0.500737,0.734370,0.503637,0.740241
4,0.555054,0.700914,0.734370,0.555054,0.688637,0.740241,0.549107,0.608583,0.549107,0.608583,0.700914,0.734370,0.688637,0.740241,0.500764,0.734370,0.503677,0.740241
5,0.553160,0.705300,0.734370,0.553160,0.689311,0.740241,0.547041,0.608230,0.547041,0.608230,0.705300,0.734370,0.689311,0.740241,0.500650,0.734370,0.503564,0.740241
6,0.551159,0.708423,0.734370,0.551159,0.688419,0.740241,0.544857,0.607879,0.544857,0.607879,0.708423,0.734370,0.688419,0.740241,0.500497,0.734370,0.503427,0.740241
