{
  "experiment_id": "20251116_182928_gainakt3exp_lc_b2.5_m0.7_g1.1_o1.5_241844",
  "dataset": "assist2015",
  "fold": 0,
  "train_auc": 0.7001608669308191,
  "train_acc": 0.7482025361604671,
  "valid_auc": 0.6903256444875713,
  "valid_acc": 0.7413600132361385,
  "test_auc": 0.6860181657407145,
  "test_acc": 0.7358758321445554,
  "train_encoder1_auc": 0.7001608669308191,
  "train_encoder1_acc": 0.7482025361604671,
  "valid_encoder1_auc": 0.6903256444875713,
  "valid_encoder1_acc": 0.7413600132361385,
  "test_encoder1_auc": 0.6860181657407145,
  "test_encoder1_acc": 0.7358758321445554,
  "train_encoder2_auc": 0.545290844588975,
  "train_encoder2_acc": 0.5916917748430153,
  "valid_encoder2_auc": 0.5457366804007051,
  "valid_encoder2_acc": 0.59204469143252,
  "test_encoder2_auc": 0.5442861866177044,
  "test_encoder2_acc": 0.5932373395149786,
  "train_mastery_correlation": 0.0,
  "train_gain_correlation": 0.0,
  "train_correlation_students": 0,
  "test_mastery_correlation": 0.0,
  "test_gain_correlation": 0.0,
  "test_correlation_students": 0,
  "timestamp": "2025-11-16T18:34:30.040037Z"
}