epoch,train_loss,train_auc,train_acc,val_loss,val_auc,val_acc,train_bce_loss,train_im_loss,val_bce_loss,val_im_loss,train_encoder1_auc,train_encoder1_acc,val_encoder1_auc,val_encoder1_acc,train_encoder2_auc,train_encoder2_acc,val_encoder2_auc,val_encoder2_acc
1,0.598455,0.677991,0.734370,0.598455,0.673812,0.740241,0.563586,0.607172,0.563586,0.607172,0.677991,0.734370,0.673812,0.740241,0.529435,0.734370,0.530172,0.740241
2,0.595954,0.688848,0.734370,0.595954,0.683124,0.740241,0.554694,0.606269,0.554694,0.606269,0.688848,0.734370,0.683124,0.740241,0.533089,0.734370,0.533400,0.740241
3,0.594801,0.693580,0.734370,0.594801,0.686981,0.740241,0.552456,0.605388,0.552456,0.605388,0.693580,0.734370,0.686981,0.740241,0.536545,0.734370,0.537048,0.740241
4,0.593810,0.697427,0.734370,0.593810,0.689418,0.740241,0.550926,0.604531,0.550926,0.604531,0.697427,0.734370,0.689418,0.740241,0.541308,0.734370,0.542016,0.740241
5,0.592880,0.700160,0.734370,0.592880,0.690326,0.740241,0.549595,0.603701,0.549595,0.603701,0.700160,0.734370,0.690326,0.740241,0.545293,0.734370,0.545740,0.740241
6,0.591988,0.701890,0.734370,0.591988,0.689858,0.740241,0.548361,0.602895,0.548361,0.602895,0.701890,0.734370,0.689858,0.740241,0.547837,0.734370,0.548064,0.740241
