{
  "lambda_ref": 3.5592635191060307,
  "lambda_initmastery": 6.483054127041277,
  "lambda_rate": 3.4977284431946796
}