{
  "valid_auc": 0.7111175265913248,
  "valid_acc": 0.7487318935313497,
  "valid_metrics": {
    "l_sup": 0.5161349665995066,
    "l_reg": 6.377779608139159e-07,
    "l_ref": 0.0071431743272114545,
    "l_init": 0.023916779009653125,
    "l_rate": 0.05087206888958787
  },
  "test_auc": 0.7046915392897211,
  "test_acc": 0.7433152036942189,
  "test_metrics": {
    "l_sup": 0.5250726909673971,
    "l_reg": 6.446631132194406e-07,
    "l_ref": 0.007142322272125442,
    "l_init": 0.023593460594092893,
    "l_rate": 0.05027283866781656
  },
  "window_test_auc": 0.7046915392897211,
  "window_test_acc": 0.7433152036942189,
  "window_metrics": {
    "l_sup": 0.5250726909673971,
    "l_reg": 6.446631132194406e-07,
    "l_ref": 0.0,
    "l_init": 0.023593460594092893,
    "l_rate": 0.05027283866781656
  },
  "checkpoint": "/workspaces/pykt-toolkit/experiments/20251231_010608_idkt_assist2015_S_hr_sweep_l0.4_139971/best_model.pt"
}