{
  "prediction_mse": 0.007149765267968178,
  "prediction_corr": 0.8379343445535481,
  "initmastery_mse": 0.023985877633094788,
  "initmastery_corr": 0.8820464825189394,
  "learning_rate_mse": 0.05079410970211029,
  "learning_rate_corr": 0.826341409837845,
  "h2_functional_alignment": 0.20468675749531198,
  "h3_discriminant_overlap": -0.10339339465475345,
  "h3_latent_overlap": -0.0725696030833233
}