split,auc,acc,l_sup,l_ref,l_init,l_rate,l_reg
test,0.704692,0.743315,0.525073,0.007142,0.023593,0.050273,0.000001
