{
  "r2_true": 0.3974773766167444,
  "pearson_true": 0.6305030974390006,
  "r2_control": -0.1160280141959038,
  "pearson_control": 0.01255562724774354,
  "selectivity_r2": 0.5135053908126482
}