{
  "0": {
    "r2": -1.0881247111416164,
    "pearson": 0.2748545469919344,
    "count": 1010
  },
  "1": {
    "r2": -4.521567431268391,
    "pearson": 0.13636787812598766,
    "count": 652
  },
  "2": {
    "r2": -1.3193479987229195,
    "pearson": 0.179561836777468,
    "count": 1022
  },
  "3": {
    "r2": -5.3880183024736725,
    "pearson": 0.028947043402716564,
    "count": 587
  },
  "4": {
    "r2": -225.4789142852298,
    "pearson": 0.038117895614377444,
    "count": 344
  },
  "5": {
    "r2": -6.5223196807037995,
    "pearson": 0.20780068700420284,
    "count": 444
  },
  "6": {
    "r2": -5.079361464749377,
    "pearson": 0.20937241575785975,
    "count": 435
  },
  "7": {
    "r2": -0.6282216892440293,
    "pearson": 0.08664478798587978,
    "count": 1330
  },
  "8": {
    "r2": -1.292204994339119,
    "pearson": 0.059129792478381224,
    "count": 718
  },
  "9": {
    "r2": -3.64697023042097,
    "pearson": 0.0253467409383962,
    "count": 782
  },
  "10": {
    "r2": -0.26913133925182287,
    "pearson": 0.2159083115553587,
    "count": 1212
  },
  "11": {
    "r2": -24.56846626577501,
    "pearson": -0.03652943483202678,
    "count": 532
  },
  "12": {
    "r2": -15.425007213760779,
    "pearson": 0.18147690704537545,
    "count": 526
  },
  "13": {
    "r2": -2.188131820953988,
    "pearson": 0.004090891459690108,
    "count": 569
  },
  "14": {
    "r2": -1.8076201552108184,
    "pearson": 0.31393414370044564,
    "count": 691
  },
  "15": {
    "r2": -70439649.04179788,
    "pearson": 0.07502628488155133,
    "count": 208
  },
  "16": {
    "r2": -2361970.586642478,
    "pearson": -0.05637082144855639,
    "count": 336
  },
  "17": {
    "r2": -6.061255528064451,
    "pearson": 0.06579926944278455,
    "count": 474
  },
  "18": {
    "r2": -60.487663069254765,
    "pearson": 0.040849902169642814,
    "count": 290
  },
  "19": {
    "r2": -0.24075048194016246,
    "pearson": 0.2931788890745379,
    "count": 1031
  },
  "20": {
    "r2": -2.242843905120234,
    "pearson": 0.24016462782434278,
    "count": 559
  },
  "21": {
    "r2": -0.7131214922120934,
    "pearson": 0.3240628333072686,
    "count": 673
  },
  "22": {
    "r2": -3460.151149385806,
    "pearson": 0.09356493389570145,
    "count": 353
  },
  "23": {
    "r2": -9.254389081068561,
    "pearson": 0.19782208770206963,
    "count": 202
  },
  "24": {
    "r2": -1.0886709487832045,
    "pearson": 0.23302887164037492,
    "count": 643
  },
  "25": {
    "r2": -1.0279958316060762,
    "pearson": 0.4480953034086841,
    "count": 556
  },
  "26": {
    "r2": -62465007.55860767,
    "pearson": 0.15377781876604454,
    "count": 321
  },
  "27": {
    "r2": -1.885306628800576,
    "pearson": 0.17262953022555433,
    "count": 584
  },
  "28": {
    "r2": -58.50779424887002,
    "pearson": 0.029069196055590968,
    "count": 393
  },
  "29": {
    "r2": -19.090576468997973,
    "pearson": 0.0867026288944759,
    "count": 289
  },
  "30": {
    "r2": 0.19087276734222836,
    "pearson": 0.675434286765058,
    "count": 506
  },
  "31": {
    "r2": -292.4937124193106,
    "pearson": 0.023985091571329026,
    "count": 186
  },
  "32": {
    "r2": -5.224395153964801,
    "pearson": 0.0029101062332801083,
    "count": 630
  },
  "33": {
    "r2": -0.4322925120551686,
    "pearson": 0.1988156324011717,
    "count": 662
  },
  "34": {
    "r2": -24.642124720260934,
    "pearson": 0.26929717118055413,
    "count": 486
  },
  "35": {
    "r2": -68.13670878702983,
    "pearson": 0.015273313109795983,
    "count": 234
  },
  "36": {
    "r2": -16.798128043688134,
    "pearson": 0.15967068435443404,
    "count": 593
  },
  "37": {
    "r2": -1.1044312392307796,
    "pearson": 0.3360283093196485,
    "count": 802
  },
  "38": {
    "r2": 0.7074660560386847,
    "pearson": 0.8494782903529995,
    "count": 63
  },
  "39": {
    "r2": -100.95158541895987,
    "pearson": 0.10270574125131314,
    "count": 162
  },
  "40": {
    "r2": -85650730.46266931,
    "pearson": 0.11104265618433413,
    "count": 329
  },
  "41": {
    "r2": -272.30934511586725,
    "pearson": -0.03614287441796081,
    "count": 288
  },
  "42": {
    "r2": -49696029.9432369,
    "pearson": -0.07992738536308332,
    "count": 232
  },
  "43": {
    "r2": -75316519.11445582,
    "pearson": -0.025416797495468737,
    "count": 224
  },
  "44": {
    "r2": 0.2409806259419115,
    "pearson": 0.5350748613549964,
    "count": 169
  },
  "45": {
    "r2": -1.2227801751751142,
    "pearson": 0.1842596619194292,
    "count": 651
  },
  "46": {
    "r2": 0.8152663134068713,
    "pearson": 0.9031435255438999,
    "count": 62
  },
  "47": {
    "r2": -244540925.80156577,
    "pearson": 0.09257344357210938,
    "count": 287
  },
  "48": {
    "r2": 0.31768486959137,
    "pearson": 0.9198561442124115,
    "count": 65
  },
  "49": {
    "r2": -0.9189941120398797,
    "pearson": 0.24092349564773438,
    "count": 181
  },
  "50": {
    "r2": -11.301011279597308,
    "pearson": 0.10481711925345102,
    "count": 385
  },
  "51": {
    "r2": -3.1566854126637844,
    "pearson": 0.44213948714890056,
    "count": 447
  },
  "52": {
    "r2": -24522221.021187924,
    "pearson": 0.03374148129625415,
    "count": 359
  },
  "53": {
    "r2": -57536885.262318574,
    "pearson": 0.11315174426176018,
    "count": 317
  },
  "54": {
    "r2": -43855827.869510844,
    "pearson": -0.09348792540339813,
    "count": 160
  },
  "55": {
    "r2": -0.7412687422280961,
    "pearson": 0.3851759278526089,
    "count": 73
  },
  "56": {
    "r2": -58.31363686331104,
    "pearson": -0.005847496300391048,
    "count": 303
  },
  "57": {
    "r2": -201130874.7715441,
    "pearson": 0.014781787265441063,
    "count": 317
  },
  "58": {
    "r2": 0.3815751896535853,
    "pearson": 0.8318128149553019,
    "count": 191
  },
  "59": {
    "r2": -16.77325022054586,
    "pearson": 0.30090155272666846,
    "count": 186
  },
  "60": {
    "r2": -0.6303041861092762,
    "pearson": 0.399844444381069,
    "count": 584
  },
  "61": {
    "r2": -7.430858777427044,
    "pearson": 0.09406299876191893,
    "count": 471
  },
  "62": {
    "r2": -19.75305796274844,
    "pearson": -0.05328254753502041,
    "count": 451
  },
  "63": {
    "r2": -11.844460137065086,
    "pearson": 0.30670342084849944,
    "count": 386
  },
  "64": {
    "r2": -12500.686262548781,
    "pearson": 0.08525931554948984,
    "count": 396
  },
  "65": {
    "r2": -62.790336605231644,
    "pearson": 0.17797753411197198,
    "count": 221
  },
  "66": {
    "r2": -18.858234633222814,
    "pearson": -0.15778024398659293,
    "count": 401
  },
  "67": {
    "r2": -159.7920466034945,
    "pearson": 0.1711706161266482,
    "count": 476
  },
  "68": {
    "r2": -2.4439981347416015,
    "pearson": -0.16890145898056047,
    "count": 38
  },
  "69": {
    "r2": -0.6840852275555174,
    "pearson": 0.3577951869856619,
    "count": 731
  },
  "70": {
    "r2": -9784.557151647718,
    "pearson": 0.39932853864830903,
    "count": 134
  },
  "71": {
    "r2": -262.2497430564905,
    "pearson": -0.09360352591568444,
    "count": 241
  },
  "72": {
    "r2": -245.5944961500315,
    "pearson": -0.45196398919056363,
    "count": 27
  },
  "73": {
    "r2": -81.76030017046696,
    "pearson": -0.12348265092615494,
    "count": 394
  },
  "74": {
    "r2": -22.85046041281165,
    "pearson": 0.011075605795974233,
    "count": 463
  },
  "75": {
    "r2": -17.21055843914135,
    "pearson": 0.09422877743249884,
    "count": 470
  },
  "76": {
    "r2": -1.6796391582922383,
    "pearson": 0.23476905103113221,
    "count": 629
  },
  "77": {
    "r2": -3.311389169485537,
    "pearson": 0.028267262670055672,
    "count": 834
  },
  "78": {
    "r2": -853624.5423491461,
    "pearson": 0.12122793843200277,
    "count": 333
  },
  "79": {
    "r2": -0.5319148903975943,
    "pearson": -0.016947128178889555,
    "count": 321
  },
  "81": {
    "r2": -28.601657579335154,
    "pearson": 0.0278222963894453,
    "count": 472
  },