{
  "r2_true": 0.7175850714883333,
  "pearson_true": 0.8471565763925718,
  "r2_control": -0.01197404202144825,
  "pearson_control": -0.002339444444159631,
  "selectivity_r2": 0.7295591135097815
}