epoch,train_loss,train_auc,train_acc,val_loss,val_auc,val_acc,train_bce_loss,train_im_loss,val_bce_loss,val_im_loss,train_encoder1_auc,train_encoder1_acc,val_encoder1_auc,val_encoder1_acc,train_encoder2_auc,train_encoder2_acc,val_encoder2_auc,val_encoder2_acc
1,0.567997,0.680382,0.734370,0.567997,0.675598,0.740241,0.563305,0.610226,0.563305,0.610226,0.680382,0.734370,0.675598,0.740241,0.498035,0.734370,0.501171,0.740241
2,0.559584,0.693518,0.734370,0.559584,0.686649,0.740241,0.553997,0.609873,0.553997,0.609873,0.693518,0.734370,0.686649,0.740241,0.498523,0.734370,0.501624,0.740241
3,0.557066,0.698830,0.734370,0.557066,0.689919,0.740241,0.551237,0.609528,0.551237,0.609528,0.698830,0.734370,0.689919,0.740241,0.498653,0.734370,0.501730,0.740241
4,0.555115,0.700914,0.734370,0.555115,0.688637,0.740241,0.549107,0.609185,0.549107,0.609185,0.700914,0.734370,0.688637,0.740241,0.498649,0.734370,0.501747,0.740241
5,0.553221,0.705300,0.734370,0.553221,0.689311,0.740241,0.547041,0.608842,0.547041,0.608842,0.705300,0.734370,0.689311,0.740241,0.498565,0.734370,0.501669,0.740241
6,0.551221,0.708423,0.734370,0.551221,0.688419,0.740241,0.544857,0.608498,0.544857,0.608498,0.708423,0.734370,0.688419,0.740241,0.498366,0.734370,0.501473,0.740241
