epoch,train_loss,train_auc,train_acc,val_loss,val_auc,val_acc,train_bce_loss,train_im_loss,val_bce_loss,val_im_loss,train_encoder1_auc,train_encoder1_acc,val_encoder1_auc,val_encoder1_acc,train_encoder2_auc,train_encoder2_acc,val_encoder2_auc,val_encoder2_acc
1,0.599789,0.677991,0.734370,0.599789,0.673812,0.740241,0.563586,0.608840,0.563586,0.608840,0.677991,0.734370,0.673812,0.740241,0.518397,0.734370,0.519890,0.740241
2,0.597368,0.688848,0.734370,0.597368,0.683124,0.740241,0.554694,0.608037,0.554694,0.608037,0.688848,0.734370,0.683124,0.740241,0.521291,0.734370,0.522455,0.740241
3,0.596294,0.693580,0.734370,0.596294,0.686981,0.740241,0.552456,0.607253,0.552456,0.607253,0.693580,0.734370,0.686981,0.740241,0.523472,0.734370,0.524550,0.740241
4,0.595380,0.697427,0.734370,0.595380,0.689418,0.740241,0.550926,0.606493,0.550926,0.606493,0.697427,0.734370,0.689418,0.740241,0.525090,0.734370,0.526076,0.740241
5,0.594524,0.700160,0.734370,0.594524,0.690326,0.740241,0.549595,0.605756,0.549595,0.605756,0.700160,0.734370,0.690326,0.740241,0.526277,0.734370,0.527221,0.740241
6,0.593706,0.701890,0.734370,0.593706,0.689858,0.740241,0.548361,0.605042,0.548361,0.605042,0.701890,0.734370,0.689858,0.740241,0.527236,0.734370,0.528196,0.740241
