{
  "valid_auc": 0.7525876527467118,
  "valid_acc": 0.7298248935163275,
  "valid_metrics": {
    "l_sup": 0.548801052459489,
    "l_reg": 0.001179687591502443,
    "l_ref": 0.015076878325392803,
    "l_init": 0.011523295554863236,
    "l_rate": 0.18052431809270605
  },
  "test_auc": 0.7478186210155826,
  "test_acc": 0.7233781338847247,
  "test_metrics": {
    "l_sup": 0.5611796058544744,
    "l_reg": 0.0011484651011414825,
    "l_ref": 0.015071881997088591,
    "l_init": 0.011497568662974847,
    "l_rate": 0.18244394663854593
  },
  "window_test_auc": 0.7485002553729385,
  "window_test_acc": 0.7237105093488072,
  "window_metrics": {
    "l_sup": 0.5482971358407402,
    "l_reg": 0.0010739247729894675,
    "l_ref": 0.0,
    "l_init": 0.0119766453994068,
    "l_rate": 0.17796425214058156
  },
  "checkpoint": "/workspaces/pykt-toolkit/experiments/20251221_160038_idkt_pareto_v2_l1.00_assist2009_120580/best_model.pt"
}