split,auc,acc,l_sup,l_ref,l_init,l_rate,l_reg
test,0.747819,0.723378,0.561180,0.015072,0.011498,0.182444,0.001148
