{
  "valid_auc": 0.7525876527467118,
  "valid_acc": 0.7298248935163275,
  "valid_metrics": {
    "l_sup": 0.546844164264869,
    "l_reg": 0.0011785626896501829,
    "l_ref": 0.010976856186365088,
    "l_init": 0.010172869571806529,
    "l_rate": 0.17206971799131568
  },
  "test_auc": 0.751815020837951,
  "test_acc": 0.7291812588736394,
  "test_metrics": {
    "l_sup": 0.546844164264869,
    "l_reg": 0.0011785626896501829,
    "l_ref": 0.010976856186365088,
    "l_init": 0.010172869571806529,
    "l_rate": 0.17206971799131568
  },
  "best_epoch": 4,
  "params": {
    "model_name": "idkt",
    "dataset_name": "assist2009",
    "fold": 0,
    "seed": 42,
    "emb_type": "qid",
    "save_dir": "/workspaces/pykt-toolkit/experiments/20251221_160038_idkt_pareto_v2_l1.00_assist2009_120580",
    "d_model": 256,
    "d_ff": 512,
    "num_attn_heads": 8,
    "n_blocks": 4,
    "dropout": 0.2,
    "final_fc_dim": 512,
    "learning_rate": 0.0001,
    "weight_decay": 0.0,
    "batch_size": 64,
    "num_epochs": 100,
    "optimizer": "Adam",
    "gradient_clip": 1.0,
    "patience": 10,
    "seq_len": 200,
    "l2": 1e-05,
    "lambda_student": 1e-05,
    "lambda_gap": 1e-05,
    "lambda_ref": 1.0,
    "lambda_initmastery": 1.0,
    "lambda_rate": 1.0,
    "theory_guided": 1,
    "calibrate": 1,
    "use_wandb": 0,
    "add_uuid": 0
  }
}