split,auc,acc
test,0.754859,0.724590
