{
  "lambda_ref": 6.441170981297241,
  "lambda_initmastery": 8.41393671806908,
  "lambda_rate": 2.243112763133713
}