{
  "valid_auc": 0.7802889782137661,
  "valid_acc": 0.7253220714956061,
  "valid_metrics": {
    "l_sup": 0.5435494926749989,
    "l_reg": 1.1342823502976293e-05,
    "l_ref": 0.017509338549441762,
    "l_init": 0.03053370554297548,
    "l_rate": 0.13397871885869195
  },
  "test_auc": 0.7760433174745098,
  "test_acc": 0.7174995706680405,
  "test_metrics": {
    "l_sup": 0.5498184244707628,
    "l_reg": 1.173647425193022e-05,
    "l_ref": 0.01728424480692907,
    "l_init": 0.03172549824189532,
    "l_rate": 0.13762979734368438
  },
  "window_test_auc": 0.7760433174745098,
  "window_test_acc": 0.7174995706680405,
  "window_metrics": {
    "l_sup": 0.5498184244707628,
    "l_reg": 1.173647425193022e-05,
    "l_ref": 0.0,
    "l_init": 0.03172549824189532,
    "l_rate": 0.13762979734368438
  },
  "checkpoint": "/workspaces/pykt-toolkit/experiments/20251231_000325_idkt_assist2009_S_hr_sweep_l0.5_370532/best_model.pt"
}