split,auc,acc,l_sup,l_ref,l_init,l_rate,l_reg
test,0.776043,0.717500,0.549818,0.017284,0.031725,0.137630,0.000012
