split,auc,acc,l_sup,l_ref,l_init,l_rate,l_reg
validation,0.780289,0.725322,0.543549,0.017509,0.030534,0.133979,0.000011
