{
  "0": {
    "r2": -28003.446392784852,
    "pearson": 0.2918096230392126,
    "count": 223
  },
  "1": {
    "r2": -78.97031385324917,
    "pearson": -0.06201485336668372,
    "count": 625
  },
  "2": {
    "r2": 0.7985162760311786,
    "pearson": 0.9038815770422032,
    "count": 204
  },
  "3": {
    "r2": -13.805591863164695,
    "pearson": -0.0933117463227552,
    "count": 120
  },
  "4": {
    "r2": -1.086847929784292,
    "pearson": 0.4692618662062246,
    "count": 121
  },
  "5": {
    "r2": -36.41682331286091,
    "pearson": 0.1346524846875964,
    "count": 458
  },
  "8": {
    "r2": -18761.946829963123,
    "pearson": 0.4362342598090441,
    "count": 142
  },
  "9": {
    "r2": -1106.9409192015505,
    "pearson": -0.11553637211269588,
    "count": 204
  },
  "10": {
    "r2": -3278.5287764649597,
    "pearson": -0.1877557125046446,
    "count": 64
  },
  "11": {
    "r2": -698.0576479998199,
    "pearson": 0.12018850132970241,
    "count": 266
  },
  "12": {
    "r2": -65.89541929776398,
    "pearson": 0.09254500464679496,
    "count": 428
  },
  "14": {
    "r2": -248.77723832392826,
    "pearson": -0.06303372430532067,
    "count": 63
  },
  "15": {
    "r2": -7730.144778426054,
    "pearson": 0.04324794546187448,
    "count": 257
  },
  "17": {
    "r2": 0.5467821735171672,
    "pearson": 0.8010926719934934,
    "count": 80
  },
  "18": {
    "r2": 0.9345009396900822,
    "pearson": 0.9685028364175433,
    "count": 74
  },
  "19": {
    "r2": -127.7873409536499,
    "pearson": 0.4407081473449525,
    "count": 47
  },
  "20": {
    "r2": -85.37725235336382,
    "pearson": 0.3463338008132274,
    "count": 141
  },
  "21": {
    "r2": -1.4827283359765646,
    "pearson": 0.44860703162807064,
    "count": 74
  },
  "22": {
    "r2": -3.282800028084588,
    "pearson": 0.4346506807315107,
    "count": 72
  },
  "23": {
    "r2": -2034.7317357553495,
    "pearson": 0.010928027001171403,
    "count": 249
  },
  "24": {
    "r2": 0.5291417335735631,
    "pearson": 0.7525397599259809,
    "count": 45
  },
  "25": {
    "r2": -21054.283013575194,
    "pearson": -0.655109083805142,
    "count": 183
  },
  "26": {
    "r2": 0.9858151559303313,
    "pearson": 0.9931890205589495,
    "count": 109
  },
  "27": {
    "r2": 0.38078073981006877,
    "pearson": 0.6642276066612497,
    "count": 33
  },
  "28": {
    "r2": -4584.794741719217,
    "pearson": -0.0842137652672269,
    "count": 175
  },
  "30": {
    "r2": -8009.629853464815,
    "pearson": 0.08645534666437532,
    "count": 88
  },
  "31": {
    "r2": 0.7320461451753173,
    "pearson": 0.8881740169568298,
    "count": 99
  },
  "32": {
    "r2": 0.8614974367519115,
    "pearson": 0.9850077618549833,
    "count": 45
  },
  "37": {
    "r2": -16.1042963310449,
    "pearson": -0.41063836913169754,
    "count": 27
  },
  "38": {
    "r2": -54.724877875752554,
    "pearson": 0.07172128443537716,
    "count": 51
  },
  "44": {
    "r2": 0.937634207131433,
    "pearson": 0.9697757055727535,
    "count": 82
  },
  "45": {
    "r2": -212.00220038324989,
    "pearson": 0.159647608029136,
    "count": 190
  },
  "46": {
    "r2": 0.7086455811399655,
    "pearson": 0.8806321408689695,
    "count": 120
  },
  "47": {
    "r2": 0.9394172311320923,
    "pearson": 0.9702296074377806,
    "count": 63
  },
  "48": {
    "r2": -76.05054317539282,
    "pearson": 0.18330226110781153,
    "count": 89
  },
  "49": {
    "r2": 0.8041948107465752,
    "pearson": 0.9434241425098916,
    "count": 43
  },
  "51": {
    "r2": 0.5855255559830934,
    "pearson": 0.8374801130526582,
    "count": 76
  },
  "52": {
    "r2": 0.5730911953583331,
    "pearson": 0.7650309121029926,
    "count": 77
  },
  "53": {
    "r2": -1.6607141253906534,
    "pearson": 0.4385394105951073,
    "count": 86
  },
  "54": {
    "r2": -7.458611210906714,
    "pearson": 0.0343241876283654,
    "count": 52
  },
  "55": {
    "r2": -1.0276748294295284,
    "pearson": 0.5777021191962818,
    "count": 79
  },
  "56": {
    "r2": -21.28536380369993,
    "pearson": 0.1287573269227456,
    "count": 45
  },
  "57": {
    "r2": -25393.569076268577,
    "pearson": 0.21697056458796474,
    "count": 249
  },
  "60": {
    "r2": 0.7853606280469841,
    "pearson": 0.9244505340304721,
    "count": 39
  },
  "61": {
    "r2": 0.41497430527751533,
    "pearson": 0.7551920347699217,
    "count": 119
  },
  "62": {
    "r2": -115.36054755458966,
    "pearson": -0.05779776532410979,
    "count": 422
  },
  "63": {
    "r2": -151.58212890446688,
    "pearson": 0.1899824926282283,
    "count": 156
  },
  "72": {
    "r2": -0.4443316091968126,
    "pearson": 0.4949249753896816,
    "count": 89
  },
  "75": {
    "r2": -0.20340110522373833,
    "pearson": 0.0705221923394811,
    "count": 29
  },
  "76": {
    "r2": -12.149586382650188,
    "pearson": -0.3736083674147188,
    "count": 21
  },
  "80": {
    "r2": -5.123882716390358,
    "pearson": 0.6430056347004248,
    "count": 26
  },
  "91": {
    "r2": -8034948.5015403135,
    "pearson": 0.5069801987691892,
    "count": 24
  }
}