{
  "r2_true": -1493.5830854762091,
  "pearson_true": 0.05059994877999884,
  "r2_control": -4460.0544621849,
  "pearson_control": -0.006778931066186041,
  "selectivity_r2": 2966.4713767086914
}