split,total_auc,bce_auc,mastery_auc,total_acc,bce_acc,mastery_acc
training,0.7525886101206067,0.7525886101206067,N/A,0.7619674485399712,0.7619674485399712,N/A
validation,0.7251263634931986,0.7251263634931986,N/A,0.7532628054774255,0.7532628054774255,N/A
test,0.7189305329912385,0.7189305329912385,N/A,0.7465971231573942,0.7465971231573942,N/A
