{
  "difficulty_fidelity": 0.6392013037476896,
  "p_value": 7.641208713941106e-09,
  "num_skills": 66,
  "mse": 3.742636050647009,
  "mae": 1.782772045615384,
  "model_beta_stats": {
    "mean": -0.2412763484848485,
    "std": 0.014508025354319883,
    "min": -0.24769,
    "max": -0.148176
  },
  "rasch_beta_stats": {
    "mean": -2.0240483941002325,
    "std": 0.7604295910490784,
    "min": -3.247295379638672,
    "max": -0.15638746321201324
  },
  "metadata": {
    "experiment_dir": "/workspaces/pykt-toolkit/experiments/20251130_002331_ikt2_lambdareg01_114419",
    "dataset": "assist2015",
    "rasch_file": "{'dataset': 'assist2015', 'num_students': 15275, 'num_skills': 100, 'num_calibrated_skills': 100, 'max_iterations': 50}"
  }
}