epoch,train_loss,train_auc,train_acc,val_loss,val_auc,val_acc,train_bce_loss,train_im_loss,val_bce_loss,val_im_loss,train_encoder1_auc,train_encoder1_acc,val_encoder1_auc,val_encoder1_acc,train_encoder2_auc,train_encoder2_acc,val_encoder2_auc,val_encoder2_acc
1,0.607714,0.495806,0.734370,0.607714,0.496592,0.740241,0.605985,0.607714,0.605985,0.607714,0.495806,0.734370,0.496592,0.740241,0.587696,0.734370,0.586816,0.740241
2,0.605660,0.501649,0.734370,0.605660,0.501758,0.740241,0.606471,0.605660,0.606471,0.605660,0.501649,0.734370,0.501758,0.740241,0.593794,0.734370,0.593305,0.740241
3,0.603869,0.500674,0.734370,0.603869,0.498875,0.740241,0.606614,0.603869,0.606614,0.603869,0.500674,0.734370,0.498875,0.740241,0.596451,0.734370,0.595654,0.740241
4,0.602218,0.500000,0.734370,0.602218,0.500000,0.740241,0.606627,0.602218,0.606627,0.602218,0.500000,0.734370,0.500000,0.740241,0.597950,0.734370,0.596899,0.740241
5,0.600690,0.500000,0.734370,0.600690,0.500000,0.740241,0.606628,0.600690,0.606628,0.600690,0.500000,0.734370,0.500000,0.740241,0.600074,0.734370,0.598418,0.740241
6,0.599245,0.500000,0.734370,0.599245,0.500000,0.740241,0.606628,0.599245,0.606628,0.599245,0.500000,0.734370,0.500000,0.740241,0.601775,0.734370,0.599882,0.740241
7,0.597894,0.500000,0.734370,0.597894,0.500000,0.740241,0.606628,0.597894,0.606628,0.597894,0.500000,0.734370,0.500000,0.740241,0.603306,0.734370,0.600824,0.740241
8,0.596695,0.500000,0.734370,0.596695,0.500000,0.740241,0.606628,0.596695,0.606628,0.596695,0.500000,0.734370,0.500000,0.740241,0.603618,0.734370,0.600291,0.740241
