epoch,train_loss,train_auc,val_loss,val_auc,val_accuracy,monotonicity_violation_rate,negative_gain_rate,bounds_violation_rate,mastery_correlation,gain_correlation,main_loss_share,constraint_loss_share,alignment_loss_share,lag_loss_share,retention_loss_share
1,0.718673229835194,0.6792212923927733,0.51985173748464,0.7083342260608545,0.7491265121801672,0.0,0.0,0.0,0.003722519493992886,0.06469606941266645,0.7448453437619739,0.255154660867354,-0.001265817225916741,0.0,0.0
2,0.7656204978419091,0.7152043226439175,0.5136143486110532,0.7187362519161252,0.7518029372548638,0.0,0.0,0.0,0.0025754034936643507,0.04618167614405946,0.6786996789935762,0.3213003254372488,-0.005757558724941417,0.0,0.0
3,0.8195269055317103,0.7270289425895881,0.511109681153784,0.72294930192895,0.7534185247544988,0.0,0.0,0.0,0.0037320526622466607,0.056886240719432865,0.6250806288363325,0.37491937437565886,-0.010710780333724164,0.0,0.0
4,0.8739802522362823,0.7354693187742847,0.5103110817013955,0.7243328483072914,0.7540316694079747,0.0,0.0,0.0,0.00635307441686999,0.06616660152272867,0.5798613251387134,0.42013867318833326,-0.015687203966631987,0.0,0.0
5,0.9283853750772427,0.7422965702157659,0.5106565125134527,0.7241138745245842,0.7541581913205968,0.0,0.0,0.0,0.007937436632133059,0.07412108713197446,0.540911266369196,0.45908873358922203,-0.020716119908133632,0.0,0.0
6,0.9816374540946644,0.7488992351265626,0.5130576911021252,0.7218770136399651,0.7534477221189501,0.0,0.0,0.0,0.008938335081735556,0.0870626267512416,0.5069303944022068,0.49306960531267846,-0.02641649290318384,0.0,0.0
