{
  "train": {
    "total_auc": 0.754512797837057,
    "total_acc": 0.7617632979472306,
    "bce_auc": 0.754512797837057,
    "bce_acc": 0.7617632979472306,
    "mastery_auc": "N/A",
    "mastery_acc": "N/A"
  },
  "valid": {
    "total_auc": 0.7250424549879246,
    "total_acc": 0.7538564852212674,
    "bce_auc": 0.7250424549879246,
    "bce_acc": 0.7538564852212674,
    "mastery_auc": "N/A",
    "mastery_acc": "N/A"
  },
  "test": {
    "total_auc": 0.7184544805751424,
    "total_acc": 0.7468794579172611,
    "bce_auc": 0.7184544805751424,
    "bce_acc": 0.7468794579172611,
    "mastery_auc": "N/A",
    "mastery_acc": "N/A"
  },
  "checkpoint_epoch": 9,
  "checkpoint_val_auc": 0.7250424379929739
}