split,total_auc,bce_auc,mastery_auc,total_acc,bce_acc,mastery_acc
training,0.754512797837057,0.754512797837057,N/A,0.7617632979472306,0.7617632979472306,N/A
validation,0.7250424549879246,0.7250424549879246,N/A,0.7538564852212674,0.7538564852212674,N/A
test,0.7184544805751424,0.7184544805751424,N/A,0.7468794579172611,0.7468794579172611,N/A
