{
  "valid_auc": 0.7540619778164799,
  "valid_acc": 0.7317936583057264,
  "valid_metrics": {
    "l_sup": 0.5459224080315993,
    "l_reg": 0.0011784402352835361,
    "l_ref": 0.013297856164475283,
    "l_init": 0.010956254119834016,
    "l_rate": 0.17706882520500886
  },
  "test_auc": 0.749337278357683,
  "test_acc": 0.7237173688291548,
  "test_metrics": {
    "l_sup": 0.5590831492519508,
    "l_reg": 0.0011472483476003012,
    "l_ref": 0.01323222399999698,
    "l_init": 0.010949021519252231,
    "l_rate": 0.17895901236224632
  },
  "window_test_auc": 0.7501108688614226,
  "window_test_acc": 0.7245164410058027,
  "window_metrics": {
    "l_sup": 0.5445118450250825,
    "l_reg": 0.001074822204076537,
    "l_ref": 0.0,
    "l_init": 0.011388555607741036,
    "l_rate": 0.17452944182914312
  },
  "checkpoint": "/workspaces/pykt-toolkit/experiments/20251221_150027_idkt_pareto_v2_l0.95_assist2009_520023/best_model.pt"
}