{
  "prediction_mse": 0.01781405694782734,
  "prediction_corr": 0.8158198610639094,
  "initmastery_mse": 0.010871583595871925,
  "initmastery_corr": 0.9943846050017877,
  "learning_rate_mse": 0.17619390785694122,
  "learning_rate_corr": 0.9994828349804795,
  "h2_functional_alignment": 0.27573416492472014,
  "h3_discriminant_overlap": -0.1056788184168588,
  "h3_latent_overlap": -0.03310593621180949
}