split,auc,acc,l_sup,l_ref,l_init,l_rate,l_reg
validation,0.754062,0.731794,0.545922,0.013298,0.010956,0.177069,0.001178
