split,auc,acc,l_sup,l_ref,l_init,l_rate,l_reg
test,0.749337,0.723717,0.559083,0.013232,0.010949,0.178959,0.001147
