{
  "valid_auc": 0.7540619778164799,
  "valid_acc": 0.7317936583057264,
  "valid_metrics": {
    "l_sup": 0.5458500341478708,
    "l_reg": 0.0011800948365513857,
    "l_ref": 0.01000304582218329,
    "l_init": 0.009695180946820502,
    "l_rate": 0.16885507334422067
  },
  "test_auc": 0.7521809674457349,
  "test_acc": 0.729408424041647,
  "test_metrics": {
    "l_sup": 0.5458500341478708,
    "l_reg": 0.0011800948365513857,
    "l_ref": 0.01000304582218329,
    "l_init": 0.009695180946820502,
    "l_rate": 0.16885507334422067
  },
  "best_epoch": 8,
  "params": {
    "model_name": "idkt",
    "dataset_name": "assist2009",
    "fold": 0,
    "seed": 42,
    "emb_type": "qid",
    "save_dir": "/workspaces/pykt-toolkit/experiments/20251221_150027_idkt_pareto_v2_l0.95_assist2009_520023",
    "d_model": 256,
    "d_ff": 512,
    "num_attn_heads": 8,
    "n_blocks": 4,
    "dropout": 0.2,
    "final_fc_dim": 512,
    "learning_rate": 0.0001,
    "weight_decay": 0.0,
    "batch_size": 64,
    "num_epochs": 100,
    "optimizer": "Adam",
    "gradient_clip": 1.0,
    "patience": 10,
    "seq_len": 200,
    "l2": 1e-05,
    "lambda_student": 1e-05,
    "lambda_gap": 1e-05,
    "lambda_ref": 0.95,
    "lambda_initmastery": 0.95,
    "lambda_rate": 0.95,
    "theory_guided": 1,
    "calibrate": 1,
    "use_wandb": 0,
    "add_uuid": 0
  }
}