{
  "trajectory": [
    {
      "epoch": 1,
      "mastery_correlation": -0.02461291400807015,
      "gain_correlation": 0.02381580440593078,
      "warmup_scale": 0.25,
      "alignment_corr_mastery": 0.1701146811246872,
      "alignment_corr_gain": 0.2182469516992569,
      "global_alignment_mastery_corr": 0.011982054282173825,
      "global_alignment_gain_corr": 0.005860440335794313,
      "effective_alignment_weight": 0.03125,
      "peak_mastery_corr": 0.011982054282173825,
      "retention_loss_value": 0.0,
      "mean_lag_corr": 0.0,
      "lag_corr_count": 0,
      "consistency_loss_weight_current": 0.3,
      "sparsity_loss_weight_current": 0.2,
      "loss_shares": {
        "main": 0.9720707694825013,
        "constraint_total": 0.027929222757747618,
        "alignment": -0.012899100210692013,
        "lag": 0.0,
        "retention": 0.0
      },
      "mean_mastery_variance": 0.017042924148160866,
      "min_mastery_variance": 0.011276422999799252,
      "max_mastery_variance": 0.03848695382475853,
      "per_lag_correlations": []
    },
    {
      "epoch": 2,
      "mastery_correlation": -0.03078817592560389,
      "gain_correlation": 0.047526350137187576,
      "warmup_scale": 0.5,
      "alignment_corr_mastery": 0.16514913737773895,
      "alignment_corr_gain": 0.2525465190410614,
      "global_alignment_mastery_corr": 0.0025907620519865305,
      "global_alignment_gain_corr": 0.00819263299718538,
      "effective_alignment_weight": 0.0625,
      "peak_mastery_corr": 0.011982054282173825,
      "retention_loss_value": 0.0,
      "mean_lag_corr": 0.0,
      "lag_corr_count": 0,
      "consistency_loss_weight_current": 0.3,
      "sparsity_loss_weight_current": 0.2,
      "loss_shares": {
        "main": 0.9806178587569319,
        "constraint_total": 0.019382142226691886,
        "alignment": -0.04279114232865663,
        "lag": 0.0,
        "retention": 0.0
      },
      "mean_mastery_variance": 0.015682513111420555,
      "min_mastery_variance": 0.012501668184995651,
      "max_mastery_variance": 0.021016059443354607,
      "per_lag_correlations": []
    },
    {
      "epoch": 3,
      "mastery_correlation": -0.03711606326894977,
      "gain_correlation": 0.05408349816560406,
      "warmup_scale": 0.75,
      "alignment_corr_mastery": 0.1390361338853836,
      "alignment_corr_gain": 0.2891048789024353,
      "global_alignment_mastery_corr": -0.01133050974726757,
      "global_alignment_gain_corr": 0.042137548997901224,
      "effective_alignment_weight": 0.09375,
      "peak_mastery_corr": 0.011982054282173825,
      "retention_loss_value": 0.0,
      "mean_lag_corr": 0.0,
      "lag_corr_count": 0,
      "consistency_loss_weight_current": 0.3,
      "sparsity_loss_weight_current": 0.2,
      "loss_shares": {
        "main": 0.9805179210358222,
        "constraint_total": 0.01948208385546939,
        "alignment": -0.07334795893041443,
        "lag": 0.0,
        "retention": 0.0
      },
      "mean_mastery_variance": 0.014889758572445632,
      "min_mastery_variance": 0.01132441870868206,
      "max_mastery_variance": 0.020355157554149628,
      "per_lag_correlations": []
    },
    {
      "epoch": 4,
      "mastery_correlation": -0.0348309761745876,
      "gain_correlation": 0.06267736183172987,
      "warmup_scale": 1.0,
      "alignment_corr_mastery": 0.18025773763656616,
      "alignment_corr_gain": 0.31231409311294556,
      "global_alignment_mastery_corr": -0.0017068221308970048,
      "global_alignment_gain_corr": 0.04867970282656946,
      "effective_alignment_weight": 0.125,
      "peak_mastery_corr": 0.011982054282173825,
      "retention_loss_value": 0.0,
      "mean_lag_corr": 0.0,
      "lag_corr_count": 0,
      "consistency_loss_weight_current": 0.3,
      "sparsity_loss_weight_current": 0.2,
      "loss_shares": {
        "main": 0.9857098375623976,
        "constraint_total": 0.01429016342833831,
        "alignment": -0.11086016939860162,
        "lag": 0.0,
        "retention": 0.0
      },
      "mean_mastery_variance": 0.016946208137304672,
      "min_mastery_variance": 0.011249142698943615,
      "max_mastery_variance": 0.022630278021097183,
      "per_lag_correlations": []
    },
    {
      "epoch": 5,
      "mastery_correlation": -0.03090359698578157,
      "gain_correlation": 0.06752366708300395,
      "warmup_scale": 1.0,
      "alignment_corr_mastery": 0.17635948956012726,
      "alignment_corr_gain": 0.35848480463027954,
      "global_alignment_mastery_corr": -0.007489534672543717,
      "global_alignment_gain_corr": 0.03572929358088004,
      "effective_alignment_weight": 0.15625,
      "peak_mastery_corr": 0.011982054282173825,
      "retention_loss_value": 0.002026022453660456,
      "mean_lag_corr": 0.0,
      "lag_corr_count": 0,
      "consistency_loss_weight_current": 0.3,
      "sparsity_loss_weight_current": 0.2,
      "loss_shares": {
        "main": 1.0312975723912008,
        "constraint_total": -0.031297574177996786,
        "alignment": -0.16493825692663866,
        "lag": 0.0,
        "retention": 0.0
      },
      "mean_mastery_variance": 0.017134808332036813,
      "min_mastery_variance": 0.011373023502528667,
      "max_mastery_variance": 0.023421932011842728,
      "per_lag_correlations": []
    },
    {
      "epoch": 6,
      "mastery_correlation": -0.025640592755101395,
      "gain_correlation": 0.06857993370729966,
      "warmup_scale": 1.0,
      "alignment_corr_mastery": 0.20208294689655304,
      "alignment_corr_gain": 0.3926192820072174,
      "global_alignment_mastery_corr": 0.00840808481996646,
      "global_alignment_gain_corr": 0.05471837418267872,
      "effective_alignment_weight": 0.1875,
      "peak_mastery_corr": 0.011982054282173825,
      "retention_loss_value": 0.0,
      "mean_lag_corr": 0.0,
      "lag_corr_count": 0,
      "consistency_loss_weight_current": 0.3,
      "sparsity_loss_weight_current": 0.2,
      "loss_shares": {
        "main": 1.096227912166337,
        "constraint_total": -0.09625198102128764,
        "alignment": -0.24230022746338037,
        "lag": 0.0,
        "retention": 2.4080778227632134e-05
      },
      "mean_mastery_variance": 0.01621018632416435,
      "min_mastery_variance": 0.011886048130691051,
      "max_mastery_variance": 0.01931476593017578,
      "per_lag_correlations": []
    },
    {
      "epoch": 7,
      "mastery_correlation": -0.022494755354319402,
      "gain_correlation": 0.053402493237845856,
      "warmup_scale": 1.0,
      "alignment_corr_mastery": 0.22160612046718597,
      "alignment_corr_gain": 0.4439902603626251,
      "global_alignment_mastery_corr": 0.011323548101693936,
      "global_alignment_gain_corr": 0.047216788234424406,
      "effective_alignment_weight": 0.21875,
      "peak_mastery_corr": 0.011982054282173825,
      "retention_loss_value": 0.0,
      "mean_lag_corr": 0.0,
      "lag_corr_count": 0,
      "consistency_loss_weight_current": 0.3,
      "sparsity_loss_weight_current": 0.2,
      "loss_shares": {
        "main": 1.191430363375193,
        "constraint_total": -0.19143035898353605,
        "alignment": -0.35665912093094804,
        "lag": 0.0,
        "retention": 0.0
      },
      "mean_mastery_variance": 0.016003246747266133,
      "min_mastery_variance": 0.012742264196276665,
      "max_mastery_variance": 0.01949039101600647,
      "per_lag_correlations": []
    },
    {
      "epoch": 8,
      "mastery_correlation": -0.019442618021443637,
      "gain_correlation": 0.05720394089118149,
      "warmup_scale": 1.0,
      "alignment_corr_mastery": 0.20459426939487457,
      "alignment_corr_gain": 0.4919067621231079,
      "global_alignment_mastery_corr": 0.011067294196788377,
      "global_alignment_gain_corr": 0.044258880085641675,
      "effective_alignment_weight": 0.2886764520779252,
      "peak_mastery_corr": 0.011982054282173825,
      "retention_loss_value": 0.0,
      "mean_lag_corr": 0.0,
      "lag_corr_count": 0,
      "consistency_loss_weight_current": 0.2,