{
  "trajectory": [
    {
      "epoch": 1,
      "mastery_correlation": 0.08961929608690619,
      "gain_correlation": 0.002704862291814759,
      "warmup_scale": 0.125,
      "alignment_corr_mastery": 0.008997485972940922,
      "alignment_corr_gain": 0.10402931272983551,
      "global_alignment_mastery_corr": 0.07420423888075069,
      "global_alignment_gain_corr": 0.011833474359737011,
      "effective_alignment_weight": 0.0375,
      "peak_mastery_corr": 0.07420423888075069,
      "retention_loss_value": 0.0,
      "mean_lag_corr": 0.0,
      "lag_corr_count": 0,
      "consistency_loss_weight_current": 0.3,
      "sparsity_loss_weight_current": 0.2,
      "loss_shares": {
        "main": 0.9301194165574217,
        "constraint_total": 0.06988058108605175,
        "alignment": -0.0027446354193351695,
        "lag": 0.0,
        "retention": 0.0
      },
      "mean_mastery_variance": 0.029702458356946244,
      "min_mastery_variance": 0.02197265625,
      "max_mastery_variance": 0.034698486328125,
      "per_lag_correlations": []
    },
    {
      "epoch": 2,
      "mastery_correlation": 0.12329934371752631,
      "gain_correlation": -0.03150904745875649,
      "warmup_scale": 0.25,
      "alignment_corr_mastery": 0.014290258288383484,
      "alignment_corr_gain": 0.15130724012851715,
      "global_alignment_mastery_corr": 0.07824515029475151,
      "global_alignment_gain_corr": 0.007731309244409203,
      "effective_alignment_weight": 0.075,
      "peak_mastery_corr": 0.07824515029475151,
      "retention_loss_value": 0.0,
      "mean_lag_corr": 0.0,
      "lag_corr_count": 0,
      "consistency_loss_weight_current": 0.3,
      "sparsity_loss_weight_current": 0.2,
      "loss_shares": {
        "main": 0.9786790783001199,
        "constraint_total": 0.02132092065641893,
        "alignment": -0.01822822366295482,
        "lag": 0.0,
        "retention": 0.0
      },
      "mean_mastery_variance": 0.019085345490608807,
      "min_mastery_variance": 0.01568603515625,
      "max_mastery_variance": 0.0270233154296875,
      "per_lag_correlations": []
    },
    {
      "epoch": 3,
      "mastery_correlation": 0.14261733782444402,
      "gain_correlation": -0.032366878655789987,
      "warmup_scale": 0.375,
      "alignment_corr_mastery": 0.017389541491866112,
      "alignment_corr_gain": 0.17315436899662018,
      "global_alignment_mastery_corr": 0.11132581437295205,
      "global_alignment_gain_corr": 0.0022970519325948165,
      "effective_alignment_weight": 0.11249999999999999,
      "peak_mastery_corr": 0.11132581437295205,
      "retention_loss_value": 0.0,
      "mean_lag_corr": 0.0,
      "lag_corr_count": 0,
      "consistency_loss_weight_current": 0.3,
      "sparsity_loss_weight_current": 0.2,
      "loss_shares": {
        "main": 0.9838902725967454,
        "constraint_total": 0.016109724651798135,
        "alignment": -0.031807566239176195,
        "lag": 0.0,
        "retention": 0.0
      },
      "mean_mastery_variance": 0.01436247356197377,
      "min_mastery_variance": 0.0129241943359375,
      "max_mastery_variance": 0.0167999267578125,
      "per_lag_correlations": []
    }
  ],
  "experiment_name": "full_seed63",
  "best_val_auc": 0.6849837327040847,
  "timestamp": "2025-10-21T10:31:07.675110",
  "warmup_constraint_epochs": 8
}