{
  "trajectory": [
    {
      "epoch": 1,
      "mastery_correlation": -0.001754120890172712,
      "gain_correlation": 0.10458477648628162,
      "warmup_scale": 0.125,
      "alignment_corr_mastery": 0.1655273735523224,
      "alignment_corr_gain": 0.22083397209644318,
      "global_alignment_mastery_corr": 0.010894623447578244,
      "global_alignment_gain_corr": 0.00827519654451559,
      "effective_alignment_weight": 0.03125,
      "peak_mastery_corr": 0.010894623447578244,
      "retention_loss_value": 0.0,
      "mean_lag_corr": 0.0,
      "lag_corr_count": 0,
      "consistency_loss_weight_current": 0.3,
      "sparsity_loss_weight_current": 0.2,
      "loss_shares": {
        "main": 0.9896266466166127,
        "constraint_total": 0.010373355664994966,
        "alignment": -0.013723036957280324,
        "lag": 0.0,
        "retention": 0.0
      },
      "mean_mastery_variance": 0.018711782856771983,
      "min_mastery_variance": 0.01308447401970625,
      "max_mastery_variance": 0.04246590659022331,
      "per_lag_correlations": []
    },
    {
      "epoch": 2,
      "mastery_correlation": -0.013585437851762847,
      "gain_correlation": 0.07332071355165304,
      "warmup_scale": 0.25,
      "alignment_corr_mastery": 0.17300362884998322,
      "alignment_corr_gain": 0.25555431842803955,
      "global_alignment_mastery_corr": 0.008632259840378537,
      "global_alignment_gain_corr": 0.009840803036883396,
      "effective_alignment_weight": 0.0625,
      "peak_mastery_corr": 0.010894623447578244,
      "retention_loss_value": 0.0,
      "mean_lag_corr": 0.0,
      "lag_corr_count": 0,
      "consistency_loss_weight_current": 0.3,
      "sparsity_loss_weight_current": 0.2,
      "loss_shares": {
        "main": 1.0104538175694546,
        "constraint_total": -0.01045381752207048,
        "alignment": -0.044350310218552555,
        "lag": 0.0,
        "retention": 0.0
      },
      "mean_mastery_variance": 0.01569184424944338,
      "min_mastery_variance": 0.011918983422219753,
      "max_mastery_variance": 0.020649904385209084,
      "per_lag_correlations": []
    },
    {
      "epoch": 3,
      "mastery_correlation": -0.0204561122791427,
      "gain_correlation": 0.05161849419413503,
      "warmup_scale": 0.375,
      "alignment_corr_mastery": 0.1433652639389038,
      "alignment_corr_gain": 0.2948688566684723,
      "global_alignment_mastery_corr": -0.018356524995518462,
      "global_alignment_gain_corr": 0.03989226047075742,
      "effective_alignment_weight": 0.09375,
      "peak_mastery_corr": 0.010894623447578244,
      "retention_loss_value": 0.0,
      "mean_lag_corr": 0.0,
      "lag_corr_count": 0,
      "consistency_loss_weight_current": 0.3,
      "sparsity_loss_weight_current": 0.2,
      "loss_shares": {
        "main": 1.0270784501613948,
        "constraint_total": -0.02707845053304491,
        "alignment": -0.0778173660272282,
        "lag": 0.0,
        "retention": 0.0
      },
      "mean_mastery_variance": 0.016168335163145486,
      "min_mastery_variance": 0.012486129999160767,
      "max_mastery_variance": 0.02131432667374611,
      "per_lag_correlations": []
    },
    {
      "epoch": 4,
      "mastery_correlation": -0.011218958096423067,
      "gain_correlation": 0.04356802140315596,
      "warmup_scale": 0.5,
      "alignment_corr_mastery": 0.17047598958015442,
      "alignment_corr_gain": 0.3261840343475342,
      "global_alignment_mastery_corr": -0.0011890028965232584,
      "global_alignment_gain_corr": 0.04902391219419769,
      "effective_alignment_weight": 0.125,
      "peak_mastery_corr": 0.010894623447578244,
      "retention_loss_value": 0.0,
      "mean_lag_corr": 0.0,
      "lag_corr_count": 0,
      "consistency_loss_weight_current": 0.3,
      "sparsity_loss_weight_current": 0.2,
      "loss_shares": {
        "main": 1.049551272312082,
        "constraint_total": -0.04955126869921912,
        "alignment": -0.11890003059235905,
        "lag": 0.0,
        "retention": 0.0
      },
      "mean_mastery_variance": 0.016032332723352267,
      "min_mastery_variance": 0.012330417521297932,
      "max_mastery_variance": 0.020608441904187202,
      "per_lag_correlations": []
    },
    {
      "epoch": 5,
      "mastery_correlation": 0.016704543107948937,
      "gain_correlation": 0.06920883297037533,
      "warmup_scale": 0.625,
      "alignment_corr_mastery": 0.20028147101402283,
      "alignment_corr_gain": 0.3682926893234253,
      "global_alignment_mastery_corr": -0.003356077889232741,
      "global_alignment_gain_corr": 0.0352626381519561,
      "effective_alignment_weight": 0.15625,
      "peak_mastery_corr": 0.010894623447578244,
      "retention_loss_value": 0.0,
      "mean_lag_corr": 0.0,
      "lag_corr_count": 0,
      "consistency_loss_weight_current": 0.3,
      "sparsity_loss_weight_current": 0.2,
      "loss_shares": {
        "main": 1.0849432656396187,
        "constraint_total": -0.08494326914717425,
        "alignment": -0.17523949660483998,
        "lag": 0.0,
        "retention": 0.0
      },
      "mean_mastery_variance": 0.017188247939851617,
      "min_mastery_variance": 0.012306955642998219,
      "max_mastery_variance": 0.02319047786295414,
      "per_lag_correlations": []
    },
    {
      "epoch": 6,
      "mastery_correlation": 0.019014590316401812,
      "gain_correlation": 0.0870590612250977,
      "warmup_scale": 0.75,
      "alignment_corr_mastery": 0.18148638308048248,
      "alignment_corr_gain": 0.38463911414146423,
      "global_alignment_mastery_corr": 0.01306782001251122,
      "global_alignment_gain_corr": 0.050296464668014476,
      "effective_alignment_weight": 0.1875,
      "peak_mastery_corr": 0.01306782001251122,
      "retention_loss_value": 0.0,
      "mean_lag_corr": 0.0,
      "lag_corr_count": 0,
      "consistency_loss_weight_current": 0.3,
      "sparsity_loss_weight_current": 0.2,
      "loss_shares": {
        "main": 1.1375949130517502,
        "constraint_total": -0.13759491010509,
        "alignment": -0.25331228518245336,
        "lag": 0.0,
        "retention": 0.0
      },
      "mean_mastery_variance": 0.01678033536927379,
      "min_mastery_variance": 0.01284688338637352,
      "max_mastery_variance": 0.023036805912852287,
      "per_lag_correlations": []
    },
    {
      "epoch": 7,
      "mastery_correlation": 0.018394036119963646,
      "gain_correlation": 0.05563438127974494,
      "warmup_scale": 0.875,
      "alignment_corr_mastery": 0.1859273761510849,
      "alignment_corr_gain": 0.4643304944038391,
      "global_alignment_mastery_corr": 0.00043728377471173493,
      "global_alignment_gain_corr": 0.056084703706316456,
      "effective_alignment_weight": 0.21875,
      "peak_mastery_corr": 0.01306782001251122,
      "retention_loss_value": 0.0,
      "mean_lag_corr": 0.0,
      "lag_corr_count": 0,
      "consistency_loss_weight_current": 0.3,
      "sparsity_loss_weight_current": 0.2,
      "loss_shares": {
        "main": 1.2191341092624393,
        "constraint_total": -0.21913410736469954,
        "alignment": -0.36871466772026656,
        "lag": 0.0,
        "retention": 0.0
      },
      "mean_mastery_variance": 0.01528549792698628,
      "min_mastery_variance": 0.012598711997270584,
      "max_mastery_variance": 0.018524309620261192,
      "per_lag_correlations": []
    },
    {
      "epoch": 8,
      "mastery_correlation": 0.02945745189048974,
      "gain_correlation": 0.05710404813720292,
      "warmup_scale": 1.0,
      "alignment_corr_mastery": 0.22955843806266785,
      "alignment_corr_gain": 0.50538170337677,
      "global_alignment_mastery_corr": 0.006875237569050417,
      "global_alignment_gain_corr": 0.05376070003519999,
      "effective_alignment_weight": 0.2995627162279561,
      "peak_mastery_corr": 0.01306782001251122,
      "retention_loss_value": 0.0,
      "mean_lag_corr": 0.0,
      "lag_corr_count": 0,
      "consistency_loss_weight_current": 0.2,
      "sparsity_loss_weight_current": 0.2,