{
  "trajectory": [
    {
      "epoch": 1,
      "mastery_correlation": -0.0013641099892762716,
      "gain_correlation": 0.11379576923251189,
      "warmup_scale": 0.125,
      "alignment_corr_mastery": 0.16806909441947937,
      "alignment_corr_gain": 0.25734686851501465,
      "global_alignment_mastery_corr": null,
      "global_alignment_gain_corr": null,
      "effective_alignment_weight": 0.03125,
      "peak_mastery_corr": 0.0,
      "retention_loss_value": 0.0,
      "mean_lag_corr": 0.0,
      "lag_corr_count": 0,
      "consistency_loss_weight_current": 0.3,
      "sparsity_loss_weight_current": 0.2,
      "loss_shares": {
        "main": 0.9901174053150917,
        "constraint_total": 0.009882592675634875,
        "alignment": -0.01390508513742833,
        "lag": 0.0,
        "retention": 0.0
      },
      "mean_mastery_variance": 0.018442210118850895,
      "min_mastery_variance": 0.012118426151573658,
      "max_mastery_variance": 0.04236399009823799,
      "per_lag_correlations": []
    },
    {
      "epoch": 2,
      "mastery_correlation": -0.003165302704811293,
      "gain_correlation": 0.117187887295312,
      "warmup_scale": 0.25,
      "alignment_corr_mastery": 0.1738254278898239,
      "alignment_corr_gain": 0.282279908657074,
      "global_alignment_mastery_corr": null,
      "global_alignment_gain_corr": null,
      "effective_alignment_weight": 0.0625,
      "peak_mastery_corr": 0.0,
      "retention_loss_value": 0.0,
      "mean_lag_corr": 0.0,
      "lag_corr_count": 0,
      "consistency_loss_weight_current": 0.3,
      "sparsity_loss_weight_current": 0.2,
      "loss_shares": {
        "main": 1.0105180268782867,
        "constraint_total": -0.010518023421105591,
        "alignment": -0.04451775891540295,
        "lag": 0.0,
        "retention": 0.0
      },
      "mean_mastery_variance": 0.01930310876335505,
      "min_mastery_variance": 0.014741717837750912,
      "max_mastery_variance": 0.025773372501134872,
      "per_lag_correlations": []
    },
    {
      "epoch": 3,
      "mastery_correlation": 0.003202288790708535,
      "gain_correlation": 0.07569981791776537,
      "warmup_scale": 0.375,
      "alignment_corr_mastery": 0.17580552399158478,
      "alignment_corr_gain": 0.30294305086135864,
      "global_alignment_mastery_corr": null,
      "global_alignment_gain_corr": null,
      "effective_alignment_weight": 0.09375,
      "peak_mastery_corr": 0.0,
      "retention_loss_value": 0.0,
      "mean_lag_corr": 0.0,
      "lag_corr_count": 0,
      "consistency_loss_weight_current": 0.3,
      "sparsity_loss_weight_current": 0.2,
      "loss_shares": {
        "main": 1.0274970385292803,
        "constraint_total": -0.027497038451058303,
        "alignment": -0.0783414639686355,
        "lag": 0.0,
        "retention": 0.0
      },
      "mean_mastery_variance": 0.01856478163248671,
      "min_mastery_variance": 0.014461512677371502,
      "max_mastery_variance": 0.02320651151239872,
      "per_lag_correlations": []
    },
    {
      "epoch": 4,
      "mastery_correlation": 0.029105691118561084,
      "gain_correlation": 0.07073713980476592,
      "warmup_scale": 0.5,
      "alignment_corr_mastery": 0.19316606223583221,
      "alignment_corr_gain": 0.3284509479999542,
      "global_alignment_mastery_corr": null,
      "global_alignment_gain_corr": null,
      "effective_alignment_weight": 0.125,
      "peak_mastery_corr": 0.0,
      "retention_loss_value": 0.0,
      "mean_lag_corr": 0.0,
      "lag_corr_count": 0,
      "consistency_loss_weight_current": 0.3,
      "sparsity_loss_weight_current": 0.2,
      "loss_shares": {
        "main": 1.0501524508979032,
        "constraint_total": -0.050152449379519626,
        "alignment": -0.11915836947626211,
        "lag": 0.0,
        "retention": 0.0
      },
      "mean_mastery_variance": 0.017956402365098965,
      "min_mastery_variance": 0.014323024079203606,
      "max_mastery_variance": 0.025204332545399666,
      "per_lag_correlations": []
    },
    {
      "epoch": 5,
      "mastery_correlation": 0.019013975465787713,
      "gain_correlation": 0.08637104429067444,
      "warmup_scale": 0.625,
      "alignment_corr_mastery": 0.20405313372612,
      "alignment_corr_gain": 0.3584999442100525,
      "global_alignment_mastery_corr": null,
      "global_alignment_gain_corr": null,
      "effective_alignment_weight": 0.109375,
      "peak_mastery_corr": 0.0,
      "retention_loss_value": 0.0,
      "mean_lag_corr": 0.0,
      "lag_corr_count": 0,
      "consistency_loss_weight_current": 0.3,
      "sparsity_loss_weight_current": 0.2,
      "loss_shares": {
        "main": 1.0325978644173714,
        "constraint_total": -0.03259786589896266,
        "alignment": -0.11742850080277076,
        "lag": 0.0,
        "retention": 0.0
      },
      "mean_mastery_variance": 0.017640500498327567,
      "min_mastery_variance": 0.014105373993515968,
      "max_mastery_variance": 0.025330565869808197,
      "per_lag_correlations": []
    },
    {
      "epoch": 6,
      "mastery_correlation": 0.018883161061334638,
      "gain_correlation": 0.10765559105093497,
      "warmup_scale": 0.75,
      "alignment_corr_mastery": 0.2238176465034485,
      "alignment_corr_gain": 0.39007097482681274,
      "global_alignment_mastery_corr": null,
      "global_alignment_gain_corr": null,
      "effective_alignment_weight": 0.09187499999999998,
      "peak_mastery_corr": 0.0,
      "retention_loss_value": 0.0,
      "mean_lag_corr": 0.0,
      "lag_corr_count": 0,
      "consistency_loss_weight_current": 0.3,
      "sparsity_loss_weight_current": 0.2,
      "loss_shares": {
        "main": 1.0093623388265736,
        "constraint_total": -0.009362335608680456,
        "alignment": -0.11006047718383358,
        "lag": 0.0,
        "retention": 0.0
      },
      "mean_mastery_variance": 0.01609169239168649,
      "min_mastery_variance": 0.013944044709205627,
      "max_mastery_variance": 0.018321603536605835,
      "per_lag_correlations": []
    },
    {
      "epoch": 7,
      "mastery_correlation": 0.015969594464834334,
      "gain_correlation": 0.0963509794733184,
      "warmup_scale": 0.875,
      "alignment_corr_mastery": 0.22385793924331665,
      "alignment_corr_gain": 0.4380118250846863,
      "global_alignment_mastery_corr": null,
      "global_alignment_gain_corr": null,
      "effective_alignment_weight": 0.07503124999999998,
      "peak_mastery_corr": 0.0,
      "retention_loss_value": 0.0,
      "mean_lag_corr": 0.0,
      "lag_corr_count": 0,
      "consistency_loss_weight_current": 0.3,
      "sparsity_loss_weight_current": 0.2,
      "loss_shares": {
        "main": 0.9829967569972232,
        "constraint_total": 0.017003245812055704,
        "alignment": -0.10105028878178822,
        "lag": 0.0,
        "retention": 0.0
      },
      "mean_mastery_variance": 0.015387444510824322,
      "min_mastery_variance": 0.013620537705719471,
      "max_mastery_variance": 0.017630258575081825,
      "per_lag_correlations": []
    },
    {
      "epoch": 8,
      "mastery_correlation": 0.022096317505847136,
      "gain_correlation": 0.09475660734131866,
      "warmup_scale": 1.0,
      "alignment_corr_mastery": 0.21550048887729645,
      "alignment_corr_gain": 0.4631985127925873,
      "global_alignment_mastery_corr": null,
      "global_alignment_gain_corr": null,
      "effective_alignment_weight": 0.06002499999999998,
      "peak_mastery_corr": 0.0,
      "retention_loss_value": 0.0,
      "mean_lag_corr": 0.0,
      "lag_corr_count": 0,
      "consistency_loss_weight_current": 0.2,
      "sparsity_loss_weight_current": 0.2,
      "loss_shares": {
        "main": 0.9524335169658177,
        "constraint_total": 0.047566484243253104,
        "alignment": -0.09010063757148186,
        "lag": 0.0,
        "retention": 0.0
      },
      "mean_mastery_variance": 0.014860911236911857,
      "min_mastery_variance": 0.01324605755507946,
      "max_mastery_variance": 0.01661684736609459,