{
  "trajectory": [
    {
      "epoch": 1,
      "mastery_correlation": 0.08352706180067017,
      "gain_correlation": 0.01169058188208834,
      "warmup_scale": 0.125,
      "alignment_corr_mastery": 0.008976461365818977,
      "alignment_corr_gain": 0.11008995771408081,
      "global_alignment_mastery_corr": 0.06480942754181646,
      "global_alignment_gain_corr": 0.03274869273200844,
      "effective_alignment_weight": 0.0325,
      "peak_mastery_corr": 0.06480942754181646,
      "retention_loss_value": 0.0,
      "mean_lag_corr": 0.0,
      "lag_corr_count": 0,
      "consistency_loss_weight_current": 0.3,
      "sparsity_loss_weight_current": 0.2,
      "loss_shares": {
        "main": 0.922947706679368,
        "constraint_total": 0.07705228983000532,
        "alignment": -0.0012551264489179858,
        "lag": 0.0,
        "retention": 0.0
      },
      "mean_mastery_variance": 0.030127648862532382,
      "min_mastery_variance": 0.0188140869140625,
      "max_mastery_variance": 0.03582763671875,
      "per_lag_correlations": []
    },
    {
      "epoch": 2,
      "mastery_correlation": 0.12158552770476816,
      "gain_correlation": -0.03511923071645481,
      "warmup_scale": 0.25,
      "alignment_corr_mastery": 0.013834989629685879,
      "alignment_corr_gain": 0.15697622299194336,
      "global_alignment_mastery_corr": 0.09007084101147483,
      "global_alignment_gain_corr": 0.01037934871094573,
      "effective_alignment_weight": 0.065,
      "peak_mastery_corr": 0.09007084101147483,
      "retention_loss_value": 0.0,
      "mean_lag_corr": 0.0,
      "lag_corr_count": 0,
      "consistency_loss_weight_current": 0.3,
      "sparsity_loss_weight_current": 0.2,
      "loss_shares": {
        "main": 0.9757477360645767,
        "constraint_total": 0.024252265220919222,
        "alignment": -0.01542116539623648,
        "lag": 0.0,
        "retention": 0.0
      },
      "mean_mastery_variance": 0.01910487357816548,
      "min_mastery_variance": 0.01544189453125,
      "max_mastery_variance": 0.02801513671875,
      "per_lag_correlations": []
    },
    {
      "epoch": 3,
      "mastery_correlation": 0.14246628864114347,
      "gain_correlation": -0.037312021139532345,
      "warmup_scale": 0.375,
      "alignment_corr_mastery": 0.01690858043730259,
      "alignment_corr_gain": 0.18202880024909973,
      "global_alignment_mastery_corr": 0.1001536904288029,
      "global_alignment_gain_corr": 0.0022495329867039497,
      "effective_alignment_weight": 0.0975,
      "peak_mastery_corr": 0.1001536904288029,
      "retention_loss_value": 0.0,
      "mean_lag_corr": 0.0,
      "lag_corr_count": 0,
      "consistency_loss_weight_current": 0.3,
      "sparsity_loss_weight_current": 0.2,
      "loss_shares": {
        "main": 0.9798218336393122,
        "constraint_total": 0.02017816897864676,
        "alignment": -0.02740185939490661,
        "lag": 0.0,
        "retention": 0.0
      },
      "mean_mastery_variance": 0.014236964092353465,
      "min_mastery_variance": 0.012939453125,
      "max_mastery_variance": 0.0167999267578125,
      "per_lag_correlations": []
    }
  ],
  "experiment_name": "full_seed84",
  "best_val_auc": 0.6865534240389815,
  "timestamp": "2025-10-21T10:33:10.922224",
  "warmup_constraint_epochs": 8
}