{
  "seed_stats": {
    "21": {
      "early": {
        "main": 0.96400565844376,
        "constraint_total": 0.035994340598462064,
        "alignment": -0.019824917098529855,
        "lag": 0.0,
        "retention": 0.0
      },
      "late": {
        "main": 0.9795064080422548,
        "constraint_total": 0.020491723111441193,
        "alignment": -0.0969405779328752,
        "lag": 0.0007176017846407906,
        "retention": 1.8783454954250535e-06
      },
      "peak_mastery_corr": 0.07949439666517719,
      "final_global_mastery_corr": 0.066859463483864,
      "retention_gap": 0.012634933181313188,
      "propagation_eff_gain": 0.632306638429413,
      "mean_late_lag_corr": -0.015143846108859433,
      "final_alignment_mastery_corr": 0.030592618510127068,
      "final_alignment_gain_corr": 0.21011458337306976,
      "final_global_gain_corr": 0.1328568458976224
    },
    "63": {
      "early": {
        "main": 0.9640066767368924,
        "constraint_total": 0.03599332218506931,
        "alignment": -0.019841615911681994,
        "lag": 0.0,
        "retention": 0.0
      },
      "late": {
        "main": 0.9819681714189158,
        "constraint_total": 0.018029929933675973,
        "alignment": -0.09978250732798838,
        "lag": 0.0007690692265425161,
        "retention": 1.904098917698995e-06
      },
      "peak_mastery_corr": 0.07792437952452928,
      "final_global_mastery_corr": 0.06895960220484994,
      "retention_gap": 0.008964777319679346,
      "propagation_eff_gain": 0.6454747534373004,
      "mean_late_lag_corr": -0.016164736301639542,
      "final_alignment_mastery_corr": 0.03376907855272293,
      "final_alignment_gain_corr": 0.21482840180397034,
      "final_global_gain_corr": 0.13866630968574706
    },
    "42": {
      "early": {
        "main": 0.9616348045930159,
        "constraint_total": 0.03836519343490671,
        "alignment": -0.0197510217994524,
        "lag": 0.0,
        "retention": 0.0
      },
      "late": {
        "main": 0.9771980305854701,
        "constraint_total": 0.0228015989604811,
        "alignment": -0.0939754315804329,
        "lag": 0.0007183542119319625,
        "retention": 3.8089341038336515e-07
      },
      "peak_mastery_corr": 0.07634948691307727,
      "final_global_mastery_corr": 0.059433102408317305,
      "retention_gap": 0.01691638450475997,
      "propagation_eff_gain": 0.6129500476722646,
      "mean_late_lag_corr": -0.015232944205583632,
      "final_alignment_mastery_corr": 0.025344902649521828,
      "final_alignment_gain_corr": 0.21759921312332153,
      "final_global_gain_corr": 0.1333774480573872
    },
    "84": {
      "early": {
        "main": 0.9626206229141114,
        "constraint_total": 0.03737937781300362,
        "alignment": -0.019769782319507517,
        "lag": 0.0,
        "retention": 0.0
      },
      "late": {
        "main": 0.9811875069721501,
        "constraint_total": 0.0188112500336972,
        "alignment": -0.09875917199453108,
        "lag": 0.0007688677142487744,
        "retention": 1.2500883683082144e-06
      },
      "peak_mastery_corr": 0.07810014782806926,
      "final_global_mastery_corr": 0.06914079315184306,
      "retention_gap": 0.008959354676226203,
      "propagation_eff_gain": 0.602076204013443,
      "mean_late_lag_corr": -0.016191937306646084,
      "final_alignment_mastery_corr": 0.034043148159980774,
      "final_alignment_gain_corr": 0.23084482550621033,
      "final_global_gain_corr": 0.13898617625692472
    },
    "105": {
      "early": {
        "main": 0.9633765078854661,
        "constraint_total": 0.036623493200780954,
        "alignment": -0.020075458325670655,
        "lag": 0.0,
        "retention": 0.0
      },
      "late": {
        "main": 0.9794487630661588,
        "constraint_total": 0.020549512496724355,
        "alignment": -0.09692949478512394,
        "lag": 0.0007382539756775754,
        "retention": 1.723309669887971e-06
      },
      "peak_mastery_corr": 0.07920064351827022,
      "final_global_mastery_corr": 0.06923265102532848,
      "retention_gap": 0.009967992492941738,
      "propagation_eff_gain": 0.7700527439167969,
      "mean_late_lag_corr": -0.015604062004994704,
      "final_alignment_mastery_corr": 0.03297598659992218,
      "final_alignment_gain_corr": 0.18108181655406952,
      "final_global_gain_corr": 0.13944254971089928
    }
  },
  "aggregate": {
    "early_mean": {
      "main": 0.9631288541146492,
      "constraint_total": 0.03687114544644453,
      "alignment": -0.019852559090968485,
      "lag": 0.0,
      "retention": 0.0
    },
    "late_mean": {
      "main": 0.9798617760169899,
      "constraint_total": 0.020136802907203964,
      "alignment": -0.0972774367241903,
      "lag": 0.0007424293826083238,
      "retention": 1.4273471723407197e-06
    },
    "mean_final_mastery_corr": 0.07332821108497184,
    "mean_final_gain_corr": 0.045665584979909246,
    "mean_retention_gap": 0.011488688434984089,
    "mean_propagation_eff_gain": 0.6525720774938436,
    "mean_late_lag_corr": -0.01566750518554468,
    "seeds": [
      21,
      63,
      42,
      84,
      105
    ]
  }
}