{
  "trajectory": [
    {
      "epoch": 1,
      "mastery_correlation": 0.07432933368957124,
      "gain_correlation": 0.022377369880031774,
      "warmup_scale": 0.25,
      "alignment_corr_mastery": 0.007100249640643597,
      "alignment_corr_gain": 0.016875844448804855,
      "global_alignment_mastery_corr": 0.06488539553974988,
      "global_alignment_gain_corr": 0.02103845389171814,
      "effective_alignment_weight": 0.0225,
      "peak_mastery_corr": 0.06488539553974988,
      "retention_loss_value": 0.0,
      "mean_lag_corr": 0.0,
      "lag_corr_count": 0,
      "consistency_loss_weight_current": 0.3,
      "sparsity_loss_weight_current": 0.2,
      "loss_shares": {
        "main": 0.8852971093908427,
        "constraint_total": 0.11470288872942087,
        "alignment": -0.0004925603316512683,
        "lag": 0.0,
        "retention": 0.0
      },
      "mean_mastery_variance": 0.028912084707942032,
      "min_mastery_variance": 0.022186279296875,
      "max_mastery_variance": 0.032379150390625,
      "per_lag_correlations": []
    },
    {
      "epoch": 2,
      "mastery_correlation": 0.0758995726675503,
      "gain_correlation": 0.015526306353869524,
      "warmup_scale": 0.5,
      "alignment_corr_mastery": 0.015819178894162178,
      "alignment_corr_gain": 0.02573375590145588,
      "global_alignment_mastery_corr": 0.045051442991395255,
      "global_alignment_gain_corr": 0.002492467860041264,
      "effective_alignment_weight": 0.045,
      "peak_mastery_corr": 0.06488539553974988,
      "retention_loss_value": 0.0,
      "mean_lag_corr": 0.0,
      "lag_corr_count": 0,
      "consistency_loss_weight_current": 0.3,
      "sparsity_loss_weight_current": 0.2,
      "loss_shares": {
        "main": 0.919692885731947,
        "constraint_total": 0.0803071180783754,
        "alignment": -0.002922783529352177,
        "lag": 0.0,
        "retention": 0.0
      },
      "mean_mastery_variance": 0.022408361879655118,
      "min_mastery_variance": 0.019073486328125,
      "max_mastery_variance": 0.028533935546875,
      "per_lag_correlations": []
    },
    {
      "epoch": 3,
      "mastery_correlation": 0.07856940109760324,
      "gain_correlation": 0.016551811308685327,
      "warmup_scale": 0.75,
      "alignment_corr_mastery": 0.018214019015431404,
      "alignment_corr_gain": 0.03704790398478508,
      "global_alignment_mastery_corr": 0.06969980533215372,
      "global_alignment_gain_corr": -0.0002888201950736402,
      "effective_alignment_weight": 0.0675,
      "peak_mastery_corr": 0.06969980533215372,
      "retention_loss_value": 0.0,
      "mean_lag_corr": 0.0,
      "lag_corr_count": 0,
      "consistency_loss_weight_current": 0.3,
      "sparsity_loss_weight_current": 0.2,
      "loss_shares": {
        "main": 0.9031498644680443,
        "constraint_total": 0.09685013386594894,
        "alignment": -0.005473424564238159,
        "lag": 0.0,
        "retention": 0.0
      },
      "mean_mastery_variance": 0.01945274234435719,
      "min_mastery_variance": 0.0177764892578125,
      "max_mastery_variance": 0.021881103515625,
      "per_lag_correlations": []
    }
  ],
  "experiment_name": "full_seed63",
  "best_val_auc": 0.6639837331523573,
  "timestamp": "2025-10-21T10:37:45.262890",
  "warmup_constraint_epochs": 4
}