{
  "trajectory": [
    {
      "epoch": 1,
      "mastery_correlation": 0.07940878696494108,
      "gain_correlation": 0.003984275565685446,
      "warmup_scale": 0.125,
      "alignment_corr_mastery": 0.007091344799846411,
      "alignment_corr_gain": 0.08758112788200378,
      "global_alignment_mastery_corr": 0.06879492195956118,
      "global_alignment_gain_corr": 0.024161829713639154,
      "effective_alignment_weight": 0.02875,
      "peak_mastery_corr": 0.06879492195956118,
      "retention_loss_value": 0.0,
      "mean_lag_corr": 0.0,
      "lag_corr_count": 0,
      "consistency_loss_weight_current": 0.3,
      "sparsity_loss_weight_current": 0.2,
      "loss_shares": {
        "main": 0.9182199321683405,
        "constraint_total": 0.08178006760174018,
        "alignment": -0.0013998476781418557,
        "lag": 0.0,
        "retention": 0.0
      },
      "mean_mastery_variance": 0.029331424693369496,
      "min_mastery_variance": 0.019287109375,
      "max_mastery_variance": 0.0343017578125,
      "per_lag_correlations": []
    },
    {
      "epoch": 2,
      "mastery_correlation": 0.12182121480108625,
      "gain_correlation": -0.02519588337775046,
      "warmup_scale": 0.25,
      "alignment_corr_mastery": 0.013432860374450684,
      "alignment_corr_gain": 0.15957318246364594,
      "global_alignment_mastery_corr": 0.08998110938118771,
      "global_alignment_gain_corr": 0.014711799290380441,
      "effective_alignment_weight": 0.0575,
      "peak_mastery_corr": 0.08998110938118771,
      "retention_loss_value": 0.0,
      "mean_lag_corr": 0.0,
      "lag_corr_count": 0,
      "consistency_loss_weight_current": 0.3,
      "sparsity_loss_weight_current": 0.2,
      "loss_shares": {
        "main": 0.9720006798169392,
        "constraint_total": 0.027999316259472412,
        "alignment": -0.012908537888722196,
        "lag": 0.0,
        "retention": 0.0
      },
      "mean_mastery_variance": 0.019989725221624028,
      "min_mastery_variance": 0.015777587890625,
      "max_mastery_variance": 0.0299224853515625,
      "per_lag_correlations": []
    },
    {
      "epoch": 3,
      "mastery_correlation": 0.1251344126730761,
      "gain_correlation": -0.026981412206388743,
      "warmup_scale": 0.375,
      "alignment_corr_mastery": 0.014121673069894314,
      "alignment_corr_gain": 0.16436046361923218,
      "global_alignment_mastery_corr": 0.09342053069034591,
      "global_alignment_gain_corr": 0.018981168978692342,
      "effective_alignment_weight": 0.08625000000000001,
      "peak_mastery_corr": 0.09342053069034591,
      "retention_loss_value": 0.0,
      "mean_lag_corr": 0.0,
      "lag_corr_count": 0,
      "consistency_loss_weight_current": 0.3,
      "sparsity_loss_weight_current": 0.2,
      "loss_shares": {
        "main": 0.9711297732788032,
        "constraint_total": 0.028870226751605856,
        "alignment": -0.022714458386515188,
        "lag": 0.0,
        "retention": 0.0
      },
      "mean_mastery_variance": 0.016724304831707417,
      "min_mastery_variance": 0.014801025390625,
      "max_mastery_variance": 0.018341064453125,
      "per_lag_correlations": []
    },
    {
      "epoch": 4,
      "mastery_correlation": 0.14232783118252887,
      "gain_correlation": -0.03282549136107227,
      "warmup_scale": 0.5,
      "alignment_corr_mastery": 0.018931753933429718,
      "alignment_corr_gain": 0.17482461035251617,
      "global_alignment_mastery_corr": 0.09324179098665505,
      "global_alignment_gain_corr": 0.006271267556536865,
      "effective_alignment_weight": 0.115,
      "peak_mastery_corr": 0.09342053069034591,
      "retention_loss_value": 0.0,
      "mean_lag_corr": 0.0,
      "lag_corr_count": 0,
      "consistency_loss_weight_current": 0.3,
      "sparsity_loss_weight_current": 0.2,
      "loss_shares": {
        "main": 0.9700572752936897,
        "constraint_total": 0.029942727347507005,
        "alignment": -0.03191712060430733,
        "lag": 0.0,
        "retention": 0.0
      },
      "mean_mastery_variance": 0.014615587619919851,
      "min_mastery_variance": 0.012969970703125,
      "max_mastery_variance": 0.0176544189453125,
      "per_lag_correlations": []
    },
    {
      "epoch": 5,
      "mastery_correlation": 0.1414653657222508,
      "gain_correlation": -0.02783501488538134,
      "warmup_scale": 0.625,
      "alignment_corr_mastery": 0.018383974209427834,
      "alignment_corr_gain": 0.1793714314699173,
      "global_alignment_mastery_corr": 0.08734593077679165,
      "global_alignment_gain_corr": 0.017463786335162393,
      "effective_alignment_weight": 0.14375000000000002,
      "peak_mastery_corr": 0.09342053069034591,
      "retention_loss_value": 0.0,
      "mean_lag_corr": 0.0,
      "lag_corr_count": 0,
      "consistency_loss_weight_current": 0.3,
      "sparsity_loss_weight_current": 0.2,
      "loss_shares": {
        "main": 0.9670568958518093,
        "constraint_total": 0.03294310226944197,
        "alignment": -0.04232815057717041,
        "lag": 0.0,
        "retention": 0.0
      },
      "mean_mastery_variance": 0.013889095326161754,
      "min_mastery_variance": 0.01268768310546875,
      "max_mastery_variance": 0.0147857666015625,
      "per_lag_correlations": []
    },
    {
      "epoch": 6,
      "mastery_correlation": 0.1448622824467338,
      "gain_correlation": -0.03350778136013698,
      "warmup_scale": 0.75,
      "alignment_corr_mastery": 0.022229868918657303,
      "alignment_corr_gain": 0.1793810874223709,
      "global_alignment_mastery_corr": 0.0987755726751493,
      "global_alignment_gain_corr": 0.00786864065263823,
      "effective_alignment_weight": 0.17250000000000001,
      "peak_mastery_corr": 0.0987755726751493,
      "retention_loss_value": 0.0,
      "mean_lag_corr": 0.0,
      "lag_corr_count": 0,
      "consistency_loss_weight_current": 0.3,
      "sparsity_loss_weight_current": 0.2,
      "loss_shares": {
        "main": 0.9632515941989175,
        "constraint_total": 0.036748399598605506,
        "alignment": -0.05129148576147743,
        "lag": 0.0,
        "retention": 0.0
      },
      "mean_mastery_variance": 0.013236090309261659,
      "min_mastery_variance": 0.0117950439453125,
      "max_mastery_variance": 0.0146026611328125,
      "per_lag_correlations": []
    },
    {
      "epoch": 7,
      "mastery_correlation": 0.1471784925628815,
      "gain_correlation": -0.02423241513442259,
      "warmup_scale": 0.875,
      "alignment_corr_mastery": 0.022822877392172813,
      "alignment_corr_gain": 0.18642985820770264,
      "global_alignment_mastery_corr": 0.0863461831449725,
      "global_alignment_gain_corr": -0.00019355439600379516,
      "effective_alignment_weight": 0.20125,
      "peak_mastery_corr": 0.0987755726751493,
      "retention_loss_value": 0.0,
      "mean_lag_corr": 0.0,
      "lag_corr_count": 0,
      "consistency_loss_weight_current": 0.3,
      "sparsity_loss_weight_current": 0.2,
      "loss_shares": {
        "main": 0.9625961978676546,
        "constraint_total": 0.0374038022886696,
        "alignment": -0.06269360984607733,
        "lag": 0.0,
        "retention": 0.0
      },
      "mean_mastery_variance": 0.012144612524793555,
      "min_mastery_variance": 0.01137542724609375,
      "max_mastery_variance": 0.01270294189453125,
      "per_lag_correlations": []
    },
    {
      "epoch": 8,
      "mastery_correlation": 0.14283061154181784,
      "gain_correlation": -0.017296003075082445,
      "warmup_scale": 1.0,
      "alignment_corr_mastery": 0.02098619006574154,
      "alignment_corr_gain": 0.1910274475812912,
      "global_alignment_mastery_corr": 0.07958471585637501,
      "global_alignment_gain_corr": 0.014365772317978554,
      "effective_alignment_weight": 0.23,
      "peak_mastery_corr": 0.0987755726751493,
      "retention_loss_value": 0.0,
      "mean_lag_corr": 0.0,
      "lag_corr_count": 0,
      "consistency_loss_weight_current": 0.2,
      "sparsity_loss_weight_current": 0.2,