{
  "trajectory": [
    {
      "epoch": 1,
      "mastery_correlation": 0.08055870409024161,
      "gain_correlation": 0.01844997768031611,
      "warmup_scale": 0.125,
      "alignment_corr_mastery": 0.0082876430824399,
      "alignment_corr_gain": 0.09042084217071533,
      "global_alignment_mastery_corr": 0.06308637472238236,
      "global_alignment_gain_corr": 0.034376954727680036,
      "effective_alignment_weight": 0.03125,
      "peak_mastery_corr": 0.06308637472238236,
      "retention_loss_value": 0.0,
      "mean_lag_corr": 0.0,
      "lag_corr_count": 0,
      "consistency_loss_weight_current": 0.3,
      "sparsity_loss_weight_current": 0.2,
      "loss_shares": {
        "main": 0.9211607561258638,
        "constraint_total": 0.07883924796690606,
        "alignment": -0.001001306610267585,
        "lag": 0.0,
        "retention": 0.0
      },
      "mean_mastery_variance": 0.030256755611439444,
      "min_mastery_variance": 0.0188140869140625,
      "max_mastery_variance": 0.03582763671875,
      "per_lag_correlations": []
    },
    {
      "epoch": 2,
      "mastery_correlation": 0.12145181162916763,
      "gain_correlation": -0.037952257374912396,
      "warmup_scale": 0.25,
      "alignment_corr_mastery": 0.013901179656386375,
      "alignment_corr_gain": 0.1569175273180008,
      "global_alignment_mastery_corr": 0.09040791842261872,
      "global_alignment_gain_corr": 0.009759246581961634,
      "effective_alignment_weight": 0.0625,
      "peak_mastery_corr": 0.09040791842261872,
      "retention_loss_value": 0.0,
      "mean_lag_corr": 0.0,
      "lag_corr_count": 0,
      "consistency_loss_weight_current": 0.3,
      "sparsity_loss_weight_current": 0.2,
      "loss_shares": {
        "main": 0.9746940616169437,
        "constraint_total": 0.02530593765578687,
        "alignment": -0.014537499448758347,
        "lag": 0.0,
        "retention": 0.0
      },
      "mean_mastery_variance": 0.019223820977878076,
      "min_mastery_variance": 0.01543426513671875,
      "max_mastery_variance": 0.029266357421875,
      "per_lag_correlations": []
    },
    {
      "epoch": 3,
      "mastery_correlation": 0.1437839117500529,
      "gain_correlation": -0.035734344783717564,
      "warmup_scale": 0.375,
      "alignment_corr_mastery": 0.01667811907827854,
      "alignment_corr_gain": 0.17741428315639496,
      "global_alignment_mastery_corr": 0.10099483238018972,
      "global_alignment_gain_corr": 0.002280072450133351,
      "effective_alignment_weight": 0.09375,
      "peak_mastery_corr": 0.10099483238018972,
      "retention_loss_value": 0.0,
      "mean_lag_corr": 0.0,
      "lag_corr_count": 0,
      "consistency_loss_weight_current": 0.3,
      "sparsity_loss_weight_current": 0.2,
      "loss_shares": {
        "main": 0.978875534821528,
        "constraint_total": 0.021124466073559507,
        "alignment": -0.026279073410337597,
        "lag": 0.0,
        "retention": 0.0
      },
      "mean_mastery_variance": 0.014211387831930052,
      "min_mastery_variance": 0.01293182373046875,
      "max_mastery_variance": 0.016693115234375,
      "per_lag_correlations": []
    },
    {
      "epoch": 4,
      "mastery_correlation": 0.14118828351140938,
      "gain_correlation": -0.04224905346611796,
      "warmup_scale": 0.5,
      "alignment_corr_mastery": 0.017979741096496582,
      "alignment_corr_gain": 0.17313918471336365,
      "global_alignment_mastery_corr": 0.10966187333877314,
      "global_alignment_gain_corr": 0.010746831917592015,
      "effective_alignment_weight": 0.125,
      "peak_mastery_corr": 0.10966187333877314,
      "retention_loss_value": 0.0,
      "mean_lag_corr": 0.0,
      "lag_corr_count": 0,
      "consistency_loss_weight_current": 0.3,
      "sparsity_loss_weight_current": 0.2,
      "loss_shares": {
        "main": 0.97575213909211,
        "constraint_total": 0.024247859555762058,
        "alignment": -0.03726124980866653,
        "lag": 0.0,
        "retention": 0.0
      },
      "mean_mastery_variance": 0.013707017651493686,
      "min_mastery_variance": 0.01264190673828125,
      "max_mastery_variance": 0.0145263671875,
      "per_lag_correlations": []
    },
    {
      "epoch": 5,
      "mastery_correlation": 0.15055864682834866,
      "gain_correlation": -0.0340631464369776,
      "warmup_scale": 0.625,
      "alignment_corr_mastery": 0.021969951689243317,
      "alignment_corr_gain": 0.18692882359027863,
      "global_alignment_mastery_corr": 0.09463904251611893,
      "global_alignment_gain_corr": -9.0339446226911e-05,
      "effective_alignment_weight": 0.15625,
      "peak_mastery_corr": 0.10966187333877314,
      "retention_loss_value": 0.0,
      "mean_lag_corr": 0.0,
      "lag_corr_count": 0,
      "consistency_loss_weight_current": 0.3,
      "sparsity_loss_weight_current": 0.2,
      "loss_shares": {
        "main": 0.9746380714319856,
        "constraint_total": 0.02536192856801433,
        "alignment": -0.0477768323127338,
        "lag": 0.0,
        "retention": 0.0
      },
      "mean_mastery_variance": 0.012282060217980895,
      "min_mastery_variance": 0.01153564453125,
      "max_mastery_variance": 0.0132904052734375,
      "per_lag_correlations": []
    },
    {
      "epoch": 6,
      "mastery_correlation": 0.14573389662040565,
      "gain_correlation": -0.02358786923348801,
      "warmup_scale": 0.75,
      "alignment_corr_mastery": 0.020598450675606728,
      "alignment_corr_gain": 0.19553512334823608,
      "global_alignment_mastery_corr": 0.0988901884071917,
      "global_alignment_gain_corr": 0.01857987884740093,
      "effective_alignment_weight": 0.1875,
      "peak_mastery_corr": 0.10966187333877314,
      "retention_loss_value": 0.0,
      "mean_lag_corr": 0.0,
      "lag_corr_count": 0,
      "consistency_loss_weight_current": 0.3,
      "sparsity_loss_weight_current": 0.2,
      "loss_shares": {
        "main": 0.973799480157805,
        "constraint_total": 0.026200523134852723,
        "alignment": -0.0610065248457997,
        "lag": 0.0,
        "retention": 0.0
      },
      "mean_mastery_variance": 0.01205385040125081,
      "min_mastery_variance": 0.01140594482421875,
      "max_mastery_variance": 0.0125274658203125,
      "per_lag_correlations": []
    },
    {
      "epoch": 7,
      "mastery_correlation": 0.14883030188930454,
      "gain_correlation": -0.014333327881516566,
      "warmup_scale": 0.875,
      "alignment_corr_mastery": 0.024820955470204353,
      "alignment_corr_gain": 0.19550305604934692,
      "global_alignment_mastery_corr": 0.12187077997931435,
      "global_alignment_gain_corr": 0.018750063625326826,
      "effective_alignment_weight": 0.21875,
      "peak_mastery_corr": 0.12187077997931435,
      "retention_loss_value": 0.0,
      "mean_lag_corr": 0.0,
      "lag_corr_count": 0,
      "consistency_loss_weight_current": 0.3,
      "sparsity_loss_weight_current": 0.2,
      "loss_shares": {
        "main": 0.9717843319120985,
        "constraint_total": 0.028215669651366265,
        "alignment": -0.07180887704111394,
        "lag": 0.0,
        "retention": 0.0
      },
      "mean_mastery_variance": 0.01151524677177785,
      "min_mastery_variance": 0.01096343994140625,
      "max_mastery_variance": 0.0125274658203125,
      "per_lag_correlations": []
    },
    {
      "epoch": 8,
      "mastery_correlation": 0.14231044837772291,
      "gain_correlation": -0.002373588697496592,
      "warmup_scale": 1.0,
      "alignment_corr_mastery": 0.024954304099082947,
      "alignment_corr_gain": 0.20423561334609985,
      "global_alignment_mastery_corr": 0.09470487885756787,
      "global_alignment_gain_corr": 0.0073336768841060496,
      "effective_alignment_weight": 0.25,
      "peak_mastery_corr": 0.12187077997931435,
      "retention_loss_value": 0.0,
      "mean_lag_corr": 0.0,
      "lag_corr_count": 0,
      "consistency_loss_weight_current": 0.2,
      "sparsity_loss_weight_current": 0.2,