{
  "trajectory": [
    {
      "epoch": 1,
      "mastery_correlation": 0.08325528711279886,
      "gain_correlation": 0.012375964308417513,
      "warmup_scale": 0.125,
      "alignment_corr_mastery": 0.009161177091300488,
      "alignment_corr_gain": 0.07573440670967102,
      "global_alignment_mastery_corr": 0.07080659200437367,
      "global_alignment_gain_corr": 0.016077395287975377,
      "effective_alignment_weight": 0.0275,
      "peak_mastery_corr": 0.07080659200437367,
      "retention_loss_value": 0.0,
      "mean_lag_corr": 0.0,
      "lag_corr_count": 0,
      "consistency_loss_weight_current": 0.3,
      "sparsity_loss_weight_current": 0.2,
      "loss_shares": {
        "main": 0.9252585854090656,
        "constraint_total": 0.07474141259299073,
        "alignment": -0.0013377162362364348,
        "lag": 0.0,
        "retention": 0.0
      },
      "mean_mastery_variance": 0.030216434458994496,
      "min_mastery_variance": 0.02197265625,
      "max_mastery_variance": 0.03472900390625,
      "per_lag_correlations": []
    },
    {
      "epoch": 2,
      "mastery_correlation": 0.12106624319479277,
      "gain_correlation": -0.02550919677504386,
      "warmup_scale": 0.25,
      "alignment_corr_mastery": 0.013263735920190811,
      "alignment_corr_gain": 0.14457330107688904,
      "global_alignment_mastery_corr": 0.07617426046315813,
      "global_alignment_gain_corr": 0.008151245708698601,
      "effective_alignment_weight": 0.055,
      "peak_mastery_corr": 0.07617426046315813,
      "retention_loss_value": 0.0,
      "mean_lag_corr": 0.0,
      "lag_corr_count": 0,
      "consistency_loss_weight_current": 0.3,
      "sparsity_loss_weight_current": 0.2,
      "loss_shares": {
        "main": 0.9708015866090258,
        "constraint_total": 0.02919841704929762,
        "alignment": -0.012022053740039968,
        "lag": 0.0,
        "retention": 0.0
      },
      "mean_mastery_variance": 0.020228964059464054,
      "min_mastery_variance": 0.015716552734375,
      "max_mastery_variance": 0.0281219482421875,
      "per_lag_correlations": []
    },
    {
      "epoch": 3,
      "mastery_correlation": 0.14234932686042068,
      "gain_correlation": -0.03610290263632076,
      "warmup_scale": 0.375,
      "alignment_corr_mastery": 0.017380431294441223,
      "alignment_corr_gain": 0.16760778427124023,
      "global_alignment_mastery_corr": 0.11112078296874339,
      "global_alignment_gain_corr": 0.0005333234697900479,
      "effective_alignment_weight": 0.0825,
      "peak_mastery_corr": 0.11112078296874339,
      "retention_loss_value": 0.0,
      "mean_lag_corr": 0.0,
      "lag_corr_count": 0,
      "consistency_loss_weight_current": 0.3,
      "sparsity_loss_weight_current": 0.2,
      "loss_shares": {
        "main": 0.9733775481227088,
        "constraint_total": 0.026622449796537787,
        "alignment": -0.021931639798080643,
        "lag": 0.0,
        "retention": 0.0
      },
      "mean_mastery_variance": 0.015240051585775584,
      "min_mastery_variance": 0.01331329345703125,
      "max_mastery_variance": 0.0179901123046875,
      "per_lag_correlations": []
    },
    {
      "epoch": 4,
      "mastery_correlation": 0.14210032656758936,
      "gain_correlation": -0.030441805533814367,
      "warmup_scale": 0.5,
      "alignment_corr_mastery": 0.017243020236492157,
      "alignment_corr_gain": 0.1763531118631363,
      "global_alignment_mastery_corr": 0.09948854069440737,
      "global_alignment_gain_corr": -0.005255711267042594,
      "effective_alignment_weight": 0.11,
      "peak_mastery_corr": 0.11112078296874339,
      "retention_loss_value": 0.0,
      "mean_lag_corr": 0.0,
      "lag_corr_count": 0,
      "consistency_loss_weight_current": 0.3,
      "sparsity_loss_weight_current": 0.2,
      "loss_shares": {
        "main": 0.9711238586572131,
        "constraint_total": 0.02887614490426068,
        "alignment": -0.031932513594875964,
        "lag": 0.0,
        "retention": 0.0
      },
      "mean_mastery_variance": 0.013747931762062824,
      "min_mastery_variance": 0.0125732421875,
      "max_mastery_variance": 0.01454925537109375,
      "per_lag_correlations": []
    },
    {
      "epoch": 5,
      "mastery_correlation": 0.14997450212531716,
      "gain_correlation": -0.032622596579007124,
      "warmup_scale": 0.625,
      "alignment_corr_mastery": 0.021178456023335457,
      "alignment_corr_gain": 0.17981921136379242,
      "global_alignment_mastery_corr": 0.12207778529955249,
      "global_alignment_gain_corr": 0.007089390657686939,
      "effective_alignment_weight": 0.1375,
      "peak_mastery_corr": 0.12207778529955249,
      "retention_loss_value": 0.0,
      "mean_lag_corr": 0.0,
      "lag_corr_count": 0,
      "consistency_loss_weight_current": 0.3,
      "sparsity_loss_weight_current": 0.2,
      "loss_shares": {
        "main": 0.9674071743005807,
        "constraint_total": 0.03259282623892089,
        "alignment": -0.040744275626104894,
        "lag": 0.0,
        "retention": 0.0
      },
      "mean_mastery_variance": 0.012824893615406412,
      "min_mastery_variance": 0.0117034912109375,
      "max_mastery_variance": 0.014251708984375,
      "per_lag_correlations": []
    },
    {
      "epoch": 6,
      "mastery_correlation": 0.14639254486513723,
      "gain_correlation": -0.02577913881821297,
      "warmup_scale": 0.75,
      "alignment_corr_mastery": 0.02093338593840599,
      "alignment_corr_gain": 0.18821518123149872,
      "global_alignment_mastery_corr": 0.10866288822706945,
      "global_alignment_gain_corr": 0.013972564374695745,
      "effective_alignment_weight": 0.165,
      "peak_mastery_corr": 0.12207778529955249,
      "retention_loss_value": 0.0,
      "mean_lag_corr": 0.0,
      "lag_corr_count": 0,
      "consistency_loss_weight_current": 0.3,
      "sparsity_loss_weight_current": 0.2,
      "loss_shares": {
        "main": 0.9657567429628343,
        "constraint_total": 0.03424325461265544,
        "alignment": -0.05184658914680168,
        "lag": 0.0,
        "retention": 0.0
      },
      "mean_mastery_variance": 0.011910473126821567,
      "min_mastery_variance": 0.01129150390625,
      "max_mastery_variance": 0.01241302490234375,
      "per_lag_correlations": []
    },
    {
      "epoch": 7,
      "mastery_correlation": 0.13575380762157435,
      "gain_correlation": -0.03154474127895185,
      "warmup_scale": 0.875,
      "alignment_corr_mastery": 0.02063155174255371,
      "alignment_corr_gain": 0.19215276837348938,
      "global_alignment_mastery_corr": 0.10154717695615545,
      "global_alignment_gain_corr": 0.014580190669609389,
      "effective_alignment_weight": 0.1925,
      "peak_mastery_corr": 0.12207778529955249,
      "retention_loss_value": 0.0,
      "mean_lag_corr": 0.0,
      "lag_corr_count": 0,
      "consistency_loss_weight_current": 0.3,
      "sparsity_loss_weight_current": 0.2,
      "loss_shares": {
        "main": 0.9626599645357593,
        "constraint_total": 0.0373400395761281,
        "alignment": -0.06259440851846688,
        "lag": 0.0,
        "retention": 0.0
      },
      "mean_mastery_variance": 0.011960123487087112,
      "min_mastery_variance": 0.01128387451171875,
      "max_mastery_variance": 0.01245880126953125,
      "per_lag_correlations": []
    },
    {
      "epoch": 8,
      "mastery_correlation": 0.1446431187008339,
      "gain_correlation": -0.024343111262975045,
      "warmup_scale": 1.0,
      "alignment_corr_mastery": 0.023557990789413452,
      "alignment_corr_gain": 0.20517399907112122,
      "global_alignment_mastery_corr": 0.13183304278965807,
      "global_alignment_gain_corr": 0.018783617644706586,
      "effective_alignment_weight": 0.22,
      "peak_mastery_corr": 0.13183304278965807,
      "retention_loss_value": 0.0,
      "mean_lag_corr": 0.0,
      "lag_corr_count": 0,
      "consistency_loss_weight_current": 0.3,
      "sparsity_loss_weight_current": 0.2,