{
  "trajectory": [
    {
      "epoch": 1,
      "mastery_correlation": 0.003153536180083384,
      "gain_correlation": 0.0782722713290449,
      "warmup_scale": 0.125,
      "alignment_corr_mastery": 0.17851388454437256,
      "alignment_corr_gain": 0.23878814280033112,
      "global_alignment_mastery_corr": null,
      "global_alignment_gain_corr": null,
      "effective_alignment_weight": 0.03125,
      "peak_mastery_corr": 0.0,
      "retention_loss_value": 0.0,
      "mean_lag_corr": 0.0,
      "lag_corr_count": 0,
      "consistency_loss_weight_current": 0.3,
      "sparsity_loss_weight_current": 0.2,
      "loss_shares": {
        "main": 0.9906070905537829,
        "constraint_total": 0.00939291017843272,
        "alignment": -0.013866668225202609,
        "lag": 0.0,
        "retention": 0.0
      },
      "mean_mastery_variance": 0.01811959385061202,
      "min_mastery_variance": 0.013208472169935703,
      "max_mastery_variance": 0.043283611536026,
      "per_lag_correlations": []
    },
    {
      "epoch": 2,
      "mastery_correlation": -0.012206618154483135,
      "gain_correlation": 0.10137834081917542,
      "warmup_scale": 0.25,
      "alignment_corr_mastery": 0.1687903255224228,
      "alignment_corr_gain": 0.28325724601745605,
      "global_alignment_mastery_corr": null,
      "global_alignment_gain_corr": null,
      "effective_alignment_weight": 0.0625,
      "peak_mastery_corr": 0.0,
      "retention_loss_value": 0.0,
      "mean_lag_corr": 0.0,
      "lag_corr_count": 0,
      "consistency_loss_weight_current": 0.3,
      "sparsity_loss_weight_current": 0.2,
      "loss_shares": {
        "main": 1.0105509982977372,
        "constraint_total": -0.010551000212603034,
        "alignment": -0.04447807535667484,
        "lag": 0.0,
        "retention": 0.0
      },
      "mean_mastery_variance": 0.01720802291474966,
      "min_mastery_variance": 0.012834341265261173,
      "max_mastery_variance": 0.02232491411268711,
      "per_lag_correlations": []
    },
    {
      "epoch": 3,
      "mastery_correlation": -0.006336329598292996,
      "gain_correlation": 0.07770838864697727,
      "warmup_scale": 0.375,
      "alignment_corr_mastery": 0.19024094939231873,
      "alignment_corr_gain": 0.2882932722568512,
      "global_alignment_mastery_corr": null,
      "global_alignment_gain_corr": null,
      "effective_alignment_weight": 0.09375,
      "peak_mastery_corr": 0.0,
      "retention_loss_value": 0.0,
      "mean_lag_corr": 0.0,
      "lag_corr_count": 0,
      "consistency_loss_weight_current": 0.3,
      "sparsity_loss_weight_current": 0.2,
      "loss_shares": {
        "main": 1.0278567481198777,
        "constraint_total": -0.027856745339243663,
        "alignment": -0.07874055867692198,
        "lag": 0.0,
        "retention": 0.0
      },
      "mean_mastery_variance": 0.019201987746311593,
      "min_mastery_variance": 0.0133800208568573,
      "max_mastery_variance": 0.028656285256147385,
      "per_lag_correlations": []
    },
    {
      "epoch": 4,
      "mastery_correlation": 0.0025976745319235962,
      "gain_correlation": 0.12205577758157743,
      "warmup_scale": 0.5,
      "alignment_corr_mastery": 0.1928034871816635,
      "alignment_corr_gain": 0.3228163719177246,
      "global_alignment_mastery_corr": null,
      "global_alignment_gain_corr": null,
      "effective_alignment_weight": 0.125,
      "peak_mastery_corr": 0.0,
      "retention_loss_value": 0.0,
      "mean_lag_corr": 0.0,
      "lag_corr_count": 0,
      "consistency_loss_weight_current": 0.3,
      "sparsity_loss_weight_current": 0.2,
      "loss_shares": {
        "main": 1.0500555174876876,
        "constraint_total": -0.05005551511433185,
        "alignment": -0.11921830403992334,
        "lag": 0.0,
        "retention": 0.0
      },
      "mean_mastery_variance": 0.02049714396828351,
      "min_mastery_variance": 0.015599223785102367,
      "max_mastery_variance": 0.0296364463865757,
      "per_lag_correlations": []
    },
    {
      "epoch": 5,
      "mastery_correlation": -0.015294428774113506,
      "gain_correlation": 0.11216058702600767,
      "warmup_scale": 0.625,
      "alignment_corr_mastery": 0.20461906492710114,
      "alignment_corr_gain": 0.3588108420372009,
      "global_alignment_mastery_corr": null,
      "global_alignment_gain_corr": null,
      "effective_alignment_weight": 0.109375,
      "peak_mastery_corr": 0.0,
      "retention_loss_value": 0.0,
      "mean_lag_corr": 0.0,
      "lag_corr_count": 0,
      "consistency_loss_weight_current": 0.3,
      "sparsity_loss_weight_current": 0.2,
      "loss_shares": {
        "main": 1.0341794044000152,
        "constraint_total": -0.034179409050010094,
        "alignment": -0.11935285115450893,
        "lag": 0.0,
        "retention": 0.0
      },
      "mean_mastery_variance": 0.018940758910705697,
      "min_mastery_variance": 0.013390559703111649,
      "max_mastery_variance": 0.023938661441206932,
      "per_lag_correlations": []
    },
    {
      "epoch": 6,
      "mastery_correlation": 0.009967059650017079,
      "gain_correlation": 0.11052082746340681,
      "warmup_scale": 0.75,
      "alignment_corr_mastery": 0.18551862239837646,
      "alignment_corr_gain": 0.3968101739883423,
      "global_alignment_mastery_corr": null,
      "global_alignment_gain_corr": null,
      "effective_alignment_weight": 0.09187499999999998,
      "peak_mastery_corr": 0.0,
      "retention_loss_value": 0.0,
      "mean_lag_corr": 0.0,
      "lag_corr_count": 0,
      "consistency_loss_weight_current": 0.3,
      "sparsity_loss_weight_current": 0.2,
      "loss_shares": {
        "main": 1.010933847683865,
        "constraint_total": -0.01093384256694355,
        "alignment": -0.11247497158832927,
        "lag": 0.0,
        "retention": 0.0
      },
      "mean_mastery_variance": 0.015547263281603243,
      "min_mastery_variance": 0.012367230840027332,
      "max_mastery_variance": 0.01814309135079384,
      "per_lag_correlations": []
    },
    {
      "epoch": 7,
      "mastery_correlation": 0.031509295967810255,
      "gain_correlation": 0.08168157935863772,
      "warmup_scale": 0.875,
      "alignment_corr_mastery": 0.22254152595996857,
      "alignment_corr_gain": 0.41570010781288147,
      "global_alignment_mastery_corr": null,
      "global_alignment_gain_corr": null,
      "effective_alignment_weight": 0.07503124999999998,
      "peak_mastery_corr": 0.0,
      "retention_loss_value": 0.0,
      "mean_lag_corr": 0.0,
      "lag_corr_count": 0,
      "consistency_loss_weight_current": 0.3,
      "sparsity_loss_weight_current": 0.2,
      "loss_shares": {
        "main": 0.9840594646255545,
        "constraint_total": 0.015940540555787325,
        "alignment": -0.10331241513852008,
        "lag": 0.0,
        "retention": 0.0
      },
      "mean_mastery_variance": 0.014647710962230677,
      "min_mastery_variance": 0.01222833152860403,
      "max_mastery_variance": 0.01717681810259819,
      "per_lag_correlations": []
    },
    {
      "epoch": 8,
      "mastery_correlation": 0.01981010594810582,
      "gain_correlation": 0.06064486195360312,
      "warmup_scale": 1.0,
      "alignment_corr_mastery": 0.21530288457870483,
      "alignment_corr_gain": 0.48607659339904785,
      "global_alignment_mastery_corr": null,
      "global_alignment_gain_corr": null,
      "effective_alignment_weight": 0.06002499999999998,
      "peak_mastery_corr": 0.0,
      "retention_loss_value": 0.0,
      "mean_lag_corr": 0.0,
      "lag_corr_count": 0,
      "consistency_loss_weight_current": 0.2,
      "sparsity_loss_weight_current": 0.2,
      "loss_shares": {
        "main": 0.9532432618088726,
        "constraint_total": 0.046756739848349056,
        "alignment": -0.09274316950584337,
        "lag": 0.0,
        "retention": 0.0
      },
      "mean_mastery_variance": 0.01441575672689806,
      "min_mastery_variance": 0.011721137911081314,
      "max_mastery_variance": 0.016737906262278557,