{
  "trajectory": [
    {
      "epoch": 1,
      "mastery_correlation": 0.08753011976926173,
      "gain_correlation": 0.004169412557166997,
      "warmup_scale": 0.125,
      "alignment_corr_mastery": 0.009133382700383663,
      "alignment_corr_gain": 0.09510186314582825,
      "global_alignment_mastery_corr": 0.07307687943405956,
      "global_alignment_gain_corr": 0.012696465425930607,
      "effective_alignment_weight": 0.03375,
      "peak_mastery_corr": 0.07307687943405956,
      "retention_loss_value": 0.0,
      "mean_lag_corr": 0.0,
      "lag_corr_count": 0,
      "consistency_loss_weight_current": 0.3,
      "sparsity_loss_weight_current": 0.2,
      "loss_shares": {
        "main": 0.9276307766726943,
        "constraint_total": 0.07236922131201261,
        "alignment": -0.002089077534975397,
        "lag": 0.0,
        "retention": 0.0
      },
      "mean_mastery_variance": 0.03002178607209359,
      "min_mastery_variance": 0.02197265625,
      "max_mastery_variance": 0.034759521484375,
      "per_lag_correlations": []
    },
    {
      "epoch": 2,
      "mastery_correlation": 0.12117096187712817,
      "gain_correlation": -0.02438717266407117,
      "warmup_scale": 0.25,
      "alignment_corr_mastery": 0.012879736721515656,
      "alignment_corr_gain": 0.14972412586212158,
      "global_alignment_mastery_corr": 0.07653575551196506,
      "global_alignment_gain_corr": 0.009406238719723964,
      "effective_alignment_weight": 0.0675,
      "peak_mastery_corr": 0.07653575551196506,
      "retention_loss_value": 0.0,
      "mean_lag_corr": 0.0,
      "lag_corr_count": 0,
      "consistency_loss_weight_current": 0.3,
      "sparsity_loss_weight_current": 0.2,
      "loss_shares": {
        "main": 0.9768350568172096,
        "constraint_total": 0.023164940189207377,
        "alignment": -0.016181211151730095,
        "lag": 0.0,
        "retention": 0.0
      },
      "mean_mastery_variance": 0.01906435477301247,
      "min_mastery_variance": 0.01554107666015625,
      "max_mastery_variance": 0.0274200439453125,
      "per_lag_correlations": []
    },
    {
      "epoch": 3,
      "mastery_correlation": 0.14158126491673598,
      "gain_correlation": -0.03420139976901645,
      "warmup_scale": 0.375,
      "alignment_corr_mastery": 0.017838679254055023,
      "alignment_corr_gain": 0.17080776393413544,
      "global_alignment_mastery_corr": 0.11152024527604226,
      "global_alignment_gain_corr": 0.0013515986608642076,
      "effective_alignment_weight": 0.10125,
      "peak_mastery_corr": 0.11152024527604226,
      "retention_loss_value": 0.0,
      "mean_lag_corr": 0.0,
      "lag_corr_count": 0,
      "consistency_loss_weight_current": 0.3,
      "sparsity_loss_weight_current": 0.2,
      "loss_shares": {
        "main": 0.9800810687449968,
        "constraint_total": 0.019918931413012677,
        "alignment": -0.0280333215075343,
        "lag": 0.0,
        "retention": 0.0
      },
      "mean_mastery_variance": 0.014621912506577883,
      "min_mastery_variance": 0.01293182373046875,
      "max_mastery_variance": 0.01788330078125,
      "per_lag_correlations": []
    },
    {
      "epoch": 4,
      "mastery_correlation": 0.139629773359731,
      "gain_correlation": -0.027023491617093238,
      "warmup_scale": 0.5,
      "alignment_corr_mastery": 0.016904082149267197,
      "alignment_corr_gain": 0.17805714905261993,
      "global_alignment_mastery_corr": 0.09874561260105111,
      "global_alignment_gain_corr": -0.003786934386298526,
      "effective_alignment_weight": 0.135,
      "peak_mastery_corr": 0.11152024527604226,
      "retention_loss_value": 0.0,
      "mean_lag_corr": 0.0,
      "lag_corr_count": 0,
      "consistency_loss_weight_current": 0.3,
      "sparsity_loss_weight_current": 0.2,
      "loss_shares": {
        "main": 0.978372553040552,
        "constraint_total": 0.02162744210173462,
        "alignment": -0.04015651631392357,
        "lag": 0.0,
        "retention": 0.0
      },
      "mean_mastery_variance": 0.013857431362329987,
      "min_mastery_variance": 0.0126953125,
      "max_mastery_variance": 0.01470184326171875,
      "per_lag_correlations": []
    },
    {
      "epoch": 5,
      "mastery_correlation": 0.14912792300519762,
      "gain_correlation": -0.03239540483517784,
      "warmup_scale": 0.625,
      "alignment_corr_mastery": 0.022303206846117973,
      "alignment_corr_gain": 0.18263201415538788,
      "global_alignment_mastery_corr": 0.12149209148045581,
      "global_alignment_gain_corr": 0.008566896749058894,
      "effective_alignment_weight": 0.16875,
      "peak_mastery_corr": 0.12149209148045581,
      "retention_loss_value": 0.0,
      "mean_lag_corr": 0.0,
      "lag_corr_count": 0,
      "consistency_loss_weight_current": 0.3,
      "sparsity_loss_weight_current": 0.2,
      "loss_shares": {
        "main": 0.9776147178087009,
        "constraint_total": 0.0223852819450514,
        "alignment": -0.051307628070874495,
        "lag": 0.0,
        "retention": 0.0
      },
      "mean_mastery_variance": 0.012490267580654954,
      "min_mastery_variance": 0.01168060302734375,
      "max_mastery_variance": 0.0143585205078125,
      "per_lag_correlations": []
    },
    {
      "epoch": 6,
      "mastery_correlation": 0.14318703069857605,
      "gain_correlation": -0.019421580448253754,
      "warmup_scale": 0.75,
      "alignment_corr_mastery": 0.021491874009370804,
      "alignment_corr_gain": 0.19118483364582062,
      "global_alignment_mastery_corr": 0.10625750226473125,
      "global_alignment_gain_corr": 0.01724879919373052,
      "effective_alignment_weight": 0.2025,
      "peak_mastery_corr": 0.12149209148045581,
      "retention_loss_value": 0.0,
      "mean_lag_corr": 0.0,
      "lag_corr_count": 0,
      "consistency_loss_weight_current": 0.3,
      "sparsity_loss_weight_current": 0.2,
      "loss_shares": {
        "main": 0.9780382415607581,
        "constraint_total": 0.021961763423811866,
        "alignment": -0.06573953593103343,
        "lag": 0.0,
        "retention": 0.0
      },
      "mean_mastery_variance": 0.012056538478080473,
      "min_mastery_variance": 0.01129913330078125,
      "max_mastery_variance": 0.01255035400390625,
      "per_lag_correlations": []
    },
    {
      "epoch": 7,
      "mastery_correlation": 0.14240292417514835,
      "gain_correlation": -0.02491857789000642,
      "warmup_scale": 0.875,
      "alignment_corr_mastery": 0.026462040841579437,
      "alignment_corr_gain": 0.19142787158489227,
      "global_alignment_mastery_corr": 0.10396110739475262,
      "global_alignment_gain_corr": 0.013536838131791835,
      "effective_alignment_weight": 0.23625000000000002,
      "peak_mastery_corr": 0.12149209148045581,
      "retention_loss_value": 0.0,
      "mean_lag_corr": 0.0,
      "lag_corr_count": 0,
      "consistency_loss_weight_current": 0.3,
      "sparsity_loss_weight_current": 0.2,
      "loss_shares": {
        "main": 0.9769490419931355,
        "constraint_total": 0.02305095994890392,
        "alignment": -0.0777820443645848,
        "lag": 0.0,
        "retention": 0.0
      },
      "mean_mastery_variance": 0.011535328286917099,
      "min_mastery_variance": 0.01091766357421875,
      "max_mastery_variance": 0.0124359130859375,
      "per_lag_correlations": []
    },
    {
      "epoch": 8,
      "mastery_correlation": 0.13577659542889467,
      "gain_correlation": -0.017185031418301234,
      "warmup_scale": 1.0,
      "alignment_corr_mastery": 0.02733469381928444,
      "alignment_corr_gain": 0.20357491075992584,
      "global_alignment_mastery_corr": 0.1269313514775907,
      "global_alignment_gain_corr": 0.02018879765023788,
      "effective_alignment_weight": 0.27,
      "peak_mastery_corr": 0.1269313514775907,
      "retention_loss_value": 0.0,
      "mean_lag_corr": 0.0,
      "lag_corr_count": 0,
      "consistency_loss_weight_current": 0.3,
      "sparsity_loss_weight_current": 0.2,