{
  "trajectory": [
    {
      "epoch": 1,
      "mastery_correlation": 0.08390550036039983,
      "gain_correlation": 0.011764263859731982,
      "warmup_scale": 0.125,
      "alignment_corr_mastery": 0.00912524200975895,
      "alignment_corr_gain": 0.0779719352722168,
      "global_alignment_mastery_corr": 0.07108607438470547,
      "global_alignment_gain_corr": 0.015914808485346536,
      "effective_alignment_weight": 0.02875,
      "peak_mastery_corr": 0.07108607438470547,
      "retention_loss_value": 0.0,
      "mean_lag_corr": 0.0,
      "lag_corr_count": 0,
      "consistency_loss_weight_current": 0.3,
      "sparsity_loss_weight_current": 0.2,
      "loss_shares": {
        "main": 0.9254801976533517,
        "constraint_total": 0.07451980332391266,
        "alignment": -0.001453839498298159,
        "lag": 0.0,
        "retention": 0.0
      },
      "mean_mastery_variance": 0.030197538860103627,
      "min_mastery_variance": 0.02197265625,
      "max_mastery_variance": 0.03472900390625,
      "per_lag_correlations": []
    },
    {
      "epoch": 2,
      "mastery_correlation": 0.120482678461983,
      "gain_correlation": -0.024427911013562877,
      "warmup_scale": 0.25,
      "alignment_corr_mastery": 0.012995454482734203,
      "alignment_corr_gain": 0.1499279886484146,
      "global_alignment_mastery_corr": 0.07593155967556717,
      "global_alignment_gain_corr": 0.00877648131047863,
      "effective_alignment_weight": 0.0575,
      "peak_mastery_corr": 0.07593155967556717,
      "retention_loss_value": 0.0,
      "mean_lag_corr": 0.0,
      "lag_corr_count": 0,
      "consistency_loss_weight_current": 0.3,
      "sparsity_loss_weight_current": 0.2,
      "loss_shares": {
        "main": 0.9742765450420052,
        "constraint_total": 0.025723453676383044,
        "alignment": -0.01338251881456234,
        "lag": 0.0,
        "retention": 0.0
      },
      "mean_mastery_variance": 0.019117839595814444,
      "min_mastery_variance": 0.01544952392578125,
      "max_mastery_variance": 0.028167724609375,
      "per_lag_correlations": []
    },
    {
      "epoch": 3,
      "mastery_correlation": 0.14163858840734123,
      "gain_correlation": -0.032333156343477124,
      "warmup_scale": 0.375,
      "alignment_corr_mastery": 0.017136314883828163,
      "alignment_corr_gain": 0.17175579071044922,
      "global_alignment_mastery_corr": 0.11220314701529181,
      "global_alignment_gain_corr": 0.0017844585726076426,
      "effective_alignment_weight": 0.08625000000000001,
      "peak_mastery_corr": 0.11220314701529181,
      "retention_loss_value": 0.0,
      "mean_lag_corr": 0.0,
      "lag_corr_count": 0,
      "consistency_loss_weight_current": 0.3,
      "sparsity_loss_weight_current": 0.2,
      "loss_shares": {
        "main": 0.9760871286502886,
        "constraint_total": 0.023912872132174082,
        "alignment": -0.023618183707620265,
        "lag": 0.0,
        "retention": 0.0
      },
      "mean_mastery_variance": 0.01451948887325939,
      "min_mastery_variance": 0.01290130615234375,
      "max_mastery_variance": 0.0178070068359375,
      "per_lag_correlations": []
    },
    {
      "epoch": 4,
      "mastery_correlation": 0.13673963512691195,
      "gain_correlation": -0.03288844024955467,
      "warmup_scale": 0.5,
      "alignment_corr_mastery": 0.016623789444565773,
      "alignment_corr_gain": 0.17425286769866943,
      "global_alignment_mastery_corr": 0.09804509862093255,
      "global_alignment_gain_corr": -0.00343484843307427,
      "effective_alignment_weight": 0.115,
      "peak_mastery_corr": 0.11220314701529181,
      "retention_loss_value": 0.0,
      "mean_lag_corr": 0.0,
      "lag_corr_count": 0,
      "consistency_loss_weight_current": 0.3,
      "sparsity_loss_weight_current": 0.2,
      "loss_shares": {
        "main": 0.9727100106172127,
        "constraint_total": 0.027289989435293763,
        "alignment": -0.03379758523025724,
        "lag": 0.0,
        "retention": 0.0
      },
      "mean_mastery_variance": 0.01367875331424061,
      "min_mastery_variance": 0.01250457763671875,
      "max_mastery_variance": 0.0144805908203125,
      "per_lag_correlations": []
    },
    {
      "epoch": 5,
      "mastery_correlation": 0.14835326192624562,
      "gain_correlation": -0.031167496632646688,
      "warmup_scale": 0.625,
      "alignment_corr_mastery": 0.021277891471982002,
      "alignment_corr_gain": 0.17957372963428497,
      "global_alignment_mastery_corr": 0.12185881994858695,
      "global_alignment_gain_corr": 0.008056005235412158,
      "effective_alignment_weight": 0.14375000000000002,
      "peak_mastery_corr": 0.12185881994858695,
      "retention_loss_value": 0.0,
      "mean_lag_corr": 0.0,
      "lag_corr_count": 0,
      "consistency_loss_weight_current": 0.3,
      "sparsity_loss_weight_current": 0.2,
      "loss_shares": {
        "main": 0.9698504441412809,
        "constraint_total": 0.03014955605070173,
        "alignment": -0.04302982972469197,
        "lag": 0.0,
        "retention": 0.0
      },
      "mean_mastery_variance": 0.012531023569057642,
      "min_mastery_variance": 0.01166534423828125,
      "max_mastery_variance": 0.01421356201171875,
      "per_lag_correlations": []
    },
    {
      "epoch": 6,
      "mastery_correlation": 0.1436022237345291,
      "gain_correlation": -0.026510316793703456,
      "warmup_scale": 0.75,
      "alignment_corr_mastery": 0.020463915541768074,
      "alignment_corr_gain": 0.18620191514492035,
      "global_alignment_mastery_corr": 0.10744677213926783,
      "global_alignment_gain_corr": 0.015573425591768076,
      "effective_alignment_weight": 0.17250000000000001,
      "peak_mastery_corr": 0.12185881994858695,
      "retention_loss_value": 0.0,
      "mean_lag_corr": 0.0,
      "lag_corr_count": 0,
      "consistency_loss_weight_current": 0.3,
      "sparsity_loss_weight_current": 0.2,
      "loss_shares": {
        "main": 0.9684253136725842,
        "constraint_total": 0.03157468576729717,
        "alignment": -0.0549651390838918,
        "lag": 0.0,
        "retention": 0.0
      },
      "mean_mastery_variance": 0.01190991969923899,
      "min_mastery_variance": 0.01131439208984375,
      "max_mastery_variance": 0.0124359130859375,
      "per_lag_correlations": []
    },
    {
      "epoch": 7,
      "mastery_correlation": 0.1429288441097044,
      "gain_correlation": -0.025664474670459937,
      "warmup_scale": 0.875,
      "alignment_corr_mastery": 0.024767477065324783,
      "alignment_corr_gain": 0.18979766964912415,
      "global_alignment_mastery_corr": 0.10636784349587591,
      "global_alignment_gain_corr": 0.014173814448016249,
      "effective_alignment_weight": 0.20125,
      "peak_mastery_corr": 0.12185881994858695,
      "retention_loss_value": 0.0,
      "mean_lag_corr": 0.0,
      "lag_corr_count": 0,
      "consistency_loss_weight_current": 0.3,
      "sparsity_loss_weight_current": 0.2,
      "loss_shares": {
        "main": 0.9655445774242064,
        "constraint_total": 0.034455424077002944,
        "alignment": -0.06500319311029268,
        "lag": 0.0,
        "retention": 0.0
      },
      "mean_mastery_variance": 0.011532323965754534,
      "min_mastery_variance": 0.01081085205078125,
      "max_mastery_variance": 0.01226806640625,
      "per_lag_correlations": []
    },
    {
      "epoch": 8,
      "mastery_correlation": 0.13672433785413896,
      "gain_correlation": -0.01486649885787964,
      "warmup_scale": 1.0,
      "alignment_corr_mastery": 0.026001516729593277,
      "alignment_corr_gain": 0.20188264548778534,
      "global_alignment_mastery_corr": 0.127751837092801,
      "global_alignment_gain_corr": 0.02267117366451809,
      "effective_alignment_weight": 0.23,
      "peak_mastery_corr": 0.127751837092801,
      "retention_loss_value": 0.0,
      "mean_lag_corr": 0.0,
      "lag_corr_count": 0,
      "consistency_loss_weight_current": 0.3,
      "sparsity_loss_weight_current": 0.2,