{
  "trajectory": [
    {
      "epoch": 1,
      "mastery_correlation": -0.00408037357635355,
      "gain_correlation": 0.07393839005736164,
      "warmup_scale": 0.125,
      "alignment_corr_mastery": 0.18647335469722748,
      "alignment_corr_gain": 0.2275998741388321,
      "global_alignment_mastery_corr": 0.020068608711007983,
      "global_alignment_gain_corr": 0.019964404247972804,
      "effective_alignment_weight": 0.03125,
      "peak_mastery_corr": 0.0,
      "retention_loss_value": 0.0,
      "mean_lag_corr": 0.0,
      "lag_corr_count": 0,
      "consistency_loss_weight_current": 0.3,
      "sparsity_loss_weight_current": 0.2,
      "loss_shares": {
        "main": 0.9893704246484815,
        "constraint_total": 0.010629575293517412,
        "alignment": -0.013577216801276848,
        "lag": 0.0,
        "retention": 0.0
      },
      "mean_mastery_variance": 0.017761837970947974,
      "min_mastery_variance": 0.01138011459261179,
      "max_mastery_variance": 0.04506231099367142,
      "per_lag_correlations": []
    },
    {
      "epoch": 2,
      "mastery_correlation": 0.0072777348997893725,
      "gain_correlation": 0.07273850416313934,
      "warmup_scale": 0.25,
      "alignment_corr_mastery": 0.16513068974018097,
      "alignment_corr_gain": 0.277548611164093,
      "global_alignment_mastery_corr": 0.014407242168381344,
      "global_alignment_gain_corr": 0.024389436826653156,
      "effective_alignment_weight": 0.0625,
      "peak_mastery_corr": 0.0,
      "retention_loss_value": 0.0,
      "mean_lag_corr": 0.0,
      "lag_corr_count": 0,
      "consistency_loss_weight_current": 0.3,
      "sparsity_loss_weight_current": 0.2,
      "loss_shares": {
        "main": 1.009813156778891,
        "constraint_total": -0.009813153227681766,
        "alignment": -0.043793721889411934,
        "lag": 0.0,
        "retention": 0.0
      },
      "mean_mastery_variance": 0.01666838438322507,
      "min_mastery_variance": 0.011666609905660152,
      "max_mastery_variance": 0.021703610196709633,
      "per_lag_correlations": []
    },
    {
      "epoch": 3,
      "mastery_correlation": 0.0020705794723794805,
      "gain_correlation": 0.07254402723217106,
      "warmup_scale": 0.375,
      "alignment_corr_mastery": 0.18030494451522827,
      "alignment_corr_gain": 0.30402305722236633,
      "global_alignment_mastery_corr": 0.01780756596673503,
      "global_alignment_gain_corr": 0.042200526725355306,
      "effective_alignment_weight": 0.09375,
      "peak_mastery_corr": 0.0,
      "retention_loss_value": 0.0,
      "mean_lag_corr": 0.0,
      "lag_corr_count": 0,
      "consistency_loss_weight_current": 0.3,
      "sparsity_loss_weight_current": 0.2,
      "loss_shares": {
        "main": 1.027155503455186,
        "constraint_total": -0.027155504276566066,
        "alignment": -0.07822768222455419,
        "lag": 0.0,
        "retention": 0.0
      },
      "mean_mastery_variance": 0.019964015116152676,
      "min_mastery_variance": 0.013411743566393852,
      "max_mastery_variance": 0.02478400245308876,
      "per_lag_correlations": []
    },
    {
      "epoch": 4,
      "mastery_correlation": 0.021913764537324444,
      "gain_correlation": 0.05499582200074614,
      "warmup_scale": 0.5,
      "alignment_corr_mastery": 0.20227153599262238,
      "alignment_corr_gain": 0.32563260197639465,
      "global_alignment_mastery_corr": 0.007116653090051841,
      "global_alignment_gain_corr": 0.03204598395677749,
      "effective_alignment_weight": 0.125,
      "peak_mastery_corr": 0.0,
      "retention_loss_value": 0.0,
      "mean_lag_corr": 0.0,
      "lag_corr_count": 0,
      "consistency_loss_weight_current": 0.3,
      "sparsity_loss_weight_current": 0.2,
      "loss_shares": {
        "main": 1.0506257115566764,
        "constraint_total": -0.050625715616904994,
        "alignment": -0.11996157112566483,
        "lag": 0.0,
        "retention": 0.0
      },
      "mean_mastery_variance": 0.01948471836880853,
      "min_mastery_variance": 0.014154549688100815,
      "max_mastery_variance": 0.028255416080355644,
      "per_lag_correlations": []
    },
    {
      "epoch": 5,
      "mastery_correlation": 0.029076945262649503,
      "gain_correlation": 0.04315322073198662,
      "warmup_scale": 0.625,
      "alignment_corr_mastery": 0.20009957253932953,
      "alignment_corr_gain": 0.3601280152797699,
      "global_alignment_mastery_corr": -0.0042587886091390225,
      "global_alignment_gain_corr": 0.03172519099278361,
      "effective_alignment_weight": 0.109375,
      "peak_mastery_corr": 0.0,
      "retention_loss_value": 0.0,
      "mean_lag_corr": 0.0,
      "lag_corr_count": 0,
      "consistency_loss_weight_current": 0.3,
      "sparsity_loss_weight_current": 0.2,
      "loss_shares": {
        "main": 1.0344111866049608,
        "constraint_total": -0.03441118856408523,
        "alignment": -0.11971230943883593,
        "lag": 0.0,
        "retention": 0.0
      },
      "mean_mastery_variance": 0.018003231850621613,
      "min_mastery_variance": 0.014314403757452965,
      "max_mastery_variance": 0.024632185697555542,
      "per_lag_correlations": []
    },
    {
      "epoch": 6,
      "mastery_correlation": 0.0217012445513211,
      "gain_correlation": 0.05372739968594561,
      "warmup_scale": 0.75,
      "alignment_corr_mastery": 0.19716548919677734,
      "alignment_corr_gain": 0.38962095975875854,
      "global_alignment_mastery_corr": 0.006043519962355882,
      "global_alignment_gain_corr": 0.03250253504248879,
      "effective_alignment_weight": 0.09187499999999998,
      "peak_mastery_corr": 0.0,
      "retention_loss_value": 0.0,
      "mean_lag_corr": 0.0,
      "lag_corr_count": 0,
      "consistency_loss_weight_current": 0.3,
      "sparsity_loss_weight_current": 0.2,
      "loss_shares": {
        "main": 1.011783247203468,
        "constraint_total": -0.011783244121049821,
        "alignment": -0.11336951563230831,
        "lag": 0.0,
        "retention": 0.0
      },
      "mean_mastery_variance": 0.017523956205213315,
      "min_mastery_variance": 0.013934895396232605,
      "max_mastery_variance": 0.020995618775486946,
      "per_lag_correlations": []
    },
    {
      "epoch": 7,
      "mastery_correlation": 0.03915744441461176,
      "gain_correlation": 0.049016522524205276,
      "warmup_scale": 0.875,
      "alignment_corr_mastery": 0.20271407067775726,
      "alignment_corr_gain": 0.42955324053764343,
      "global_alignment_mastery_corr": -0.0006257549259316875,
      "global_alignment_gain_corr": 0.04597848226068891,
      "effective_alignment_weight": 0.10718749999999999,
      "peak_mastery_corr": 0.0,
      "retention_loss_value": 0.0,
      "mean_lag_corr": 0.0,
      "lag_corr_count": 0,
      "consistency_loss_weight_current": 0.3,
      "sparsity_loss_weight_current": 0.2,
      "loss_shares": {
        "main": 1.0273281953892048,
        "constraint_total": -0.027328194431248058,
        "alignment": -0.1522493878126744,
        "lag": 0.0,
        "retention": 0.0
      },
      "mean_mastery_variance": 0.017139022330237175,
      "min_mastery_variance": 0.012725062668323517,
      "max_mastery_variance": 0.02042071707546711,
      "per_lag_correlations": []
    },
    {
      "epoch": 8,
      "mastery_correlation": 0.025585043027023805,
      "gain_correlation": 0.04133694574826598,
      "warmup_scale": 1.0,
      "alignment_corr_mastery": 0.2061810940504074,
      "alignment_corr_gain": 0.4650176465511322,
      "global_alignment_mastery_corr": -0.003378633820069202,
      "global_alignment_gain_corr": 0.03447510440940581,
      "effective_alignment_weight": 0.1031146339442115,
      "peak_mastery_corr": 0.0,
      "retention_loss_value": 0.0,
      "mean_lag_corr": 0.0,
      "lag_corr_count": 0,
      "consistency_loss_weight_current": 0.2,
      "sparsity_loss_weight_current": 0.2,
      "loss_shares": {
        "main": 1.0195079462558314,
        "constraint_total": -0.01950794401125433,