{
  "trajectory": [
    {
      "epoch": 1,
      "mastery_correlation": -0.0013641099892762716,
      "gain_correlation": 0.11379576923251189,
      "warmup_scale": 0.125,
      "alignment_corr_mastery": 0.16806909441947937,
      "alignment_corr_gain": 0.25734686851501465,
      "global_alignment_mastery_corr": 0.003650860089668034,
      "global_alignment_gain_corr": 0.023660494576470226,
      "effective_alignment_weight": 0.03125,
      "peak_mastery_corr": 0.0,
      "retention_loss_value": 0.0,
      "mean_lag_corr": 0.0,
      "lag_corr_count": 0,
      "consistency_loss_weight_current": 0.3,
      "sparsity_loss_weight_current": 0.2,
      "loss_shares": {
        "main": 0.9901174053150917,
        "constraint_total": 0.009882592675634875,
        "alignment": -0.01390508513742833,
        "lag": 0.0,
        "retention": 0.0
      },
      "mean_mastery_variance": 0.018442210118850895,
      "min_mastery_variance": 0.012118426151573658,
      "max_mastery_variance": 0.04236399009823799,
      "per_lag_correlations": []
    },
    {
      "epoch": 2,
      "mastery_correlation": -0.003165302704811293,
      "gain_correlation": 0.117187887295312,
      "warmup_scale": 0.25,
      "alignment_corr_mastery": 0.1738254278898239,
      "alignment_corr_gain": 0.282279908657074,
      "global_alignment_mastery_corr": 0.004819399966315056,
      "global_alignment_gain_corr": 0.027237776065109454,
      "effective_alignment_weight": 0.0625,
      "peak_mastery_corr": 0.0,
      "retention_loss_value": 0.0,
      "mean_lag_corr": 0.0,
      "lag_corr_count": 0,
      "consistency_loss_weight_current": 0.3,
      "sparsity_loss_weight_current": 0.2,
      "loss_shares": {
        "main": 1.0105180268782867,
        "constraint_total": -0.010518023421105591,
        "alignment": -0.04451775891540295,
        "lag": 0.0,
        "retention": 0.0
      },
      "mean_mastery_variance": 0.01930310876335505,
      "min_mastery_variance": 0.014741717837750912,
      "max_mastery_variance": 0.025773372501134872,
      "per_lag_correlations": []
    },
    {
      "epoch": 3,
      "mastery_correlation": 0.003202288790708535,
      "gain_correlation": 0.07569981791776537,
      "warmup_scale": 0.375,
      "alignment_corr_mastery": 0.17580552399158478,
      "alignment_corr_gain": 0.30294305086135864,
      "global_alignment_mastery_corr": -0.005701054753153585,
      "global_alignment_gain_corr": 0.023687197332910727,
      "effective_alignment_weight": 0.09375,
      "peak_mastery_corr": 0.0,
      "retention_loss_value": 0.0,
      "mean_lag_corr": 0.0,
      "lag_corr_count": 0,
      "consistency_loss_weight_current": 0.3,
      "sparsity_loss_weight_current": 0.2,
      "loss_shares": {
        "main": 1.0274970385292803,
        "constraint_total": -0.027497038451058303,
        "alignment": -0.0783414639686355,
        "lag": 0.0,
        "retention": 0.0
      },
      "mean_mastery_variance": 0.01856478163248671,
      "min_mastery_variance": 0.014461512677371502,
      "max_mastery_variance": 0.02320651151239872,
      "per_lag_correlations": []
    },
    {
      "epoch": 4,
      "mastery_correlation": 0.029105691118561084,
      "gain_correlation": 0.07073713980476592,
      "warmup_scale": 0.5,
      "alignment_corr_mastery": 0.19316606223583221,
      "alignment_corr_gain": 0.3284509479999542,
      "global_alignment_mastery_corr": 0.016469630199329306,
      "global_alignment_gain_corr": 0.029886672259757083,
      "effective_alignment_weight": 0.125,
      "peak_mastery_corr": 0.0,
      "retention_loss_value": 0.0,
      "mean_lag_corr": 0.0,
      "lag_corr_count": 0,
      "consistency_loss_weight_current": 0.3,
      "sparsity_loss_weight_current": 0.2,
      "loss_shares": {
        "main": 1.0501524508979032,
        "constraint_total": -0.050152449379519626,
        "alignment": -0.11915836947626211,
        "lag": 0.0,
        "retention": 0.0
      },
      "mean_mastery_variance": 0.017956402365098965,
      "min_mastery_variance": 0.014323024079203606,
      "max_mastery_variance": 0.025204332545399666,
      "per_lag_correlations": []
    },
    {
      "epoch": 5,
      "mastery_correlation": -0.002624792251836801,
      "gain_correlation": 0.10379817264062083,
      "warmup_scale": 0.625,
      "alignment_corr_mastery": 0.17406031489372253,
      "alignment_corr_gain": 0.34843504428863525,
      "global_alignment_mastery_corr": -0.013148289533079756,
      "global_alignment_gain_corr": 0.03261000112218122,
      "effective_alignment_weight": 0.15625,
      "peak_mastery_corr": 0.0,
      "retention_loss_value": 0.0,
      "mean_lag_corr": 0.0,
      "lag_corr_count": 0,
      "consistency_loss_weight_current": 0.3,
      "sparsity_loss_weight_current": 0.2,
      "loss_shares": {
        "main": 1.0826743901967106,
        "constraint_total": -0.08267439312755373,
        "alignment": -0.17228815513994997,
        "lag": 0.0,
        "retention": 0.0
      },
      "mean_mastery_variance": 0.01880540612872709,
      "min_mastery_variance": 0.014032645151019096,
      "max_mastery_variance": 0.024703796952962875,
      "per_lag_correlations": []
    },
    {
      "epoch": 6,
      "mastery_correlation": -3.746062700658228e-05,
      "gain_correlation": 0.12223540473216547,
      "warmup_scale": 0.75,
      "alignment_corr_mastery": 0.2129339873790741,
      "alignment_corr_gain": 0.3908662796020508,
      "global_alignment_mastery_corr": 0.002736356799820593,
      "global_alignment_gain_corr": 0.03238789752542895,
      "effective_alignment_weight": 0.13124999999999998,
      "peak_mastery_corr": 0.0,
      "retention_loss_value": 0.0,
      "mean_lag_corr": 0.0,
      "lag_corr_count": 0,
      "consistency_loss_weight_current": 0.3,
      "sparsity_loss_weight_current": 0.2,
      "loss_shares": {
        "main": 1.057762476066167,
        "constraint_total": -0.057762478665199866,
        "alignment": -0.1640563942780327,
        "lag": 0.0,
        "retention": 0.0
      },
      "mean_mastery_variance": 0.01713699839738984,
      "min_mastery_variance": 0.014324271120131016,
      "max_mastery_variance": 0.02233368530869484,
      "per_lag_correlations": []
    },
    {
      "epoch": 7,
      "mastery_correlation": 0.04207841387171002,
      "gain_correlation": 0.07915889012415785,
      "warmup_scale": 0.875,
      "alignment_corr_mastery": 0.20345459878444672,
      "alignment_corr_gain": 0.4385942816734314,
      "global_alignment_mastery_corr": 0.02820766217036483,
      "global_alignment_gain_corr": 0.033082762386329706,
      "effective_alignment_weight": 0.15312499999999998,
      "peak_mastery_corr": 0.0,
      "retention_loss_value": 0.0,
      "mean_lag_corr": 0.0,
      "lag_corr_count": 0,
      "consistency_loss_weight_current": 0.3,
      "sparsity_loss_weight_current": 0.2,
      "loss_shares": {
        "main": 1.0950603733156576,
        "constraint_total": -0.09506037656184914,
        "alignment": -0.22735001841737226,
        "lag": 0.0,
        "retention": 0.0
      },
      "mean_mastery_variance": 0.01670426109545126,
      "min_mastery_variance": 0.013876763172447681,
      "max_mastery_variance": 0.02126496657729149,
      "per_lag_correlations": []
    },
    {
      "epoch": 8,
      "mastery_correlation": 0.04950498537794176,
      "gain_correlation": 0.04394479365389233,
      "warmup_scale": 1.0,
      "alignment_corr_mastery": 0.20887212455272675,
      "alignment_corr_gain": 0.4724525213241577,
      "global_alignment_mastery_corr": 0.0011733130622693958,
      "global_alignment_gain_corr": 0.039427222868155996,
      "effective_alignment_weight": 0.1902546368911862,
      "peak_mastery_corr": 0.0,
      "retention_loss_value": 0.0,
      "mean_lag_corr": 0.0,
      "lag_corr_count": 0,
      "consistency_loss_weight_current": 0.2,
      "sparsity_loss_weight_current": 0.2,
      "loss_shares": {
        "main": 1.1811018565845588,
        "constraint_total": -0.181101858969036,