{
  "pattern": "gainakt2exp_results_full_seed*_20251018_081256.json",
  "n_files": 1,
  "n_included_files": 1,
  "n_boot": 500,
  "alpha": 0.05,
  "mastery_mean": 0.021453562813500564,
  "mastery_ci_low": 0.021453562813500564,
  "mastery_ci_high": 0.021453562813500564,
  "gain_mean": 0.16794366296380758,
  "gain_ci_low": 0.16794366296380758,
  "gain_ci_high": 0.16794366296380758,
  "require_alignment": true,
  "included_files": [
    {
      "file": "gainakt2exp_results_full_seed105_20251018_081256.json",
      "alignment_enabled": true
    }
  ]
}