{
  "trajectory": [
    {
      "epoch": 1,
      "mastery_correlation": -0.008658451724942529,
      "gain_correlation": 0.1043993356799091,
      "warmup_scale": 0.125,
      "alignment_corr_mastery": 0.17478464543819427,
      "alignment_corr_gain": 0.22969785332679749,
      "global_alignment_mastery_corr": 0.0056808698574483665,
      "global_alignment_gain_corr": 0.011284037214160587,
      "effective_alignment_weight": 0.05,
      "peak_mastery_corr": 0.0056808698574483665,
      "retention_loss_value": 0.0,
      "mean_lag_corr": 0.0,
      "lag_corr_count": 0,
      "consistency_loss_weight_current": 0.3,
      "sparsity_loss_weight_current": 0.2,
      "loss_shares": {
        "main": 0.9982927808252113,
        "constraint_total": 0.001707219512171729,
        "alignment": -0.02372082687432526,
        "lag": 0.0,
        "retention": 0.0
      },
      "mean_mastery_variance": 0.019847810673744568,
      "min_mastery_variance": 0.01258655171841383,
      "max_mastery_variance": 0.041726842522621155,
      "per_lag_correlations": []
    },
    {
      "epoch": 2,
      "mastery_correlation": 0.005011850143633206,
      "gain_correlation": 0.07682567698499382,
      "warmup_scale": 0.25,
      "alignment_corr_mastery": 0.1748138666152954,
      "alignment_corr_gain": 0.25765708088874817,
      "global_alignment_mastery_corr": 0.00025529258244205266,
      "global_alignment_gain_corr": 0.02068681868023608,
      "effective_alignment_weight": 0.1,
      "peak_mastery_corr": 0.0056808698574483665,
      "retention_loss_value": 0.0,
      "mean_lag_corr": 0.0,
      "lag_corr_count": 0,
      "consistency_loss_weight_current": 0.3,
      "sparsity_loss_weight_current": 0.2,
      "loss_shares": {
        "main": 1.0384720225119681,
        "constraint_total": -0.03847202332911808,
        "alignment": -0.07495532797851524,
        "lag": 0.0,
        "retention": 0.0
      },
      "mean_mastery_variance": 0.016045500427831948,
      "min_mastery_variance": 0.011534765362739563,
      "max_mastery_variance": 0.023121288046240807,
      "per_lag_correlations": []
    },
    {
      "epoch": 3,
      "mastery_correlation": -0.010242269683362755,
      "gain_correlation": 0.07367660955980854,
      "warmup_scale": 0.375,
      "alignment_corr_mastery": 0.16496586799621582,
      "alignment_corr_gain": 0.3016352951526642,
      "global_alignment_mastery_corr": -0.022076976232638115,
      "global_alignment_gain_corr": 0.044946309401238976,
      "effective_alignment_weight": 0.15000000000000002,
      "peak_mastery_corr": 0.0056808698574483665,
      "retention_loss_value": 0.0,
      "mean_lag_corr": 0.0,
      "lag_corr_count": 0,
      "consistency_loss_weight_current": 0.3,
      "sparsity_loss_weight_current": 0.2,
      "loss_shares": {
        "main": 1.0781044427794917,
        "constraint_total": -0.07810444239006531,
        "alignment": -0.1333802992591463,
        "lag": 0.0,
        "retention": 0.0
      },
      "mean_mastery_variance": 0.018429729363692856,
      "min_mastery_variance": 0.013251506723463535,
      "max_mastery_variance": 0.023986060172319412,
      "per_lag_correlations": []
    },
    {
      "epoch": 4,
      "mastery_correlation": 0.0027429163277259477,
      "gain_correlation": 0.06268419477766857,
      "warmup_scale": 0.5,
      "alignment_corr_mastery": 0.1888505071401596,
      "alignment_corr_gain": 0.32909443974494934,
      "global_alignment_mastery_corr": -0.009941347874312972,
      "global_alignment_gain_corr": 0.0394102986014938,
      "effective_alignment_weight": 0.2,
      "peak_mastery_corr": 0.0056808698574483665,
      "retention_loss_value": 0.0,
      "mean_lag_corr": 0.0,
      "lag_corr_count": 0,
      "consistency_loss_weight_current": 0.3,
      "sparsity_loss_weight_current": 0.2,
      "loss_shares": {
        "main": 1.1340259861555249,
        "constraint_total": -0.13402598337879307,
        "alignment": -0.21115340231913377,
        "lag": 0.0,
        "retention": 0.0
      },
      "mean_mastery_variance": 0.018516845706792386,
      "min_mastery_variance": 0.014713301323354244,
      "max_mastery_variance": 0.026754382997751236,
      "per_lag_correlations": []
    },
    {
      "epoch": 5,
      "mastery_correlation": -0.007071696162782985,
      "gain_correlation": 0.07633790447807118,
      "warmup_scale": 0.625,
      "alignment_corr_mastery": 0.2024008333683014,
      "alignment_corr_gain": 0.3778386414051056,
      "global_alignment_mastery_corr": -0.013626026218698826,
      "global_alignment_gain_corr": 0.0213323965256374,
      "effective_alignment_weight": 0.25,
      "peak_mastery_corr": 0.0056808698574483665,
      "retention_loss_value": 0.0,
      "mean_lag_corr": 0.0,
      "lag_corr_count": 0,
      "consistency_loss_weight_current": 0.3,
      "sparsity_loss_weight_current": 0.2,
      "loss_shares": {
        "main": 1.2191069914658832,
        "constraint_total": -0.21910698711176288,
        "alignment": -0.3227294348398796,
        "lag": 0.0,
        "retention": 0.0
      },
      "mean_mastery_variance": 0.019406260999759246,
      "min_mastery_variance": 0.01580129563808441,
      "max_mastery_variance": 0.026508865877985954,
      "per_lag_correlations": []
    },
    {
      "epoch": 6,
      "mastery_correlation": 0.002057294736109816,
      "gain_correlation": 0.07666209898796808,
      "warmup_scale": 0.75,
      "alignment_corr_mastery": 0.19781696796417236,
      "alignment_corr_gain": 0.41415613889694214,
      "global_alignment_mastery_corr": 0.008787164191238237,
      "global_alignment_gain_corr": 0.046868318276829087,
      "effective_alignment_weight": 0.30000000000000004,
      "peak_mastery_corr": 0.008787164191238237,
      "retention_loss_value": 0.0,
      "mean_lag_corr": 0.0,
      "lag_corr_count": 0,
      "consistency_loss_weight_current": 0.3,
      "sparsity_loss_weight_current": 0.2,
      "loss_shares": {
        "main": 1.3557689573521898,
        "constraint_total": -0.3557689558253999,
        "alignment": -0.4961774551769685,
        "lag": 0.0,
        "retention": 0.0
      },
      "mean_mastery_variance": 0.019584015098646514,
      "min_mastery_variance": 0.014723215252161026,
      "max_mastery_variance": 0.023722441866993904,
      "per_lag_correlations": []
    },
    {
      "epoch": 7,
      "mastery_correlation": -0.00383342060191923,
      "gain_correlation": 0.05270321614497505,
      "warmup_scale": 0.875,
      "alignment_corr_mastery": 0.1987195611000061,
      "alignment_corr_gain": 0.4598004221916199,
      "global_alignment_mastery_corr": 0.0010873032013963286,
      "global_alignment_gain_corr": 0.042027871909861764,
      "effective_alignment_weight": 0.35000000000000003,
      "peak_mastery_corr": 0.008787164191238237,
      "retention_loss_value": 0.0,
      "mean_lag_corr": 0.0,
      "lag_corr_count": 0,
      "consistency_loss_weight_current": 0.3,
      "sparsity_loss_weight_current": 0.2,
      "loss_shares": {
        "main": 1.5929380099937969,
        "constraint_total": -0.5929380058252439,
        "alignment": -0.7900972636940572,
        "lag": 0.0,
        "retention": 0.0
      },
      "mean_mastery_variance": 0.02124762648977146,
      "min_mastery_variance": 0.014755843207240105,
      "max_mastery_variance": 0.026237590238451958,
      "per_lag_correlations": []
    },
    {
      "epoch": 8,
      "mastery_correlation": 0.00478388978144206,
      "gain_correlation": 0.03504503090272459,
      "warmup_scale": 1.0,
      "alignment_corr_mastery": 0.2088385969400406,
      "alignment_corr_gain": 0.49248969554901123,
      "global_alignment_mastery_corr": 0.00576008982690837,
      "global_alignment_gain_corr": 0.0421801162303503,
      "effective_alignment_weight": 0.47826031494885685,
      "peak_mastery_corr": 0.008787164191238237,
      "retention_loss_value": 0.0,
      "mean_lag_corr": 0.0,
      "lag_corr_count": 0,
      "consistency_loss_weight_current": 0.2,