{
  "timestamp": "2025-10-18T13:54:24.595647",
  "dataset": "assist2015",
  "epochs": 12,
  "seeds": [
    21,
    42,
    63,
    84,
    105
  ],
  "variants": [
    "full"
  ],
  "aggregates": {
    "full": {
      "num_seeds": 5,
      "mean_auc": 0.7174607374150506,
      "std_auc": 0.00047644315118692735,
      "per_seed_auc": {
        "21": 0.7174037118184231,
        "42": 0.7175736812764277,
        "63": 0.7182436835642437,
        "84": 0.7167636987221635,
        "105": 0.7173189116939946
      },
      "consistency_means": {
        "mastery_correlation": 0.06911517077868166,
        "gain_correlation": 0.050096498779908606,
        "monotonicity_violation_rate": 0.0,
        "negative_gain_rate": 0.0,
        "bounds_violation_rate": 0.0
      },
      "auc_ci_95": {
        "low": 0.7170431165798511,
        "high": 0.71787835825025
      }
    }
  },
  "criteria_evaluation": {
    "predictive_delta_full": null,
    "predictive_parity_pass": null,
    "stability_pass": null,
    "arch_only_delta": null,
    "constraints_incremental_delta": null
  }
}