{
  "trajectory": [
    {
      "epoch": 1,
      "mastery_correlation": 0.08545309162884354,
      "gain_correlation": 0.009898206239312254,
      "warmup_scale": 0.125,
      "alignment_corr_mastery": 0.009080414660274982,
      "alignment_corr_gain": 0.08466436713933945,
      "global_alignment_mastery_corr": 0.07182643830252346,
      "global_alignment_gain_corr": 0.014702697111994591,
      "effective_alignment_weight": 0.03125,
      "peak_mastery_corr": 0.07182643830252346,
      "retention_loss_value": 0.0,
      "mean_lag_corr": 0.0,
      "lag_corr_count": 0,
      "consistency_loss_weight_current": 0.3,
      "sparsity_loss_weight_current": 0.2,
      "loss_shares": {
        "main": 0.9269255399899854,
        "constraint_total": 0.07307446045094257,
        "alignment": -0.001804486392732109,
        "lag": 0.0,
        "retention": 0.0
      },
      "mean_mastery_variance": 0.03008914611500162,
      "min_mastery_variance": 0.02197265625,
      "max_mastery_variance": 0.03472900390625,
      "per_lag_correlations": []
    },
    {
      "epoch": 2,
      "mastery_correlation": 0.121341819321706,
      "gain_correlation": -0.0259302677242353,
      "warmup_scale": 0.25,
      "alignment_corr_mastery": 0.012926560826599598,
      "alignment_corr_gain": 0.14926186203956604,
      "global_alignment_mastery_corr": 0.07634412600651558,
      "global_alignment_gain_corr": 0.009062871589364174,
      "effective_alignment_weight": 0.0625,
      "peak_mastery_corr": 0.07634412600651558,
      "retention_loss_value": 0.0,
      "mean_lag_corr": 0.0,
      "lag_corr_count": 0,
      "consistency_loss_weight_current": 0.3,
      "sparsity_loss_weight_current": 0.2,
      "loss_shares": {
        "main": 0.9755165671309022,
        "constraint_total": 0.02448342972353138,
        "alignment": -0.014761929035931423,
        "lag": 0.0,
        "retention": 0.0
      },
      "mean_mastery_variance": 0.019098113855549707,
      "min_mastery_variance": 0.01554107666015625,
      "max_mastery_variance": 0.0278167724609375,
      "per_lag_correlations": []
    },
    {
      "epoch": 3,
      "mastery_correlation": 0.141273359344174,
      "gain_correlation": -0.03339637299117837,
      "warmup_scale": 0.375,
      "alignment_corr_mastery": 0.01732506789267063,
      "alignment_corr_gain": 0.1702881157398224,
      "global_alignment_mastery_corr": 0.11104365766785729,
      "global_alignment_gain_corr": 0.002541100824419118,
      "effective_alignment_weight": 0.09375,
      "peak_mastery_corr": 0.11104365766785729,
      "retention_loss_value": 0.0,
      "mean_lag_corr": 0.0,
      "lag_corr_count": 0,
      "consistency_loss_weight_current": 0.3,
      "sparsity_loss_weight_current": 0.2,
      "loss_shares": {
        "main": 0.9780548682259242,
        "constraint_total": 0.021945132667580722,
        "alignment": -0.02582654114265319,
        "lag": 0.0,
        "retention": 0.0
      },
      "mean_mastery_variance": 0.014530162119494818,
      "min_mastery_variance": 0.01293182373046875,
      "max_mastery_variance": 0.0177764892578125,
      "per_lag_correlations": []
    },
    {
      "epoch": 4,
      "mastery_correlation": 0.13905820784386252,
      "gain_correlation": -0.027499598795588564,
      "warmup_scale": 0.5,
      "alignment_corr_mastery": 0.017059141770005226,
      "alignment_corr_gain": 0.1790795773267746,
      "global_alignment_mastery_corr": 0.09807108947784096,
      "global_alignment_gain_corr": -0.0029560058262237967,
      "effective_alignment_weight": 0.125,
      "peak_mastery_corr": 0.11104365766785729,
      "retention_loss_value": 0.0,
      "mean_lag_corr": 0.0,
      "lag_corr_count": 0,
      "consistency_loss_weight_current": 0.3,
      "sparsity_loss_weight_current": 0.2,
      "loss_shares": {
        "main": 0.975529731600758,
        "constraint_total": 0.024470265898222578,
        "alignment": -0.03697350707541125,
        "lag": 0.0,
        "retention": 0.0
      },
      "mean_mastery_variance": 0.013745125093608323,
      "min_mastery_variance": 0.012542724609375,
      "max_mastery_variance": 0.01467132568359375,
      "per_lag_correlations": []
    },
    {
      "epoch": 5,
      "mastery_correlation": 0.14661090629124077,
      "gain_correlation": -0.029572198898070317,
      "warmup_scale": 0.625,
      "alignment_corr_mastery": 0.021753359586000443,
      "alignment_corr_gain": 0.1792135089635849,
      "global_alignment_mastery_corr": 0.12124556764615893,
      "global_alignment_gain_corr": 0.007998835507411666,
      "effective_alignment_weight": 0.15625,
      "peak_mastery_corr": 0.12124556764615893,
      "retention_loss_value": 0.0,
      "mean_lag_corr": 0.0,
      "lag_corr_count": 0,
      "consistency_loss_weight_current": 0.3,
      "sparsity_loss_weight_current": 0.2,
      "loss_shares": {
        "main": 0.9739799661459819,
        "constraint_total": 0.02602003269725795,
        "alignment": -0.04727361387011787,
        "lag": 0.0,
        "retention": 0.0
      },
      "mean_mastery_variance": 0.012420179930375648,
      "min_mastery_variance": 0.0115509033203125,
      "max_mastery_variance": 0.0142822265625,
      "per_lag_correlations": []
    },
    {
      "epoch": 6,
      "mastery_correlation": 0.1416208841317308,
      "gain_correlation": -0.023739397081831915,
      "warmup_scale": 0.75,
      "alignment_corr_mastery": 0.020363328978419304,
      "alignment_corr_gain": 0.1907924860715866,
      "global_alignment_mastery_corr": 0.10536647721601185,
      "global_alignment_gain_corr": 0.016893254088936372,
      "effective_alignment_weight": 0.1875,
      "peak_mastery_corr": 0.12124556764615893,
      "retention_loss_value": 0.0,
      "mean_lag_corr": 0.0,
      "lag_corr_count": 0,
      "consistency_loss_weight_current": 0.3,
      "sparsity_loss_weight_current": 0.2,
      "loss_shares": {
        "main": 0.9733702573521891,
        "constraint_total": 0.026629743791433617,
        "alignment": -0.060515993122500944,
        "lag": 0.0,
        "retention": 0.0
      },
      "mean_mastery_variance": 0.012013568779347474,
      "min_mastery_variance": 0.01136016845703125,
      "max_mastery_variance": 0.0124969482421875,
      "per_lag_correlations": []
    },
    {
      "epoch": 7,
      "mastery_correlation": 0.14153984003992912,
      "gain_correlation": -0.024825135613446413,
      "warmup_scale": 0.875,
      "alignment_corr_mastery": 0.025446979328989983,
      "alignment_corr_gain": 0.19194655120372772,
      "global_alignment_mastery_corr": 0.10478990380108977,
      "global_alignment_gain_corr": 0.015965692996906,
      "effective_alignment_weight": 0.21875,
      "peak_mastery_corr": 0.12124556764615893,
      "retention_loss_value": 0.0,
      "mean_lag_corr": 0.0,
      "lag_corr_count": 0,
      "consistency_loss_weight_current": 0.3,
      "sparsity_loss_weight_current": 0.2,
      "loss_shares": {
        "main": 0.9713789321173428,
        "constraint_total": 0.028621065758165965,
        "alignment": -0.07150217228908944,
        "lag": 0.0,
        "retention": 0.0
      },
      "mean_mastery_variance": 0.011539202279995142,
      "min_mastery_variance": 0.01094818115234375,
      "max_mastery_variance": 0.01233673095703125,
      "per_lag_correlations": []
    },
    {
      "epoch": 8,
      "mastery_correlation": 0.1356687578439536,
      "gain_correlation": -0.01563130295581964,
      "warmup_scale": 1.0,
      "alignment_corr_mastery": 0.0253995880484581,
      "alignment_corr_gain": 0.20260803401470184,
      "global_alignment_mastery_corr": 0.1265737220083247,
      "global_alignment_gain_corr": 0.021752087707136526,
      "effective_alignment_weight": 0.25,
      "peak_mastery_corr": 0.1265737220083247,
      "retention_loss_value": 0.0,
      "mean_lag_corr": 0.0,
      "lag_corr_count": 0,
      "consistency_loss_weight_current": 0.3,
      "sparsity_loss_weight_current": 0.2,
      "loss_shares": {
        "main": 0.9727771783236454,