{
  "timestamp": "2025-10-21T10:39:41.001433",
  "dataset": "assist2015",
  "epochs": 3,
  "seeds": [
    42,
    63,
    84
  ],
  "variants": [
    "full"
  ],
  "aggregates": {
    "full": {
      "num_seeds": 3,
      "mean_auc": 0.67985957024584,
      "std_auc": 0.002513115735207071,
      "per_seed_auc": {
        "42": 0.679202442084767,
        "63": 0.6771632768119202,
        "84": 0.6832129918408325
      },
      "consistency_means": {
        "mastery_correlation": 0.08117536884877476,
        "gain_correlation": 0.0014871320178190914,
        "monotonicity_violation_rate": 0.0,
        "negative_gain_rate": 0.0,
        "bounds_violation_rate": 0.0
      },
      "auc_ci_95": {
        "low": 0.677015712075236,
        "high": 0.6827034284164439
      }
    }
  },
  "criteria_evaluation": {
    "predictive_delta_full": null,
    "predictive_parity_pass": null,
    "stability_pass": null,
    "arch_only_delta": null,
    "constraints_incremental_delta": null
  }
}