{
  "trajectory": [
    {
      "epoch": 1,
      "mastery_correlation": 0.08076894824095865,
      "gain_correlation": 0.01887332547615364,
      "warmup_scale": 0.125,
      "alignment_corr_mastery": 0.007249605841934681,
      "alignment_corr_gain": 0.061347994953393936,
      "global_alignment_mastery_corr": 0.06889526571949925,
      "global_alignment_gain_corr": 0.019999877398407383,
      "effective_alignment_weight": 0.025,
      "peak_mastery_corr": 0.06889526571949925,
      "retention_loss_value": 0.0,
      "mean_lag_corr": 0.0,
      "lag_corr_count": 0,
      "consistency_loss_weight_current": 0.3,
      "sparsity_loss_weight_current": 0.2,
      "loss_shares": {
        "main": 0.9245055443883483,
        "constraint_total": 0.07549445574023336,
        "alignment": -0.0011066941932231509,
        "lag": 0.0,
        "retention": 0.0
      },
      "mean_mastery_variance": 0.03021153267183452,
      "min_mastery_variance": 0.02197265625,
      "max_mastery_variance": 0.03472900390625,
      "per_lag_correlations": []
    },
    {
      "epoch": 2,
      "mastery_correlation": 0.11947450136538625,
      "gain_correlation": -0.021733883578245728,
      "warmup_scale": 0.25,
      "alignment_corr_mastery": 0.012876204214990139,
      "alignment_corr_gain": 0.14522314071655273,
      "global_alignment_mastery_corr": 0.0753180349279622,
      "global_alignment_gain_corr": 0.00952302081459493,
      "effective_alignment_weight": 0.05,
      "peak_mastery_corr": 0.0753180349279622,
      "retention_loss_value": 0.0,
      "mean_lag_corr": 0.0,
      "lag_corr_count": 0,
      "consistency_loss_weight_current": 0.3,
      "sparsity_loss_weight_current": 0.2,
      "loss_shares": {
        "main": 0.9711151770796985,
        "constraint_total": 0.028884825917717367,
        "alignment": -0.011036863683637141,
        "lag": 0.0,
        "retention": 0.0
      },
      "mean_mastery_variance": 0.01936897712667989,
      "min_mastery_variance": 0.01548004150390625,
      "max_mastery_variance": 0.029205322265625,
      "per_lag_correlations": []
    },
    {
      "epoch": 3,
      "mastery_correlation": 0.14052065557020824,
      "gain_correlation": -0.03290254573426301,
      "warmup_scale": 0.375,
      "alignment_corr_mastery": 0.016998397186398506,
      "alignment_corr_gain": 0.1657734513282776,
      "global_alignment_mastery_corr": 0.11073120696955205,
      "global_alignment_gain_corr": 0.0009970134195949262,
      "effective_alignment_weight": 0.07500000000000001,
      "peak_mastery_corr": 0.11073120696955205,
      "retention_loss_value": 0.0,
      "mean_lag_corr": 0.0,
      "lag_corr_count": 0,
      "consistency_loss_weight_current": 0.3,
      "sparsity_loss_weight_current": 0.2,
      "loss_shares": {
        "main": 0.9715268561185137,
        "constraint_total": 0.028473142038216402,
        "alignment": -0.019886387954562535,
        "lag": 0.0,
        "retention": 0.0
      },
      "mean_mastery_variance": 0.015112446997449805,
      "min_mastery_variance": 0.01319122314453125,
      "max_mastery_variance": 0.0177154541015625,
      "per_lag_correlations": []
    }
  ],
  "experiment_name": "full_seed63",
  "best_val_auc": 0.6833945947120748,
  "timestamp": "2025-10-21T10:31:03.531372",
  "warmup_constraint_epochs": 8
}