{
  "trajectory": [
    {
      "epoch": 1,
      "mastery_correlation": 0.0798944588570926,
      "gain_correlation": 0.0035314454941467854,
      "warmup_scale": 0.125,
      "alignment_corr_mastery": 0.00715123675763607,
      "alignment_corr_gain": 0.09045406430959702,
      "global_alignment_mastery_corr": 0.06905072794063016,
      "global_alignment_gain_corr": 0.023859380385741435,
      "effective_alignment_weight": 0.03,
      "peak_mastery_corr": 0.06905072794063016,
      "retention_loss_value": 0.0,
      "mean_lag_corr": 0.0,
      "lag_corr_count": 0,
      "consistency_loss_weight_current": 0.3,
      "sparsity_loss_weight_current": 0.2,
      "loss_shares": {
        "main": 0.9182700169815672,
        "constraint_total": 0.08172998399912289,
        "alignment": -0.0015023814316098732,
        "lag": 0.0,
        "retention": 0.0
      },
      "mean_mastery_variance": 0.029325495112127592,
      "min_mastery_variance": 0.019287109375,
      "max_mastery_variance": 0.0343017578125,
      "per_lag_correlations": []
    },
    {
      "epoch": 2,
      "mastery_correlation": 0.12155107956673704,
      "gain_correlation": -0.028913458182245826,
      "warmup_scale": 0.25,
      "alignment_corr_mastery": 0.013449430465698242,
      "alignment_corr_gain": 0.15882858633995056,
      "global_alignment_mastery_corr": 0.09011249047432406,
      "global_alignment_gain_corr": 0.014688342030349305,
      "effective_alignment_weight": 0.06,
      "peak_mastery_corr": 0.09011249047432406,
      "retention_loss_value": 0.0,
      "mean_lag_corr": 0.0,
      "lag_corr_count": 0,
      "consistency_loss_weight_current": 0.3,
      "sparsity_loss_weight_current": 0.2,
      "loss_shares": {
        "main": 0.9725580608501491,
        "constraint_total": 0.027441935007765126,
        "alignment": -0.013579729521353494,
        "lag": 0.0,
        "retention": 0.0
      },
      "mean_mastery_variance": 0.020008778942681348,
      "min_mastery_variance": 0.015777587890625,
      "max_mastery_variance": 0.0298919677734375,
      "per_lag_correlations": []
    },
    {
      "epoch": 3,
      "mastery_correlation": 0.1283761266195286,
      "gain_correlation": -0.030856992250477548,
      "warmup_scale": 0.375,
      "alignment_corr_mastery": 0.015544064342975616,
      "alignment_corr_gain": 0.15638627111911774,
      "global_alignment_mastery_corr": 0.09581634810368996,
      "global_alignment_gain_corr": 0.01704531542158899,
      "effective_alignment_weight": 0.09,
      "peak_mastery_corr": 0.09581634810368996,
      "retention_loss_value": 0.0,
      "mean_lag_corr": 0.0,
      "lag_corr_count": 0,
      "consistency_loss_weight_current": 0.3,
      "sparsity_loss_weight_current": 0.2,
      "loss_shares": {
        "main": 0.9721315206796277,
        "constraint_total": 0.027868479463839933,
        "alignment": -0.023752364654766253,
        "lag": 0.0,
        "retention": 0.0
      },
      "mean_mastery_variance": 0.016778422143175195,
      "min_mastery_variance": 0.01482391357421875,
      "max_mastery_variance": 0.018341064453125,
      "per_lag_correlations": []
    }
  ],
  "experiment_name": "full_seed42",
  "best_val_auc": 0.6802172985239108,
  "timestamp": "2025-10-21T10:28:57.916508",
  "warmup_constraint_epochs": 8
}