{
  "trajectory": [
    {
      "epoch": 1,
      "mastery_correlation": -0.00408037357635355,
      "gain_correlation": 0.07393839005736164,
      "warmup_scale": 0.125,
      "alignment_corr_mastery": 0.18647335469722748,
      "alignment_corr_gain": 0.2275998741388321,
      "global_alignment_mastery_corr": null,
      "global_alignment_gain_corr": null,
      "effective_alignment_weight": 0.03125,
      "peak_mastery_corr": 0.0,
      "retention_loss_value": 0.0,
      "mean_lag_corr": 0.0,
      "lag_corr_count": 0,
      "consistency_loss_weight_current": 0.3,
      "sparsity_loss_weight_current": 0.2,
      "loss_shares": {
        "main": 0.9893704246484815,
        "constraint_total": 0.010629575293517412,
        "alignment": -0.013577216801276848,
        "lag": 0.0,
        "retention": 0.0
      },
      "mean_mastery_variance": 0.017761837970947974,
      "min_mastery_variance": 0.01138011459261179,
      "max_mastery_variance": 0.04506231099367142,
      "per_lag_correlations": []
    },
    {
      "epoch": 2,
      "mastery_correlation": 0.0072777348997893725,
      "gain_correlation": 0.07273850416313934,
      "warmup_scale": 0.25,
      "alignment_corr_mastery": 0.16513068974018097,
      "alignment_corr_gain": 0.277548611164093,
      "global_alignment_mastery_corr": null,
      "global_alignment_gain_corr": null,
      "effective_alignment_weight": 0.0625,
      "peak_mastery_corr": 0.0,
      "retention_loss_value": 0.0,
      "mean_lag_corr": 0.0,
      "lag_corr_count": 0,
      "consistency_loss_weight_current": 0.3,
      "sparsity_loss_weight_current": 0.2,
      "loss_shares": {
        "main": 1.009813156778891,
        "constraint_total": -0.009813153227681766,
        "alignment": -0.043793721889411934,
        "lag": 0.0,
        "retention": 0.0
      },
      "mean_mastery_variance": 0.01666838438322507,
      "min_mastery_variance": 0.011666609905660152,
      "max_mastery_variance": 0.021703610196709633,
      "per_lag_correlations": []
    },
    {
      "epoch": 3,
      "mastery_correlation": 0.0020705794723794805,
      "gain_correlation": 0.07254402723217106,
      "warmup_scale": 0.375,
      "alignment_corr_mastery": 0.18030494451522827,
      "alignment_corr_gain": 0.30402305722236633,
      "global_alignment_mastery_corr": null,
      "global_alignment_gain_corr": null,
      "effective_alignment_weight": 0.09375,
      "peak_mastery_corr": 0.0,
      "retention_loss_value": 0.0,
      "mean_lag_corr": 0.0,
      "lag_corr_count": 0,
      "consistency_loss_weight_current": 0.3,
      "sparsity_loss_weight_current": 0.2,
      "loss_shares": {
        "main": 1.027155503455186,
        "constraint_total": -0.027155504276566066,
        "alignment": -0.07822768222455419,
        "lag": 0.0,
        "retention": 0.0
      },
      "mean_mastery_variance": 0.019964015116152676,
      "min_mastery_variance": 0.013411743566393852,
      "max_mastery_variance": 0.02478400245308876,
      "per_lag_correlations": []
    },
    {
      "epoch": 4,
      "mastery_correlation": 0.021913764537324444,
      "gain_correlation": 0.05499582200074614,
      "warmup_scale": 0.5,
      "alignment_corr_mastery": 0.20227153599262238,
      "alignment_corr_gain": 0.32563260197639465,
      "global_alignment_mastery_corr": null,
      "global_alignment_gain_corr": null,
      "effective_alignment_weight": 0.125,
      "peak_mastery_corr": 0.0,
      "retention_loss_value": 0.0,
      "mean_lag_corr": 0.0,
      "lag_corr_count": 0,
      "consistency_loss_weight_current": 0.3,
      "sparsity_loss_weight_current": 0.2,
      "loss_shares": {
        "main": 1.0506257115566764,
        "constraint_total": -0.050625715616904994,
        "alignment": -0.11996157112566483,
        "lag": 0.0,
        "retention": 0.0
      },
      "mean_mastery_variance": 0.01948471836880853,
      "min_mastery_variance": 0.014154549688100815,
      "max_mastery_variance": 0.028255416080355644,
      "per_lag_correlations": []
    },
    {
      "epoch": 5,
      "mastery_correlation": 0.029076945262649503,
      "gain_correlation": 0.04315322073198662,
      "warmup_scale": 0.625,
      "alignment_corr_mastery": 0.20009957253932953,
      "alignment_corr_gain": 0.3601280152797699,
      "global_alignment_mastery_corr": null,
      "global_alignment_gain_corr": null,
      "effective_alignment_weight": 0.109375,
      "peak_mastery_corr": 0.0,
      "retention_loss_value": 0.0,
      "mean_lag_corr": 0.0,
      "lag_corr_count": 0,
      "consistency_loss_weight_current": 0.3,
      "sparsity_loss_weight_current": 0.2,
      "loss_shares": {
        "main": 1.0344111866049608,
        "constraint_total": -0.03441118856408523,
        "alignment": -0.11971230943883593,
        "lag": 0.0,
        "retention": 0.0
      },
      "mean_mastery_variance": 0.018003231850621613,
      "min_mastery_variance": 0.014314403757452965,
      "max_mastery_variance": 0.024632185697555542,
      "per_lag_correlations": []
    },
    {
      "epoch": 6,
      "mastery_correlation": 0.0217012445513211,
      "gain_correlation": 0.05372739968594561,
      "warmup_scale": 0.75,
      "alignment_corr_mastery": 0.19716548919677734,
      "alignment_corr_gain": 0.38962095975875854,
      "global_alignment_mastery_corr": null,
      "global_alignment_gain_corr": null,
      "effective_alignment_weight": 0.09187499999999998,
      "peak_mastery_corr": 0.0,
      "retention_loss_value": 0.0,
      "mean_lag_corr": 0.0,
      "lag_corr_count": 0,
      "consistency_loss_weight_current": 0.3,
      "sparsity_loss_weight_current": 0.2,
      "loss_shares": {
        "main": 1.011783247203468,
        "constraint_total": -0.011783244121049821,
        "alignment": -0.11336951563230831,
        "lag": 0.0,
        "retention": 0.0
      },
      "mean_mastery_variance": 0.017523956205213315,
      "min_mastery_variance": 0.013934895396232605,
      "max_mastery_variance": 0.020995618775486946,
      "per_lag_correlations": []
    },
    {
      "epoch": 7,
      "mastery_correlation": 0.021737650152813353,
      "gain_correlation": 0.04555742710597618,
      "warmup_scale": 0.875,
      "alignment_corr_mastery": 0.2006293535232544,
      "alignment_corr_gain": 0.4310726225376129,
      "global_alignment_mastery_corr": null,
      "global_alignment_gain_corr": null,
      "effective_alignment_weight": 0.07503124999999998,
      "peak_mastery_corr": 0.0,
      "retention_loss_value": 0.0,
      "mean_lag_corr": 0.0,
      "lag_corr_count": 0,
      "consistency_loss_weight_current": 0.3,
      "sparsity_loss_weight_current": 0.2,
      "loss_shares": {
        "main": 0.9838739208772305,
        "constraint_total": 0.016126076281951684,
        "alignment": -0.10326763886911716,
        "lag": 0.0,
        "retention": 0.0
      },
      "mean_mastery_variance": 0.016625086858945808,
      "min_mastery_variance": 0.012609117664396763,
      "max_mastery_variance": 0.019305860623717308,
      "per_lag_correlations": []
    },
    {
      "epoch": 8,
      "mastery_correlation": 0.028572410557769337,
      "gain_correlation": 0.05111948989709898,
      "warmup_scale": 1.0,
      "alignment_corr_mastery": 0.21502035856246948,
      "alignment_corr_gain": 0.46659061312675476,
      "global_alignment_mastery_corr": null,
      "global_alignment_gain_corr": null,
      "effective_alignment_weight": 0.06002499999999998,
      "peak_mastery_corr": 0.0,
      "retention_loss_value": 0.0,
      "mean_lag_corr": 0.0,
      "lag_corr_count": 0,
      "consistency_loss_weight_current": 0.2,
      "sparsity_loss_weight_current": 0.2,
      "loss_shares": {
        "main": 0.9525628859950795,
        "constraint_total": 0.04743711340396297,
        "alignment": -0.09188038267610746,
        "lag": 0.0,
        "retention": 0.0
      },
      "mean_mastery_variance": 0.015664783851701978,
      "min_mastery_variance": 0.012257453985512257,
      "max_mastery_variance": 0.018674636259675026,