{
  "trajectory": [
    {
      "epoch": 1,
      "mastery_correlation": 0.08340777666468512,
      "gain_correlation": -0.0014257025322951197,
      "warmup_scale": 0.125,
      "alignment_corr_mastery": 0.009021630510687828,
      "alignment_corr_gain": 0.11376126110553741,
      "global_alignment_mastery_corr": 0.06653989705135852,
      "global_alignment_gain_corr": 0.00904985608047961,
      "effective_alignment_weight": 0.03125,
      "peak_mastery_corr": 0.06653989705135852,
      "retention_loss_value": 0.0,
      "mean_lag_corr": 0.0,
      "lag_corr_count": 0,
      "consistency_loss_weight_current": 0.3,
      "sparsity_loss_weight_current": 0.2,
      "loss_shares": {
        "main": 0.9281144244398102,
        "constraint_total": 0.0718855751086981,
        "alignment": -0.0025030096035200313,
        "lag": 0.0,
        "retention": 0.0
      },
      "mean_mastery_variance": 0.030031194340997408,
      "min_mastery_variance": 0.0221099853515625,
      "max_mastery_variance": 0.035400390625,
      "per_lag_correlations": []
    }
  ],
  "experiment_name": "full_seed21",
  "best_val_auc": 0.6753705964524759,
  "timestamp": "2025-10-18T13:10:13.892496",
  "warmup_constraint_epochs": 8
}