{
  "trajectory": [
    {
      "epoch": 1,
      "mastery_correlation": 0.08055870409024161,
      "gain_correlation": 0.01844997768031611,
      "warmup_scale": 0.125,
      "alignment_corr_mastery": 0.0082876430824399,
      "alignment_corr_gain": 0.09042084217071533,
      "global_alignment_mastery_corr": 0.06308637472238236,
      "global_alignment_gain_corr": 0.034376954727680036,
      "effective_alignment_weight": 0.03125,
      "peak_mastery_corr": 0.06308637472238236,
      "retention_loss_value": 0.0,
      "mean_lag_corr": 0.0,
      "lag_corr_count": 0,
      "consistency_loss_weight_current": 0.3,
      "sparsity_loss_weight_current": 0.2,
      "loss_shares": {
        "main": 0.9211607561258638,
        "constraint_total": 0.07883924796690606,
        "alignment": -0.001001306610267585,
        "lag": 0.0,
        "retention": 0.0
      },
      "mean_mastery_variance": 0.030256755611439444,
      "min_mastery_variance": 0.0188140869140625,
      "max_mastery_variance": 0.03582763671875,
      "per_lag_correlations": []
    },
    {
      "epoch": 2,
      "mastery_correlation": 0.12145181162916763,
      "gain_correlation": -0.037952257374912396,
      "warmup_scale": 0.25,
      "alignment_corr_mastery": 0.013901179656386375,
      "alignment_corr_gain": 0.1569175273180008,
      "global_alignment_mastery_corr": 0.09040791842261872,
      "global_alignment_gain_corr": 0.009759246581961634,
      "effective_alignment_weight": 0.0625,
      "peak_mastery_corr": 0.09040791842261872,
      "retention_loss_value": 0.0,
      "mean_lag_corr": 0.0,
      "lag_corr_count": 0,
      "consistency_loss_weight_current": 0.3,
      "sparsity_loss_weight_current": 0.2,
      "loss_shares": {
        "main": 0.9746940616169437,
        "constraint_total": 0.02530593765578687,
        "alignment": -0.014537499448758347,
        "lag": 0.0,
        "retention": 0.0
      },
      "mean_mastery_variance": 0.019223820977878076,
      "min_mastery_variance": 0.01543426513671875,
      "max_mastery_variance": 0.029266357421875,
      "per_lag_correlations": []
    },
    {
      "epoch": 3,
      "mastery_correlation": 0.1437839117500529,
      "gain_correlation": -0.035734344783717564,
      "warmup_scale": 0.375,
      "alignment_corr_mastery": 0.01667811907827854,
      "alignment_corr_gain": 0.17741428315639496,
      "global_alignment_mastery_corr": 0.10099483238018972,
      "global_alignment_gain_corr": 0.002280072450133351,
      "effective_alignment_weight": 0.09375,
      "peak_mastery_corr": 0.10099483238018972,
      "retention_loss_value": 0.0,
      "mean_lag_corr": 0.0,
      "lag_corr_count": 0,
      "consistency_loss_weight_current": 0.3,
      "sparsity_loss_weight_current": 0.2,
      "loss_shares": {
        "main": 0.978875534821528,
        "constraint_total": 0.021124466073559507,
        "alignment": -0.026279073410337597,
        "lag": 0.0,
        "retention": 0.0
      },
      "mean_mastery_variance": 0.014211387831930052,
      "min_mastery_variance": 0.01293182373046875,
      "max_mastery_variance": 0.016693115234375,
      "per_lag_correlations": []
    }
  ],
  "experiment_name": "full_seed84",
  "best_val_auc": 0.6864171942379669,
  "timestamp": "2025-10-21T10:26:23.152521",
  "warmup_constraint_epochs": 8
}