{
  "trajectory": [
    {
      "epoch": 1,
      "mastery_correlation": -0.001754120890172712,
      "gain_correlation": 0.10458477648628162,
      "warmup_scale": 0.125,
      "alignment_corr_mastery": 0.1655273735523224,
      "alignment_corr_gain": 0.22083397209644318,
      "global_alignment_mastery_corr": 0.010894623447578244,
      "global_alignment_gain_corr": 0.00827519654451559,
      "effective_alignment_weight": 0.03125,
      "peak_mastery_corr": 0.0,
      "retention_loss_value": 0.0,
      "mean_lag_corr": 0.0,
      "lag_corr_count": 0,
      "consistency_loss_weight_current": 0.3,
      "sparsity_loss_weight_current": 0.2,
      "loss_shares": {
        "main": 0.9896266466166127,
        "constraint_total": 0.010373355664994966,
        "alignment": -0.013723036957280324,
        "lag": 0.0,
        "retention": 0.0
      },
      "mean_mastery_variance": 0.018711782856771983,
      "min_mastery_variance": 0.01308447401970625,
      "max_mastery_variance": 0.04246590659022331,
      "per_lag_correlations": []
    },
    {
      "epoch": 2,
      "mastery_correlation": -0.013585437851762847,
      "gain_correlation": 0.07332071355165304,
      "warmup_scale": 0.25,
      "alignment_corr_mastery": 0.17300362884998322,
      "alignment_corr_gain": 0.25555431842803955,
      "global_alignment_mastery_corr": 0.008632259840378537,
      "global_alignment_gain_corr": 0.009840803036883396,
      "effective_alignment_weight": 0.0625,
      "peak_mastery_corr": 0.0,
      "retention_loss_value": 0.0,
      "mean_lag_corr": 0.0,
      "lag_corr_count": 0,
      "consistency_loss_weight_current": 0.3,
      "sparsity_loss_weight_current": 0.2,
      "loss_shares": {
        "main": 1.0104538175694546,
        "constraint_total": -0.01045381752207048,
        "alignment": -0.044350310218552555,
        "lag": 0.0,
        "retention": 0.0
      },
      "mean_mastery_variance": 0.01569184424944338,
      "min_mastery_variance": 0.011918983422219753,
      "max_mastery_variance": 0.020649904385209084,
      "per_lag_correlations": []
    },
    {
      "epoch": 3,
      "mastery_correlation": -0.0204561122791427,
      "gain_correlation": 0.05161849419413503,
      "warmup_scale": 0.375,
      "alignment_corr_mastery": 0.1433652639389038,
      "alignment_corr_gain": 0.2948688566684723,
      "global_alignment_mastery_corr": -0.018356524995518462,
      "global_alignment_gain_corr": 0.03989226047075742,
      "effective_alignment_weight": 0.09375,
      "peak_mastery_corr": 0.0,
      "retention_loss_value": 0.0,
      "mean_lag_corr": 0.0,
      "lag_corr_count": 0,
      "consistency_loss_weight_current": 0.3,
      "sparsity_loss_weight_current": 0.2,
      "loss_shares": {
        "main": 1.0270784501613948,
        "constraint_total": -0.02707845053304491,
        "alignment": -0.0778173660272282,
        "lag": 0.0,
        "retention": 0.0
      },
      "mean_mastery_variance": 0.016168335163145486,
      "min_mastery_variance": 0.012486129999160767,
      "max_mastery_variance": 0.02131432667374611,
      "per_lag_correlations": []
    },
    {
      "epoch": 4,
      "mastery_correlation": -0.011218958096423067,
      "gain_correlation": 0.04356802140315596,
      "warmup_scale": 0.5,
      "alignment_corr_mastery": 0.17047598958015442,
      "alignment_corr_gain": 0.3261840343475342,
      "global_alignment_mastery_corr": -0.0011890028965232584,
      "global_alignment_gain_corr": 0.04902391219419769,
      "effective_alignment_weight": 0.125,
      "peak_mastery_corr": 0.0,
      "retention_loss_value": 0.0,
      "mean_lag_corr": 0.0,
      "lag_corr_count": 0,
      "consistency_loss_weight_current": 0.3,
      "sparsity_loss_weight_current": 0.2,
      "loss_shares": {
        "main": 1.049551272312082,
        "constraint_total": -0.04955126869921912,
        "alignment": -0.11890003059235905,
        "lag": 0.0,
        "retention": 0.0
      },
      "mean_mastery_variance": 0.016032332723352267,
      "min_mastery_variance": 0.012330417521297932,
      "max_mastery_variance": 0.020608441904187202,
      "per_lag_correlations": []
    },
    {
      "epoch": 5,
      "mastery_correlation": 0.016704543107948937,
      "gain_correlation": 0.06920883297037533,
      "warmup_scale": 0.625,
      "alignment_corr_mastery": 0.20028147101402283,
      "alignment_corr_gain": 0.3682926893234253,
      "global_alignment_mastery_corr": -0.003356077889232741,
      "global_alignment_gain_corr": 0.0352626381519561,
      "effective_alignment_weight": 0.15625,
      "peak_mastery_corr": 0.0,
      "retention_loss_value": 0.0,
      "mean_lag_corr": 0.0,
      "lag_corr_count": 0,
      "consistency_loss_weight_current": 0.3,
      "sparsity_loss_weight_current": 0.2,
      "loss_shares": {
        "main": 1.0849432656396187,
        "constraint_total": -0.08494326914717425,
        "alignment": -0.17523949660483998,
        "lag": 0.0,
        "retention": 0.0
      },
      "mean_mastery_variance": 0.017188247939851617,
      "min_mastery_variance": 0.012306955642998219,
      "max_mastery_variance": 0.02319047786295414,
      "per_lag_correlations": []
    },
    {
      "epoch": 6,
      "mastery_correlation": 0.002739248578654878,
      "gain_correlation": 0.047651603024439784,
      "warmup_scale": 0.75,
      "alignment_corr_mastery": 0.19655708968639374,
      "alignment_corr_gain": 0.38943010568618774,
      "global_alignment_mastery_corr": 0.01038165738573298,
      "global_alignment_gain_corr": 0.06081602979122787,
      "effective_alignment_weight": 0.13124999999999998,
      "peak_mastery_corr": 0.0,
      "retention_loss_value": 0.0,
      "mean_lag_corr": 0.0,
      "lag_corr_count": 0,
      "consistency_loss_weight_current": 0.3,
      "sparsity_loss_weight_current": 0.2,
      "loss_shares": {
        "main": 1.0612448745468965,
        "constraint_total": -0.06124487515029277,
        "alignment": -0.16880541329942708,
        "lag": 0.0,
        "retention": 0.0
      },
      "mean_mastery_variance": 0.01591537622590139,
      "min_mastery_variance": 0.0116423349827528,
      "max_mastery_variance": 0.021532606333494186,
      "per_lag_correlations": []
    },
    {
      "epoch": 7,
      "mastery_correlation": 0.0177843608309162,
      "gain_correlation": 0.07090342961508946,
      "warmup_scale": 0.875,
      "alignment_corr_mastery": 0.21296480298042297,
      "alignment_corr_gain": 0.4477836489677429,
      "global_alignment_mastery_corr": 0.0077590665634488685,
      "global_alignment_gain_corr": 0.04807143819256453,
      "effective_alignment_weight": 0.15312499999999998,
      "peak_mastery_corr": 0.0,
      "retention_loss_value": 0.0,
      "mean_lag_corr": 0.0,
      "lag_corr_count": 0,
      "consistency_loss_weight_current": 0.3,
      "sparsity_loss_weight_current": 0.2,
      "loss_shares": {
        "main": 1.1002548481078773,
        "constraint_total": -0.10025484843324793,
        "alignment": -0.234780680826992,
        "lag": 0.0,
        "retention": 0.0
      },
      "mean_mastery_variance": 0.015339269095288656,
      "min_mastery_variance": 0.011298399418592453,
      "max_mastery_variance": 0.019605636596679688,
      "per_lag_correlations": []
    },
    {
      "epoch": 8,
      "mastery_correlation": 0.020053356554863726,
      "gain_correlation": 0.06475959282078143,
      "warmup_scale": 1.0,
      "alignment_corr_mastery": 0.2309168428182602,
      "alignment_corr_gain": 0.5087064504623413,
      "global_alignment_mastery_corr": 0.008977179157542802,
      "global_alignment_gain_corr": 0.05403359782804425,
      "effective_alignment_weight": 0.14319805728550997,
      "peak_mastery_corr": 0.0,
      "retention_loss_value": 0.0,
      "mean_lag_corr": 0.0,
      "lag_corr_count": 0,
      "consistency_loss_weight_current": 0.2,
      "sparsity_loss_weight_current": 0.2,
      "loss_shares": {
        "main": 1.0953520479326482,
        "constraint_total": -0.0953520490583996,