{
  "best_val_auc": 0.7182173034598356,
  "best_epoch": 1,
  "final_mastery_corr": 0.036122812924901763,
  "final_gain_corr": -0.0005008405037369812
}