{
  "best_val_auc": 0.724694651104277,
  "best_epoch": 3,
  "final_mastery_corr": 0.03740488104429258,
  "final_gain_corr": 0.0189536754608009
}