{
  "best_val_auc": 0.7171252133438974,
  "best_epoch": 1,
  "final_mastery_corr": 0.052604857599144454,
  "final_gain_corr": 0.01196393789219049
}