{
  "runs": [
    {
      "file": "results/gainakt2exp_semantic_trajectory_full_seed21_20251018_131031.json",
      "seed": 21,
      "best_val_auc": 0.7174037118184231,
      "epoch_selected": 12,
      "global_alignment_mastery_corr": 0.11402922268913245,
      "global_alignment_gain_corr": 0.04603909383411519
    }
  ],
  "mastery_mean": 0.11402922268913245,
  "mastery_std": 0.0,
  "gain_mean": 0.04603909383411519,
  "gain_std": 0.0,
  "count": 1
}