{
  "valid_auc": 0.7305235391619403,
  "valid_acc": 0.7564745155670615,
  "valid_metrics": {
    "l_sup": 0.5088085000221879,
    "l_reg": 6.98741043764557e-07,
    "l_ref": 0.017761896744522512,
    "l_init": 0.024493974755631212,
    "l_rate": 0.06865498612460469
  },
  "test_auc": 0.7233406482864355,
  "test_acc": 0.7498662624821684,
  "test_metrics": {
    "l_sup": 0.5193374275913439,
    "l_reg": 7.05724541275544e-07,
    "l_ref": 0.017642868606404204,
    "l_init": 0.024235949371043394,
    "l_rate": 0.06870632682443319
  },
  "window_test_auc": 0.7234738355872912,
  "window_test_acc": 0.7497474747474747,
  "window_metrics": {
    "l_sup": 0.5276044944872041,
    "l_reg": 6.872450209656952e-07,
    "l_ref": 0.0,
    "l_init": 0.023167726672896086,
    "l_rate": 0.07072079746356062
  },
  "checkpoint": "/workspaces/pykt-toolkit/experiments/20251226_154332_idkt_path2_autonomous_discovery_584960/best_model.pt"
}