{
  "r2_true": 0.6471948924669786,
  "pearson_true": 0.804613141000445,
  "r2_control": -0.004302228731869917,
  "pearson_control": 0.0059178107189182035,
  "selectivity_r2": 0.6514971211988485
}