lambda_penalty,epsilon,test_auc,test_l1_auc,test_l2_mae,test_l2_mse,test_l2_penalty
100.0,0.05,0.7017508835410862,0.7017508835410862,0.18702131509780884,0.04028598964214325,0.02402740548990789
