epoch,train_loss,train_auc,train_acc,val_loss,val_auc,val_acc,train_bce_loss,train_im_loss,val_bce_loss,val_im_loss,train_encoder1_auc,train_encoder1_acc,val_encoder1_auc,val_encoder1_acc,train_encoder2_auc,train_encoder2_acc,val_encoder2_auc,val_encoder2_acc
1,0.567947,0.680382,0.734370,0.567947,0.675598,0.740241,0.563305,0.609724,0.563305,0.609724,0.680382,0.734370,0.675598,0.740241,0.502527,0.734370,0.505495,0.740241
2,0.559522,0.693518,0.734370,0.559522,0.686649,0.740241,0.553997,0.609254,0.553997,0.609254,0.693518,0.734370,0.686649,0.740241,0.503614,0.734370,0.506456,0.740241
3,0.556993,0.698830,0.734370,0.556993,0.689919,0.740241,0.551237,0.608799,0.551237,0.608799,0.698830,0.734370,0.689919,0.740241,0.504355,0.734370,0.507159,0.740241
4,0.555031,0.700914,0.734370,0.555031,0.688637,0.740241,0.549107,0.608353,0.549107,0.608353,0.700914,0.734370,0.688637,0.740241,0.504759,0.734370,0.507568,0.740241
5,0.553128,0.705300,0.734370,0.553128,0.689311,0.740241,0.547041,0.607916,0.547041,0.607916,0.705300,0.734370,0.689311,0.740241,0.504969,0.734370,0.507778,0.740241
6,0.551120,0.708423,0.734370,0.551120,0.688419,0.740241,0.544857,0.607487,0.544857,0.607487,0.708423,0.734370,0.688419,0.740241,0.505229,0.734370,0.508063,0.740241
