epoch,train_loss,train_auc,train_acc,val_loss,val_auc,val_acc,train_bce_loss,train_im_loss,val_bce_loss,val_im_loss,train_encoder1_auc,train_encoder1_acc,val_encoder1_auc,val_encoder1_acc,train_encoder2_auc,train_encoder2_acc,val_encoder2_auc,val_encoder2_acc
1,0.600184,0.677991,0.734370,0.600184,0.673812,0.740241,0.563586,0.609333,0.563586,0.609333,0.677991,0.734370,0.673812,0.740241,0.514600,0.734370,0.516468,0.740241
2,0.597742,0.688848,0.734370,0.597742,0.683124,0.740241,0.554694,0.608504,0.554694,0.608504,0.688848,0.734370,0.683124,0.740241,0.518519,0.734370,0.519993,0.740241
3,0.596644,0.693580,0.734370,0.596644,0.686981,0.740241,0.552456,0.607691,0.552456,0.607691,0.693580,0.734370,0.686981,0.740241,0.520396,0.734370,0.521666,0.740241
4,0.595702,0.697427,0.734370,0.595702,0.689418,0.740241,0.550926,0.606897,0.550926,0.606897,0.697427,0.734370,0.689418,0.740241,0.522076,0.734370,0.523308,0.740241
5,0.594818,0.700160,0.734370,0.594818,0.690326,0.740241,0.549595,0.606123,0.549595,0.606123,0.700160,0.734370,0.690326,0.740241,0.523813,0.734370,0.525035,0.740241
6,0.593969,0.701890,0.734370,0.593969,0.689858,0.740241,0.548361,0.605371,0.548361,0.605371,0.701890,0.734370,0.689858,0.740241,0.525377,0.734370,0.526610,0.740241
