epoch,train_loss,train_auc,val_loss,val_auc,val_accuracy,monotonicity_violation_rate,negative_gain_rate,bounds_violation_rate,mastery_correlation,gain_correlation,main_loss_share,constraint_loss_share,alignment_loss_share,lag_loss_share,retention_loss_share
1,0.5379500629988359,0.677956528822259,0.5215114428072559,0.7072663970991618,0.7481435342436423,0.0,0.0,0.0,0.15724881001006824,0.055963194843236114,0.9961969410989683,0.003803055165124318,-0.0014503798129673784,0.0,0.0
2,0.5167028466963397,0.7133329817991777,0.5145728630678994,0.7177495716274883,0.7519975863512054,0.0,0.0,0.0,0.15415261444384323,0.015932357081152867,1.0077437481663611,-0.007743747149865442,-0.00863307953219624,0.0,0.0
3,0.5047759444602413,0.7252976923352595,0.5113195217385584,0.7222639950722327,0.7532433405677914,0.0,0.0,0.0,0.1588217861376368,-0.007644659483307439,1.017018028700159,-0.0170180292136939,-0.017873580819245193,0.0,0.0
4,0.4946366780162475,0.7335663081420989,0.5101465607176021,0.7239592593888151,0.7541289939561455,0.0,0.0,0.0,0.15160726879343248,-0.0053984914445593625,1.0271274187955644,-0.027127416635601073,-0.028001918349814574,0.0,0.0
5,0.4848376704003527,0.7403550770941191,0.510167482556129,0.7243324911670221,0.7538467527664503,0.0,0.0,0.0,0.15064626518765353,0.0006681914737267571,1.0385477218605899,-0.03854772094772887,-0.03945523113767573,0.0,0.0
