epoch,train_loss,train_auc,train_acc,val_loss,val_auc,val_acc,train_bce_loss,train_im_loss,val_bce_loss,val_im_loss,train_encoder1_auc,train_encoder1_acc,val_encoder1_auc,val_encoder1_acc,train_encoder2_auc,train_encoder2_acc,val_encoder2_auc,val_encoder2_acc
1,0.567770,0.680382,0.734370,0.567770,0.675598,0.740241,0.563305,0.607956,0.563305,0.607956,0.680382,0.734370,0.675598,0.740241,0.517870,0.734370,0.519763,0.740241
2,0.559326,0.693518,0.734370,0.559326,0.686649,0.740241,0.553997,0.607289,0.553997,0.607289,0.693518,0.734370,0.686649,0.740241,0.521876,0.734370,0.523558,0.740241
3,0.556778,0.698830,0.734370,0.556778,0.689919,0.740241,0.551237,0.606646,0.551237,0.606646,0.698830,0.734370,0.689919,0.740241,0.524060,0.734370,0.525526,0.740241
4,0.554799,0.700914,0.734370,0.554799,0.688637,0.740241,0.549107,0.606026,0.549107,0.606026,0.700914,0.734370,0.688637,0.740241,0.525639,0.734370,0.527178,0.740241
5,0.552880,0.705300,0.734370,0.552880,0.689311,0.740241,0.547041,0.605430,0.547041,0.605430,0.705300,0.734370,0.689311,0.740241,0.527073,0.734370,0.528670,0.740241
6,0.550857,0.708423,0.734370,0.550857,0.688419,0.740241,0.544857,0.604856,0.544857,0.604856,0.708423,0.734370,0.688419,0.740241,0.528265,0.734370,0.529924,0.740241
