epoch,train_loss,train_auc,train_acc,val_loss,val_auc,val_acc,train_bce_loss,train_im_loss,val_bce_loss,val_im_loss,train_encoder1_auc,train_encoder1_acc,val_encoder1_auc,val_encoder1_acc,train_encoder2_auc,train_encoder2_acc,val_encoder2_auc,val_encoder2_acc
1,0.598866,0.677991,0.734370,0.598866,0.673812,0.740241,0.563586,0.607686,0.563586,0.607686,0.677991,0.734370,0.673812,0.740241,0.517501,0.734370,0.519179,0.740241
2,0.596424,0.688848,0.734370,0.596424,0.683124,0.740241,0.554694,0.606857,0.554694,0.606857,0.688848,0.734370,0.683124,0.740241,0.520908,0.734370,0.522167,0.740241
3,0.595327,0.693580,0.734370,0.595327,0.686981,0.740241,0.552456,0.606044,0.552456,0.606044,0.693580,0.734370,0.686981,0.740241,0.523321,0.734370,0.524454,0.740241
4,0.594386,0.697427,0.734370,0.594386,0.689418,0.740241,0.550926,0.605251,0.550926,0.605251,0.697427,0.734370,0.689418,0.740241,0.525332,0.734370,0.526370,0.740241
5,0.593502,0.700160,0.734370,0.593502,0.690326,0.740241,0.549595,0.604478,0.549595,0.604478,0.700160,0.734370,0.690326,0.740241,0.527027,0.734370,0.528014,0.740241
6,0.592653,0.701890,0.734370,0.592653,0.689858,0.740241,0.548361,0.603726,0.548361,0.603726,0.701890,0.734370,0.689858,0.740241,0.528564,0.734370,0.529517,0.740241
