epoch,train_loss,train_auc,train_acc,val_loss,val_auc,val_acc,train_bce_loss,train_im_loss,val_bce_loss,val_im_loss,train_encoder1_auc,train_encoder1_acc,val_encoder1_auc,val_encoder1_acc,train_encoder2_auc,train_encoder2_acc,val_encoder2_auc,val_encoder2_acc
1,0.598938,0.677991,0.734370,0.598938,0.673812,0.740241,0.563586,0.607776,0.563586,0.607776,0.677991,0.734370,0.673812,0.740241,0.512654,0.734370,0.514770,0.740241
2,0.596447,0.688848,0.734370,0.596447,0.683124,0.740241,0.554694,0.606886,0.554694,0.606886,0.688848,0.734370,0.683124,0.740241,0.516756,0.734370,0.518535,0.740241
3,0.595299,0.693580,0.734370,0.595299,0.686981,0.740241,0.552456,0.606010,0.552456,0.606010,0.693580,0.734370,0.686981,0.740241,0.519486,0.734370,0.520993,0.740241
4,0.594308,0.697427,0.734370,0.594308,0.689418,0.740241,0.550926,0.605154,0.550926,0.605154,0.697427,0.734370,0.689418,0.740241,0.522096,0.734370,0.523615,0.740241
5,0.593373,0.700160,0.734370,0.593373,0.690326,0.740241,0.549595,0.604318,0.549595,0.604318,0.700160,0.734370,0.690326,0.740241,0.525182,0.734370,0.526643,0.740241
6,0.592474,0.701890,0.734370,0.592474,0.689858,0.740241,0.548361,0.603503,0.548361,0.603503,0.701890,0.734370,0.689858,0.740241,0.528086,0.734370,0.529400,0.740241
