epoch,train_loss,train_auc,val_loss,val_auc,val_accuracy,monotonicity_violation_rate,negative_gain_rate,bounds_violation_rate,mastery_correlation,gain_correlation,main_loss_share,constraint_loss_share,alignment_loss_share,lag_loss_share,retention_loss_share
1,0.5424321777153509,0.6915604491410234,0.5180977765394716,0.7150763789292935,0.7494671480987649,0.0,0.0,0.0,0.09683268473666064,0.03620316296555073,0.981280150035933,0.018719850547592516,-0.005043631196656651,0.0,0.0
2,0.519201897123317,0.7238945760311218,0.5105882785758193,0.7237449725179579,0.7535839764863892,0.0,0.0,0.0,0.08350827733835556,-0.00464255677965175,0.990417657585819,0.009582342655827164,-0.02214914507877125,0.0,0.0
