{
  "tail_metrics": {
    "epoch": 2.0,
    "train_loss": 0.519201897123317,
    "train_auc": 0.7238945760311218,
    "val_loss": 0.5105882785758193,
    "val_auc": 0.7237449725179579,
    "val_accuracy": 0.7535839764863892,
    "monotonicity_violation_rate": 0.0,
    "negative_gain_rate": 0.0,
    "bounds_violation_rate": 0.0,
    "mastery_correlation": 0.08350827733835556,
    "gain_correlation": -0.00464255677965175,
    "main_loss_share": 0.990417657585819,
    "constraint_loss_share": 0.009582342655827164,
    "alignment_loss_share": -0.02214914507877125,
    "lag_loss_share": 0.0,
    "retention_loss_share": 0.0
  },
  "best_summary": {
    "best_epoch": 2.0,
    "best_val_auc": 0.7237449725179579,
    "best_val_accuracy": 0.7535839764863892,
    "mastery_corr": null,
    "gain_corr": null
  },
  "config_md5": "992738af405c7b2ba6ccead4c9159989"
}