{
  "experiment_id": "20251101_192741_gainakt2exp_tolerance_test",
  "dataset": "assist2015",
  "fold": 0,
  "valid_auc": 0.7180186657366635,
  "valid_acc": 0.751462301336266,
  "test_auc": 0.7109838798023462,
  "test_acc": 0.7454083452211127,
  "test_mastery_correlation": 0.10658187190637673,
  "test_gain_correlation": 0.0006321415899871397,
  "test_correlation_students": 262,
  "timestamp": "2025-11-01T19:31:49.324741"
}