{
  "experiment_name": "optimal_v1",
  "best_val_auc": 0.7180186667218781,
  "final_consistency_metrics": {
    "monotonicity_violation_rate": 0.0,
    "negative_gain_rate": 0.0,
    "bounds_violation_rate": 0.0,
    "mastery_correlation": 0.10253104884480088,
    "gain_correlation": 0.010509063596633395
  },
  "train_history": {
    "train_loss": [
      0.5348114795172153
    ],
    "train_auc": [
      0.6955444002144644
    ],
    "val_auc": [
      0.7180186667218781
    ],
    "consistency_metrics": [
      {
        "monotonicity_violation_rate": 0.0,
        "negative_gain_rate": 0.0,
        "bounds_violation_rate": 0.0,
        "mastery_correlation": 0.14625441528955269,
        "gain_correlation": -0.0022506530590135575
      }
    ],
    "semantic_trajectory": [
      {
        "epoch": 1,
        "mastery_correlation": 0.14625441528955269,
        "gain_correlation": -0.0022506530590135575,
        "warmup_scale": 0.125,
        "alignment_corr_mastery": 0.0264800563454628,
        "alignment_corr_gain": 0.10479087382555008,
        "global_alignment_mastery_corr": 0.1212016647527586,
        "global_alignment_gain_corr": 0.015038840154132534,
        "effective_alignment_weight": 0.03125,
        "peak_mastery_corr": 0.1212016647527586,
        "retention_loss_value": 0.0,
        "mean_lag_corr": 0.0,
        "lag_corr_count": 0,
        "consistency_loss_weight_current": 0.3,
        "sparsity_loss_weight_current": 0.2,
        "loss_shares": {
          "main": 0.9875470701416316,
          "constraint_total": 0.012452931880465904,
          "alignment": -0.007287104515896945,
          "lag": 0.0,
          "retention": 0.0
        },
        "mean_mastery_variance": 0.013214761546099341,
        "min_mastery_variance": 0.009841364808380604,
        "max_mastery_variance": 0.049630168825387955,
        "per_lag_correlations": []
      }
    ]
  },
  "correlation_sampling": {
    "deterministic": true,
    "epoch": 1,
    "local_mastery_corr": 0.14625441528955269,
    "local_gain_corr": -0.0022506530590135575,
    "global_mastery_corr": 0.1212016647527586,
    "global_gain_corr": 0.015038840154132534,
    "notes": "Deterministic stratified selection (sorted slice) applied; seeds fixed."
  }
}