{
  "tail_metrics": {
    "epoch": 1.0,
    "train_loss": 0.5348114795172153,
    "train_auc": 0.6955444002144644,
    "val_loss": 0.5139607148072154,
    "val_auc": 0.7180186667218781,
    "val_accuracy": 0.751462301336266,
    "monotonicity_violation_rate": 0.0,
    "negative_gain_rate": 0.0,
    "bounds_violation_rate": 0.0,
    "mastery_correlation": 0.14625441528955269,
    "gain_correlation": -0.0022506530590135575,
    "main_loss_share": 0.9875470701416316,
    "constraint_loss_share": 0.012452931880465904,
    "alignment_loss_share": -0.007287104515896945,
    "lag_loss_share": 0.0,
    "retention_loss_share": 0.0
  },
  "best_summary": {
    "best_epoch": 1.0,
    "best_val_auc": 0.7180186667218781,
    "best_val_accuracy": 0.751462301336266,
    "mastery_corr": null,
    "gain_corr": null
  },
  "config_md5": "c5afbb9579ef6c509c049c8ce1c465e5"
}