epoch,train_loss,train_auc,train_acc,val_loss,val_auc,val_acc,train_bce_loss,train_im_loss,val_bce_loss,val_im_loss,train_encoder1_auc,train_encoder1_acc,val_encoder1_auc,val_encoder1_acc,train_encoder2_auc,train_encoder2_acc,val_encoder2_auc,val_encoder2_acc
1,0.567999,0.680382,0.734370,0.567999,0.675598,0.740241,0.563305,0.610240,0.563305,0.610240,0.680382,0.734370,0.675598,0.740241,0.500723,0.734370,0.503874,0.740241
2,0.559576,0.693518,0.734370,0.559576,0.686649,0.740241,0.553997,0.609793,0.553997,0.609793,0.693518,0.734370,0.686649,0.740241,0.501604,0.734370,0.504666,0.740241
3,0.557049,0.698830,0.734370,0.557049,0.689919,0.740241,0.551237,0.609358,0.551237,0.609358,0.698830,0.734370,0.689919,0.740241,0.502043,0.734370,0.505064,0.740241
4,0.555089,0.700914,0.734370,0.555089,0.688637,0.740241,0.549107,0.608929,0.549107,0.608929,0.700914,0.734370,0.688637,0.740241,0.502272,0.734370,0.505282,0.740241
5,0.553187,0.705300,0.734370,0.553187,0.689311,0.740241,0.547041,0.608508,0.547041,0.608508,0.705300,0.734370,0.689311,0.740241,0.502473,0.734370,0.505502,0.740241
6,0.551181,0.708423,0.734370,0.551181,0.688419,0.740241,0.544857,0.608091,0.544857,0.608091,0.708423,0.734370,0.688419,0.740241,0.502801,0.734370,0.505860,0.740241
