{
  "r2_true": -91.92416849187822,
  "pearson_true": 0.020182464894134198,
  "r2_control": -218.22629768110207,
  "pearson_control": 0.034069913368388924,
  "selectivity_r2": 126.30212918922385
}