{
  "lambda_ref": 3.8647025887783446,
  "lambda_initmastery": 5.048362030841448,
  "lambda_rate": 1.3458676578802278
}