{
  "valid_auc": 0.8002486028032096,
  "valid_acc": 0.7436652162784745,
  "valid_metrics": {
    "l_sup": 0.5217573831418848,
    "l_reg": 2.7153598744512743e-05,
    "l_ref": 0.024692441233330302,
    "l_init": 0.02844366288635926,
    "l_rate": 0.12836463425663283
  },
  "test_auc": 0.796268676082782,
  "test_acc": 0.738485316846986,
  "test_metrics": {
    "l_sup": 0.5291542854378558,
    "l_reg": 2.859189325218639e-05,
    "l_ref": 0.023963982408696956,
    "l_init": 0.029503307168886005,
    "l_rate": 0.1318729278176358
  },
  "window_test_auc": 0.796268676082782,
  "window_test_acc": 0.738485316846986,
  "window_metrics": {
    "l_sup": 0.5291542854378558,
    "l_reg": 2.859189325218639e-05,
    "l_ref": 0.0,
    "l_init": 0.029503307168886005,
    "l_rate": 0.1318729278176358
  },
  "checkpoint": "/workspaces/pykt-toolkit/experiments/20251231_000321_idkt_assist2009_S_hr_sweep_l0.3_198776/best_model.pt"
}