{
  "prediction_mse": 0.024618830531835556,
  "prediction_corr": 0.7965900381008414,
  "initmastery_mse": 0.028635788708925247,
  "initmastery_corr": 0.7102632129891633,
  "learning_rate_mse": 0.12822626531124115,
  "learning_rate_corr": 0.43488830986237975,
  "h2_functional_alignment": 0.29192211220525477,
  "h3_discriminant_overlap": -0.04677420705829202,
  "h3_latent_overlap": -0.03267545125924758
}