split,auc,acc,l_sup,l_ref,l_init,l_rate,l_reg
test,0.796269,0.738485,0.529154,0.023964,0.029503,0.131873,0.000029
