{
  "r2_true": 0.4757482931670275,
  "pearson_true": 0.7125008194196599,
  "r2_control": -1.895794306881128,
  "pearson_control": -0.04250896924622892,
  "selectivity_r2": 2.3715426000481554
}