{
  "valid_auc": 0.8002486028032096,
  "valid_acc": 0.7436652162784745,
  "valid_metrics": {
    "l_sup": 0.5263611746264656,
    "l_reg": 3.519543780486048e-05,
    "l_ref": 0.026523403202493984,
    "l_init": 0.026621680689450353,
    "l_rate": 0.12344427690026283
  },
  "test_auc": 0.7969015458620066,
  "test_acc": 0.7417882433239484,
  "test_metrics": {
    "l_sup": 0.5263611746264656,
    "l_reg": 3.519543780486048e-05,
    "l_ref": 0.026523403202493984,
    "l_init": 0.026621680689450353,
    "l_rate": 0.12344427690026283
  },
  "best_epoch": 45,
  "params": {
    "model_name": "idkt",
    "dataset_name": "assist2009_S",
    "fold": 0,
    "seed": 42,
    "emb_type": "qid",
    "save_dir": "/workspaces/pykt-toolkit/experiments/20251231_000321_idkt_assist2009_S_hr_sweep_l0.3_198776",
    "d_model": 256,
    "d_ff": 512,
    "num_attn_heads": 8,
    "n_blocks": 4,
    "dropout": 0.2,
    "final_fc_dim": 512,
    "learning_rate": 0.0001,
    "weight_decay": 0.0,
    "batch_size": 64,
    "num_epochs": 100,
    "optimizer": "Adam",
    "gradient_clip": 1.0,
    "patience": 10,
    "seq_len": 200,
    "l2": 1e-05,
    "lambda_student": 1e-05,
    "lambda_gap": 1e-05,
    "lambda_ref": 0.3,
    "lambda_initmastery": 0.3,
    "lambda_rate": 0.3,
    "theory_guided": 1,
    "calibrate": 1,
    "use_wandb": 0,
    "add_uuid": 0
  }
}