epoch,train_loss,train_auc,train_acc,val_loss,val_auc,val_acc,train_bce_loss,train_im_loss,val_bce_loss,val_im_loss,train_encoder1_auc,train_encoder1_acc,val_encoder1_auc,val_encoder1_acc,train_encoder2_auc,train_encoder2_acc,val_encoder2_auc,val_encoder2_acc
1,0.568027,0.680382,0.734370,0.568027,0.675598,0.740241,0.563305,0.610522,0.563305,0.610522,0.680382,0.734370,0.675598,0.740241,0.507032,0.734370,0.509375,0.740241
2,0.559596,0.693518,0.734370,0.559596,0.686649,0.740241,0.553997,0.609996,0.553997,0.609996,0.693518,0.734370,0.686649,0.740241,0.508666,0.734370,0.510903,0.740241
3,0.557063,0.698830,0.734370,0.557063,0.689919,0.740241,0.551237,0.609492,0.551237,0.609492,0.698830,0.734370,0.689919,0.740241,0.509461,0.734370,0.511683,0.740241
4,0.555097,0.700914,0.734370,0.555097,0.688637,0.740241,0.549107,0.609004,0.549107,0.609004,0.700914,0.734370,0.688637,0.740241,0.509948,0.734370,0.512174,0.740241
5,0.553190,0.705300,0.734370,0.553190,0.689311,0.740241,0.547041,0.608532,0.547041,0.608532,0.705300,0.734370,0.689311,0.740241,0.510054,0.734370,0.512264,0.740241
6,0.551179,0.708423,0.734370,0.551179,0.688419,0.740241,0.544857,0.608073,0.544857,0.608073,0.708423,0.734370,0.688419,0.740241,0.510046,0.734370,0.512283,0.740241
