{
  "experiment_id": "20251110_201758_gainakt2exp_ablation_current_401632",
  "dataset": "assist2015",
  "fold": 0,
  "train_auc": 0.7535766385944046,
  "train_acc": 0.7624907310937779,
  "train_mastery_correlation": 0.10586933243764511,
  "train_gain_correlation": 0.05970290254328542,
  "train_correlation_students": 3333,
  "valid_auc": 0.7258355901273248,
  "valid_acc": 0.7543139105976701,
  "test_auc": 0.7193267343505664,
  "test_acc": 0.7477041726105563,
  "test_mastery_correlation": 0.10694577795609853,
  "test_gain_correlation": 0.04707875958657621,
  "test_correlation_students": 3177,
  "timestamp": "2025-11-10T21:10:42.938079Z"
}