{
  "train": {
    "total_auc": 0.7436037324865592,
    "total_acc": 0.7582903913121016,
    "bce_auc": 0.7436037324159908,
    "bce_acc": 0.7582997775462507,
    "mastery_auc": 0.5,
    "mastery_acc": 0.2656304264166174
  },
  "valid": {
    "total_auc": 0.711206949579198,
    "total_acc": 0.7506934374057168,
    "bce_auc": 0.7112069473624651,
    "bce_acc": 0.7506837049508998,
    "mastery_auc": 0.5,
    "mastery_acc": 0.25975921906782545
  },
  "test": {
    "total_auc": 0.7063992266866316,
    "total_acc": 0.7457426890156919,
    "bce_auc": 0.7063992304978617,
    "bce_acc": 0.7457352591535901,
    "mastery_auc": 0.5,
    "mastery_acc": 0.26662803138373753
  },
  "checkpoint_epoch": 11,
  "checkpoint_val_auc": 0.7112069473624651
}