epoch,train_loss,train_auc,train_acc,val_loss,val_auc,val_acc,train_bce_loss,train_im_loss,val_bce_loss,val_im_loss,train_encoder1_auc,train_encoder1_acc,val_encoder1_auc,val_encoder1_acc,train_encoder2_auc,train_encoder2_acc,val_encoder2_auc,val_encoder2_acc
1,0.567558,0.680382,0.734370,0.567558,0.675598,0.740241,0.563305,0.605834,0.563305,0.605834,0.680382,0.734370,0.675598,0.740241,0.524058,0.734370,0.525628,0.740241
2,0.559115,0.693518,0.734370,0.559115,0.686649,0.740241,0.553997,0.605181,0.553997,0.605181,0.693518,0.734370,0.686649,0.740241,0.527477,0.734370,0.528874,0.740241
3,0.556569,0.698830,0.734370,0.556569,0.689919,0.740241,0.551237,0.604552,0.551237,0.604552,0.698830,0.734370,0.689919,0.740241,0.529238,0.734370,0.530645,0.740241
4,0.554591,0.700914,0.734370,0.554591,0.688637,0.740241,0.549107,0.603945,0.549107,0.603945,0.700914,0.734370,0.688637,0.740241,0.532227,0.734370,0.533809,0.740241
5,0.552673,0.705300,0.734370,0.552673,0.689311,0.740241,0.547041,0.603361,0.547041,0.603361,0.705300,0.734370,0.689311,0.740241,0.535518,0.734370,0.537125,0.740241
6,0.550651,0.708423,0.734370,0.550651,0.688419,0.740241,0.544857,0.602799,0.544857,0.602799,0.708423,0.734370,0.688419,0.740241,0.538256,0.734370,0.539835,0.740241
