epoch,lambda,val_total_auc,val_bce_auc,val_mastery_auc,val_total_acc,val_bce_acc,val_mastery_acc,val_total_loss,val_bce_loss,val_mastery_loss
1,0.9,0.6850865836829331,0.6852713104231644,0.5500584360297567,0.7430729252839444,0.7427128244557125,0.7239097217491168,0.09188908323341487,0.09049389207241487,0.10444582420952465
2,0.9,0.7032442671314436,0.7039220233039591,0.5888696961708224,0.7467031309307146,0.7458174775423605,0.7285326377872291,0.08984352024842282,0.088630205362427,0.10076337383717907
3,0.9,0.7116622763290222,0.7127660333554922,0.5999950039770895,0.7489026657193744,0.7485522973459595,0.7320168566117432,0.08876208763341514,0.08765304164618862,0.09874352067708969
4,0.9,0.7173927579569115,0.7183739222756667,0.6081661432886858,0.7505571830382778,0.7507323672249852,0.7340606721233297,0.08805793599814785,0.08697039436320869,0.09784583367255269
