epoch,train_loss,train_auc,train_acc,val_loss,val_auc,val_acc,train_bce_loss,train_im_loss,val_bce_loss,val_im_loss,train_encoder1_auc,train_encoder1_acc,val_encoder1_auc,val_encoder1_acc,train_encoder2_auc,train_encoder2_acc,val_encoder2_auc,val_encoder2_acc
1,0.597002,0.677991,0.734370,0.597002,0.673812,0.740241,0.563586,0.605356,0.563586,0.605356,0.677991,0.734370,0.673812,0.740241,0.523408,0.734370,0.524561,0.740241
2,0.594589,0.688848,0.734370,0.594589,0.683124,0.740241,0.554694,0.604563,0.554694,0.604563,0.688848,0.734370,0.683124,0.740241,0.528524,0.734370,0.529311,0.740241
3,0.593522,0.693580,0.734370,0.593522,0.686981,0.740241,0.552456,0.603788,0.552456,0.603788,0.693580,0.734370,0.686981,0.740241,0.530723,0.734370,0.531228,0.740241
4,0.592618,0.697427,0.734370,0.592618,0.689418,0.740241,0.550926,0.603041,0.550926,0.603041,0.697427,0.734370,0.689418,0.740241,0.531770,0.734370,0.532129,0.740241
5,0.591816,0.700160,0.734370,0.591816,0.690326,0.740241,0.549595,0.602371,0.549595,0.602371,0.700160,0.734370,0.690326,0.740241,0.532294,0.734370,0.532837,0.740241
6,0.591086,0.701890,0.734370,0.591086,0.689858,0.740241,0.548361,0.601768,0.548361,0.601768,0.701890,0.734370,0.689858,0.740241,0.533048,0.734370,0.533543,0.740241
