{
  "tail_metrics": {
    "epoch": 12.0,
    "train_loss": 0.32253221418573447,
    "train_auc": 0.9206032733854547,
    "val_loss": 0.7188991940751368,
    "val_auc": 0.649305928674773,
    "val_accuracy": 0.7077246493883153,
    "monotonicity_violation_rate": 0.0,
    "negative_gain_rate": 0.0,
    "bounds_violation_rate": 0.0,
    "mastery_correlation": 0.1349457146175998,
    "gain_correlation": 0.05298122755684649,
    "main_loss_share": 0.9390119240629624,
    "constraint_loss_share": 0.06093771759210698,
    "alignment_loss_share": -0.12643615688940432,
    "lag_loss_share": -0.006175824989226071,
    "retention_loss_share": 5.0332607789536065e-05
  },
  "best_summary": {
    "best_epoch": 12.0,
    "best_val_auc": 0.649305928674773,
    "best_val_accuracy": 0.7077246493883153,
    "mastery_corr": null,
    "gain_corr": null
  },
  "config_md5": "3c26037974c2d0c5f775d197174e9e1e"
}