epoch,train_loss,train_auc,train_acc,val_loss,val_auc,val_acc,train_bce_loss,train_im_loss,val_bce_loss,val_im_loss,train_encoder1_auc,train_encoder1_acc,val_encoder1_auc,val_encoder1_acc,train_encoder2_auc,train_encoder2_acc,val_encoder2_auc,val_encoder2_acc
1,0.598712,0.677991,0.734370,0.598712,0.673812,0.740241,0.563586,0.607493,0.563586,0.607493,0.677991,0.734370,0.673812,0.740241,0.525063,0.734370,0.526306,0.740241
2,0.596228,0.688848,0.734370,0.596228,0.683124,0.740241,0.554694,0.606612,0.554694,0.606612,0.688848,0.734370,0.683124,0.740241,0.530103,0.734370,0.530637,0.740241
3,0.595093,0.693580,0.734370,0.595093,0.686981,0.740241,0.552456,0.605752,0.552456,0.605752,0.693580,0.734370,0.686981,0.740241,0.532162,0.734370,0.532619,0.740241
4,0.594118,0.697427,0.734370,0.594118,0.689418,0.740241,0.550926,0.604916,0.550926,0.604916,0.697427,0.734370,0.689418,0.740241,0.534640,0.734370,0.535191,0.740241
5,0.593204,0.700160,0.734370,0.593204,0.690326,0.740241,0.549595,0.604106,0.549595,0.604106,0.700160,0.734370,0.690326,0.740241,0.537929,0.734370,0.538733,0.740241
6,0.592329,0.701890,0.734370,0.592329,0.689858,0.740241,0.548361,0.603321,0.548361,0.603321,0.701890,0.734370,0.689858,0.740241,0.540702,0.734370,0.541426,0.740241
