split,auc,acc
test,0.678722,0.734642
