{
  "valid_auc": 0.844595907063958,
  "valid_acc": 0.7839469947941315,
  "valid_metrics": {
    "l_sup": 0.4462084130209399,
    "l_reg": 7.685501047186942e-05,
    "l_ref": 0.054506064392626286,
    "l_init": 2.746965415616763e-07,
    "l_rate": 2.534335202207005e-07
  },
  "test_auc": 0.8355909247336554,
  "test_acc": 0.7718564228482813,
  "test_metrics": {
    "l_sup": 0.46837285937057016,
    "l_reg": 7.28689607058186e-05,
    "l_ref": 0.052311841895182926,
    "l_init": 3.900940368554776e-07,
    "l_rate": 3.4461034110084306e-07
  },
  "window_test_auc": 0.8367765914279479,
  "window_test_acc": 0.7732591876208897,
  "window_metrics": {
    "l_sup": 0.43809576236964454,
    "l_reg": 0.00023275512706000812,
    "l_ref": 0.0,
    "l_init": 2.2792985433679862e-07,
    "l_rate": 1.5849511604065622e-07
  },
  "checkpoint": "/workspaces/pykt-toolkit/experiments/20251224_102441_idkt_variancebugtesting_497065/best_model.pt"
}