split,auc,acc,l_sup,l_ref,l_init,l_rate,l_reg
test,0.835591,0.771856,0.468373,0.052312,0.000000,0.000000,0.000073
