{
  "valid_auc": 0.844595907063958,
  "valid_acc": 0.7839469947941315,
  "valid_metrics": {
    "l_sup": 0.4565513747632828,
    "l_reg": 9.452723285600466e-05,
    "l_ref": 0.06029962282627821,
    "l_init": 7.028799867904953e-07,
    "l_rate": 5.358958228543393e-07
  },
  "test_auc": 0.8434905217548875,
  "test_acc": 0.7837387600567913,
  "test_metrics": {
    "l_sup": 0.4565513747632828,
    "l_reg": 9.452723285600466e-05,
    "l_ref": 0.06029962282627821,
    "l_init": 7.028799867904953e-07,
    "l_rate": 5.358958228543393e-07
  },
  "best_epoch": 41,
  "params": {
    "model_name": "idkt",
    "dataset_name": "assist2009",
    "fold": 0,
    "seed": 42,
    "emb_type": "qid",
    "save_dir": "/workspaces/pykt-toolkit/experiments/20251224_102441_idkt_variancebugtesting_497065",
    "d_model": 256,
    "d_ff": 512,
    "num_attn_heads": 8,
    "n_blocks": 4,
    "dropout": 0.2,
    "final_fc_dim": 512,
    "learning_rate": 0.0001,
    "weight_decay": 0.0,
    "batch_size": 64,
    "num_epochs": 200,
    "optimizer": "Adam",
    "gradient_clip": 1.0,
    "patience": 10,
    "seq_len": 200,
    "l2": 1e-05,
    "lambda_student": 1e-05,
    "lambda_gap": 1e-05,
    "lambda_ref": 0.1,
    "lambda_initmastery": 0.1,
    "lambda_rate": 0.1,
    "theory_guided": 1,
    "calibrate": 1,
    "use_wandb": 0,
    "add_uuid": 0
  }
}