{
  "experiment_id": "20251115_204651_gainakt3exp_test_deactivated_595511",
  "dataset": "assist2015",
  "fold": 0,
  "train_auc": 0.7163177232983046,
  "train_acc": 0.7488431466411362,
  "train_mastery_correlation": 0.0,
  "train_gain_correlation": 0.0,
  "train_correlation_students": 0,
  "valid_auc": 0.7083996630251018,
  "valid_acc": 0.7490583849964476,
  "test_auc": 0.7045981552591881,
  "test_acc": 0.7444573228720875,
  "test_mastery_correlation": 0.0,
  "test_gain_correlation": 0.0,
  "test_correlation_students": 0,
  "timestamp": "2025-11-15T20:47:43.274461Z"
}