epoch,train_loss,train_auc,train_acc,val_loss,val_auc,val_acc,train_bce_loss,train_im_loss,val_bce_loss,val_im_loss,train_encoder1_auc,train_encoder1_acc,val_encoder1_auc,val_encoder1_acc,train_encoder2_auc,train_encoder2_acc,val_encoder2_auc,val_encoder2_acc
1,0.567919,0.680382,0.734370,0.567919,0.675598,0.740241,0.563305,0.609445,0.563305,0.609445,0.680382,0.734370,0.675598,0.740241,0.510327,0.734370,0.512517,0.740241
2,0.559483,0.693518,0.734370,0.559483,0.686649,0.740241,0.553997,0.608859,0.553997,0.608859,0.693518,0.734370,0.686649,0.740241,0.513141,0.734370,0.515241,0.740241
3,0.556943,0.698830,0.734370,0.556943,0.689919,0.740241,0.551237,0.608295,0.551237,0.608295,0.698830,0.734370,0.689919,0.740241,0.514338,0.734370,0.516368,0.740241
4,0.554971,0.700914,0.734370,0.554971,0.688637,0.740241,0.549107,0.607750,0.549107,0.607750,0.700914,0.734370,0.688637,0.740241,0.515050,0.734370,0.517067,0.740241
5,0.553059,0.705300,0.734370,0.553059,0.689311,0.740241,0.547041,0.607223,0.547041,0.607223,0.705300,0.734370,0.689311,0.740241,0.515422,0.734370,0.517460,0.740241
6,0.551043,0.708423,0.734370,0.551043,0.688419,0.740241,0.544857,0.606714,0.544857,0.606714,0.708423,0.734370,0.688419,0.740241,0.515938,0.734370,0.518046,0.740241
