epoch,train_loss,train_auc,train_acc,val_loss,val_auc,val_acc,train_bce_loss,train_im_loss,val_bce_loss,val_im_loss,train_encoder1_auc,train_encoder1_acc,val_encoder1_auc,val_encoder1_acc,train_encoder2_auc,train_encoder2_acc,val_encoder2_auc,val_encoder2_acc
1,0.567692,0.680382,0.734370,0.567692,0.675598,0.740241,0.563305,0.607171,0.563305,0.607171,0.680382,0.734370,0.675598,0.740241,0.510855,0.734370,0.513120,0.740241
2,0.559271,0.693518,0.734370,0.559271,0.686649,0.740241,0.553997,0.606744,0.553997,0.606744,0.693518,0.734370,0.686649,0.740241,0.513038,0.734370,0.515284,0.740241
3,0.556748,0.698830,0.734370,0.556748,0.689919,0.740241,0.551237,0.606341,0.551237,0.606341,0.698830,0.734370,0.689919,0.740241,0.513590,0.734370,0.515852,0.740241
4,0.554792,0.700914,0.734370,0.554792,0.688637,0.740241,0.549107,0.605955,0.549107,0.605955,0.700914,0.734370,0.688637,0.740241,0.513765,0.734370,0.516034,0.740241
5,0.552895,0.705300,0.734370,0.552895,0.689311,0.740241,0.547041,0.605584,0.547041,0.605584,0.705300,0.734370,0.689311,0.740241,0.513699,0.734370,0.515974,0.740241
6,0.550894,0.708423,0.734370,0.550894,0.688419,0.740241,0.544857,0.605230,0.544857,0.605230,0.708423,0.734370,0.688419,0.740241,0.513459,0.734370,0.515754,0.740241
