epoch,train_loss,train_auc,train_acc,val_loss,val_auc,val_acc,train_bce_loss,train_im_loss,val_bce_loss,val_im_loss,train_encoder1_auc,train_encoder1_acc,val_encoder1_auc,val_encoder1_acc,train_encoder2_auc,train_encoder2_acc,val_encoder2_auc,val_encoder2_acc
1,0.567966,0.680382,0.734370,0.567966,0.675598,0.740241,0.563305,0.609917,0.563305,0.609917,0.680382,0.734370,0.675598,0.740241,0.507617,0.734370,0.510001,0.740241
2,0.559533,0.693518,0.734370,0.559533,0.686649,0.740241,0.553997,0.609359,0.553997,0.609359,0.693518,0.734370,0.686649,0.740241,0.509540,0.734370,0.511834,0.740241
3,0.556996,0.698830,0.734370,0.556996,0.689919,0.740241,0.551237,0.608822,0.551237,0.608822,0.698830,0.734370,0.689919,0.740241,0.510793,0.734370,0.513048,0.740241
4,0.555026,0.700914,0.734370,0.555026,0.688637,0.740241,0.549107,0.608303,0.549107,0.608303,0.700914,0.734370,0.688637,0.740241,0.511487,0.734370,0.513693,0.740241
5,0.553117,0.705300,0.734370,0.553117,0.689311,0.740241,0.547041,0.607800,0.547041,0.607800,0.705300,0.734370,0.689311,0.740241,0.511918,0.734370,0.514140,0.740241
6,0.551103,0.708423,0.734370,0.551103,0.688419,0.740241,0.544857,0.607313,0.544857,0.607313,0.708423,0.734370,0.688419,0.740241,0.512250,0.734370,0.514515,0.740241
