{
  "lambda_ref": 3.8206403641010844,
  "lambda_initmastery": 6.428265581385206,
  "lambda_rate": 2.9634469887328074
}