{
  "valid_auc": 0.7085381812331794,
  "valid_acc": 0.7460121266387021,
  "valid_metrics": {
    "l_sup": 0.519219502396661,
    "l_reg": 5.283471320676282e-07,
    "l_ref": 0.006670132060820351,
    "l_init": 0.02294800353314681,
    "l_rate": 0.06607403374764612
  },
  "test_auc": 0.7007975376594671,
  "test_acc": 0.7386917498811222,
  "test_metrics": {
    "l_sup": 0.528977293650731,
    "l_reg": 5.328360995850953e-07,
    "l_ref": 0.006590468366248685,
    "l_init": 0.02269299440932505,
    "l_rate": 0.0661707357495043
  },
  "window_test_auc": 0.7010667920228861,
  "window_test_acc": 0.7387923351158645,
  "window_metrics": {
    "l_sup": 0.5357535654058699,
    "l_reg": 5.344287602090011e-07,
    "l_ref": 0.0,
    "l_init": 0.021663902122352738,
    "l_rate": 0.0683735495223728
  },
  "checkpoint": "/workspaces/pykt-toolkit/experiments/20251226_190425_idkt_assist2015_hr_sweep_l0.4_917029/best_model.pt"
}