{
  "prediction_mse": 0.006677456200122833,
  "prediction_corr": 0.848580145150504,
  "initmastery_mse": 0.023003026843070984,
  "initmastery_corr": 0.884287236544795,
  "learning_rate_mse": 0.0661020427942276,
  "learning_rate_corr": 0.8482822558031825,
  "h2_functional_alignment": 0.1815579686493505,
  "h3_discriminant_overlap": -0.2263946686979361,
  "h3_latent_overlap": -0.4722301930021896
}