split,auc,acc,l_sup,l_ref,l_init,l_rate,l_reg
test,0.700798,0.738692,0.528977,0.006590,0.022693,0.066171,0.000001
