{
  "r2_true": 0.8481318235553074,
  "pearson_true": 0.9209554029637896,
  "r2_control": -0.0052855737228574284,
  "pearson_control": -0.0004949215197146391,
  "selectivity_r2": 0.8534173972781648
}