split,total_auc,bce_auc,mastery_auc,total_acc,bce_acc,mastery_acc
training,0.7541554376574551,0.7541554376574551,N/A,0.7620190728277908,0.7620190728277908,N/A
validation,0.7250546975100491,0.7250546975100491,N/A,0.7540219369531577,0.7540219369531577,N/A
test,0.718432272255384,0.718432272255384,N/A,0.7470874940561103,0.7470874940561103,N/A
