{
  "mastery_corr": {
    "0": -0.011391542263671043,
    "24": NaN,
    "66": NaN,
    "6": 1.0,
    "61": 1.0,
    "52": NaN
  },
  "gain_corr": {
    "0": -0.1136394228409723,
    "1": -0.003919424024692121,
    "2": 0.01082723100159616,
    "3": -0.014613801181225064,
    "4": 0.030435133423131228,
    "5": 0.034317338075873574,
    "6": -0.008383757347547073,
    "7": -0.024381992714966487,
    "8": 0.010554748992010764,
    "9": 0.08858407452958014,
    "10": 0.04040985379567646,
    "11": -0.007807474117867276,
    "12": 0.03800653055366675,
    "13": 0.059908345338068464,
    "14": 0.02610638513606891,
    "15": -0.011042237817271778,
    "16": -0.019587192713945406,
    "17": 0.07269782883486532,
    "18": -0.06265387086799089,
    "19": 0.010851676065326141,
    "20": -0.0600254821784547,
    "21": -0.07696953772653604,
    "22": -0.07644897785974394,
    "23": 0.03577432733984104,
    "24": 0.0547114473871555,
    "25": 0.003613794339006078,
    "26": 0.07803917863472135,
    "27": -0.02878707172055905,
    "28": -0.05474827292074196,
    "29": 0.0654126490560861,
    "30": 0.010000643655079886,
    "31": -0.05209227668614749,
    "32": -0.0010037791974034254,
    "33": -0.0318722044016865,
    "34": -0.045606477621126615,
    "35": 0.016773711277455187,
    "36": 0.01584112545555217,
    "37": 0.014384938906964868,
    "38": 0.004493539893953049,
    "39": -0.08874473319768221,
    "40": 0.10357805394076405,
    "41": 0.05232493753028947,
    "42": 0.022947580323401502,
    "43": -0.0034813263485041716,
    "44": -0.09937282965181826,
    "45": 0.009273622187386216,
    "46": 0.0006887844682899966,
    "47": 0.014412756012272637,
    "48": -0.0381540861848906,
    "49": 0.023966544896006994,
    "50": 0.016787464627125985,
    "51": -0.06365761971320086,
    "52": -0.056386057715689414,
    "53": 0.04702193111441312,
    "54": 0.005855770247289185,
    "55": 0.031700930102159505,
    "56": 0.031413404538043234,
    "57": 0.0231326638774242,
    "58": -0.007960043194631613,
    "59": 0.07027298663380738,
    "60": 0.010548937615615076,
    "61": -0.06323004412925938,
    "62": 0.006884250136297892,
    "63": -0.0938990253371526,
    "64": -0.06802278563546114,
    "65": 0.02349555138818297,
    "66": -0.046960892273277786,
    "67": 0.022209190326411745,
    "68": 0.09081491706094123,
    "69": -0.016682298772912395,
    "70": -0.032089555605886604,
    "71": 0.012073191758236457,
    "72": -0.043022189932933726,
    "73": -0.05056950287508617,
    "74": -0.02402311642776298,
    "75": -0.039408077463686284,
    "76": -0.06323961784542644,
    "77": 0.04443989819697483,
    "78": 0.0257170979863124,
    "79": -0.09689625101470786,
    "80": 0.024315910730068762,
    "81": 0.0002988723345564629,
    "82": 0.034460585472409586,
    "83": 0.06141396662064424,
    "84": -0.06003274786686179,
    "85": 0.010058124208064494,
    "86": -0.046312036146878045,
    "87": 0.08126212965802043,
    "88": 0.02941503772123204,
    "89": 0.04621625132382011,
    "90": 0.07121463123352653,
    "91": -0.08715206945779932,
    "92": 0.017215278569534902,
    "93": 0.009189944188226565,
    "94": 0.008473152469915812,
    "95": -0.004574012785677809,
    "96": 0.024830550795493428,
    "97": 0.03142229473293035,
    "98": 0.02840506245667084,
    "99": 0.017258837434049937
  }
}