{
  "mastery_corr": {
    "0": -0.015775743493378704,
    "24": NaN,
    "66": NaN,
    "6": 1.0,
    "61": 1.0,
    "52": NaN
  },
  "gain_corr": {
    "0": -0.14665597822684082,
    "1": 0.006781484832457903,
    "2": 0.024681197848292955,
    "3": -0.028487083258434683,
    "4": 0.027922873437606893,
    "5": 0.04619205722024006,
    "6": 0.015293410716265981,
    "7": -0.007626678565780375,
    "8": 0.016913694216232313,
    "9": 0.10759693929874228,
    "10": 0.01839221234892327,
    "11": 0.008979506963004256,
    "12": 0.025333483737038722,
    "13": 0.04561457691674466,
    "14": 0.02524559182801348,
    "15": -0.00859779703933008,
    "16": -0.002685267096245379,
    "17": 0.07441525350360147,
    "18": -0.08194065104947733,
    "19": 0.023869957852350843,
    "20": -0.12591715709763598,
    "21": -0.09672278080474245,
    "22": -0.0806361831426823,
    "23": 0.04477691055111137,
    "24": 0.07978495358702248,
    "25": 0.02808625179906822,
    "26": 0.08295974327384242,
    "27": -0.025957792285842895,
    "28": -0.09966921288410671,
    "29": 0.14157084065607217,
    "30": -0.001420883587216385,
    "31": -0.10718836449562472,
    "32": 0.010425902486394552,
    "33": 0.015581572152169215,
    "34": -0.06667391977623863,
    "35": -0.014696345984327026,
    "36": 0.021443192498949822,
    "37": 0.01812477922920295,
    "38": -0.009082897347464145,
    "39": -0.10115415514547212,
    "40": 0.09608126604275752,
    "41": 0.08942279988455701,
    "42": 0.043427028923097556,
    "43": -0.04048148684300947,
    "44": -0.1578920197904359,
    "45": 0.009090377851554652,
    "46": -0.01863574565426208,
    "47": 0.06483212332447562,
    "48": -0.041135469911779396,
    "49": 0.008886903182409612,
    "50": 0.03929497521117063,
    "51": -0.16676757817845964,
    "52": -0.0690821236551283,
    "53": 0.1134869334649351,
    "54": 0.020700072218415265,
    "55": 0.0025781942251611473,
    "56": 0.02399999308997887,
    "57": 0.006689304367631258,
    "58": -0.021636449451411008,
    "59": 0.14601296460358867,
    "60": -0.016976089375350827,
    "61": -0.08584471937130134,
    "62": 0.01002577412492118,
    "63": -0.10290646223333863,
    "64": -0.06005022330542243,
    "65": 0.03729096611251608,
    "66": -0.08257124921888473,
    "67": 0.03730468050508859,
    "68": 0.10455333402529167,
    "69": -0.04801094674065581,
    "70": -0.06972004181088949,
    "71": 0.05168645601928679,
    "72": -0.04866463151299115,
    "73": -0.044246097859683683,
    "74": -0.03174805150088819,
    "75": -0.07018292888381568,
    "76": -0.045518119733799114,
    "77": 0.022977497241112192,
    "78": 0.05398087079314503,
    "79": -0.07498859354572543,
    "80": 0.06085857471045719,
    "81": 0.026084987612385025,
    "82": 0.0767524081569777,
    "83": 0.05699404620797963,
    "84": -0.056712442926824404,
    "85": -0.004598172928095723,
    "86": -0.07710413282072998,
    "87": 0.09839894525646328,
    "88": 0.039095136599588645,
    "89": 0.06302406877795277,
    "90": 0.0963698784564426,
    "91": -0.09139732799899652,
    "92": -0.021694974521905188,
    "93": 0.02632438304315436,
    "94": -0.01196910421318466,
    "95": -0.028238991396087508,
    "96": 0.004611825509718689,
    "97": 0.03131132367912613,
    "98": 0.04291111838723424,
    "99": 0.03778869453624584
  }
}