{
  "mastery_corr": {
    "0": -0.010898915435783677,
    "24": NaN,
    "66": NaN,
    "6": 0.9999999999999999,
    "61": 1.0,
    "52": NaN
  },
  "gain_corr": {
    "0": -0.10334372796516836,
    "1": 0.014993753335739397,
    "2": 0.00658306442223451,
    "3": -0.015441843912691648,
    "4": 0.028611490159254585,
    "5": 0.02359862231816133,
    "6": -0.001961751417923958,
    "7": -0.047151327016580744,
    "8": 0.004630903130520032,
    "9": 0.06726583527959469,
    "10": 0.03263302436733556,
    "11": -0.00799217711618639,
    "12": 0.04478167307670103,
    "13": 0.06562083125152161,
    "14": 0.026354943908502747,
    "15": -0.016177629564224322,
    "16": -0.013873559027199105,
    "17": 0.05374362672722396,
    "18": -0.056577560244392054,
    "19": 0.0065116802143532155,
    "20": -0.03598129420456053,
    "21": -0.04394697448427533,
    "22": -0.06941593212102037,
    "23": 0.022553378036475037,
    "24": 0.05262803302545862,
    "25": 0.006879085111397755,
    "26": 0.0935925378328531,
    "27": -0.02690990711805157,
    "28": -0.06362823317689065,
    "29": 0.07098540193673579,
    "30": 0.00345268760047645,
    "31": -0.04427423092786949,
    "32": -0.003196229819940778,
    "33": -0.012375140074762217,
    "34": -0.0390594851297977,
    "35": 0.027602811488357266,
    "36": 0.029198178911218953,
    "37": 0.010289088160862304,
    "38": 0.001203077421124524,
    "39": -0.07144208448337562,
    "40": 0.0839212220350201,
    "41": 0.05719857290282624,
    "42": 0.0099391932389485,
    "43": 0.004090056540039145,
    "44": -0.09911702471927555,
    "45": 0.005198427183020226,
    "46": -0.00011648982004199063,
    "47": 0.009744974090372636,
    "48": -0.03339879014085943,
    "49": 0.04651101276107807,
    "50": 0.01617043154103243,
    "51": -0.037150281661085506,
    "52": -0.027999614697418632,
    "53": 0.03760210593125237,
    "54": -0.0004437937241206138,
    "55": 0.03351583056711942,
    "56": 0.035632140893067224,
    "57": 0.04771402907538887,
    "58": 0.0024600279991026314,
    "59": 0.03916017883769752,
    "60": 0.009782283147417917,
    "61": -0.030287270880413858,
    "62": 0.0024593606824067898,
    "63": -0.071189668549687,
    "64": -0.0653111091294938,
    "65": 0.010556311854902198,
    "66": -0.020264793286965236,
    "67": 0.03491598644669148,
    "68": 0.0911805242365725,
    "69": -0.010255480618400167,
    "70": -0.01818100967151712,
    "71": 0.004175220803053888,
    "72": -0.018348089511380356,
    "73": -0.035450677051440935,
    "74": -0.016601506644852427,
    "75": -0.016566971865223636,
    "76": -0.06508945154399648,
    "77": 0.016622330500531322,
    "78": 0.026311142902300393,
    "79": -0.07546771969304329,
    "80": 0.018429964076898453,
    "81": 0.007680803577535013,
    "82": 0.019621396900132818,
    "83": 0.04439718883100966,
    "84": -0.08853495274841218,
    "85": 0.00634714431454436,
    "86": -0.043832818554656365,
    "87": 0.07695237171580926,
    "88": 0.017451328880683632,
    "89": 0.05545029344427641,
    "90": 0.05402951972572469,
    "91": -0.04149330282094896,
    "92": 0.017226140274343733,
    "93": 0.011646209492362773,
    "94": 0.0030288674704842334,
    "95": 0.013790899024135023,
    "96": -0.005814106468846945,
    "97": 0.02158585591144431,
    "98": 0.026525769706102074,
    "99": 0.015877107587968318
  }
}