{
  "mastery_corr": {
    "0": -0.005626295866394978,
    "24": NaN,
    "66": NaN,
    "6": 0.9999999999999999,
    "61": 1.0,
    "52": NaN
  },
  "gain_corr": {
    "0": -0.11975830857362542,
    "1": -0.0016424739651764622,
    "2": 0.014595199318760731,
    "3": -0.02778960599995633,
    "4": 0.02656041966369442,
    "5": 0.03772242390382208,
    "6": 0.005635519331128505,
    "7": -0.028657231197629,
    "8": 0.02048881970421509,
    "9": 0.10423788676978446,
    "10": 0.027900634014769252,
    "11": -0.0011593400399511828,
    "12": 0.0331805765970933,
    "13": 0.03902891218892716,
    "14": 0.024658021818906615,
    "15": -0.012174856439197239,
    "16": -0.026506121108258236,
    "17": 0.08888879571105485,
    "18": -0.08570078538096315,
    "19": 0.023478899684994742,
    "20": -0.09261065523167279,
    "21": -0.09195226539200785,
    "22": -0.0631651897523103,
    "23": 0.02725727420143364,
    "24": 0.06812880976310536,
    "25": 0.02335939843227522,
    "26": 0.07964657369853183,
    "27": -0.03313031277653525,
    "28": -0.08334732145922595,
    "29": 0.09428675800452264,
    "30": 0.002163268324333466,
    "31": -0.08853825948764349,
    "32": 0.005443647661715038,
    "33": 0.003941768049585349,
    "34": -0.05907639293602352,
    "35": -0.0023036402457582393,
    "36": 0.01831388941479047,
    "37": 0.02064157843365266,
    "38": -0.012421504079668494,
    "39": -0.1024665116492577,
    "40": 0.09559865837232216,
    "41": 0.06475797371742632,
    "42": 0.04819453777953485,
    "43": -0.03185232219516401,
    "44": -0.13940499316960642,
    "45": 0.015209593975199987,
    "46": 0.002192795050720893,
    "47": 0.031872799268360584,
    "48": -0.041804893902737714,
    "49": -0.00019383729946186745,
    "50": 0.03459137230045001,
    "51": -0.11084089202563438,
    "52": -0.0736783451714278,
    "53": 0.08151004986585181,
    "54": 0.015921115735095512,
    "55": 0.020949516931098682,
    "56": 0.022567403124744114,
    "57": 0.004943134856400756,
    "58": -0.026436395583147566,
    "59": 0.10402663095993604,
    "60": -0.005198415540746374,
    "61": -0.07381648133224411,
    "62": 0.01093935265681461,
    "63": -0.0937331003401684,
    "64": -0.06518999216555306,
    "65": 0.03023345055161459,
    "66": -0.06991757507988437,
    "67": 0.0400177553044633,
    "68": 0.09270137709319813,
    "69": -0.027480563732933706,
    "70": -0.054605280438455306,
    "71": 0.029299984085421307,
    "72": -0.053551169008973575,
    "73": -0.04683793356806901,
    "74": -0.04112963317712563,
    "75": -0.05710224387237172,
    "76": -0.06193465978497187,
    "77": 0.04763532406905381,
    "78": 0.03660245125266436,
    "79": -0.08552227772011352,
    "80": 0.05735171913646191,
    "81": 0.013921131988689904,
    "82": 0.06372879846277614,
    "83": 0.05916478179904916,
    "84": -0.05071545634898918,
    "85": 0.006166454863082725,
    "86": -0.06505683623656704,
    "87": 0.0958754156027142,
    "88": 0.03841201651191266,
    "89": 0.05576199524550502,
    "90": 0.08067546193085495,
    "91": -0.1233930549097727,
    "92": 0.0021132305860139494,
    "93": 0.021796096888172994,
    "94": -0.010581004428864196,
    "95": -0.018578120481441505,
    "96": 0.01572084609003864,
    "97": 0.024636505993813514,
    "98": 0.028452029851452402,
    "99": 0.022485358594103496
  }
}