split,auc,acc
test,0.804660,0.757915
