epoch,train_loss,train_auc,train_acc,val_loss,val_auc,val_acc,train_bce_loss,train_im_loss,val_bce_loss,val_im_loss,train_encoder1_auc,train_encoder1_acc,val_encoder1_auc,val_encoder1_acc,train_encoder2_auc,train_encoder2_acc,val_encoder2_auc,val_encoder2_acc
1,0.567757,0.680382,0.734370,0.567757,0.675598,0.740241,0.563305,0.607820,0.563305,0.607820,0.680382,0.734370,0.675598,0.740241,0.512135,0.734370,0.514294,0.740241
2,0.559325,0.693518,0.734370,0.559325,0.686649,0.740241,0.553997,0.607277,0.553997,0.607277,0.693518,0.734370,0.686649,0.740241,0.514717,0.734370,0.516799,0.740241
3,0.556789,0.698830,0.734370,0.556789,0.689919,0.740241,0.551237,0.606756,0.551237,0.606756,0.698830,0.734370,0.689919,0.740241,0.515620,0.734370,0.517715,0.740241
4,0.554821,0.700914,0.734370,0.554821,0.688637,0.740241,0.549107,0.606254,0.549107,0.606254,0.700914,0.734370,0.688637,0.740241,0.516291,0.734370,0.518403,0.740241
5,0.552913,0.705300,0.734370,0.552913,0.689311,0.740241,0.547041,0.605768,0.547041,0.605768,0.705300,0.734370,0.689311,0.740241,0.516789,0.734370,0.518896,0.740241
6,0.550901,0.708423,0.734370,0.550901,0.688419,0.740241,0.544857,0.605298,0.544857,0.605298,0.708423,0.734370,0.688419,0.740241,0.517349,0.734370,0.519467,0.740241
