{
  "bkt_correlation": 0.5056257045743427,
  "p_value": 5.201187694539106e-95,
  "mse": 0.06275492781393131,
  "mae": 0.1997867510951868,
  "num_interactions": 1451,
  "num_students": 15,
  "num_skills": 69,
  "supplementary_correlations": {
    "time_lagged": {
      "correlation": 0.5456911791182503,
      "p_value": 4.058097508897181e-64,
      "num_interactions": 811,
      "min_attempt": 3,
      "operator": ">",
      "description": "Correlation after initialization (attempt > 3, optimal threshold)"
    },
    "trajectory_slopes": {
      "correlation": 0.12024163539506777,
      "p_value": 0.0792499962614158,
      "num_trajectories": 214,
      "description": "Correlation of learning rates (removes initialization bias)"
    }
  },
  "model_mastery_stats": {
    "mean": 0.7251762315644383,
    "std": 0.1686460504223036,
    "min": 0.155012,
    "max": 0.955758
  },
  "bkt_mastery_stats": {
    "mean": 0.7124449047347016,
    "std": 0.28879727264591765,
    "min": 0.06523487037522298,
    "max": 0.9999999999986517
  },
  "metadata": {
    "experiment_dir": "/workspaces/pykt-toolkit/experiments/20251129_185033_ikt2_lambdareg-001_947580",
    "dataset": "assist2015",
    "bkt_targets_file": "data/assist2015/bkt_targets.pkl",
    "bkt_metadata": {
      "dataset": "assist2015",
      "num_students": 15275,
      "num_skills": 100,
      "method": "BKT (Bayesian Knowledge Tracing)",
      "model": "pyBKT",
      "monotonic": false
    },
    "validation_passed": true
  }
}