{
  "head_agreement": 0.7976631950435835,
  "p_value": 2.124e-321,
  "num_interactions": 1455,
  "mse": 0.009351436543243299,
  "mae": 0.07176261237113403,
  "m_irt_stats": {
    "mean": 0.7276327498281788,
    "std": 0.14217972581602806,
    "min": 0.001133,
    "max": 0.944832
  },
  "p_correct_stats": {
    "mean": 0.7147480838487973,
    "std": 0.15621951983142618,
    "min": 0.009143,
    "max": 0.978583
  },
  "metadata": {
    "experiment_dir": "/workspaces/pykt-toolkit/experiments/20251201_174804_ikt2_reproducebaseline758459_390026",
    "metric_type": "head_agreement",
    "description": "Correlation between IRT mastery (M_IRT) and performance prediction (p_correct)"
  }
}