{
  "valid_auc": 0.8128615478305743,
  "valid_acc": 0.7702792238523426,
  "valid_metrics": {
    "l_sup": 0.492657433626772,
    "l_reg": 0.0012320089347970982,
    "l_ref": 0.0,
    "l_init": 0.007200481386039448,
    "l_rate": 0.1528841719610836
  },
  "test_auc": 0.8080502885609662,
  "test_acc": 0.7585293357456707,
  "test_metrics": {
    "l_sup": 0.51025973659755,
    "l_reg": 0.0011997394380159677,
    "l_ref": 0.0,
    "l_init": 0.00729669987013786,
    "l_rate": 0.15456178700037754
  },
  "window_test_auc": 0.8099521507189815,
  "window_test_acc": 0.7591876208897486,
  "window_metrics": {
    "l_sup": 0.4827212111422671,
    "l_reg": 0.0012776678393202248,
    "l_ref": 0.0,
    "l_init": 0.007447942559131903,
    "l_rate": 0.1504627388467558
  },
  "checkpoint": "/workspaces/pykt-toolkit/experiments/20251221_101716_idkt_pareto_v2_l0.25_assist2009_524548/best_model.pt"
}