{
  "prediction_mse": 0.02971992827951908,
  "prediction_corr": 0.7262950801530609,
  "initmastery_mse": 0.0071933758445084095,
  "initmastery_corr": 0.9720511669583528,
  "learning_rate_mse": 0.15203197300434113,
  "learning_rate_corr": 0.9838502230575721,
  "h2_functional_alignment": 0.3122295254128852,
  "h3_discriminant_overlap": -0.10975619257778049,
  "h3_latent_overlap": -0.03292603976883416
}