split,auc,acc,l_sup,l_ref,l_init,l_rate,l_reg
test,0.808050,0.758529,0.510260,0.000000,0.007297,0.154562,0.001200
