{
  "valid_auc": 0.8128615478305743,
  "valid_acc": 0.7702792238523426,
  "valid_metrics": {
    "l_sup": 0.49348675275064197,
    "l_reg": 0.0012382551891884457,
    "l_ref": 0.030845934835573036,
    "l_init": 0.006456568100979947,
    "l_rate": 0.14787063417578053
  },
  "test_auc": 0.8112509126399633,
  "test_acc": 0.7706767628963559,
  "test_metrics": {
    "l_sup": 0.49348675275064197,
    "l_reg": 0.0012382551891884457,
    "l_ref": 0.030845934835573036,
    "l_init": 0.006456568100979947,
    "l_rate": 0.14787063417578053
  },
  "best_epoch": 45,
  "params": {
    "model_name": "idkt",
    "dataset_name": "assist2009",
    "fold": 0,
    "seed": 42,
    "emb_type": "qid",
    "save_dir": "/workspaces/pykt-toolkit/experiments/20251221_101716_idkt_pareto_v2_l0.25_assist2009_524548",
    "d_model": 256,
    "d_ff": 512,
    "num_attn_heads": 8,
    "n_blocks": 4,
    "dropout": 0.2,
    "final_fc_dim": 512,
    "learning_rate": 0.0001,
    "weight_decay": 0.0,
    "batch_size": 64,
    "num_epochs": 100,
    "optimizer": "Adam",
    "gradient_clip": 1.0,
    "patience": 10,
    "seq_len": 200,
    "l2": 1e-05,
    "lambda_student": 1e-05,
    "lambda_gap": 1e-05,
    "lambda_ref": 0.25,
    "lambda_initmastery": 0.25,
    "lambda_rate": 0.25,
    "theory_guided": 1,
    "calibrate": 1,
    "use_wandb": 0,
    "add_uuid": 0
  }
}