epoch,train_loss,train_auc,train_acc,val_loss,val_auc,val_acc,train_bce_loss,train_im_loss,val_bce_loss,val_im_loss,train_encoder1_auc,train_encoder1_acc,val_encoder1_auc,val_encoder1_acc,train_encoder2_auc,train_encoder2_acc,val_encoder2_auc,val_encoder2_acc
1,0.599248,0.677991,0.734370,0.599248,0.673812,0.740241,0.563586,0.608164,0.563586,0.608164,0.677991,0.734370,0.673812,0.740241,0.518325,0.734370,0.519830,0.740241
2,0.596867,0.688848,0.734370,0.596867,0.683124,0.740241,0.554694,0.607410,0.554694,0.607410,0.688848,0.734370,0.683124,0.740241,0.521181,0.734370,0.522354,0.740241
3,0.595831,0.693580,0.734370,0.595831,0.686981,0.740241,0.552456,0.606675,0.552456,0.606675,0.693580,0.734370,0.686981,0.740241,0.522716,0.734370,0.523745,0.740241
4,0.594954,0.697427,0.734370,0.594954,0.689418,0.740241,0.550926,0.605961,0.550926,0.605961,0.697427,0.734370,0.689418,0.740241,0.523996,0.734370,0.524973,0.740241
5,0.594133,0.700160,0.734370,0.594133,0.690326,0.740241,0.549595,0.605268,0.549595,0.605268,0.700160,0.734370,0.690326,0.740241,0.524903,0.734370,0.525858,0.740241
6,0.593349,0.701890,0.734370,0.593349,0.689858,0.740241,0.548361,0.604597,0.548361,0.604597,0.701890,0.734370,0.689858,0.740241,0.525673,0.734370,0.526614,0.740241
