epoch,train_loss,train_auc,val_loss,val_auc,val_accuracy,monotonicity_violation_rate,negative_gain_rate,bounds_violation_rate,mastery_correlation,gain_correlation,main_loss_share,constraint_loss_share,alignment_loss_share,lag_loss_share,retention_loss_share
1,0.5415483563366331,0.6924200341278968,0.5154104488236564,0.7177893673982293,0.7510438057791317,0.0,0.0,0.0,0.11105586413552167,0.007931801612555883,0.9823855654948911,0.017614436622622954,-0.005505896945801018,0.0,0.0
2,0.5187057471337096,0.7244631198960132,0.5098750603442289,0.7250079897204291,0.7538954150405357,0.0,0.0,0.0,0.1035182332584719,0.0085595049631516,0.990820212042369,0.00917979205093893,-0.02268702350840174,0.0,0.0
3,0.507576567521367,0.7368756253630886,0.5096229716223113,0.7257377349250834,0.7534769194834013,0.0,0.0,0.0,0.10984524729117279,0.01811547533565849,0.9967532767448375,0.0032467258030253812,-0.044008879885463176,0.0,0.0
4,0.494828149753531,0.7470997152333407,0.5110762399070117,0.7238445624366929,0.7524550117276081,0.0,0.0,0.0,0.10119588679286837,0.005008106931796875,1.0080927268001785,-0.008092732046690808,-0.0719116390735609,0.0,0.0
5,0.47734542152424553,0.7586408072915973,0.5164649474377535,0.7175798558622267,0.7502652093937654,0.0,0.0,0.0,0.08437370801400611,0.005283719069333942,1.0274565030702203,-0.02745650547617263,-0.10959193459158705,0.0,0.0
6,0.47216681155516077,0.7745601340220462,0.5295453308796396,0.7063838970900855,0.7408636580404675,0.0,0.0,0.0,0.12612482832314068,0.00560632129545961,1.0126199458091931,-0.012619942232222342,-0.11183074972417424,0.0,0.0
