{
  "lambda_ref": 1.9103201820505422,
  "lambda_initmastery": 3.214132790692603,
  "lambda_rate": 1.4817234943664037
}