{
  "valid_auc": 0.7242091206324314,
  "valid_acc": 0.7522895599957177,
  "valid_metrics": {
    "l_sup": 0.5115113307061383,
    "l_reg": 8.105488648522754e-07,
    "l_ref": 0.012012279307355687,
    "l_init": 0.020655165233493995,
    "l_rate": 0.06103569662776154
  },
  "test_auc": 0.7169317343846754,
  "test_acc": 0.7454232049453162,
  "test_metrics": {
    "l_sup": 0.5217390471668619,
    "l_reg": 8.157189889240472e-07,
    "l_ref": 0.011922278059799164,
    "l_init": 0.020408588138619434,
    "l_rate": 0.06111539640588359
  },
  "window_test_auc": 0.7171288589985398,
  "window_test_acc": 0.745461972667855,
  "window_metrics": {
    "l_sup": 0.529775248464393,
    "l_reg": 8.197032454286083e-07,
    "l_ref": 0.0,
    "l_init": 0.019473772339833762,
    "l_rate": 0.06314409794988311
  },
  "checkpoint": "/workspaces/pykt-toolkit/experiments/20251226_190425_idkt_assist2015_hr_sweep_l0.2_550699/best_model.pt"
}