split,auc,acc,l_sup,l_ref,l_init,l_rate,l_reg
test,0.716932,0.745423,0.521739,0.011922,0.020409,0.061115,0.000001
