{
  "r2_true": 0.7525553125920074,
  "pearson_true": 0.867559585316253,
  "r2_control": -0.004500348567211487,
  "pearson_control": 0.003823371969895221,
  "selectivity_r2": 0.7570556611592189
}