{
  "valid_auc": 0.8418230182338498,
  "valid_acc": 0.7833980123047799,
  "valid_metrics": {
    "l_sup": 0.4702394381557391,
    "l_reg": 7.498509088084877e-05,
    "l_ref": 0.08180982805788517,
    "l_init": 4.210804067755354e-07,
    "l_rate": 1.528353862599035e-07
  },
  "test_auc": 0.8328166733923053,
  "test_acc": 0.7695948565520806,
  "test_metrics": {
    "l_sup": 0.49385400736793467,
    "l_reg": 7.142449291374457e-05,
    "l_ref": 0.07970611999432246,
    "l_init": 4.0949101209386503e-07,
    "l_rate": 1.4773574555803057e-07
  },
  "window_test_auc": 0.8344585897378495,
  "window_test_acc": 0.7711637653127015,
  "window_metrics": {
    "l_sup": 0.45860651353101495,
    "l_reg": 0.0002192685796470866,
    "l_ref": 0.0,
    "l_init": 3.8548127676228296e-07,
    "l_rate": 1.6537441900075856e-07
  },
  "checkpoint": "/workspaces/pykt-toolkit/experiments/20251226_135521_idkt_loose_path1_v1_628734/best_model.pt"
}