split,auc,acc,l_sup,l_ref,l_init,l_rate,l_reg
test,0.832817,0.769595,0.493854,0.079706,0.000000,0.000000,0.000071
