{
  "r2_true": 0.5725505246300551,
  "pearson_true": 0.7567595621189792,
  "r2_control": -0.016654741739560386,
  "pearson_control": -0.018293453518850568,
  "selectivity_r2": 0.5892052663696155
}