{
  "valid_auc": 0.8418230182338498,
  "valid_acc": 0.7833980123047799,
  "valid_metrics": {
    "l_sup": 0.49951775678937604,
    "l_reg": 8.746860506410788e-05,
    "l_ref": 0.08729327407975991,
    "l_init": 4.205293181621379e-07,
    "l_rate": 1.542395003963481e-07
  },
  "test_auc": 0.8350718401742209,
  "test_acc": 0.7780407004259347,
  "test_metrics": {
    "l_sup": 0.49951775678937604,
    "l_reg": 8.746860506410788e-05,
    "l_ref": 0.08729327407975991,
    "l_init": 4.205293181621379e-07,
    "l_rate": 1.542395003963481e-07
  },
  "best_epoch": 43,
  "params": {
    "model_name": "idkt",
    "dataset_name": "assist2009",
    "fold": 0,
    "seed": 42,
    "emb_type": "qid",
    "save_dir": "/workspaces/pykt-toolkit/experiments/20251226_135521_idkt_loose_path1_v1_628734",
    "d_model": 256,
    "d_ff": 512,
    "num_attn_heads": 8,
    "n_blocks": 4,
    "dropout": 0.2,
    "final_fc_dim": 512,
    "learning_rate": 0.0001,
    "weight_decay": 0.0,
    "batch_size": 64,
    "num_epochs": 100,
    "optimizer": "Adam",
    "gradient_clip": 1.0,
    "patience": 10,
    "seq_len": 200,
    "l2": 1e-05,
    "lambda_student": 1e-05,
    "lambda_gap": 1e-05,
    "lambda_ref": 0.1,
    "lambda_initmastery": 0.005,
    "lambda_rate": 0.005,
    "theory_guided": 1,
    "calibrate": 0,
    "use_wandb": 0,
    "add_uuid": 0
  }
}