{
  "experiment_id": "20251111_214722_gainakt2exp_alignment_sweep_0.15_470340",
  "dataset": "assist2015",
  "fold": 0,
  "train_auc": 0.7564996807541826,
  "train_acc": 0.7635255634087048,
  "train_mastery_correlation": 0.12374300699182283,
  "train_gain_correlation": 0.04407736852098772,
  "train_correlation_students": 3334,
  "valid_auc": 0.7253668115045334,
  "valid_acc": 0.7532822703870597,
  "test_auc": 0.7187506732820179,
  "test_acc": 0.7470131954350927,
  "test_mastery_correlation": 0.12118808050052637,
  "test_gain_correlation": 0.03647549735199689,
  "test_correlation_students": 3177,
  "timestamp": "2025-11-11T22:03:26.966945Z"
}