{
  "train": {
    "total_auc": 0.7407823465977245,
    "total_acc": 0.7572180140605788,
    "bce_auc": 0.7421444746553744,
    "bce_acc": 0.7583185500145486,
    "mastery_auc": 0.6634346053969497,
    "mastery_acc": 0.7382742469893654
  },
  "valid": {
    "total_auc": 0.7115071345960837,
    "total_acc": 0.7501386874811433,
    "bce_auc": 0.7119395602803292,
    "bce_acc": 0.7511995250562049,
    "mastery_auc": 0.6534778543550552,
    "mastery_acc": 0.7373599743063193
  },
  "test": {
    "total_auc": 0.7069265789648543,
    "total_acc": 0.7453340466000951,
    "bce_auc": 0.7073358205183433,
    "bce_acc": 0.7457501188777936,
    "mastery_auc": 0.646609376488197,
    "mastery_acc": 0.7289660603899192
  },
  "checkpoint_epoch": 12,
  "checkpoint_val_auc": 0.7119395602803292
}