epoch,train_loss,train_auc,train_acc,val_loss,val_auc,val_acc,train_bce_loss,train_im_loss,val_bce_loss,val_im_loss,train_encoder1_auc,train_encoder1_acc,val_encoder1_auc,val_encoder1_acc,train_encoder2_auc,train_encoder2_acc,val_encoder2_auc,val_encoder2_acc
1,0.567827,0.680382,0.734370,0.567827,0.675598,0.740241,0.563305,0.608526,0.563305,0.608526,0.680382,0.734370,0.675598,0.740241,0.504126,0.734370,0.506779,0.740241
2,0.559411,0.693518,0.734370,0.559411,0.686649,0.740241,0.553997,0.608137,0.553997,0.608137,0.693518,0.734370,0.686649,0.740241,0.505452,0.734370,0.508039,0.740241
3,0.556890,0.698830,0.734370,0.556890,0.689919,0.740241,0.551237,0.607767,0.551237,0.607767,0.698830,0.734370,0.689919,0.740241,0.505866,0.734370,0.508439,0.740241
4,0.554937,0.700914,0.734370,0.554937,0.688637,0.740241,0.549107,0.607407,0.549107,0.607407,0.700914,0.734370,0.688637,0.740241,0.505982,0.734370,0.508580,0.740241
5,0.553042,0.705300,0.734370,0.553042,0.689311,0.740241,0.547041,0.607056,0.547041,0.607056,0.705300,0.734370,0.689311,0.740241,0.505917,0.734370,0.508536,0.740241
6,0.551043,0.708423,0.734370,0.551043,0.688419,0.740241,0.544857,0.606713,0.544857,0.606713,0.708423,0.734370,0.688419,0.740241,0.505674,0.734370,0.508313,0.740241
