epoch,train_loss,train_auc,train_acc,val_loss,val_auc,val_acc,train_bce_loss,train_im_loss,val_bce_loss,val_im_loss,train_encoder1_auc,train_encoder1_acc,val_encoder1_auc,val_encoder1_acc,train_encoder2_auc,train_encoder2_acc,val_encoder2_auc,val_encoder2_acc
1,0.600560,0.677991,0.734370,0.600560,0.673812,0.740241,0.563586,0.609804,0.563586,0.609804,0.677991,0.734370,0.673812,0.740241,0.512030,0.734370,0.514139,0.740241
2,0.598141,0.688848,0.734370,0.598141,0.683124,0.740241,0.554694,0.609003,0.554694,0.609003,0.688848,0.734370,0.683124,0.740241,0.514969,0.734370,0.516847,0.740241
3,0.597065,0.693580,0.734370,0.597065,0.686981,0.740241,0.552456,0.608218,0.552456,0.608218,0.693580,0.734370,0.686981,0.740241,0.517121,0.734370,0.518758,0.740241
4,0.596146,0.697427,0.734370,0.596146,0.689418,0.740241,0.550926,0.607452,0.550926,0.607452,0.697427,0.734370,0.689418,0.740241,0.518436,0.734370,0.519934,0.740241
5,0.595284,0.700160,0.734370,0.595284,0.690326,0.740241,0.549595,0.606706,0.549595,0.606706,0.700160,0.734370,0.690326,0.740241,0.519768,0.734370,0.521278,0.740241
6,0.594456,0.701890,0.734370,0.594456,0.689858,0.740241,0.548361,0.605980,0.548361,0.605980,0.701890,0.734370,0.689858,0.740241,0.521153,0.734370,0.522729,0.740241
