{
  "lambda_ref": 2.8717821258150202,
  "lambda_initmastery": 2.8538657568935286,
  "lambda_rate": 0.8143730682196877
}