{
  "valid_auc": 0.816819166902024,
  "valid_acc": 0.7737434926644581,
  "valid_metrics": {
    "l_sup": 0.48438143419297863,
    "l_reg": 6.961131020943867e-05,
    "l_ref": 0.030789115466177464,
    "l_init": 0.03391197501954316,
    "l_rate": 0.13817268657849854
  },
  "test_auc": 0.8096052991306667,
  "test_acc": 0.7603547428276041,
  "test_metrics": {
    "l_sup": 0.5040387857289707,
    "l_reg": 6.73463319496174e-05,
    "l_ref": 0.030063363909721374,
    "l_init": 0.034051430712154954,
    "l_rate": 0.14120465632162074
  },
  "window_test_auc": 0.8113212161370633,
  "window_test_acc": 0.7619116698903933,
  "window_metrics": {
    "l_sup": 0.47730877429985147,
    "l_reg": 0.000207381969912917,
    "l_ref": 0.0,
    "l_init": 0.03592804528454209,
    "l_rate": 0.13467451931785432
  },
  "checkpoint": "/workspaces/pykt-toolkit/experiments/20251226_181543_idkt_assist2009_hr_sweep_l0.2_162333/best_model.pt"
}