split,auc,acc,l_sup,l_ref,l_init,l_rate,l_reg
test,0.809605,0.760355,0.504039,0.030063,0.034051,0.141205,0.000067
