{
  "valid_auc": 0.816819166902024,
  "valid_acc": 0.7737434926644581,
  "valid_metrics": {
    "l_sup": 0.4894984415411027,
    "l_reg": 7.744063896097941e-05,
    "l_ref": 0.03234719469522437,
    "l_init": 0.0316202206424697,
    "l_rate": 0.13411444426306562
  },
  "test_auc": 0.8135231495942832,
  "test_acc": 0.7734406057737814,
  "test_metrics": {
    "l_sup": 0.4894984415411027,
    "l_reg": 7.744063896097941e-05,
    "l_ref": 0.03234719469522437,
    "l_init": 0.0316202206424697,
    "l_rate": 0.13411444426306562
  },
  "best_epoch": 45,
  "params": {
    "model_name": "idkt",
    "dataset_name": "assist2009",
    "fold": 0,
    "seed": 42,
    "emb_type": "qid",
    "save_dir": "/workspaces/pykt-toolkit/experiments/20251226_181543_idkt_assist2009_hr_sweep_l0.2_162333",
    "d_model": 256,
    "d_ff": 512,
    "num_attn_heads": 8,
    "n_blocks": 4,
    "dropout": 0.2,
    "final_fc_dim": 512,
    "learning_rate": 0.0001,
    "weight_decay": 0.0,
    "batch_size": 64,
    "num_epochs": 100,
    "optimizer": "Adam",
    "gradient_clip": 1.0,
    "patience": 10,
    "seq_len": 200,
    "l2": 1e-05,
    "lambda_student": 1e-05,
    "lambda_gap": 1e-05,
    "lambda_ref": 0.2,
    "lambda_initmastery": 0.2,
    "lambda_rate": 0.2,
    "theory_guided": 1,
    "calibrate": 1,
    "use_wandb": 0,
    "add_uuid": 0
  }
}