split,auc,acc
test,0.726309,0.751315
