epoch,train_loss,train_auc,train_acc,val_loss,val_auc,val_acc,train_bce_loss,train_im_loss,val_bce_loss,val_im_loss,train_encoder1_auc,train_encoder1_acc,val_encoder1_auc,val_encoder1_acc,train_encoder2_auc,train_encoder2_acc,val_encoder2_auc,val_encoder2_acc
1,0.597845,0.677991,0.734370,0.597845,0.673812,0.740241,0.563586,0.606410,0.563586,0.606410,0.677991,0.734370,0.673812,0.740241,0.517335,0.734370,0.519022,0.740241
2,0.595477,0.688848,0.734370,0.595477,0.683124,0.740241,0.554694,0.605673,0.554694,0.605673,0.688848,0.734370,0.683124,0.740241,0.520462,0.734370,0.521765,0.740241
3,0.594454,0.693580,0.734370,0.594454,0.686981,0.740241,0.552456,0.604954,0.552456,0.604954,0.693580,0.734370,0.686981,0.740241,0.522139,0.734370,0.523312,0.740241
4,0.593592,0.697427,0.734370,0.593592,0.689418,0.740241,0.550926,0.604258,0.550926,0.604258,0.697427,0.734370,0.689418,0.740241,0.523319,0.734370,0.524437,0.740241
5,0.592813,0.700160,0.734370,0.592813,0.690326,0.740241,0.549595,0.603618,0.549595,0.603618,0.700160,0.734370,0.690326,0.740241,0.524180,0.734370,0.525253,0.740241
6,0.592097,0.701890,0.734370,0.592097,0.689858,0.740241,0.548361,0.603031,0.548361,0.603031,0.701890,0.734370,0.689858,0.740241,0.524892,0.734370,0.525965,0.740241
