epoch,train_loss,train_auc,val_loss,val_auc,val_accuracy,monotonicity_violation_rate,negative_gain_rate,bounds_violation_rate,mastery_correlation,gain_correlation,main_loss_share,constraint_loss_share,alignment_loss_share,lag_loss_share,retention_loss_share
1,0.5491086971883329,0.6894697766136262,0.5149615717177488,0.7167471638666105,0.7511605952369366,0.0,0.0,0.0,-0.004463952824069365,0.08319616346425543,0.971695620331193,0.028304383779444466,-0.01274525101879108,0.0,0.0
2,0.5250741788451536,0.7233818209218226,0.5103440455027989,0.72443648622625,0.7533406651159622,0.0,0.0,0.0,-0.01449054923402102,0.08896629868998372,0.9801637924511512,0.019836209368496747,-0.042304909958670374,0.0,0.0
3,0.5170353671120856,0.7353966874716625,0.5102291332215679,0.7255165582026744,0.7529027046491936,0.0,0.0,0.0,-0.007200605745612526,0.07657654506217686,0.9804914454007242,0.01950855051140951,-0.0733721128434992,0.0,0.0
