{
  "experiment_name": "optimal_v1",
  "best_val_auc": 0.7255165582026744,
  "final_consistency_metrics": {
    "monotonicity_violation_rate": 0.0,
    "negative_gain_rate": 0.0,
    "bounds_violation_rate": 0.0,
    "mastery_correlation": -0.03780190984235855,
    "gain_correlation": 0.04296554302133789
  },
  "train_history": {
    "train_loss": [
      0.5491086971883329,
      0.5250741788451536,
      0.5170353671120856
    ],
    "train_auc": [
      0.6894697766136262,
      0.7233818209218226,
      0.7353966874716625
    ],
    "val_auc": [
      0.7167471638666105,
      0.72443648622625,
      0.7255165582026744
    ],
    "consistency_metrics": [
      {
        "monotonicity_violation_rate": 0.0,
        "negative_gain_rate": 0.0,
        "bounds_violation_rate": 0.0,
        "mastery_correlation": -0.004463952824069365,
        "gain_correlation": 0.08319616346425543
      },
      {
        "monotonicity_violation_rate": 0.0,
        "negative_gain_rate": 0.0,
        "bounds_violation_rate": 0.0,
        "mastery_correlation": -0.01449054923402102,
        "gain_correlation": 0.08896629868998372
      },
      {
        "monotonicity_violation_rate": 0.0,
        "negative_gain_rate": 0.0,
        "bounds_violation_rate": 0.0,
        "mastery_correlation": -0.007200605745612526,
        "gain_correlation": 0.07657654506217686
      }
    ],
    "semantic_trajectory": [
      {
        "epoch": 1,
        "mastery_correlation": -0.004463952824069365,
        "gain_correlation": 0.08319616346425543,
        "warmup_scale": 0.25,
        "alignment_corr_mastery": 0.1796153038740158,
        "alignment_corr_gain": 0.24318696558475494,
        "global_alignment_mastery_corr": null,
        "global_alignment_gain_corr": null,
        "effective_alignment_weight": 0.03125,
        "peak_mastery_corr": 0.0,
        "retention_loss_value": 0.0,
        "mean_lag_corr": 0.0,
        "lag_corr_count": 0,
        "consistency_loss_weight_current": 0.3,
        "sparsity_loss_weight_current": 0.2,
        "loss_shares": {
          "main": 0.971695620331193,
          "constraint_total": 0.028304383779444466,
          "alignment": -0.01274525101879108,
          "lag": 0.0,
          "retention": 0.0
        },
        "mean_mastery_variance": 0.016486369560767024,
        "min_mastery_variance": 0.011160402558743954,
        "max_mastery_variance": 0.03746622055768967,
        "per_lag_correlations": []
      },
      {
        "epoch": 2,
        "mastery_correlation": -0.01449054923402102,
        "gain_correlation": 0.08896629868998372,
        "warmup_scale": 0.5,
        "alignment_corr_mastery": 0.18610639870166779,
        "alignment_corr_gain": 0.2764396369457245,
        "global_alignment_mastery_corr": null,
        "global_alignment_gain_corr": null,
        "effective_alignment_weight": 0.0625,
        "peak_mastery_corr": 0.0,
        "retention_loss_value": 0.0,
        "mean_lag_corr": 0.0,
        "lag_corr_count": 0,
        "consistency_loss_weight_current": 0.3,
        "sparsity_loss_weight_current": 0.2,
        "loss_shares": {
          "main": 0.9801637924511512,
          "constraint_total": 0.019836209368496747,
          "alignment": -0.042304909958670374,
          "lag": 0.0,
          "retention": 0.0
        },
        "mean_mastery_variance": 0.013913187642287404,
        "min_mastery_variance": 0.010553188621997833,
        "max_mastery_variance": 0.017490528523921967,
        "per_lag_correlations": []
      },
      {
        "epoch": 3,
        "mastery_correlation": -0.007200605745612526,
        "gain_correlation": 0.07657654506217686,
        "warmup_scale": 0.75,
        "alignment_corr_mastery": 0.187796950340271,
        "alignment_corr_gain": 0.28384628891944885,
        "global_alignment_mastery_corr": null,
        "global_alignment_gain_corr": null,
        "effective_alignment_weight": 0.09375,
        "peak_mastery_corr": 0.0,
        "retention_loss_value": 0.0,
        "mean_lag_corr": 0.0,
        "lag_corr_count": 0,
        "consistency_loss_weight_current": 0.3,
        "sparsity_loss_weight_current": 0.2,
        "loss_shares": {
          "main": 0.9804914454007242,
          "constraint_total": 0.01950855051140951,
          "alignment": -0.0733721128434992,
          "lag": 0.0,
          "retention": 0.0
        },
        "mean_mastery_variance": 0.013051403811867373,
        "min_mastery_variance": 0.01023494079709053,
        "max_mastery_variance": 0.017635097727179527,
        "per_lag_correlations": []
      }
    ]
  }
}