{
  "metadata": {
    "generation_timestamp": "2025-10-06T00:57:39.728241",
    "model_path": "saved_model/gainakt2_cumulative_mastery_quick_test/best_model.pth",
    "total_students_analyzed": 30,
    "model_type": "GainAKT2Monitored_CumulativeMastery"
  },
  "consistency_analysis": {
    "monotonicity": {
      "perfect_students": 30,
      "perfect_percentage": 1.0,
      "mean_violation_rate": 0.0,
      "std_violation_rate": 0.0,
      "max_violation_rate": 0.0,
      "assessment": "PERFECT"
    },
    "mastery_bounds": {
      "perfect_students": 30,
      "perfect_percentage": 1.0,
      "mean_violation_rate": 0.0,
      "std_violation_rate": 0.0,
      "max_violation_rate": 0.0,
      "assessment": "PERFECT"
    },
    "non_negative_gains": {
      "perfect_students": 30,
      "perfect_percentage": 1.0,
      "mean_violation_rate": 0.0,
      "std_violation_rate": 0.0,
      "max_violation_rate": 0.0,
      "assessment": "PERFECT"
    }
  },
  "performance_analysis": {
    "mastery_performance_correlation": {
      "mean_correlation": 0.05602097404096615,
      "std_correlation": 0.5389913258839232,
      "strong_correlations_count": 10,
      "strong_correlations_percentage": 0.3333333333333333,
      "assessment": "WEAK"
    },
    "overall_performance": {
      "mean_performance_rate": 0.7164680361747742,
      "std_performance_rate": 0.21268965303897858,
      "min_performance_rate": 0.1666666716337204,
      "max_performance_rate": 1.0
    }
  },
  "educational_validity": {
    "interpretability_score": 71.68062922122898,
    "consistency_grade": "A+",
    "correlation_grade": "F",
    "overall_assessment": "VERY_GOOD: Perfect consistency achieved"
  },
  "detailed_statistics": {
    "sequence_lengths": [
      20,
      199,
      49,
      14,
      34,
      39,
      7,
      136,
      23,
      38,
      9,
      11,
      3,
      9,
      12,
      6,
      14,
      6,
      9,
      24,
      126,
      14,
      3,
      3,
      19,
      16,
      17,
      16,
      6,
      5
    ],
    "individual_correlations": [
      0.7064587845094675,
      -0.10568484505806786,
      0.8210836411036323,
      0.6490205071284991,
      -0.07220693710584628,
      0.33194538788786476,
      0.0992915029545105,
      0.0658788482795491,
      0.6119985974541208,
      -0.39036974373068034,
      0.5016172383095522,
      -0.47879577371361504,
      0.9999722116961324,
      -0.8902840977771036,
      -0.732938224764691,
      -0.7130365250934028,
      -0.20154655139201527,
      -0.7957739133828899,
      0.47415285849727384,
      -0.320574832535977,
      -0.18364080359031076,
      -0.13294637561689948,
      0.8888415530573671,
      0.9342763308716124,
      0.05631261730975795,
      -0.5188034373208686,
      0.12292620989195037,
      0.26468048696166663,
      -0.3864509742296374,
      0.07522548062803246
    ],
    "individual_performance_rates": [
      0.75,
      0.6633166074752808,
      0.7551020383834839,
      0.6428571343421936,
      0.9117646813392639,
      0.7435897588729858,
      0.8571428656578064,
      0.5661764740943909,
      0.8260869383811951,
      0.44736841320991516,
      0.3333333432674408,
      0.7272727489471436,
      1.0,
      0.6666666865348816,
      0.4166666567325592,
      0.8333333134651184,
      0.7142857313156128,
      0.5,
      0.8888888955116272,
      0.6666666865348816,
      0.7539682388305664,
      1.0,
      1.0,
      1.0,
      0.6842105388641357,
      0.4375,
      0.9411764740943909,
      1.0,
      0.1666666716337204,
      0.6000000238418579
    ],
    "monotonicity_violation_rates": [
      0.0,
      0.0,
      0.0,
      0.0,
      0.0,
      0.0,
      0.0,
      0.0,
      0.0,
      0.0,
      0.0,
      0.0,
      0.0,
      0.0,
      0.0,
      0.0,
      0.0,
      0.0,
      0.0,
      0.0,
      0.0,
      0.0,
      0.0,
      0.0,
      0.0,
      0.0,
      0.0,
      0.0,
      0.0,
      0.0
    ],
    "mastery_bounds_violation_rates": [
      0.0,
      0.0,
      0.0,
      0.0,
      0.0,
      0.0,
      0.0,
      0.0,
      0.0,
      0.0,
      0.0,
      0.0,
      0.0,
      0.0,
      0.0,
      0.0,
      0.0,
      0.0,
      0.0,
      0.0,
      0.0,
      0.0,
      0.0,
      0.0,
      0.0,
      0.0,
      0.0,
      0.0,
      0.0,
      0.0
    ],
    "gain_violation_rates": [
      0.0,
      0.0,
      0.0,
      0.0,
      0.0,
      0.0,
      0.0,
      0.0,
      0.0,
      0.0,
      0.0,
      0.0,
      0.0,
      0.0,
      0.0,
      0.0,
      0.0,
      0.0,
      0.0,
      0.0,
      0.0,
      0.0,
      0.0,
      0.0,
      0.0,
      0.0,
      0.0,
      0.0,
      0.0,
      0.0
    ]
  }
}