{
  "valid_auc": 0.8429934000828639,
  "valid_acc": 0.7822811168954094,
  "valid_metrics": {
    "l_sup": 0.4570900572038829,
    "l_reg": 0.0012593608456275736,
    "l_ref": 0.0,
    "l_init": 0.008482144190695111,
    "l_rate": 0.17179108426562473
  },
  "test_auc": 0.8345002605649462,
  "test_acc": 0.7689648487981391,
  "test_metrics": {
    "l_sup": 0.4794848861475463,
    "l_reg": 0.0012234610718830179,
    "l_ref": 0.0,
    "l_init": 0.008542839639593154,
    "l_rate": 0.1735063512262771
  },
  "window_test_auc": 0.8360175428257384,
  "window_test_acc": 0.7704223081882656,
  "window_metrics": {
    "l_sup": 0.4409940223201201,
    "l_reg": 0.0013664519577798052,
    "l_ref": 0.0,
    "l_init": 0.008805451085787033,
    "l_rate": 0.16919993804777536
  },
  "checkpoint": "/workspaces/pykt-toolkit/experiments/20251221_101656_idkt_pareto_v2_l0.05_assist2009_804599/best_model.pt"
}