{
  "prediction_mse": 0.08965890854597092,
  "prediction_corr": 0.4491647327589028,
  "initmastery_mse": 0.008426432497799397,
  "initmastery_corr": 0.9896026024761259,
  "learning_rate_mse": 0.17092426121234894,
  "learning_rate_corr": 0.9882825626466951,
  "h2_functional_alignment": 0.2836461526933914,
  "h3_discriminant_overlap": -0.11730455459525369,
  "h3_latent_overlap": -0.03253883912495614
}