split,auc,acc,l_sup,l_ref,l_init,l_rate,l_reg
test,0.834500,0.768965,0.479485,0.000000,0.008543,0.173506,0.001223
