{
  "valid_auc": 0.8429934000828639,
  "valid_acc": 0.7822811168954094,
  "valid_metrics": {
    "l_sup": 0.4750497894854288,
    "l_reg": 0.0012707651282350223,
    "l_ref": 0.07983613076309364,
    "l_init": 0.008128980165250821,
    "l_rate": 0.1705577716611906
  },
  "test_auc": 0.8408308947444839,
  "test_acc": 0.7821107430194036,
  "test_metrics": {
    "l_sup": 0.4750497894854288,
    "l_reg": 0.0012707651282350223,
    "l_ref": 0.07983613076309364,
    "l_init": 0.008128980165250821,
    "l_rate": 0.1705577716611906
  },
  "best_epoch": 51,
  "params": {
    "model_name": "idkt",
    "dataset_name": "assist2009",
    "fold": 0,
    "seed": 42,
    "emb_type": "qid",
    "save_dir": "/workspaces/pykt-toolkit/experiments/20251221_101656_idkt_pareto_v2_l0.05_assist2009_804599",
    "d_model": 256,
    "d_ff": 512,
    "num_attn_heads": 8,
    "n_blocks": 4,
    "dropout": 0.2,
    "final_fc_dim": 512,
    "learning_rate": 0.0001,
    "weight_decay": 0.0,
    "batch_size": 64,
    "num_epochs": 100,
    "optimizer": "Adam",
    "gradient_clip": 1.0,
    "patience": 10,
    "seq_len": 200,
    "l2": 1e-05,
    "lambda_student": 1e-05,
    "lambda_gap": 1e-05,
    "lambda_ref": 0.05,
    "lambda_initmastery": 0.05,
    "lambda_rate": 0.05,
    "theory_guided": 1,
    "calibrate": 1,
    "use_wandb": 0,
    "add_uuid": 0
  }
}