epoch,train_loss,train_auc,train_acc,val_loss,val_auc,val_acc,train_bce_loss,train_im_loss,val_bce_loss,val_im_loss,train_encoder1_auc,train_encoder1_acc,val_encoder1_auc,val_encoder1_acc,train_encoder2_auc,train_encoder2_acc,val_encoder2_auc,val_encoder2_acc
1,0.599108,0.677991,0.734370,0.599108,0.673812,0.740241,0.563586,0.607989,0.563586,0.607989,0.677991,0.734370,0.673812,0.740241,0.524766,0.734370,0.525921,0.740241
2,0.596643,0.688848,0.734370,0.596643,0.683124,0.740241,0.554694,0.607130,0.554694,0.607130,0.688848,0.734370,0.683124,0.740241,0.529780,0.734370,0.530330,0.740241
3,0.595524,0.693580,0.734370,0.595524,0.686981,0.740241,0.552456,0.606291,0.552456,0.606291,0.693580,0.734370,0.686981,0.740241,0.531573,0.734370,0.531922,0.740241
4,0.594566,0.697427,0.734370,0.594566,0.689418,0.740241,0.550926,0.605476,0.550926,0.605476,0.697427,0.734370,0.689418,0.740241,0.533012,0.734370,0.533349,0.740241
5,0.593667,0.700160,0.734370,0.593667,0.690326,0.740241,0.549595,0.604685,0.549595,0.604685,0.700160,0.734370,0.690326,0.740241,0.534793,0.734370,0.535270,0.740241
6,0.592806,0.701890,0.734370,0.592806,0.689858,0.740241,0.548361,0.603918,0.548361,0.603918,0.701890,0.734370,0.689858,0.740241,0.536847,0.734370,0.537376,0.740241
