{
  "lambda_ref": 7.729405177556689,
  "lambda_initmastery": 10.096724061682895,
  "lambda_rate": 2.6917353157604555
}