{
  "valid_auc": 0.7730956072761306,
  "valid_acc": 0.7192645678696357,
  "valid_metrics": {
    "l_sup": 0.5519807411380592,
    "l_reg": 6.024448591940907e-06,
    "l_ref": 0.01655419274336762,
    "l_init": 0.0319958387423122,
    "l_rate": 0.1379860626663518
  },
  "test_auc": 0.7691864642055524,
  "test_acc": 0.7130001717327837,
  "test_metrics": {
    "l_sup": 0.5576814106327127,
    "l_reg": 6.198361213385149e-06,
    "l_ref": 0.016211910342628307,
    "l_init": 0.033271480755351315,
    "l_rate": 0.14172343734215914
  },
  "window_test_auc": 0.7691864642055524,
  "window_test_acc": 0.7130001717327837,
  "window_metrics": {
    "l_sup": 0.5576814106327127,
    "l_reg": 6.198361213385149e-06,
    "l_ref": 0.0,
    "l_init": 0.033271480755351315,
    "l_rate": 0.14172343734215914
  },
  "checkpoint": "/workspaces/pykt-toolkit/experiments/20251231_000327_idkt_assist2009_S_hr_sweep_l0.6_215566/best_model.pt"
}