{
  "prediction_mse": 0.016542203724384308,
  "prediction_corr": 0.8522780997062183,
  "initmastery_mse": 0.03219994157552719,
  "initmastery_corr": 0.5217168824399323,
  "learning_rate_mse": 0.1378358006477356,
  "learning_rate_corr": 0.27839330328892914,
  "h2_functional_alignment": 0.276085146002968,
  "h3_discriminant_overlap": 0.08193944506185359,
  "h3_latent_overlap": -0.031533306851210675
}