split,auc,acc,l_sup,l_ref,l_init,l_rate,l_reg
test,0.769186,0.713000,0.557681,0.016212,0.033271,0.141723,0.000006
