{
  "0": {
    "r2": -440.7200754933753,
    "pearson": -0.05474291469055996,
    "count": 236
  },
  "1": {
    "r2": -52.0621073432966,
    "pearson": 0.0891077367401512,
    "count": 632
  },
  "2": {
    "r2": 0.8686266403874475,
    "pearson": 0.9466098053505526,
    "count": 197
  },
  "3": {
    "r2": 0.20058889873421315,
    "pearson": 0.5405137638340343,
    "count": 115
  },
  "4": {
    "r2": -9.21686975267888,
    "pearson": 0.28122968966570305,
    "count": 124
  },
  "5": {
    "r2": -81.54062495913789,
    "pearson": 0.13032097275494353,
    "count": 434
  },
  "8": {
    "r2": -81812.2918469061,
    "pearson": -0.6046138566701661,
    "count": 153
  },
  "9": {
    "r2": -6087.714453764917,
    "pearson": -0.04826521262603167,
    "count": 213
  },
  "10": {
    "r2": -4854.502886674124,
    "pearson": -0.022631044466343432,
    "count": 55
  },
  "11": {
    "r2": -368.751569364024,
    "pearson": 0.05458439524285146,
    "count": 278
  },
  "12": {
    "r2": -230.12910230810755,
    "pearson": -0.08236684406422087,
    "count": 427
  },
  "14": {
    "r2": -37042.86971820209,
    "pearson": -0.08821701055627632,
    "count": 66
  },
  "15": {
    "r2": -32026.855250208668,
    "pearson": 0.17740525740489888,
    "count": 236
  },
  "16": {
    "r2": 0.804200007480436,
    "pearson": 0.9587302935988026,
    "count": 22
  },
  "17": {
    "r2": -43.2385150477866,
    "pearson": 0.08833283054533167,
    "count": 88
  },
  "18": {
    "r2": 0.7629911314358006,
    "pearson": 0.9000406535427606,
    "count": 74
  },
  "19": {
    "r2": -129.4992746803643,
    "pearson": -0.5212745172417919,
    "count": 50
  },
  "20": {
    "r2": -239.14858965905285,
    "pearson": 0.1292207280438167,
    "count": 167
  },
  "21": {
    "r2": -0.34421451379669255,
    "pearson": 0.6896780881177804,
    "count": 74
  },
  "22": {
    "r2": 0.6935425543377578,
    "pearson": 0.9278853956974416,
    "count": 84
  },
  "23": {
    "r2": -312.80334862992476,
    "pearson": -0.14992793520869604,
    "count": 277
  },
  "24": {
    "r2": 0.14899540988598492,
    "pearson": 0.45846761458128343,
    "count": 48
  },
  "25": {
    "r2": -11948.778647948848,
    "pearson": -0.4726281376677397,
    "count": 207
  },
  "26": {
    "r2": 0.8520357296355815,
    "pearson": 0.9317948916086604,
    "count": 122
  },
  "27": {
    "r2": -6268.55885847528,
    "pearson": -0.38210580939062117,
    "count": 35
  },
  "28": {
    "r2": -15341.997453818847,
    "pearson": 0.18828598786427497,
    "count": 176
  },
  "30": {
    "r2": -808.2520997889822,
    "pearson": -0.051728037543794805,
    "count": 87
  },
  "31": {
    "r2": 0.7956138507129834,
    "pearson": 0.9175561871863559,
    "count": 100
  },
  "32": {
    "r2": 0.740632298492147,
    "pearson": 0.9133840061092171,
    "count": 56
  },
  "37": {
    "r2": -8.245548260945448,
    "pearson": -0.20847748823936113,
    "count": 28
  },
  "38": {
    "r2": 0.6122614139054402,
    "pearson": 0.7903126990968373,
    "count": 54
  },
  "44": {
    "r2": 0.9037986025633136,
    "pearson": 0.9824084886552333,
    "count": 93
  },
  "45": {
    "r2": -52.19961980142748,
    "pearson": 0.16390111261620047,
    "count": 199
  },
  "46": {
    "r2": 0.9225144472733007,
    "pearson": 0.9834288187793999,
    "count": 110
  },
  "47": {
    "r2": 0.733347846772826,
    "pearson": 0.8879175409797414,
    "count": 55
  },
  "48": {
    "r2": -6.785861103949057,
    "pearson": 0.1635966967403704,
    "count": 82
  },
  "49": {
    "r2": 0.8101100846733711,
    "pearson": 0.9295771332327534,
    "count": 35
  },
  "51": {
    "r2": 0.9550085116777222,
    "pearson": 0.9809965010971191,
    "count": 79
  },
  "52": {
    "r2": 0.42265552517734994,
    "pearson": 0.7779798513677714,
    "count": 74
  },
  "53": {
    "r2": -4.582691072503353,
    "pearson": 0.419955031439416,
    "count": 98
  },
  "54": {
    "r2": -48.73369389453357,
    "pearson": -0.2574098908391483,
    "count": 53
  },
  "55": {
    "r2": 0.7666957097823306,
    "pearson": 0.9060694058872226,
    "count": 90
  },
  "56": {
    "r2": -21.725126103515574,
    "pearson": 0.13254691301405488,
    "count": 54
  },
  "57": {
    "r2": -10302.060840507807,
    "pearson": -0.06930034726178214,
    "count": 261
  },
  "60": {
    "r2": -0.24960130896420885,
    "pearson": 0.814808757000334,
    "count": 31
  },
  "61": {
    "r2": 0.15856290296862974,
    "pearson": 0.5874740679573398,
    "count": 132
  },
  "62": {
    "r2": -6889.474425580139,
    "pearson": 0.10948049602611316,
    "count": 380
  },
  "63": {
    "r2": -135.87509085773308,
    "pearson": 0.04991303100299715,
    "count": 126
  },
  "67": {
    "r2": 0.8279865054427341,
    "pearson": 0.9506492247409204,
    "count": 22
  },
  "68": {
    "r2": -146.0263045677647,
    "pearson": 0.7066881060016481,
    "count": 24
  },
  "72": {
    "r2": 0.7632801977783124,
    "pearson": 0.899473693599172,
    "count": 83
  },
  "75": {
    "r2": -0.22953166831954586,
    "pearson": -0.5030757611422019,
    "count": 26
  },
  "76": {
    "r2": -4.14961409017784,
    "pearson": 0.34431733793414,
    "count": 21
  },
  "80": {
    "r2": -8.664344173927883,
    "pearson": 0.5615139040549639,
    "count": 26
  },
  "91": {
    "r2": -1956.2701478662725,
    "pearson": 0.6103022156872748,
    "count": 21
  }
}