split,total_auc,bce_auc,mastery_auc,total_acc,bce_acc,mastery_acc
training,0.8427862754596951,0.8427862754596951,N/A,0.7862905630088293,0.7862905630088293,N/A
validation,0.8222068200972756,0.8222068200972756,N/A,0.773289162328443,0.773289162328443,N/A
test,0.8132352595335526,0.8132352595335526,N/A,0.7588847247350736,0.7588847247350736,N/A
