epoch,train_loss,train_auc,train_acc,val_loss,val_auc,val_acc,train_bce_loss,train_im_loss,val_bce_loss,val_im_loss,train_encoder1_auc,train_encoder1_acc,val_encoder1_auc,val_encoder1_acc,train_encoder2_auc,train_encoder2_acc,val_encoder2_auc,val_encoder2_acc
1,0.567629,0.680382,0.734370,0.567629,0.675598,0.740241,0.563305,0.606542,0.563305,0.606542,0.680382,0.734370,0.675598,0.740241,0.511157,0.734370,0.513465,0.740241
2,0.559205,0.693518,0.734370,0.559205,0.686649,0.740241,0.553997,0.606086,0.553997,0.606086,0.693518,0.734370,0.686649,0.740241,0.513541,0.734370,0.515778,0.740241
3,0.556679,0.698830,0.734370,0.556679,0.689919,0.740241,0.551237,0.605652,0.551237,0.605652,0.698830,0.734370,0.689919,0.740241,0.514405,0.734370,0.516667,0.740241
4,0.554720,0.700914,0.734370,0.554720,0.688637,0.740241,0.549107,0.605236,0.549107,0.605236,0.700914,0.734370,0.688637,0.740241,0.514779,0.734370,0.517069,0.740241
5,0.552820,0.705300,0.734370,0.552820,0.689311,0.740241,0.547041,0.604837,0.547041,0.604837,0.705300,0.734370,0.689311,0.740241,0.515009,0.734370,0.517302,0.740241
6,0.550817,0.708423,0.734370,0.550817,0.688419,0.740241,0.544857,0.604458,0.544857,0.604458,0.708423,0.734370,0.688419,0.740241,0.514962,0.734370,0.517294,0.740241
