{
  "valid_auc": 0.8122734860307177,
  "valid_acc": 0.8471251831294162,
  "valid_metrics": {
    "l_sup": 0.3647335046802818,
    "l_reg": 0.00017157025589161398,
    "l_ref": 0.050759685381005205,
    "l_init": 0.05566634965240172,
    "l_rate": 0.19035969751308335
  },
  "test_auc": 0.8092239923355462,
  "test_acc": 0.851780528290789,
  "test_metrics": {
    "l_sup": 0.3549579830997873,
    "l_reg": 0.00017356470343656837,
    "l_ref": 0.04853639230132103,
    "l_init": 0.05545333481263669,
    "l_rate": 0.19146249890389175
  },
  "window_test_auc": 0.8134934496571293,
  "window_test_acc": 0.8543367145896896,
  "window_metrics": {
    "l_sup": 0.34863334302854804,
    "l_reg": 0.00019098150190899186,
    "l_ref": 0.0,
    "l_init": 0.05618167242618025,
    "l_rate": 0.18927178887283191
  },
  "checkpoint": "/workspaces/pykt-toolkit/experiments/20251228_221836_idkt_bridge2algebra2006-lambda00_193045/best_model.pt"
}