split,auc,acc,l_sup,l_ref,l_init,l_rate,l_reg
validation,0.812273,0.847125,0.364734,0.050760,0.055666,0.190360,0.000172
