split,auc,acc,l_sup,l_ref,l_init,l_rate,l_reg
test,0.809224,0.851781,0.354958,0.048536,0.055453,0.191462,0.000174
