{
  "r2_true": 0.5341810492011423,
  "pearson_true": 0.7308799991578316,
  "r2_control": -0.0068233039317942,
  "pearson_control": 0.001982622308327415,
  "selectivity_r2": 0.5410043531329365
}