{
  "valid_auc": 0.8122734860307177,
  "valid_acc": 0.8471251831294162,
  "valid_metrics": {
    "l_sup": 0.3762776942002584,
    "l_reg": 0.0002377372269014207,
    "l_ref": 0.05571442268167933,
    "l_init": 0.055660463064067196,
    "l_rate": 0.190356211844895
  },
  "test_auc": 0.805306255408138,
  "test_acc": 0.8430792378936608,
  "test_metrics": {
    "l_sup": 0.3762776942002584,
    "l_reg": 0.0002377372269014207,
    "l_ref": 0.05571442268167933,
    "l_init": 0.055660463064067196,
    "l_rate": 0.190356211844895
  },
  "best_epoch": 18,
  "params": {
    "model_name": "idkt",
    "dataset_name": "bridge2algebra2006",
    "fold": 0,
    "seed": 42,
    "emb_type": "qid",
    "save_dir": "/workspaces/pykt-toolkit/experiments/20251228_221836_idkt_bridge2algebra2006-lambda00_193045",
    "d_model": 256,
    "d_ff": 512,
    "num_attn_heads": 8,
    "n_blocks": 4,
    "dropout": 0.2,
    "final_fc_dim": 512,
    "learning_rate": 0.0001,
    "weight_decay": 0.0,
    "batch_size": 64,
    "num_epochs": 200,
    "optimizer": "Adam",
    "gradient_clip": 1.0,
    "patience": 10,
    "seq_len": 200,
    "l2": 1e-05,
    "lambda_student": 1e-05,
    "lambda_gap": 1e-05,
    "lambda_ref": 0.0,
    "lambda_initmastery": 0.0,
    "lambda_rate": 0.0,
    "theory_guided": 1,
    "calibrate": 1,
    "use_wandb": 0,
    "add_uuid": 0
  }
}