epoch,train_loss,train_auc,train_acc,val_loss,val_auc,val_acc,train_bce_loss,train_im_loss,val_bce_loss,val_im_loss,train_encoder1_auc,train_encoder1_acc,val_encoder1_auc,val_encoder1_acc,train_encoder2_auc,train_encoder2_acc,val_encoder2_auc,val_encoder2_acc
1,0.567700,0.680382,0.734370,0.567700,0.675598,0.740241,0.563305,0.607256,0.563305,0.607256,0.680382,0.734370,0.675598,0.740241,0.525865,0.734370,0.527188,0.740241
2,0.559250,0.693518,0.734370,0.559250,0.686649,0.740241,0.553997,0.606534,0.553997,0.606534,0.693518,0.734370,0.686649,0.740241,0.529106,0.734370,0.530287,0.740241
3,0.556697,0.698830,0.734370,0.556697,0.689919,0.740241,0.551237,0.605836,0.551237,0.605836,0.698830,0.734370,0.689919,0.740241,0.532237,0.734370,0.533595,0.740241
4,0.554712,0.700914,0.734370,0.554712,0.688637,0.740241,0.549107,0.605164,0.549107,0.605164,0.700914,0.734370,0.688637,0.740241,0.536529,0.734370,0.537997,0.740241
5,0.552788,0.705300,0.734370,0.552788,0.689311,0.740241,0.547041,0.604516,0.547041,0.604516,0.705300,0.734370,0.689311,0.740241,0.540118,0.734370,0.541592,0.740241
6,0.550761,0.708423,0.734370,0.550761,0.688419,0.740241,0.544857,0.603891,0.544857,0.603891,0.708423,0.734370,0.688419,0.740241,0.542564,0.734370,0.544001,0.740241
7,0.548882,0.712306,0.734370,0.548882,0.687688,0.740241,0.542837,0.603289,0.542837,0.603289,0.712306,0.734370,0.687688,0.740241,0.544384,0.734370,0.545729,0.740241
