{
  "valid_auc": 0.7626162907235108,
  "valid_acc": 0.741751064836725,
  "valid_metrics": {
    "l_sup": 0.5399533540696191,
    "l_reg": 0.0011806623321414615,
    "l_ref": 0.0,
    "l_init": 0.012015525907801222,
    "l_rate": 0.18348565075667567
  },
  "test_auc": 0.7585327820363906,
  "test_acc": 0.73277978805893,
  "test_metrics": {
    "l_sup": 0.5531485713046833,
    "l_reg": 0.001149442815221846,
    "l_ref": 0.0,
    "l_init": 0.011974136298290923,
    "l_rate": 0.18542555469813848
  },
  "window_test_auc": 0.7588826079961695,
  "window_test_acc": 0.7319954867827209,
  "window_metrics": {
    "l_sup": 0.5366691316297587,
    "l_reg": 0.001074302935418805,
    "l_ref": 0.0,
    "l_init": 0.012484067367675405,
    "l_rate": 0.1809058495825118
  },
  "checkpoint": "/workspaces/pykt-toolkit/experiments/20251221_095522_idkt_test_681969/best_model.pt"
}