epoch,train_loss,valid_auc,valid_acc,l_sup,l_ref,l_initmastery,l_rate,l_rasch,l_gap,l_student
1,0.7572006066408475,0.7626162907235108,0.741751064836725,0.5826345891223087,0.024315111377897363,0.01241375169170548,0.1841732248152765,0.0014112953225170106,62.08293096224467,59.90755444765091
