split,auc,acc,l_sup,l_ref,l_init,l_rate,l_reg
validation,0.762616,0.741751,0.539953,0.028942,0.012016,0.183486,0.001181
