epoch,train_loss,train_auc,val_loss,val_auc,val_accuracy,monotonicity_violation_rate,negative_gain_rate,bounds_violation_rate,mastery_correlation,gain_correlation,bce_loss_share,incremental_mastery_loss_share
1,0.6094559035770634,0.6782824161664198,0.5199871111889275,0.7079964942717091,0.7486301569844962,0.0,0.0,0.0,0.0,0.0,0.8789448063898926,1.1210551903163328
2,0.5913114980094791,0.7144494807452585,0.5140465455395835,0.718029982403428,0.7512481873302903,0.0,0.0,0.0,0.0,0.0,0.879589602213171,1.1204103988313965
3,0.5763660613736958,0.7262880059269105,0.5115104773823096,0.7221755944812834,0.7533309326611451,0.0,0.0,0.0,0.0,0.0,0.8896395416581662,1.1103604516439995
4,0.563185036491236,0.7341707320324826,0.5104970865103663,0.7237649706489073,0.7539635422242552,0.0,0.0,0.0,0.0,0.0,0.9014051204762739,1.098594877330256
5,0.5510136216415642,0.7410953697918767,0.5106749595428,0.7237995942896394,0.7542457834139505,0.0,0.0,0.0,0.0,0.0,0.9129072380526797,1.0870927706347673
6,0.5420883069384284,0.7477783074062003,0.5120605954102108,0.7222769375892848,0.753194678293706,0.0,0.0,0.0,0.0,0.0,0.9195200006435428,1.0804799985018942
7,0.5339515737301327,0.7547062995641424,0.5149651175859024,0.7193452842023987,0.7523090249053519,0.0,0.0,0.0,0.0,0.0,0.9241715742212187,1.0758284367681954
8,0.5258994786541696,0.7618091627693336,0.5184095234287028,0.7158106100620325,0.7511995250562049,0.0,0.0,0.0,0.0,0.0,0.9281434842398979,1.0718565151728563
