{
  "experiment_id": "20251117_162330_gainakt3exp_fixed-per-skill-gains-v2_820618",
  "dataset": "assist2015",
  "fold": 0,
  "train_auc": 0.7035640980949152,
  "train_acc": 0.7517716516956232,
  "valid_auc": 0.6893167668228375,
  "valid_acc": 0.7412626886879677,
  "test_auc": 0.6848107737101994,
  "test_acc": 0.7343229909652876,
  "train_encoder1_auc": 0.7035640980949152,
  "train_encoder1_acc": 0.7517716516956232,
  "valid_encoder1_auc": 0.6893167668228375,
  "valid_encoder1_acc": 0.7412626886879677,
  "test_encoder1_auc": 0.6848107737101994,
  "test_encoder1_acc": 0.7343229909652876,
  "train_encoder2_auc": 0.5979670385256518,
  "train_encoder2_acc": 0.7016256957546063,
  "valid_encoder2_auc": 0.5968787548835053,
  "valid_encoder2_acc": 0.7018754440432511,
  "test_encoder2_auc": 0.5931461181872779,
  "test_encoder2_acc": 0.6979240965287684,
  "train_mastery_correlation": 0.03618743197934812,
  "train_gain_correlation": 0.0035159894117521573,
  "train_correlation_students": 3334,
  "test_mastery_correlation": 0.03790576088332454,
  "test_gain_correlation": 0.008887489045291823,
  "test_correlation_students": 3177,
  "timestamp": "2025-11-17T16:32:58.521469Z"
}