{
  "experiment_id": "20251112_003502_gainakt2exp_combined_best_423250",
  "dataset": "assist2015",
  "fold": 0,
  "train_auc": 0.754234715784,
  "train_acc": 0.7631595002768939,
  "train_mastery_correlation": 0.12373437525000856,
  "train_gain_correlation": 0.03195822135351712,
  "train_correlation_students": 3334,
  "valid_auc": 0.7249442101333345,
  "valid_acc": 0.7541387264109627,
  "test_auc": 0.7182536276227628,
  "test_acc": 0.7476893128863529,
  "test_mastery_correlation": 0.11918346793268611,
  "test_gain_correlation": 0.02032763213612889,
  "test_correlation_students": 3177,
  "timestamp": "2025-11-12T01:29:59.907435Z"
}