{
  "difficulty_fidelity": 0.8372102911847492,
  "p_value": 1.4953765254226855e-20,
  "num_skills": 74,
  "mse": 4.534807863164173,
  "mae": 0.870339427373786,
  "model_beta_stats": {
    "mean": -5.6699328243243245,
    "std": 3.5665058336542725,
    "min": -12.489949,
    "max": 2.379354
  },
  "rasch_beta_stats": {
    "mean": -5.433898607973714,
    "std": 3.807391225087093,
    "min": -12.728955268859863,
    "max": 2.591738700866699
  },
  "metadata": {
    "experiment_dir": "/workspaces/pykt-toolkit/experiments/20251206_173247_ikt2_lrefmetrics_fixed_636735",
    "dataset": "assist2015",
    "rasch_file": "{'dataset': 'assist2015', 'num_students': 15275, 'num_skills': 100, 'num_calibrated_skills': 100, 'max_iterations': 300, 'seed': 42, 'dynamic': False, 'learning_rate': None, 'use_final_ability': False, 'calibration_method': 'averaged_ability'}"
  }
}