split,auc,acc,lref_mse,lref_mae,ref_kendall,ref_spear,head_agreement,difficulty_fidelity,bkt_correlation_standard,bkt_correlation_timelagged
test,0.715061,0.745765,0.660239,0.773693,-0.025299,-0.031107,0.8801125790387183,0.8372102911847492,0.21770624454429696,0.23587646267499618
