{
  "lambda_ref": 0.7897131828201517,
  "lambda_initmastery": 1.4478610581956128,
  "lambda_rate": 0.3172632301834102
}