{
  "valid_auc": 0.9266083805354488,
  "valid_acc": 0.8689334548769371,
  "valid_metrics": {
    "l_sup": 0.2955840888731566,
    "l_reg": 0.00014134276456648616,
    "l_ref": 0.10792904240744454,
    "l_init": 0.04264132354481588,
    "l_rate": 0.20914781164822793
  },
  "test_auc": 0.9272347985141722,
  "test_acc": 0.871957467662652,
  "test_metrics": {
    "l_sup": 0.2895291435307958,
    "l_reg": 0.00014077303148951614,
    "l_ref": 0.10549094590047996,
    "l_init": 0.04236321514036421,
    "l_rate": 0.2085225888851351
  },
  "window_test_auc": 0.9285680004019731,
  "window_test_acc": 0.8736529336112466,
  "window_metrics": {
    "l_sup": 0.2852601459157412,
    "l_reg": 0.0001583271689118961,
    "l_ref": 0.0,
    "l_init": 0.04242113292034384,
    "l_rate": 0.20790007465358015
  },
  "checkpoint": "/workspaces/pykt-toolkit/experiments/20251228_163606_idkt_test_783586/best_model.pt"
}