split,auc,acc,l_sup,l_ref,l_init,l_rate,l_reg
test,0.927235,0.871957,0.289529,0.105491,0.042363,0.208523,0.000141
