split,auc,acc,l_sup,l_ref,l_init,l_rate,l_reg
validation,0.926608,0.868933,0.295584,0.107929,0.042641,0.209148,0.000141
