{
  "0": {
    "r2": 0.7976544312399213,
    "pearson": 0.8933580819851689,
    "count": 3662
  },
  "1": {
    "r2": 0.7709107443162496,
    "pearson": 0.8780462825367766,
    "count": 10344
  },
  "2": {
    "r2": 0.5079770367745056,
    "pearson": 0.746570654048539,
    "count": 798
  },
  "3": {
    "r2": 0.600819879366419,
    "pearson": 0.7755989853887729,
    "count": 11857
  },
  "4": {
    "r2": 0.5691542284787879,
    "pearson": 0.7568775072246048,
    "count": 3469
  },
  "5": {
    "r2": 0.6259844927451811,
    "pearson": 0.7922779830503154,
    "count": 2530
  },
  "6": {
    "r2": 0.6914812241446164,
    "pearson": 0.8317668315379754,
    "count": 5473
  },
  "7": {
    "r2": 0.7172357255905233,
    "pearson": 0.8471755197022949,
    "count": 3398
  },
  "8": {
    "r2": 0.6285428179537105,
    "pearson": 0.7947661086797408,
    "count": 3206
  },
  "9": {
    "r2": 0.7366889344406896,
    "pearson": 0.8592146222935373,
    "count": 5231
  },
  "10": {
    "r2": 0.8457819892029869,
    "pearson": 0.9212706448605634,
    "count": 2642
  },
  "11": {
    "r2": 0.7340451436335238,
    "pearson": 0.8851762061717748,
    "count": 663
  },
  "12": {
    "r2": -0.0704149674298622,
    "pearson": 0.7448843126836447,
    "count": 418
  },
  "13": {
    "r2": 0.7975865723562203,
    "pearson": 0.8986734330596943,
    "count": 1101
  },
  "14": {
    "r2": 0.7423112354134374,
    "pearson": 0.8624979909858317,
    "count": 2874
  },
  "15": {
    "r2": -0.603180063622972,
    "pearson": 0.5645482490802036,
    "count": 842
  },
  "16": {
    "r2": 0.11154427216014351,
    "pearson": 0.6667848229369331,
    "count": 974
  },
  "17": {
    "r2": 0.6926708251891668,
    "pearson": 0.8867236878286108,
    "count": 575
  },
  "18": {
    "r2": 0.7165852374228519,
    "pearson": 0.8602258285956156,
    "count": 1056
  },
  "19": {
    "r2": -0.018038377268233763,
    "pearson": 0.46427801266219965,
    "count": 228
  },
  "20": {
    "r2": 0.11213657312251868,
    "pearson": 0.6729534480994518,
    "count": 463
  },
  "21": {
    "r2": 0.08249804110468595,
    "pearson": 0.5359448255853718,
    "count": 75
  },
  "22": {
    "r2": -0.33778869167872827,
    "pearson": 0.5154239625277569,
    "count": 258
  },
  "24": {
    "r2": 0.8342121569999411,
    "pearson": 0.9140600028691972,
    "count": 4604
  },
  "25": {
    "r2": 0.8985076667310533,
    "pearson": 0.9480633857618457,
    "count": 6938
  },
  "26": {
    "r2": 0.900286550131845,
    "pearson": 0.9488667681777556,
    "count": 9455
  },
  "27": {
    "r2": 0.7502289493119167,
    "pearson": 0.8680659830740913,
    "count": 3770
  },
  "28": {
    "r2": 0.7345953254194169,
    "pearson": 0.8578807920180137,
    "count": 5037
  },
  "29": {
    "r2": 0.8727953968078161,
    "pearson": 0.9343395081919177,
    "count": 13921
  },
  "30": {
    "r2": 0.5514740689487725,
    "pearson": 0.7502068693749618,
    "count": 3268
  },
  "31": {
    "r2": 0.8976339549183053,
    "pearson": 0.9474805419222251,
    "count": 9323
  },
  "32": {
    "r2": 0.5654920625791257,
    "pearson": 0.7524322489085412,
    "count": 940
  },
  "33": {
    "r2": 0.6222797608140997,
    "pearson": 0.7895948572021951,
    "count": 4925
  },
  "34": {
    "r2": -0.7145907771897648,
    "pearson": 0.5991353193794711,
    "count": 404
  },
  "35": {
    "r2": 0.0,
    "pearson": NaN,
    "count": 40
  },
  "36": {
    "r2": 0.8560536673352106,
    "pearson": 0.9262340763166055,
    "count": 1393
  },
  "37": {
    "r2": 0.1382810079217438,
    "pearson": 0.6593018908359497,
    "count": 1057
  },
  "38": {
    "r2": 0.5895667069806804,
    "pearson": 0.7858618337080326,
    "count": 1597
  },
  "39": {
    "r2": 0.7414004329387122,
    "pearson": 0.8621216704247634,
    "count": 1920
  },
  "40": {
    "r2": 0.8885880330337002,
    "pearson": 0.9426649662302665,
    "count": 4545
  },
  "41": {
    "r2": 0.8661086051882033,
    "pearson": 0.931483121560758,
    "count": 6196
  },
  "42": {
    "r2": 0.3301008606684319,
    "pearson": 0.5845590926979936,
    "count": 2827
  },
  "43": {
    "r2": 0.6579869434531025,
    "pearson": 0.8745475192413978,
    "count": 730
  },
  "44": {
    "r2": 0.21649264475486008,
    "pearson": 0.6685886660924156,
    "count": 736
  },
  "45": {
    "r2": 0.4779817390662685,
    "pearson": 0.7519665860250513,
    "count": 598
  },
  "46": {
    "r2": 0.4718944634891007,
    "pearson": 0.7517253248247909,
    "count": 880
  },
  "47": {
    "r2": -0.8252450464672079,
    "pearson": 0.0032354370250465177,
    "count": 176
  },
  "48": {
    "r2": -0.13156240223977655,
    "pearson": 0.5928065058532803,
    "count": 193
  },
  "49": {
    "r2": 0.3971791313575259,
    "pearson": 0.7236447027315895,
    "count": 173
  },
  "50": {
    "r2": 0.6212562563749808,
    "pearson": 0.8095716740985015,
    "count": 160
  },
  "51": {
    "r2": 0.3304750096467862,
    "pearson": 0.7170726350502169,
    "count": 53
  },
  "52": {
    "r2": -0.7090117404860303,
    "pearson": 0.36824311319597974,
    "count": 81
  },
  "53": {
    "r2": -0.18545357153987663,
    "pearson": 0.606954873974318,
    "count": 504
  },
  "54": {
    "r2": -0.5403907445381222,
    "pearson": 0.515022314058065,
    "count": 109
  },
  "55": {
    "r2": 0.6045483314252051,
    "pearson": 0.9408101852632039,
    "count": 41
  },
  "56": {
    "r2": 0.007964812633737828,
    "pearson": 0.6269878284104681,
    "count": 127
  },
  "57": {
    "r2": 0.9103746258667554,
    "pearson": 0.9611303031898395,
    "count": 69
  },
  "58": {
    "r2": 0.5651088921796275,
    "pearson": 0.8122574880378155,
    "count": 123
  },
  "59": {
    "r2": -8.396247245910317,
    "pearson": -0.34022831105508,
    "count": 40
  },
  "60": {
    "r2": 0.2344187332567571,
    "pearson": 0.6118897328311529,
    "count": 107
  },
  "61": {
    "r2": -1.1571391010179992,
    "pearson": 0.43325571998326373,
    "count": 264
  },
  "62": {
    "r2": 0.37172411371864533,
    "pearson": 0.7405579221132714,
    "count": 65
  },
  "63": {
    "r2": 0.24029437765086392,
    "pearson": 0.8310154281446269,
    "count": 95
  },
  "64": {
    "r2": 0.30632914489693186,
    "pearson": 0.7724373251179258,
    "count": 39
  },
  "65": {
    "r2": -0.675446885007726,
    "pearson": 0.49849688228667494,
    "count": 195
  },
  "66": {
    "r2": -0.7439522949304276,
    "pearson": 0.6697210876448711,
    "count": 70
  },
  "67": {
    "r2": -3.7230030815223962,
    "pearson": -0.08671540539638514,
    "count": 42
  },
  "68": {
    "r2": -0.48821359988776103,
    "pearson": 0.58065949338754,
    "count": 270
  },
  "69": {
    "r2": 0.5749032903987081,
    "pearson": 0.8004185792050293,
    "count": 92
  },
  "70": {
    "r2": 0.4091381900800213,
    "pearson": 0.7244353594479758,
    "count": 531
  },
  "71": {
    "r2": -1.5048296361638442,
    "pearson": 0.4079914877083753,
    "count": 273
  },
  "72": {
    "r2": -0.13259190722240444,
    "pearson": 0.7149890634865064,
    "count": 166
  },
  "73": {
    "r2": -52.64720471763131,
    "pearson": 0.3076244175897866,
    "count": 309
  },
  "74": {
    "r2": 0.8876959494290282,
    "pearson": 0.9511950447086831,
    "count": 656
  },
  "75": {
    "r2": -19.570834527312787,
    "pearson": -0.13026258348936437,
    "count": 197
  },
  "76": {
    "r2": 0.09092484677675838,
    "pearson": 0.7052495852491178,
    "count": 151
  },
  "77": {
    "r2": -0.035694966576304665,
    "pearson": 0.5860542817341088,
    "count": 145
  },
  "78": {
    "r2": -0.19256185011746596,
    "pearson": 0.3738051914213298,
    "count": 142
  },
  "79": {
    "r2": -0.08073873439344403,
    "pearson": 0.6880224012763692,
    "count": 209
  },
  "80": {
    "r2": 0.7851101871866382,
    "pearson": 0.8911110170221813,
    "count": 1723
  },
  "81": {
    "r2": 0.7488475344117378,
    "pearson": 0.8699393720347591,
    "count": 1465
  },
  "82": {
    "r2": 0.0297915954427439,
    "pearson": 0.7030197741249813,
    "count": 488
  },