{
  "r2_true": 0.7476382953871079,
  "pearson_true": 0.8646663950905016,
  "r2_control": -0.004677672436474101,
  "pearson_control": -0.00847969096255059,
  "selectivity_r2": 0.752315967823582
}