{
  "valid_auc": 0.9266083805354488,
  "valid_acc": 0.8689334548769371,
  "valid_metrics": {
    "l_sup": 0.3174160240613223,
    "l_reg": 0.0001965740203948891,
    "l_ref": 0.11381259347711291,
    "l_init": 0.040226727605502985,
    "l_rate": 0.2022641024148304
  },
  "test_auc": 0.9219226090390094,
  "test_acc": 0.8685323609845031,
  "test_metrics": {
    "l_sup": 0.3174160240613223,
    "l_reg": 0.0001965740203948891,
    "l_ref": 0.11381259347711291,
    "l_init": 0.040226727605502985,
    "l_rate": 0.2022641024148304
  },
  "best_epoch": 21,
  "params": {
    "model_name": "idkt",
    "dataset_name": "algebra2005",
    "fold": 0,
    "seed": 42,
    "emb_type": "qid",
    "save_dir": "/workspaces/pykt-toolkit/experiments/20251228_163606_idkt_test_783586",
    "d_model": 256,
    "d_ff": 512,
    "num_attn_heads": 8,
    "n_blocks": 4,
    "dropout": 0.2,
    "final_fc_dim": 512,
    "learning_rate": 0.0001,
    "weight_decay": 0.0,
    "batch_size": 64,
    "num_epochs": 200,
    "optimizer": "Adam",
    "gradient_clip": 1.0,
    "patience": 10,
    "seq_len": 200,
    "l2": 1e-05,
    "lambda_student": 1e-05,
    "lambda_gap": 1e-05,
    "lambda_ref": 0.1,
    "lambda_initmastery": 0.1,
    "lambda_rate": 0.1,
    "theory_guided": 1,
    "calibrate": 1,
    "use_wandb": 0,
    "add_uuid": 0
  }
}