{
  "lambda_ref": 0.5268019793310849,
  "lambda_initmastery": 1.1423410790392812,
  "lambda_rate": 0.36638165729134103
}