{
  "prediction_mse": 0.03734323009848595,
  "prediction_corr": 0.3308426232432476,
  "initmastery_mse": 0.04660485312342644,
  "initmastery_corr": 0.4560733882669181,
  "learning_rate_mse": 0.16728654503822327,
  "learning_rate_corr": 0.6421980328407977,
  "h2_functional_alignment": 0.08588026387577719,
  "h3_discriminant_overlap": -0.27345677360695203,
  "h3_latent_overlap": 0.017714685624507162
}