split,auc,acc,l_sup,l_ref,l_init,l_rate,l_reg
test,0.810530,0.854885,0.349956,0.035875,0.046696,0.168161,0.000169
