epoch,train_loss,train_auc,train_acc,val_loss,val_auc,val_acc,train_bce_loss,train_im_loss,val_bce_loss,val_im_loss,train_encoder1_auc,train_encoder1_acc,val_encoder1_auc,val_encoder1_acc,train_encoder2_auc,train_encoder2_acc,val_encoder2_auc,val_encoder2_acc
1,0.567747,0.680382,0.734370,0.567747,0.675598,0.740241,0.563305,0.607719,0.563305,0.607719,0.680382,0.734370,0.675598,0.740241,0.512826,0.734370,0.514945,0.740241
2,0.559316,0.693518,0.734370,0.559316,0.686649,0.740241,0.553997,0.607191,0.553997,0.607191,0.693518,0.734370,0.686649,0.740241,0.515104,0.734370,0.517197,0.740241
3,0.556782,0.698830,0.734370,0.556782,0.689919,0.740241,0.551237,0.606688,0.551237,0.606688,0.698830,0.734370,0.689919,0.740241,0.515935,0.734370,0.518026,0.740241
4,0.554817,0.700914,0.734370,0.554817,0.688637,0.740241,0.549107,0.606205,0.549107,0.606205,0.700914,0.734370,0.688637,0.740241,0.516574,0.734370,0.518692,0.740241
5,0.552911,0.705300,0.734370,0.552911,0.689311,0.740241,0.547041,0.605740,0.547041,0.605740,0.705300,0.734370,0.689311,0.740241,0.516901,0.734370,0.519023,0.740241
6,0.550901,0.708423,0.734370,0.550901,0.688419,0.740241,0.544857,0.605292,0.544857,0.605292,0.708423,0.734370,0.688419,0.740241,0.517285,0.734370,0.519413,0.740241
