{
  "experiment_id": "20251117_015239_gainakt3exp_bug-fix-validation_780778",
  "dataset": "assist2015",
  "fold": 0,
  "train_auc": 0.6928023219613347,
  "train_acc": 0.734862350876205,
  "valid_auc": 0.6860695711411865,
  "valid_acc": 0.733106891551256,
  "test_auc": 0.6822850841254049,
  "test_acc": 0.7275543865905849,
  "train_encoder1_auc": 0.6928023219613347,
  "train_encoder1_acc": 0.734862350876205,
  "valid_encoder1_auc": 0.6860695711411865,
  "valid_encoder1_acc": 0.733106891551256,
  "test_encoder1_auc": 0.6822850841254049,
  "test_encoder1_acc": 0.7275543865905849,
  "train_encoder2_auc": 0.4688294044863304,
  "train_encoder2_acc": 0.4062620261125034,
  "valid_encoder2_auc": 0.4703822530428856,
  "valid_encoder2_acc": 0.3995562000603412,
  "test_encoder2_auc": 0.4689711626796621,
  "test_encoder2_acc": 0.4066660722776985,
  "train_mastery_correlation": 0.0,
  "train_gain_correlation": 0.0,
  "train_correlation_students": 0,
  "test_mastery_correlation": 0.0,
  "test_gain_correlation": 0.0,
  "test_correlation_students": 0,
  "timestamp": "2025-11-17T01:54:41.703871Z"
}