epoch,theta_global,beta_skill_mean,beta_skill_std,beta_skill_min,beta_skill_max,M_sat_mean,M_sat_std,M_sat_min,M_sat_max,gamma_student_mean,gamma_student_std,gamma_student_min,gamma_student_max,offset
1,0.817738,1.973515,0.010872,1.966519,2.022548,0.814316,0.012159,0.771735,0.829669,0.966665,0.000000,0.966665,0.966665,1.966997
2,0.785244,1.947980,0.021906,1.933359,2.046125,0.828059,0.024089,0.744757,0.859833,0.933958,0.000000,0.933958,0.933958,1.932993
