epoch,train_loss,train_auc,train_acc,val_loss,val_auc,val_acc,train_bce_loss,train_im_loss,val_bce_loss,val_im_loss,train_encoder1_auc,train_encoder1_acc,val_encoder1_auc,val_encoder1_acc,train_encoder2_auc,train_encoder2_acc,val_encoder2_auc,val_encoder2_acc
1,0.578837,0.679942,0.734370,0.578837,0.675209,0.740241,0.563339,0.615000,0.563339,0.615000,0.679942,0.734370,0.675209,0.740241,0.465061,0.734370,0.466834,0.740241
2,0.572008,0.692802,0.734370,0.572008,0.686070,0.740241,0.554091,0.613815,0.554091,0.613815,0.692802,0.734370,0.686070,0.740241,0.468831,0.734370,0.470383,0.740241
