epoch,train_loss,train_auc,train_acc,val_loss,val_auc,val_acc,train_bce_loss,train_im_loss,val_bce_loss,val_im_loss,train_encoder1_auc,train_encoder1_acc,val_encoder1_auc,val_encoder1_acc,train_encoder2_auc,train_encoder2_acc,val_encoder2_auc,val_encoder2_acc
1,0.599062,0.677991,0.734370,0.599062,0.673812,0.740241,0.563586,0.607931,0.563586,0.607931,0.677991,0.734370,0.673812,0.740241,0.520776,0.734370,0.522080,0.740241
2,0.596568,0.688848,0.734370,0.596568,0.683124,0.740241,0.554694,0.607037,0.554694,0.607037,0.688848,0.734370,0.683124,0.740241,0.525946,0.734370,0.527026,0.740241
3,0.595419,0.693580,0.734370,0.595419,0.686981,0.740241,0.552456,0.606160,0.552456,0.606160,0.693580,0.734370,0.686981,0.740241,0.528923,0.734370,0.529677,0.740241
4,0.594429,0.697427,0.734370,0.594429,0.689418,0.740241,0.550926,0.605305,0.550926,0.605305,0.697427,0.734370,0.689418,0.740241,0.531194,0.734370,0.531871,0.740241
5,0.593497,0.700160,0.734370,0.593497,0.690326,0.740241,0.549595,0.604472,0.549595,0.604472,0.700160,0.734370,0.690326,0.740241,0.533914,0.734370,0.534728,0.740241
6,0.592602,0.701890,0.734370,0.592602,0.689858,0.740241,0.548361,0.603662,0.548361,0.603662,0.701890,0.734370,0.689858,0.740241,0.536862,0.734370,0.537665,0.740241
