student_id,skill_id,y_true,p_idkt,y_idkt,p_bkt,y_bkt
461,53,1,0.6684790849685669,1,0.807440996170044,1
461,54,1,0.8790321350097656,1,0.7121840119361877,1
461,55,1,0.8900871872901917,1,0.8577229976654053,1
461,53,1,0.8794811964035034,1,0.852558970451355,1
461,54,1,0.8781329393386841,1,0.7879199981689453,1
461,56,1,0.9073042869567871,1,0.8602380156517029,1
461,57,1,0.8671443462371826,1,0.0,0
461,0,0,0.8419188261032104,1,-0.0,0
461,0,0,0.5739226341247559,1,-0.0,0
461,0,0,0.4424937963485718,0,-0.0,0
461,0,0,0.4458729922771454,0,-0.0,0
461,0,0,0.4459972083568573,0,-0.0,0
461,0,0,0.4460907578468323,0,-0.0,0
461,0,0,0.4461658298969269,0,-0.0,0
461,0,0,0.4462279975414276,0,-0.0,0
461,0,0,0.4462752938270569,0,-0.0,0
461,0,0,0.44631490111351013,0,-0.0,0
461,0,0,0.4463498890399933,0,-0.0,0
461,0,0,0.44638147950172424,0,-0.0,0
461,0,0,0.4464101791381836,0,-0.0,0
461,0,0,0.4464366137981415,0,-0.0,0
461,0,0,0.44646111130714417,0,-0.0,0
461,0,0,0.44648393988609314,0,-0.0,0
461,0,0,0.44650521874427795,0,-0.0,0
461,0,0,0.4465253949165344,0,-0.0,0
461,0,0,0.44654425978660583,0,-0.0,0
461,0,0,0.44656217098236084,0,-0.0,0
461,0,0,0.44657909870147705,0,-0.0,0
461,0,0,0.446595162153244,0,-0.0,0
461,0,0,0.4466104507446289,0,-0.0,0
461,0,0,0.44662508368492126,0,-0.0,0
461,0,0,0.4466390311717987,0,-0.0,0
461,0,0,0.446652352809906,0,-0.0,0
461,0,0,0.44666507840156555,0,-0.0,0
461,0,0,0.4466773271560669,0,-0.0,0
461,0,0,0.44668906927108765,0,-0.0,0
461,0,0,0.4467003047466278,0,-0.0,0
461,0,0,0.44671115279197693,0,-0.0,0
461,0,0,0.44672152400016785,0,-0.0,0
461,0,0,0.44673168659210205,0,-0.0,0
461,0,0,0.44674140214920044,0,-0.0,0
461,0,0,0.44675081968307495,0,-0.0,0
461,0,0,0.4467603266239166,0,-0.0,0
461,0,0,0.446770042181015,0,-0.0,0
461,0,0,0.4467793405056,0,-0.0,0
461,0,0,0.4467884302139282,0,-0.0,0
461,0,0,0.44679728150367737,0,-0.0,0
461,0,0,0.4468057453632355,0,-0.0,0
461,0,0,0.44681403040885925,0,-0.0,0
461,0,0,0.4468219578266144,0,-0.0,0
461,0,0,0.44682976603507996,0,-0.0,0
461,0,0,0.44683724641799927,0,-0.0,0
461,0,0,0.4468446671962738,0,-0.0,0
461,0,0,0.4468517303466797,0,-0.0,0
461,0,0,0.446858674287796,0,-0.0,0
461,0,0,0.446865439414978,0,-0.0,0
461,0,0,0.4468719959259033,0,-0.0,0
461,0,0,0.4468783736228943,0,-0.0,0
461,0,0,0.4468845725059509,0,-0.0,0
461,0,0,0.4468906819820404,0,-0.0,0
461,0,0,0.44689658284187317,0,-0.0,0
461,0,0,0.446902334690094,0,-0.0,0
461,0,0,0.44690796732902527,0,-0.0,0
461,0,0,0.4469134211540222,0,-0.0,0
461,0,0,0.4469188451766968,0,-0.0,0
461,0,0,0.446924090385437,0,-0.0,0
461,0,0,0.4469291567802429,0,-0.0,0
461,0,0,0.44693419337272644,0,-0.0,0
461,0,0,0.4469391107559204,0,-0.0,0
461,0,0,0.44694390892982483,0,-0.0,0
461,0,0,0.4469485878944397,0,-0.0,0
461,0,0,0.44695308804512024,0,-0.0,0
461,0,0,0.4469575881958008,0,-0.0,0
461,0,0,0.4469619691371918,0,-0.0,0
461,0,0,0.4469662606716156,0,-0.0,0
461,0,0,0.4469704329967499,0,-0.0,0
461,0,0,0.44697457551956177,0,-0.0,0
461,0,0,0.4469785988330841,0,-0.0,0
461,0,0,0.44698259234428406,0,-0.0,0
461,0,0,0.44698649644851685,0,-0.0,0
461,0,0,0.4469902217388153,0,-0.0,0
461,0,0,0.44699397683143616,0,-0.0,0
461,0,0,0.44699764251708984,0,-0.0,0
461,0,0,0.44700124859809875,0,-0.0,0
461,0,0,0.4470047354698181,0,-0.0,0
461,0,0,0.4470082223415375,0,-0.0,0
461,0,0,0.4470115900039673,0,-0.0,0
461,0,0,0.4470149278640747,0,-0.0,0
461,0,0,0.44701820611953735,0,-0.0,0
461,0,0,0.4470214545726776,0,-0.0,0
461,0,0,0.4470246136188507,0,-0.0,0
461,0,0,0.4470277428627014,0,-0.0,0
461,0,0,0.44703078269958496,0,-0.0,0
461,0,0,0.4470337927341461,0,-0.0,0
461,0,0,0.4470368027687073,0,-0.0,0
461,0,0,0.4470396637916565,0,-0.0,0
461,0,0,0.4470425546169281,0,-0.0,0
461,0,0,0.44704538583755493,0,-0.0,0
461,0,0,0.4470481276512146,0,-0.0,0
461,0,0,0.44705086946487427,0,-0.0,0
461,0,0,0.44705358147621155,0,-0.0,0
461,0,0,0.4470561444759369,0,-0.0,0
461,0,0,0.4470588266849518,0,-0.0,0
461,0,0,0.44706130027770996,0,-0.0,0
461,0,0,0.4470638632774353,0,-0.0,0
461,0,0,0.4470663368701935,0,-0.0,0
461,0,0,0.4470687806606293,0,-0.0,0
461,0,0,0.4470711946487427,0,-0.0,0
461,0,0,0.4470735788345337,0,-0.0,0
461,0,0,0.4470759332180023,0,-0.0,0
461,0,0,0.4470781981945038,0,-0.0,0
461,0,0,0.44708049297332764,0,-0.0,0
461,0,0,0.4470827281475067,0,-0.0,0
461,0,0,0.4470849335193634,0,-0.0,0
461,0,0,0.4470871090888977,0,-0.0,0
461,0,0,0.4470892548561096,0,-0.0,0
461,0,0,0.44709137082099915,0,-0.0,0
461,0,0,0.4470934569835663,0,-0.0,0
461,0,0,0.44709551334381104,0,-0.0,0
461,0,0,0.4470975697040558,0,-0.0,0
461,0,0,0.44709959626197815,0,-0.0,0
461,0,0,0.4471016228199005,0,-0.0,0
461,0,0,0.44710350036621094,0,-0.0,0
461,0,0,0.4471054673194885,0,-0.0,0
461,0,0,0.44710737466812134,0,-0.0,0
461,0,0,0.44710928201675415,0,-0.0,0
461,0,0,0.4471111297607422,0,-0.0,0
461,0,0,0.447113037109375,0,-0.0,0
461,0,0,0.4471147656440735,0,-0.0,0
461,0,0,0.4471166133880615,0,-0.0,0
461,0,0,0.4471183717250824,0,-0.0,0
461,0,0,0.44712015986442566,0,-0.0,0
461,0,0,0.44712185859680176,0,-0.0,0
461,0,0,0.44712361693382263,0,-0.0,0
461,0,0,0.44712528586387634,0,-0.0,0
461,0,0,0.44712695479393005,0,-0.0,0
461,0,0,0.4471285939216614,0,-0.0,0
461,0,0,0.4471302032470703,0,-0.0,0
461,0,0,0.44713181257247925,0,-0.0,0
461,0,0,0.44713345170021057,0,-0.0,0
461,0,0,0.4471350312232971,0,-0.0,0
461,0,0,0.4471365511417389,0,-0.0,0
461,0,0,0.44713813066482544,0,-0.0,0
461,0,0,0.4471396505832672,0,-0.0,0
461,0,0,0.4471411108970642,0,-0.0,0
461,0,0,0.4471426010131836,0,-0.0,0
461,0,0,0.44714412093162537,0,-0.0,0
461,0,0,0.4471455514431,0,-0.0,0
461,0,0,0.4471469819545746,0,-0.0,0
461,0,0,0.4471484124660492,0,-0.0,0
461,0,0,0.4471498429775238,0,-0.0,0
461,0,0,0.44715121388435364,0,-0.0,0
461,0,0,0.44715264439582825,0,-0.0,0
461,0,0,0.4471539855003357,0,-0.0,0
461,0,0,0.4471553862094879,0,-0.0,0
461,0,0,0.447156697511673,0,-0.0,0
461,0,0,0.4471580386161804,0,-0.0,0
461,0,0,0.4471593201160431,0,-0.0,0
461,0,0,0.44716066122055054,0,-0.0,0
461,0,0,0.4471619427204132,0,-0.0,0
461,0,0,0.4471631944179535,0,-0.0,0
461,0,0,0.4471644461154938,0,-0.0,0
461,0,0,0.44716575741767883,0,-0.0,0
461,0,0,0.44716694951057434,0,-0.0,0
461,0,0,0.44716814160346985,0,-0.0,0
461,0,0,0.44716939330101013,0,-0.0,0
461,0,0,0.447170615196228,0,-0.0,0
461,0,0,0.44717177748680115,0,-0.0,0
461,0,0,0.44717296957969666,0,-0.0,0
461,0,0,0.44717416167259216,0,-0.0,0
461,0,0,0.4471752941608429,0,-0.0,0
461,0,0,0.447176456451416,0,-0.0,0
461,0,0,0.44717758893966675,0,-0.0,0
461,0,0,0.4471787214279175,0,-0.0,0
461,0,0,0.44717979431152344,0,-0.0,0
461,0,0,0.44718092679977417,0,-0.0,0
461,0,0,0.44718196988105774,0,-0.0,0
461,0,0,0.4471830725669861,0,-0.0,0
461,0,0,0.44718417525291443,0,-0.0,0
461,0,0,0.447185218334198,0,-0.0,0
461,0,0,0.44718626141548157,0,-0.0,0
461,0,0,0.44718730449676514,0,-0.0,0
461,0,0,0.4471883773803711,0,-0.0,0
461,0,0,0.44718942046165466,0,-0.0,0
461,0,0,0.44719040393829346,0,-0.0,0
461,0,0,0.44719141721725464,0,-0.0,0
461,0,0,0.4471924304962158,0,-0.0,0
461,0,0,0.4471934139728546,0,-0.0,0
461,0,0,0.447194367647171,0,-0.0,0
461,0,0,0.4471953213214874,0,-0.0,0
461,0,0,0.4471963346004486,0,-0.0,0
461,0,0,0.447197288274765,0,-0.0,0
461,0,0,0.44719818234443665,0,-0.0,0
461,0,0,0.4471991956233978,0,-0.0,0
461,0,0,0.44720008969306946,0,-0.0,0
461,0,0,0.44720104336738586,0,-0.0,0
461,0,0,0.4472019076347351,0,-0.0,0
461,0,0,0.4472028613090515,0,-0.0,0
461,0,0,0.44720372557640076,0,-0.0,0
461,0,0,0.4472046196460724,0,-1.0,0
460,27,1,0.6860985159873962,1,0.9985049962997437,1
460,27,1,0.872534453868866,1,0.9499459862709045,1
460,27,1,0.8726291656494141,1,0.918956995010376,1
460,27,1,0.8726654052734375,1,0.8974689841270447,1
460,27,1,0.8726848363876343,1,0.8816969990730286,1
460,27,1,0.8726969361305237,1,0.8696320056915283,1
460,27,1,0.8727052807807922,1,0.8601080179214478,1
460,27,1,0.8727113604545593,1,0.8523989915847778,1
460,27,0,0.8727160692214966,1,0.8460350036621094,1
460,29,1,0.7708097696304321,1,0.0,0
460,0,0,0.7970475554466248,1,-0.0,0
460,0,0,0.5274467468261719,1,-0.0,0
460,0,0,0.44247564673423767,0,-0.0,0
460,0,0,0.4449537992477417,0,-0.0,0
460,0,0,0.44515150785446167,0,-0.0,0
460,0,0,0.44531193375587463,0,-0.0,0
460,0,0,0.4454382061958313,0,-0.0,0
460,0,0,0.4455409348011017,0,-0.0,0
460,0,0,0.44562625885009766,0,-0.0,0
460,0,0,0.4457005262374878,0,-0.0,0
460,0,0,0.4457661807537079,0,-0.0,0
460,0,0,0.4458247423171997,0,-0.0,0
460,0,0,0.44587740302085876,0,-0.0,0
460,0,0,0.44592559337615967,0,-0.0,0
460,0,0,0.44596970081329346,0,-0.0,0
460,0,0,0.4460105895996094,0,-0.0,0
460,0,0,0.4460486173629761,0,-0.0,0
460,0,0,0.44608402252197266,0,-0.0,0
460,0,0,0.446117639541626,0,-0.0,0
460,0,0,0.44614920020103455,0,-0.0,0
460,0,0,0.44617900252342224,0,-0.0,0
460,0,0,0.44620731472969055,0,-0.0,0
460,0,0,0.44623446464538574,0,-0.0,0
460,0,0,0.446259081363678,0,-0.0,0
460,0,0,0.4462801218032837,0,-0.0,0
460,0,0,0.4463001787662506,0,-0.0,0
460,0,0,0.4463193416595459,0,-0.0,0
460,0,0,0.44633758068084717,0,-0.0,0
460,0,0,0.4463552236557007,0,-0.0,0
460,0,0,0.44637203216552734,0,-0.0,0
460,0,0,0.4463883638381958,0,-0.0,0
460,0,0,0.4464039206504822,0,-0.0,0
460,0,0,0.4464189112186432,0,-0.0,0
460,0,0,0.4464334547519684,0,-0.0,0
460,0,0,0.4464474320411682,0,-0.0,0
460,0,0,0.44646087288856506,0,-0.0,0
460,0,0,0.4464738667011261,0,-0.0,0
460,0,0,0.4464865028858185,0,-0.0,0
460,0,0,0.4464987516403198,0,-0.0,0
460,0,0,0.4465104937553406,0,-0.0,0
460,0,0,0.44652190804481506,0,-0.0,0
460,0,0,0.44653308391571045,0,-0.0,0
460,0,0,0.44654381275177,0,-0.0,0
460,0,0,0.44655418395996094,0,-0.0,0
460,0,0,0.44656437635421753,0,-0.0,0
460,0,0,0.44657424092292786,0,-0.0,0
460,0,0,0.4465838670730591,0,-0.0,0
460,0,0,0.44659316539764404,0,-0.0,0
460,0,0,0.4466022551059723,0,-0.0,0
460,0,0,0.44661110639572144,0,-0.0,0
460,0,0,0.44661974906921387,0,-0.0,0
460,0,0,0.4466280937194824,0,-0.0,0
460,0,0,0.4466363489627838,0,-0.0,0
460,0,0,0.44664424657821655,0,-0.0,0
460,0,0,0.44665205478668213,0,-0.0,0
460,0,0,0.446659654378891,0,-0.0,0
460,0,0,0.44666704535484314,0,-0.0,0
460,0,0,0.4466741681098938,0,-0.0,0
460,0,0,0.44668126106262207,0,-0.0,0
460,0,0,0.44668814539909363,0,-0.0,0
460,0,0,0.44669488072395325,0,-0.0,0
460,0,0,0.44670143723487854,0,-0.0,0
460,0,0,0.44670790433883667,0,-0.0,0
460,0,0,0.4467141330242157,0,-0.0,0
460,0,0,0.44672027230262756,0,-0.0,0
460,0,0,0.44672664999961853,0,-0.0,0
460,0,0,0.44673311710357666,0,-0.0,0
460,0,0,0.44673940539360046,0,-0.0,0
460,0,0,0.4467455744743347,0,-0.0,0
460,0,0,0.4467516839504242,0,-0.0,0
460,0,0,0.44675758481025696,0,-0.0,0
460,0,0,0.44676342606544495,0,-0.0,0
460,0,0,0.44676917791366577,0,-0.0,0
460,0,0,0.4467747211456299,0,-0.0,0
460,0,0,0.44678017497062683,0,-0.0,0
460,0,0,0.44678565859794617,0,-0.0,0
460,0,0,0.4467909038066864,0,-0.0,0
460,0,0,0.44679611921310425,0,-0.0,0
460,0,0,0.44680121541023254,0,-0.0,0
460,0,0,0.4468062222003937,0,-0.0,0
460,0,0,0.44681116938591003,0,-0.0,0
460,0,0,0.44681593775749207,0,-0.0,0
460,0,0,0.4468206763267517,0,-0.0,0
460,0,0,0.44682538509368896,0,-0.0,0
460,0,0,0.44683000445365906,0,-0.0,0
460,0,0,0.4468345046043396,0,-0.0,0
460,0,0,0.446838915348053,0,-0.0,0
460,0,0,0.4468432366847992,0,-0.0,0
460,0,0,0.446847528219223,0,-0.0,0
460,0,0,0.44685181975364685,0,-0.0,0
460,0,0,0.4468560218811035,0,-0.0,0
460,0,0,0.44686001539230347,0,-0.0,0
460,0,0,0.4468640685081482,0,-0.0,0
460,0,0,0.44686800241470337,0,-0.0,0
460,0,0,0.44687196612358093,0,-0.0,0
460,0,0,0.44687581062316895,0,-0.0,0
460,0,0,0.4468795657157898,0,-0.0,0
460,0,0,0.4468832314014435,0,-0.0,0
460,0,0,0.44688695669174194,0,-0.0,0
460,0,0,0.44689056277275085,0,-0.0,0
460,0,0,0.446894109249115,0,-0.0,0
460,0,0,0.44689762592315674,0,-0.0,0
460,0,0,0.4469011425971985,0,-0.0,0
460,0,0,0.4469044804573059,0,-0.0,0
460,0,0,0.4469079077243805,0,-0.0,0
460,0,0,0.4469112455844879,0,-0.0,0
460,0,0,0.4469144642353058,0,-0.0,0
460,0,0,0.44691771268844604,0,-0.0,0
460,0,0,0.44692087173461914,0,-0.0,0
460,0,0,0.44692400097846985,0,-0.0,0
460,0,0,0.4469270408153534,0,-0.0,0
460,0,0,0.4469301104545593,0,-0.0,0
460,0,0,0.44693315029144287,0,-0.0,0
460,0,0,0.44693610072135925,0,-0.0,0
460,0,0,0.44693899154663086,0,-0.0,0
460,0,0,0.44694191217422485,0,-0.0,0
460,0,0,0.4469447731971741,0,-0.0,0
460,0,0,0.44694751501083374,0,-0.0,0
460,0,0,0.44695034623146057,0,-0.0,0
460,0,0,0.44695305824279785,0,-0.0,0
460,0,0,0.4469558298587799,0,-0.0,0
460,0,0,0.4469584822654724,0,-0.0,0
460,0,0,0.44696110486984253,0,-0.0,0
460,0,0,0.44696372747421265,0,-0.0,0
460,0,0,0.446966290473938,0,-0.0,0
460,0,0,0.44696885347366333,0,-0.0,0
460,0,0,0.4469713866710663,0,-0.0,0
460,0,0,0.44697386026382446,0,-0.0,0
460,0,0,0.44697630405426025,0,-0.0,0
460,0,0,0.44697877764701843,0,-0.0,0
460,0,0,0.44698116183280945,0,-0.0,0
460,0,0,0.44698354601860046,0,-0.0,0
460,0,0,0.4469858705997467,0,-0.0,0
460,0,0,0.44698819518089294,0,-0.0,0
460,0,0,0.4469904899597168,0,-0.0,0
460,0,0,0.4469927251338959,0,-0.0,0
460,0,0,0.44699496030807495,0,-0.0,0
460,0,0,0.44699719548225403,0,-0.0,0
460,0,0,0.4469994008541107,0,-0.0,0
460,0,0,0.44700154662132263,0,-0.0,0
460,0,0,0.44700369238853455,0,-0.0,0
460,0,0,0.44700583815574646,0,-0.0,0
460,0,0,0.4470079243183136,0,-0.0,0
460,0,0,0.44701001048088074,0,-0.0,0
460,0,0,0.44701212644577026,0,-0.0,0
460,0,0,0.44701412320137024,0,-0.0,0
460,0,0,0.4470161199569702,0,-0.0,0
460,0,0,0.4470181167125702,0,-0.0,0
460,0,0,0.4470200836658478,0,-0.0,0
460,0,0,0.447022020816803,0,-0.0,0
460,0,0,0.44702398777008057,0,-0.0,0
460,0,0,0.4470258951187134,0,-0.0,0
460,0,0,0.4470277428627014,0,-0.0,0
460,0,0,0.44702965021133423,0,-0.0,0
460,0,0,0.4470314681529999,0,-0.0,0
460,0,0,0.4470333158969879,0,-0.0,0
460,0,0,0.44703519344329834,0,-0.0,0
460,0,0,0.4470369517803192,0,-0.0,0
460,0,0,0.4470387399196625,0,-0.0,0
460,0,0,0.44704052805900574,0,-0.0,0
460,0,0,0.44704222679138184,0,-0.0,0
460,0,0,0.4470439851284027,0,-0.0,0
460,0,0,0.4470457434654236,0,-0.0,0
460,0,0,0.4470474123954773,0,-0.0,0
460,0,0,0.447049081325531,0,-0.0,0
460,0,0,0.4470508098602295,0,-0.0,0
460,0,0,0.4470524191856384,0,-0.0,0
460,0,0,0.4470541477203369,0,-0.0,0
460,0,0,0.44705575704574585,0,-0.0,0
460,0,0,0.4470573961734772,0,-0.0,0
460,0,0,0.44705894589424133,0,-0.0,0
460,0,0,0.4470605254173279,0,-0.0,0
460,0,0,0.4470621347427368,0,-0.0,0
460,0,0,0.447063684463501,0,-0.0,0
460,0,0,0.44706523418426514,0,-0.0,0
460,0,0,0.4470667839050293,0,-0.0,0
460,0,0,0.44706830382347107,0,-0.0,0
460,0,0,0.44706982374191284,0,-0.0,0
460,0,0,0.44707128405570984,0,-0.0,0
460,0,0,0.4470727741718292,0,-0.0,0
460,0,0,0.4470742642879486,0,-0.0,0
460,0,0,0.4470756947994232,0,-0.0,0
460,0,0,0.4470771551132202,0,-0.0,0
460,0,0,0.4470786452293396,0,-0.0,0
460,0,0,0.44708001613616943,0,-0.0,0
460,0,0,0.44708144664764404,0,-0.0,0
460,0,0,0.4470828175544739,0,-0.0,0
460,0,0,0.4470841586589813,0,-0.0,0
460,0,0,0.44708558917045593,0,-0.0,0
460,0,0,0.4470869302749634,0,-1.0,0
299,31,0,0.6547709107398987,1,0.5,0
299,32,0,0.44938042759895325,0,0.5,0
299,33,1,0.48840370774269104,0,0.5,0
299,34,1,0.5271027088165283,1,1.0,1
299,35,0,0.671179473400116,1,0.26138898730278015,0
299,36,0,0.5305993556976318,1,1.5999999959603883e-05,0
299,37,0,0.49993187189102173,0,0.5,0
299,34,1,0.5651271343231201,1,1.0,1
299,279,1,0.5118559002876282,1,0.5579869747161865,1
299,280,1,0.6755651235580444,1,0.8727840185165405,1
299,279,1,0.8598035573959351,1,0.8387749791145325,1
299,280,1,0.8703263998031616,1,0.8751400113105774,1
299,279,1,0.8608793616294861,1,0.8679550290107727,1
299,280,1,0.8720667362213135,1,0.8772420287132263,1
299,281,1,0.8683966994285583,1,0.8536220192909241,1
299,282,1,0.8316830992698669,1,0.5750460028648376,1
299,282,1,0.8420009613037109,1,0.6309450268745422,1
299,281,1,0.8783459663391113,1,0.7923610210418701,1
299,282,1,0.8407837748527527,1,0.6613680124282837,1
299,281,1,0.8788706064224243,1,0.7583990097045898,1
299,283,0,0.8827501535415649,1,0.1924230009317398,0
299,284,0,0.7163242101669312,1,0.00036100001307204366,0
299,285,0,0.7187212109565735,1,4.8999998398358e-05,0
299,283,0,0.5220375061035156,1,0.45584800839424133,0
299,284,1,0.46981820464134216,0,0.5545039772987366,1
299,285,1,0.5882380604743958,1,0.9047579765319824,1
299,283,1,0.5309380292892456,1,0.4813399910926819,0
299,286,1,0.7284533381462097,1,0.48794999718666077,0
299,287,1,0.8038928508758545,1,0.6666659712791443,1
299,283,1,0.8647140264511108,1,0.8063449859619141,1
299,284,1,0.8499494791030884,1,0.6765679717063904,1
299,285,1,0.8812827467918396,1,0.9047579765319824,1
299,283,1,0.8843051791191101,1,0.9004290103912354,1
299,286,1,0.8919814229011536,1,0.7188339829444885,1
299,287,1,0.8829498291015625,1,0.9997730255126953,1
299,283,1,0.8874000906944275,1,0.9149889945983887,1
299,286,1,0.8929488658905029,1,0.8393200039863586,1
299,287,1,0.8845289349555969,1,1.0,1
299,283,1,0.8878112435340881,1,0.9169740080833435,1
299,284,1,0.8590334057807922,1,0.6765689849853516,1
299,285,1,0.8932045102119446,1,0.9047579765319824,1
299,283,1,0.8864613771438599,1,0.9172400236129761,1
299,286,1,0.8929437398910522,1,0.875872015953064,1
299,287,1,0.884719729423523,1,1.0,1
299,283,1,0.8882431387901306,1,0.9172750115394592,1
299,284,1,0.85964035987854,1,0.6765689849853516,1
299,285,1,0.8939838409423828,1,0.9047579765319824,1
299,283,1,0.8868703842163086,1,0.9172800183296204,1
299,284,1,0.8592619895935059,1,0.6765689849853516,1
299,285,1,0.8938574194908142,1,0.9047579765319824,1
299,283,1,0.8866989016532898,1,0.9172809720039368,1
299,286,1,0.8930104374885559,1,0.8849740028381348,1
299,287,1,0.8851344585418701,1,1.0,1
299,283,1,0.888508141040802,1,0.9172809720039368,1
299,284,1,0.8598600625991821,1,0.6765689849853516,1
299,285,1,0.8944478631019592,1,0.9047579765319824,1
299,283,1,0.8873342871665955,1,0.9172809720039368,1
299,286,1,0.8932449221611023,1,0.8871229887008667,1
299,287,1,0.8855893611907959,1,1.0,1
299,288,1,0.8935549259185791,1,0.8020179867744446,1
299,283,1,0.887436032295227,1,0.9172809720039368,1
299,286,1,0.8934694528579712,1,0.8876240253448486,1
299,287,1,0.8857185244560242,1,1.0,1
299,292,1,0.8530197143554688,1,0.6536830067634583,1
299,283,1,0.888898491859436,1,0.9172809720039368,1
299,293,0,0.9164643287658691,1,0.5022370219230652,1
299,294,1,0.8573216795921326,1,0.9972410202026367,1
299,289,1,0.8647239208221436,1,0.7241020202636719,1
299,283,1,0.8864500522613525,1,0.9172809720039368,1
299,290,1,0.8919856548309326,1,0.8678439855575562,1
299,291,1,0.8842605948448181,1,0.9333299994468689,1
299,292,1,0.8547554016113281,1,0.8368409872055054,1
299,283,1,0.8889508843421936,1,0.9172809720039368,1
299,293,1,0.8994843363761902,1,0.8734549880027771,1
299,294,1,0.8752716779708862,1,0.9756439924240112,1
299,289,1,0.8723092079162598,1,0.8248710036277771,1
299,283,1,0.8882690072059631,1,0.9172809720039368,1
299,290,1,0.8940271139144897,1,0.8665410280227661,1
299,291,1,0.8856633305549622,1,0.9333329796791077,1
299,295,1,0.8658344745635986,1,0.7784180045127869,1
299,283,1,0.8895738124847412,1,0.9172809720039368,1
299,284,0,0.8606700301170349,1,0.6765689849853516,1
299,285,1,0.8764739036560059,1,0.9047579765319824,1
299,292,1,0.8448905348777771,1,0.93995600938797,1
299,283,1,0.8864952921867371,1,0.9172809720039368,1
299,293,1,0.914998471736908,1,0.8748480081558228,1
299,294,1,0.8742222785949707,1,0.9604799747467041,1
299,295,1,0.8649014234542847,1,0.7780839800834656,1
299,283,1,0.8893672823905945,1,0.9172809720039368,1
299,284,1,0.8307286500930786,1,0.6765689849853516,1
299,285,1,0.8941991925239563,1,0.9047579765319824,1
299,295,1,0.8644874095916748,1,0.7778099775314331,1
299,283,1,0.8892524242401123,1,0.9172809720039368,1
299,284,0,0.8589594960212708,1,0.6765689849853516,1
299,285,1,0.8784188032150269,1,0.9047579765319824,1
299,289,1,0.8630179762840271,1,0.9024149775505066,1
299,283,1,0.885234534740448,1,0.9172809720039368,1
299,290,1,0.8913584351539612,1,0.8664799928665161,1
299,291,1,0.884166955947876,1,0.9333339929580688,1
299,292,1,0.8539437651634216,1,0.9803270101547241,1
299,283,1,0.88875412940979,1,0.9172809720039368,1
299,293,1,0.9164695739746094,1,0.8748499751091003,1
299,294,1,0.8752691149711609,1,0.9494240283966064,1
299,295,1,0.8661089539527893,1,0.7775840163230896,1
299,283,1,0.8897939324378967,1,0.9172809720039368,1
299,284,0,0.8439075350761414,1,0.6765689849853516,1
299,285,1,0.8885343074798584,1,0.9047579765319824,1
299,292,1,0.8511082530021667,1,0.9938200116157532,1
299,283,1,0.8880649209022522,1,0.9172809720039368,1
299,293,1,0.915910005569458,1,0.8748499751091003,1
299,294,1,0.8746017217636108,1,0.9411410093307495,1
299,288,1,0.8944448232650757,1,0.7988119721412659,1
299,283,1,0.8883113861083984,1,0.9172809720039368,1
299,286,0,0.8933407664299011,1,0.8877400159835815,1
299,287,1,0.8749358654022217,1,1.0,1
299,288,0,0.8906625509262085,1,0.7984740138053894,1
299,283,1,0.8710611462593079,1,0.9172809720039368,1
299,286,1,0.828054666519165,1,0.8876630067825317,1
299,287,1,0.8797949552536011,1,1.0,1
299,289,1,0.8661961555480957,1,0.9502969980239868,1
299,283,1,0.8864806890487671,1,0.9172809720039368,1
299,290,0,0.8916364908218384,1,0.8664770126342773,1
299,291,1,0.864890456199646,1,0.9333339929580688,1
299,288,1,0.865837812423706,1,0.7984349727630615,1
299,283,1,0.8847485780715942,1,0.9172809720039368,1
299,286,1,0.8886120319366455,1,0.8877490162849426,1
299,287,1,0.8847182989120483,1,1.0,1
299,295,1,0.8616960644721985,1,0.7773990035057068,1
299,283,1,0.8883838653564453,1,0.9172809720039368,1
299,284,1,0.8475258946418762,1,0.6765689849853516,1
299,285,1,0.8935823440551758,1,0.9047579765319824,1
299,292,1,0.8528454899787903,1,0.9980850219726562,1
299,283,1,0.888631284236908,1,0.9172809720039368,1
299,293,0,0.9159529805183411,1,0.8748499751091003,1
299,294,1,0.8662635684013367,1,0.9348090291023254,1
299,295,0,0.8609617948532104,1,0.7772459983825684,1
299,283,1,0.8774557709693909,1,0.9172809720039368,1
299,284,1,0.8501178622245789,1,0.6765689849853516,1
299,285,1,0.88999342918396,1,0.9047579765319824,1
299,288,1,0.8910448551177979,1,0.7984349727630615,1
299,283,1,0.8866543173789978,1,0.9172809720039368,1
299,286,1,0.8913460373878479,1,0.8877689838409424,1
299,287,1,0.8847153186798096,1,1.0,1
299,289,1,0.8699138760566711,1,0.9759600162506104,1
299,296,1,0.8932842016220093,1,1.0,1
299,297,0,0.8902745842933655,1,0.30144599080085754,0
299,297,1,0.8066952228546143,1,0.19953800737857819,0
299,296,1,0.8848687410354614,1,1.0,1
299,297,1,0.8747288584709167,1,0.5442309975624084,1
299,296,1,0.8914111852645874,1,1.0,1
299,297,1,0.8863338232040405,1,0.5442309975624084,1
299,296,1,0.8920950293540955,1,1.0,1
299,297,0,0.8879252672195435,1,0.5442309975624084,1
299,296,1,0.8838986158370972,1,1.0,1
299,297,0,0.8406000137329102,1,0.5442309975624084,1
299,296,1,0.8888066411018372,1,1.0,1
299,297,1,0.6313678026199341,1,0.5442309975624084,1
299,298,0,0.829748272895813,1,0.0011980000417679548,0
299,298,1,0.6448109149932861,1,0.3794659972190857,0
299,298,0,0.7957491874694824,1,0.0,0
299,0,0,0.787304162979126,1,-0.0,0
299,0,0,0.6467542052268982,1,-0.0,0
299,0,0,0.4871383309364319,0,-0.0,0
299,0,0,0.4575728476047516,0,-0.0,0
299,0,0,0.4539577066898346,0,-0.0,0
299,0,0,0.4517946243286133,0,-0.0,0
299,0,0,0.4502620995044708,0,-0.0,0
299,0,0,0.44917377829551697,0,-0.0,0
299,0,0,0.448337584733963,0,-0.0,0
299,0,0,0.4476671814918518,0,-0.0,0
299,0,0,0.4470999538898468,0,-0.0,0
299,0,0,0.4465606212615967,0,-0.0,0
299,0,0,0.44603466987609863,0,-0.0,0
299,0,0,0.44556841254234314,0,-0.0,0
299,0,0,0.4451625645160675,0,-0.0,0
299,0,0,0.44479331374168396,0,-0.0,0
299,0,0,0.44450119137763977,0,-0.0,0
299,0,0,0.44422441720962524,0,-0.0,0
299,0,0,0.44399482011795044,0,-0.0,0
299,0,0,0.4437900483608246,0,-0.0,0
299,0,0,0.4436071813106537,0,-0.0,0
299,0,0,0.44344544410705566,0,-0.0,0
299,0,0,0.4432962238788605,0,-0.0,0
299,0,0,0.44316181540489197,0,-0.0,0
299,0,0,0.4430343806743622,0,-0.0,0
299,0,0,0.4429168105125427,0,-0.0,0
299,0,0,0.44280633330345154,0,-0.0,0
299,0,0,0.4427010118961334,0,-0.0,0
299,0,0,0.44260478019714355,0,-0.0,0
299,0,0,0.4425235688686371,0,-0.0,0
299,0,0,0.4424525201320648,0,-0.0,0
299,0,0,0.4423968195915222,0,-0.0,0
299,0,0,0.44234800338745117,0,-0.0,0
299,0,0,0.44231078028678894,0,-0.0,0
299,0,0,0.4422954022884369,0,-0.0,0
299,0,0,0.4422818720340729,0,-0.0,0
299,0,0,0.44227105379104614,0,-0.0,0
299,0,0,0.44226154685020447,0,-0.0,0
299,0,0,0.4422552287578583,0,-0.0,0
299,0,0,0.4422509968280792,0,-1.0,0
536,0,0,0.6634825468063354,1,0.5287380218505859,1
536,2,1,0.3813149929046631,0,0.549996018409729,1
536,1,0,0.45618632435798645,0,0.33540499210357666,0
536,3,1,0.687480092048645,1,0.8519440293312073,1
536,4,1,0.5494235157966614,1,0.6368119716644287,1
536,5,1,0.8447631001472473,1,0.6669650077819824,1
536,6,1,0.9432337880134583,1,0.8802350163459778,1
536,6,1,0.943081796169281,1,0.9083759784698486,1
536,0,1,0.6497295498847961,1,0.5156159996986389,1
536,2,1,0.7197254300117493,1,0.665103018283844,1
536,1,0,0.4603545367717743,0,0.39164701104164124,0
536,4,0,0.8447234630584717,1,0.7076420187950134,1
536,3,0,0.8146379590034485,1,0.9102759957313538,1
536,5,1,0.5874165296554565,1,0.753246009349823,1
536,6,1,0.9089195728302002,1,0.9164900183677673,1
536,279,0,0.7252750396728516,1,0.5579869747161865,1
536,279,1,0.47673070430755615,0,0.8243709802627563,1
536,280,1,0.6108155846595764,1,0.8727840185165405,1
536,280,1,0.855451226234436,1,0.8751400113105774,1
536,279,1,0.7811012268066406,1,0.8669419884681702,1
536,279,1,0.86098712682724,1,0.8698390126228333,1
536,280,1,0.871099591255188,1,0.8772420287132263,1
536,281,1,0.8707706332206726,1,0.8536220192909241,1
536,282,1,0.8293891549110413,1,0.5750460028648376,1
536,282,1,0.8405080437660217,1,0.6309450268745422,1
536,281,0,0.8781691193580627,1,0.7923610210418701,1
536,281,0,0.630040168762207,1,0.5563309788703918,1
536,281,1,0.4882778227329254,0,0.5506529808044434,1
536,282,1,0.7240462899208069,1,0.6613680124282837,1
536,281,1,0.7421647906303406,1,0.5506690144538879,1
536,281,1,0.8682624101638794,1,0.5506870150566101,1
536,282,0,0.835378110408783,1,0.6757649779319763,1
536,282,0,0.5437727570533752,1,0.6687830090522766,1
536,282,1,0.4587235152721405,0,0.6580169796943665,1
536,281,0,0.7968646883964539,1,0.5507100224494934,1
536,282,1,0.5366962552070618,1,0.6742439866065979,1
536,281,0,0.5901496410369873,1,0.550590991973877,1
536,281,1,0.49588096141815186,0,0.5505899786949158,1
536,282,1,0.735790491104126,1,0.6814669966697693,1
536,283,1,0.8638682961463928,1,0.1924230009317398,0
536,284,0,0.8343967795372009,1,0.00036100001307204366,0
536,285,0,0.7489871382713318,1,4.8999998398358e-05,0
536,283,0,0.8344930410385132,1,0.4558649957180023,0
536,284,1,0.5266841650009155,1,0.5545039772987366,1
536,285,1,0.6171253323554993,1,0.9047579765319824,1
536,283,0,0.6679537892341614,1,0.48134198784828186,0
536,286,0,0.667074978351593,1,0.48794999718666077,0
536,287,0,0.6509935259819031,1,0.6666659712791443,1
536,283,1,0.5010683536529541,1,0.4851810038089752,0
536,286,1,0.5907691717147827,1,0.6089230179786682,1
536,287,0,0.5931767225265503,1,0.3337869942188263,0
536,283,1,0.6552596688270569,1,0.808193027973175,1
536,286,0,0.7261963486671448,1,0.7933580279350281,1
536,287,0,0.5140283703804016,1,0.3337869942188263,0
536,283,0,0.8321881294250488,1,0.9007480144500732,1
536,286,0,0.5486921072006226,1,0.7246009707450867,1
536,287,1,0.5056378841400146,1,0.3337869942188263,0
536,283,1,0.592243492603302,1,0.8316450119018555,1
536,284,0,0.633693516254425,1,0.6765679717063904,1
536,285,1,0.6138706803321838,1,0.9047579765319824,1
536,283,1,0.7333481907844543,1,0.9046679735183716,1
536,286,1,0.5415898561477661,1,0.6761800050735474,1
536,287,1,0.8102661967277527,1,0.9990950226783752,1
536,283,1,0.8746916651725769,1,0.915573000907898,1
536,284,1,0.5903604626655579,1,0.6765679717063904,1
536,285,1,0.8675587773323059,1,0.9047579765319824,1
536,283,1,0.880488932132721,1,0.9170519709587097,1
536,284,0,0.8377329707145691,1,0.6765689849853516,1
536,285,1,0.8213544487953186,1,0.9047579765319824,1
536,283,1,0.8656126260757446,1,0.9172499775886536,1
536,284,1,0.6579402685165405,1,0.6765689849853516,1
536,285,1,0.8748130798339844,1,0.9047579765319824,1
536,283,1,0.8802092671394348,1,0.9172769784927368,1
536,286,1,0.87809818983078,1,0.8232570290565491,1
536,287,1,0.8721632361412048,1,1.0,1
536,283,1,0.8840305805206299,1,0.9172800183296204,1
536,284,0,0.8428941369056702,1,0.6765689849853516,1
536,285,1,0.8390672206878662,1,0.9047579765319824,1
536,283,1,0.8720455169677734,1,0.9172809720039368,1
536,284,0,0.6682491898536682,1,0.6765689849853516,1
536,284,0,0.48482972383499146,0,0.6765689849853516,1
536,285,1,0.8703809380531311,1,0.9047579765319824,1
536,283,1,0.8793185353279114,1,0.9172809720039368,1
536,284,1,0.4736775755882263,0,0.6765689849853516,1
536,285,1,0.8779156804084778,1,0.9047579765319824,1
536,283,1,0.881607174873352,1,0.9172809720039368,1
536,286,0,0.8851944208145142,1,0.8716170191764832,1
536,287,1,0.8308811783790588,1,1.0,1
536,283,1,0.8766579031944275,1,0.9172809720039368,1
536,286,1,0.6348369121551514,1,0.8428279757499695,1
536,287,1,0.8771899938583374,1,1.0,1
536,283,1,0.8834740519523621,1,0.9172809720039368,1
536,284,1,0.839832067489624,1,0.6765689849853516,1
536,285,1,0.8823783993721008,1,0.9047579765319824,1
536,283,1,0.8830347061157227,1,0.9172809720039368,1
536,284,1,0.8517382144927979,1,0.6765689849853516,1
536,285,1,0.8854732513427734,1,0.9047579765319824,1
536,283,1,0.8834322690963745,1,0.9172809720039368,1
536,286,1,0.8838379979133606,1,0.8767799735069275,1
536,287,1,0.87897789478302,1,1.0,1
536,283,0,0.8853455185890198,1,0.9172809720039368,1
536,286,1,0.8639072179794312,1,0.8851900100708008,1
536,287,1,0.8704419732093811,1,1.0,1
536,283,1,0.8220573663711548,1,0.9172809720039368,1
536,284,1,0.8441000580787659,1,0.6765689849853516,1
536,285,0,0.8835780024528503,1,0.9047579765319824,1
536,283,1,0.8640938997268677,1,0.9172809720039368,1
536,284,0,0.8425161242485046,1,0.6765689849853516,1
536,285,1,0.6827430725097656,1,0.9047579765319824,1
536,283,1,0.8615227341651917,1,0.9172809720039368,1
536,284,0,0.7092735171318054,1,0.6765689849853516,1
536,285,0,0.8243202567100525,1,0.9047579765319824,1
536,283,1,0.8689215779304504,1,0.9172809720039368,1
536,284,1,0.4999103844165802,0,0.6765689849853516,1
536,285,1,0.6263673901557922,1,0.9047579765319824,1
536,283,1,0.8825221061706543,1,0.9172809720039368,1
536,284,1,0.7885209918022156,1,0.6765689849853516,1
536,285,1,0.8362798690795898,1,0.9047579765319824,1
536,283,1,0.8828012347221375,1,0.9172809720039368,1
536,284,1,0.8482143878936768,1,0.6765689849853516,1
536,285,1,0.8781635165214539,1,0.9047579765319824,1
536,283,1,0.8831639885902405,1,0.9172809720039368,1
536,284,1,0.8516870141029358,1,0.6765689849853516,1
536,285,0,0.8836492896080017,1,0.9047579765319824,1
536,283,0,0.8759304285049438,1,0.9172809720039368,1
536,284,0,0.7885980010032654,1,0.6765689849853516,1
536,285,1,0.6871095299720764,1,0.9047579765319824,1
536,283,0,0.7548971176147461,1,0.9172809720039368,1
536,284,1,0.6168195009231567,1,0.0,0
536,0,0,0.7013607621192932,1,-0.0,0
536,0,0,0.4824357330799103,0,-0.0,0
536,0,0,0.4436570107936859,0,-0.0,0
536,0,0,0.44267070293426514,0,-0.0,0
536,0,0,0.44224950671195984,0,-0.0,0
536,0,0,0.4420994818210602,0,-0.0,0
536,0,0,0.44209566712379456,0,-0.0,0
536,0,0,0.4421161711215973,0,-0.0,0
536,0,0,0.4421366751194,0,-0.0,0
536,0,0,0.44215989112854004,0,-0.0,0
536,0,0,0.4421886205673218,0,-0.0,0
536,0,0,0.4422285258769989,0,-0.0,0
536,0,0,0.442269891500473,0,-0.0,0
536,0,0,0.44231143593788147,0,-0.0,0
536,0,0,0.442353218793869,0,-0.0,0
536,0,0,0.4423917829990387,0,-0.0,0
536,0,0,0.44241711497306824,0,-0.0,0
536,0,0,0.4424314498901367,0,-0.0,0
536,0,0,0.44244295358657837,0,-0.0,0
536,0,0,0.4424569606781006,0,-0.0,0
536,0,0,0.4424678385257721,0,-0.0,0
536,0,0,0.4424763321876526,0,-0.0,0
536,0,0,0.4424855709075928,0,-0.0,0
536,0,0,0.4424971640110016,0,-0.0,0
536,0,0,0.44250887632369995,0,-0.0,0
536,0,0,0.44252198934555054,0,-0.0,0
536,0,0,0.4425368309020996,0,-0.0,0
536,0,0,0.44255173206329346,0,-0.0,0
536,0,0,0.44256606698036194,0,-0.0,0
536,0,0,0.4425806403160095,0,-0.0,0
536,0,0,0.4425920248031616,0,-0.0,0
536,0,0,0.44260525703430176,0,-0.0,0
536,0,0,0.44261783361434937,0,-0.0,0
536,0,0,0.4426351487636566,0,-0.0,0
536,0,0,0.44265317916870117,0,-0.0,0
536,0,0,0.44267088174819946,0,-0.0,0
536,0,0,0.442688912153244,0,-0.0,0
536,0,0,0.44270825386047363,0,-0.0,0
536,0,0,0.4427277147769928,0,-0.0,0
536,0,0,0.44274747371673584,0,-0.0,0
536,0,0,0.44276663661003113,0,-0.0,0
536,0,0,0.44278573989868164,0,-0.0,0
536,0,0,0.44280415773391724,0,-0.0,0
536,0,0,0.44282248616218567,0,-0.0,0
536,0,0,0.44284072518348694,0,-0.0,0
536,0,0,0.44286102056503296,0,-0.0,0
536,0,0,0.44288262724876404,0,-0.0,0
536,0,0,0.4429027736186981,0,-0.0,0
536,0,0,0.44292277097702026,0,-0.0,0
536,0,0,0.4429430663585663,0,-0.0,0
536,0,0,0.4429642856121063,0,-0.0,0
536,0,0,0.4429847300052643,0,-0.0,0
536,0,0,0.44300538301467896,0,-0.0,0
536,0,0,0.4430268108844757,0,-0.0,0
536,0,0,0.44304782152175903,0,-0.0,0
536,0,0,0.44306910037994385,0,-0.0,0
536,0,0,0.4430899918079376,0,-0.0,0
536,0,0,0.4431106746196747,0,-0.0,0
536,0,0,0.4431309998035431,0,-0.0,0
536,0,0,0.4431515634059906,0,-0.0,0
536,0,0,0.4431723356246948,0,-0.0,0
536,0,0,0.44319280982017517,0,-0.0,0
536,0,0,0.44321292638778687,0,-0.0,0
536,0,0,0.4432328939437866,0,-0.0,0
536,0,0,0.4432523846626282,0,-0.0,0
536,0,0,0.4432719647884369,0,-0.0,0
536,0,0,0.44329145550727844,0,-0.0,0
536,0,0,0.44331055879592896,0,-0.0,0
536,0,0,0.443329781293869,0,-0.0,0
536,0,0,0.443348228931427,0,-0.0,0
536,0,0,0.4433668851852417,0,-1.0,0
745,0,0,0.6639041304588318,1,0.5287380218505859,1
745,2,1,0.3812619745731354,0,0.549996018409729,1
745,1,1,0.45631328225135803,0,0.33540499210357666,0
745,3,1,0.9387922286987305,1,0.8519440293312073,1
745,4,1,0.8503546118736267,1,0.6368119716644287,1
745,5,1,0.8722032308578491,1,0.6669650077819824,1
745,6,0,0.9462119340896606,1,0.8802350163459778,1
745,6,1,0.8306666612625122,1,0.6839439868927002,1
745,0,1,0.676762044429779,1,0.5156159996986389,1
745,1,0,0.573929488658905,1,0.45766499638557434,0
745,2,1,0.4079604148864746,0,0.665103018283844,1
745,3,1,0.9081107974052429,1,0.9102759957313538,1
745,4,1,0.8329501748085022,1,0.7076420187950134,1
745,5,1,0.8730071783065796,1,0.753246009349823,1
745,6,1,0.9445548057556152,1,0.8332039713859558,1
745,6,1,0.9438071250915527,1,0.8935909867286682,1
745,0,1,0.8140887022018433,1,0.5418980121612549,1
745,1,0,0.4536277651786804,0,0.44444799423217773,0
745,2,1,0.7054328322410583,1,0.7498589754104614,1
745,3,1,0.949043869972229,1,0.940684974193573,1
745,4,1,0.8519731163978577,1,0.7512180209159851,1
745,5,1,0.8733335733413696,1,0.833528995513916,1
745,6,0,0.9459336996078491,1,0.9122909903526306,1
745,6,1,0.7897103428840637,1,0.859948992729187,1
745,0,0,0.7297477722167969,1,0.5817610025405884,1
745,2,1,0.5137656331062317,1,0.7956339716911316,1
745,1,0,0.4188179075717926,0,0.43761900067329407,0
745,3,1,0.9438053369522095,1,0.9550409913063049,1
745,4,1,0.8432444930076599,1,0.7739430069923401,1
745,5,1,0.8721403479576111,1,0.8933050036430359,1
745,6,1,0.9429449439048767,1,0.902197003364563,1
745,6,1,0.9438194632530212,1,0.9147520065307617,1
745,0,0,0.4631073474884033,0,0.5307469964027405,1
745,2,1,0.7307295203208923,1,0.8162999749183655,1
745,1,1,0.3936339020729065,0,0.43421700596809387,0
745,3,0,0.949248731136322,1,0.9615010023117065,1
745,4,1,0.7308121919631958,1,0.7847790122032166,1
745,5,1,0.8615104556083679,1,0.9308329820632935,1
745,6,1,0.9437277317047119,1,0.9182590246200562,1
745,6,1,0.9434168338775635,1,0.9192219972610474,1
745,0,0,0.46337011456489563,0,0.5161269903182983,1
745,1,0,0.7366325259208679,1,0.5712890028953552,1
745,2,1,0.5334262847900391,1,0.8248710036277771,1
745,4,0,0.8128620386123657,1,0.7897260189056396,1
745,3,0,0.7937972545623779,1,0.9163159728050232,1
745,5,1,0.7144804000854492,1,0.9519309997558594,1
745,6,1,0.9300441741943359,1,0.9194849729537964,1
745,6,1,0.9407755732536316,1,0.9195569753646851,1
745,0,0,0.4420700967311859,0,0.5125049948692322,1
745,1,0,0.41124778985977173,0,0.5205190181732178,1
745,2,1,0.7044205665588379,1,0.8282989859580994,1
745,4,1,0.461020827293396,0,0.7821549773216248,1
745,3,1,0.8001289367675781,1,0.7360479831695557,1
745,5,1,0.8660526871681213,1,0.9630609750747681,1
745,6,1,0.9443333148956299,1,0.9195759892463684,1
745,6,1,0.9432059526443481,1,0.9195820093154907,1
745,0,1,0.4836552143096924,0,0.5116419792175293,1
745,1,0,0.4274011254310608,0,0.48207300901412964,0
745,2,1,0.7228132486343384,1,0.8296509981155396,1
745,3,0,0.9476987719535828,1,0.8355600237846375,1
745,4,1,0.706270158290863,1,0.7885400056838989,1
745,5,1,0.8514707684516907,1,0.9687359929084778,1
745,6,1,0.9416154026985168,1,0.9195830225944519,1
745,6,1,0.942294716835022,1,0.9195830225944519,1
745,0,1,0.7947272062301636,1,0.5355139970779419,1
745,1,0,0.39778682589530945,0,0.45797398686408997,0
745,2,1,0.7049551010131836,1,0.8301799893379211,1
745,3,1,0.8976854085922241,1,0.660618007183075,1
745,4,1,0.8393871188163757,1,0.7914109826087952,1
745,5,1,0.8695728778839111,1,0.9715800285339355,1
745,6,1,0.9444626569747925,1,0.9195839762687683,1
745,6,1,0.9434400200843811,1,0.9195839762687683,1
745,0,1,0.8089871406555176,1,0.5724369883537292,1
745,2,1,0.7158260345458984,1,0.8303869962692261,1
745,1,0,0.4039825201034546,0,0.4446110129356384,0
745,4,0,0.8419235348701477,1,0.7926859855651855,1
745,3,0,0.9149807095527649,1,0.7728480100631714,1
745,5,1,0.7473539710044861,1,0.972993016242981,1
745,6,1,0.9289888739585876,1,0.9195839762687683,1
745,6,1,0.9393174052238464,1,0.9195839762687683,1
745,0,0,0.7797582149505615,1,0.6234809756278992,1
745,2,1,0.613758385181427,1,0.8304679989814758,1
745,1,0,0.39516356587409973,0,0.4377020001411438,0
745,3,1,0.8142408728599548,1,0.6390380263328552,1
745,4,1,0.6211448311805725,1,0.7907209992408752,1
745,5,1,0.8568025827407837,1,0.9736909866333008,1
745,6,1,0.9419954419136047,1,0.9195839762687683,1
745,6,1,0.9420329928398132,1,0.9195839762687683,1
745,0,1,0.5927581787109375,1,0.545648992061615,1
745,1,1,0.4177999794483185,0,0.0,0
745,0,0,0.738254189491272,1,-0.0,0
745,0,0,0.47945165634155273,0,-0.0,0
745,0,0,0.441500186920166,0,-0.0,0
745,0,0,0.44177424907684326,0,-0.0,0
745,0,0,0.44191816449165344,0,-0.0,0
745,0,0,0.4421159327030182,0,-0.0,0
745,0,0,0.4422937035560608,0,-0.0,0
745,0,0,0.44244706630706787,0,-0.0,0
745,0,0,0.4425319731235504,0,-0.0,0
745,0,0,0.4425794184207916,0,-0.0,0
745,0,0,0.44261136651039124,0,-0.0,0
745,0,0,0.4426408112049103,0,-0.0,0
745,0,0,0.442661315202713,0,-0.0,0
745,0,0,0.44268426299095154,0,-0.0,0
745,0,0,0.4427073299884796,0,-0.0,0
745,0,0,0.44273173809051514,0,-0.0,0
745,0,0,0.44275686144828796,0,-0.0,0
745,0,0,0.4427761137485504,0,-0.0,0
745,0,0,0.44279539585113525,0,-0.0,0
745,0,0,0.4428216516971588,0,-0.0,0
745,0,0,0.4428476095199585,0,-0.0,0
745,0,0,0.4428726136684418,0,-0.0,0
745,0,0,0.44289758801460266,0,-0.0,0
745,0,0,0.4429243505001068,0,-0.0,0
745,0,0,0.44295111298561096,0,-0.0,0
745,0,0,0.44297805428504944,0,-0.0,0
745,0,0,0.4430047273635864,0,-0.0,0
745,0,0,0.4430310130119324,0,-0.0,0
745,0,0,0.4430563747882843,0,-0.0,0
745,0,0,0.44308146834373474,0,-0.0,0
745,0,0,0.44310617446899414,0,-0.0,0
745,0,0,0.4431307017803192,0,-0.0,0
745,0,0,0.4431547224521637,0,-0.0,0
745,0,0,0.4431784749031067,0,-0.0,0
745,0,0,0.4432017505168915,0,-0.0,0
745,0,0,0.4432242810726166,0,-0.0,0
745,0,0,0.44324615597724915,0,-0.0,0
745,0,0,0.4432677924633026,0,-0.0,0
745,0,0,0.443289577960968,0,-0.0,0
745,0,0,0.44331079721450806,0,-0.0,0
745,0,0,0.4433315694332123,0,-0.0,0
745,0,0,0.4433521628379822,0,-0.0,0
745,0,0,0.4433724284172058,0,-0.0,0
745,0,0,0.4433925747871399,0,-0.0,0
745,0,0,0.4434134364128113,0,-0.0,0
745,0,0,0.4434341490268707,0,-0.0,0
745,0,0,0.4434545636177063,0,-0.0,0
745,0,0,0.4434741139411926,0,-0.0,0
745,0,0,0.4434936046600342,0,-0.0,0
745,0,0,0.4435133635997772,0,-0.0,0
745,0,0,0.443533331155777,0,-0.0,0
745,0,0,0.4435538649559021,0,-0.0,0
745,0,0,0.4435741901397705,0,-0.0,0
745,0,0,0.44359394907951355,0,-0.0,0
745,0,0,0.44361358880996704,0,-0.0,0
745,0,0,0.4436328411102295,0,-0.0,0
745,0,0,0.4436521530151367,0,-0.0,0
745,0,0,0.44367098808288574,0,-0.0,0
745,0,0,0.4436895251274109,0,-0.0,0
745,0,0,0.44370824098587036,0,-0.0,0
745,0,0,0.44372788071632385,0,-0.0,0
745,0,0,0.44374731183052063,0,-0.0,0
745,0,0,0.4437664747238159,0,-0.0,0
745,0,0,0.44378533959388733,0,-0.0,0
745,0,0,0.4438037574291229,0,-0.0,0
745,0,0,0.44382235407829285,0,-0.0,0
745,0,0,0.4438406229019165,0,-0.0,0
745,0,0,0.44385889172554016,0,-0.0,0
745,0,0,0.4438770115375519,0,-0.0,0
745,0,0,0.44389477372169495,0,-0.0,0
745,0,0,0.44391244649887085,0,-0.0,0
745,0,0,0.4439298212528229,0,-0.0,0
745,0,0,0.44394683837890625,0,-0.0,0
745,0,0,0.4439637362957001,0,-0.0,0
745,0,0,0.4439800977706909,0,-0.0,0
745,0,0,0.4439963698387146,0,-0.0,0
745,0,0,0.44401243329048157,0,-0.0,0
745,0,0,0.4440280497074127,0,-0.0,0
745,0,0,0.4440436363220215,0,-0.0,0
745,0,0,0.44405877590179443,0,-0.0,0
745,0,0,0.4440739154815674,0,-0.0,0
745,0,0,0.44408878684043884,0,-0.0,0
745,0,0,0.44410353899002075,0,-0.0,0
745,0,0,0.44411802291870117,0,-0.0,0
745,0,0,0.4441322386264801,0,-0.0,0
745,0,0,0.4441462457180023,0,-0.0,0
745,0,0,0.4441600739955902,0,-0.0,0
745,0,0,0.4441743791103363,0,-0.0,0
745,0,0,0.4441884756088257,0,-0.0,0
745,0,0,0.4442025423049927,0,-0.0,0
745,0,0,0.4442163407802582,0,-0.0,0
745,0,0,0.44422978162765503,0,-0.0,0
745,0,0,0.44424325227737427,0,-0.0,0
745,0,0,0.4442564845085144,0,-0.0,0
745,0,0,0.4442695677280426,0,-0.0,0
745,0,0,0.44428250193595886,0,-0.0,0
745,0,0,0.4442952573299408,0,-0.0,0
745,0,0,0.444307804107666,0,-0.0,0
745,0,0,0.44431954622268677,0,-0.0,0
745,0,0,0.4443308711051941,0,-0.0,0
745,0,0,0.4443422853946686,0,-0.0,0
745,0,0,0.44435417652130127,0,-0.0,0
745,0,0,0.4443664252758026,0,-0.0,0
745,0,0,0.4443783462047577,0,-0.0,0
745,0,0,0.44439032673835754,0,-0.0,0
745,0,0,0.4444020688533783,0,-0.0,0
745,0,0,0.4444136917591095,0,-0.0,0
745,0,0,0.44442522525787354,0,-0.0,0
745,0,0,0.4444366693496704,0,-0.0,0
745,0,0,0.4444480240345001,0,-1.0,0
49,0,1,0.6635541915893555,1,0.5287380218505859,1
49,2,1,0.5947956442832947,1,0.549996018409729,1
49,1,0,0.7371396422386169,1,0.33540499210357666,0
49,3,0,0.7821106314659119,1,0.8519440293312073,1
49,4,1,0.4485301971435547,0,0.6368119716644287,1
49,5,1,0.59246426820755,1,0.6669650077819824,1
49,6,1,0.915720522403717,1,0.8802350163459778,1
49,6,1,0.9422895312309265,1,0.9083759784698486,1
49,0,1,0.7977607846260071,1,0.5622959733009338,1
49,2,0,0.6776677370071411,1,0.665103018283844,1
49,1,0,0.45133116841316223,0,0.39164701104164124,0
49,3,1,0.6675761342048645,1,0.6692669987678528,1
49,4,1,0.5621357560157776,1,0.7076420187950134,1
49,5,1,0.837624192237854,1,0.753246009349823,1
49,6,1,0.944730818271637,1,0.9164900183677673,1
49,6,1,0.9431766271591187,1,0.91873699426651,1
49,0,0,0.8018659949302673,1,0.610131025314331,1
49,1,1,0.41519835591316223,0,0.4133000075817108,0
49,2,0,0.45234575867652893,0,0.4971640110015869,0
49,3,1,0.9100767374038696,1,0.7807570099830627,1
49,4,1,0.8441148996353149,1,0.7512180209159851,1
49,5,1,0.8723905086517334,1,0.833528995513916,1
49,6,1,0.9455167055130005,1,0.9193530082702637,1
49,6,1,0.9437629580497742,1,0.9195209741592407,1
49,0,0,0.46133050322532654,0,0.5405340194702148,1
49,1,1,0.7368351817131042,1,0.5517699718475342,1
49,2,0,0.3749786615371704,0,0.38309499621391296,0
49,4,0,0.8499078750610352,1,0.7739430069923401,1
49,3,1,0.8876588940620422,1,0.8670110106468201,1
49,5,1,0.8356132507324219,1,0.8933050036430359,1
49,6,0,0.9418230652809143,1,0.9195659756660461,1
49,6,0,0.7265341281890869,1,0.9194309711456299,1
49,0,0,0.44296523928642273,0,0.5186799764633179,1
49,2,1,0.3758142292499542,0,0.3410339951515198,0
49,1,0,0.5002927184104919,1,0.6534559726715088,1
49,3,1,0.8875507712364197,1,0.9185230135917664,1
49,4,1,0.4745611250400543,0,0.7402650117874146,1
49,5,1,0.8507364988327026,1,0.9308329820632935,1
49,6,1,0.8234082460403442,1,0.9182209968566895,1
49,6,1,0.9308884143829346,1,0.9192109704017639,1
49,0,0,0.5322189927101135,1,0.513122022151947,1
49,1,1,0.4153710603713989,0,0.6066100001335144,1
49,2,0,0.6817046403884888,1,0.36502599716186523,0
49,3,1,0.9182153344154358,1,0.9446719884872437,1
49,4,0,0.8105463981628418,1,0.7684829831123352,1
49,5,1,0.7027985453605652,1,0.9519309997558594,1
49,6,1,0.9266707301139832,1,0.9194819927215576,1
49,6,1,0.9395365715026855,1,0.9195560216903687,1
49,0,1,0.44406622648239136,0,0.511788010597229,1
49,1,1,0.6559950113296509,1,0.6808949708938599,1
49,2,0,0.4329584538936615,0,0.3357580006122589,0
49,3,1,0.9466609358787537,1,0.9568549990653992,1
49,4,0,0.4880563020706177,0,0.7271029949188232,1
49,5,1,0.8644362688064575,1,0.9630609750747681,1
49,6,1,0.9432705640792847,1,0.9195759892463684,1
49,6,1,0.9418636560440063,1,0.9195820093154907,1
49,0,0,0.7313733100891113,1,0.5357499718666077,1
49,1,1,0.6691939830780029,1,0.7110139727592468,1
49,2,0,0.3729594945907593,0,0.3278200030326843,0
49,3,1,0.9467281699180603,1,0.9623039960861206,1
49,4,1,0.45358139276504517,0,0.6444730162620544,1
49,5,1,0.8647207021713257,1,0.9687359929084778,1
49,6,1,0.9433282613754272,1,0.9195830225944519,1
49,6,1,0.9421324729919434,1,0.9195830225944519,1
49,0,1,0.4789130389690399,0,0.5174189805984497,1
49,2,1,0.3921472728252411,0,0.3257870078086853,0
49,1,0,0.7316712141036987,1,0.7214329838752747,1
49,3,1,0.9131934642791748,1,0.9646959900856018,1
49,4,1,0.7858307361602783,1,0.7128170132637024,1
49,5,1,0.860681414604187,1,0.9715800285339355,1
49,6,1,0.9422729015350342,1,0.9195839762687683,1
49,6,1,0.9418659806251526,1,0.9195839762687683,1
49,0,1,0.7746747136116028,1,0.5447620153427124,1
49,2,0,0.6855727434158325,1,0.3280630111694336,0
49,1,0,0.4502703547477722,0,0.7162209749221802,1
49,3,1,0.9292548894882202,1,0.965736985206604,1
49,4,1,0.8250706791877747,1,0.7540619969367981,1
49,5,1,0.864933967590332,1,0.972993016242981,1
49,6,1,0.9429771900177002,1,0.9195839762687683,1
49,6,1,0.9420567154884338,1,0.9195839762687683,1
49,0,1,0.7894839644432068,1,0.5858709812164307,1
49,2,1,0.4445257782936096,0,0.3258480131626129,0
49,1,0,0.40607595443725586,0,0.7059580087661743,1
49,3,1,0.946008026599884,1,0.9661890268325806,1
49,4,1,0.8404982686042786,1,0.7753350138664246,1
49,5,1,0.8680456280708313,1,0.9736909866333008,1
49,6,1,0.9437493085861206,1,0.9195839762687683,1
49,6,1,0.9426518678665161,1,0.9195839762687683,1
49,0,0,0.8005340099334717,1,0.6404579877853394,1
49,2,0,0.6289591193199158,1,0.3282189965248108,0
49,1,0,0.39469847083091736,0,0.6868119835853577,1
49,3,1,0.9239873886108398,1,0.966385006904602,1
49,4,1,0.8197110891342163,1,0.7854220271110535,1
49,5,1,0.8632148504257202,1,0.9740359783172607,1
49,6,1,0.9424285292625427,1,0.9195839762687683,1
49,6,1,0.94184410572052,1,0.9195839762687683,1
49,0,0,0.4738762676715851,0,0.5527030229568481,1
49,1,1,0.393916517496109,0,0.654449999332428,1
49,2,0,0.4270029664039612,0,0.3258880078792572,0
49,3,1,0.947133481502533,1,0.9664700031280518,1
49,4,1,0.8426600098609924,1,0.7900149822235107,1
49,5,1,0.8678645491600037,1,0.9742059707641602,1
49,6,1,0.9436590671539307,1,0.9195839762687683,1
49,6,1,0.9425481557846069,1,0.9195839762687683,1
49,0,1,0.45000287890434265,0,0.5220109820365906,1
49,1,1,0.7238662242889404,1,0.7010759711265564,1
49,2,0,0.38622650504112244,0,0.3252989947795868,0
49,3,1,0.9474852681159973,1,0.9665070176124573,1
49,4,0,0.8446396589279175,1,0.7920669913291931,1
49,5,1,0.8145538568496704,1,0.9742890000343323,1
49,6,1,0.9362438321113586,1,0.9195839762687683,1
49,6,1,0.9398602247238159,1,0.9195839762687683,1
49,0,1,0.7562478184700012,1,0.5519670248031616,1
49,2,0,0.37669578194618225,0,0.3251509964466095,0
49,1,0,0.6951758861541748,1,0.718093991279602,1
49,1,1,0.4076974391937256,0,0.7096019983291626,1
49,3,1,0.9200114011764526,1,0.9665229916572571,1
49,4,1,0.5991498827934265,1,0.7889099717140198,1
49,5,1,0.8443804979324341,1,0.9743310213088989,1
49,6,1,0.9388911128044128,1,0.9195839762687683,1
49,6,1,0.9404112100601196,1,0.9195839762687683,1
49,0,0,0.7812275290489197,1,0.5960260033607483,1
49,1,1,0.5390031933784485,1,0.7209640145301819,1
49,2,0,0.41535404324531555,0,0.32511401176452637,0
49,3,1,0.9437083005905151,1,0.9665300250053406,1
49,4,1,0.818775475025177,1,0.791575014591217,1
49,5,1,0.8631387948989868,1,0.9743509888648987,1
49,6,1,0.9421457052230835,1,0.9195839762687683,1
49,6,1,0.9415594339370728,1,0.9195839762687683,1
49,0,1,0.5126112103462219,1,0.0,0
49,0,0,0.7240673303604126,1,-0.0,0
49,0,0,0.47251734137535095,0,-0.0,0
49,0,0,0.4437892735004425,0,-0.0,0
49,0,0,0.4424799680709839,0,-0.0,0
49,0,0,0.4420020282268524,0,-0.0,0
49,0,0,0.4419558346271515,0,-0.0,0
49,0,0,0.4419659674167633,0,-0.0,0
49,0,0,0.44202253222465515,0,-0.0,0
49,0,0,0.44208383560180664,0,-0.0,0
49,0,0,0.44214344024658203,0,-0.0,0
49,0,0,0.4422023296356201,0,-0.0,0
49,0,0,0.44226452708244324,0,-0.0,0
49,0,0,0.442325621843338,0,-0.0,0
49,0,0,0.442383736371994,0,-0.0,0
49,0,0,0.44243699312210083,0,-0.0,0
49,0,0,0.4424658715724945,0,-0.0,0
49,0,0,0.4424930512905121,0,-0.0,0
49,0,0,0.4425157308578491,0,-0.0,0
49,0,0,0.4425341784954071,0,-0.0,0
49,0,0,0.4425528049468994,0,-0.0,0
49,0,0,0.44257280230522156,0,-0.0,0
49,0,0,0.44258952140808105,0,-0.0,0
49,0,0,0.442604660987854,0,-0.0,0
49,0,0,0.4426223039627075,0,-0.0,0
49,0,0,0.44263696670532227,0,-0.0,0
49,0,0,0.4426509737968445,0,-0.0,0
49,0,0,0.4426651895046234,0,-0.0,0
49,0,0,0.44267916679382324,0,-0.0,0
49,0,0,0.44269323348999023,0,-0.0,0
49,0,0,0.4427075684070587,0,-0.0,0
49,0,0,0.44272157549858093,0,-0.0,0
49,0,0,0.442737340927124,0,-0.0,0
49,0,0,0.44275134801864624,0,-0.0,0
49,0,0,0.44277089834213257,0,-0.0,0
49,0,0,0.4427906274795532,0,-0.0,0
49,0,0,0.4428110122680664,0,-0.0,0
49,0,0,0.4428309500217438,0,-0.0,0
49,0,0,0.4428514838218689,0,-0.0,0
49,0,0,0.442870557308197,0,-0.0,0
49,0,0,0.44288983941078186,0,-0.0,0
49,0,0,0.44290873408317566,0,-0.0,0
49,0,0,0.44292330741882324,0,-0.0,0
49,0,0,0.442937433719635,0,-0.0,0
49,0,0,0.442952036857605,0,-0.0,0
49,0,0,0.44296616315841675,0,-0.0,0
49,0,0,0.4429795444011688,0,-0.0,0
49,0,0,0.4429927468299866,0,-0.0,0
49,0,0,0.44300612807273865,0,-0.0,0
49,0,0,0.4430199861526489,0,-0.0,0
49,0,0,0.443034291267395,0,-0.0,0
49,0,0,0.44304823875427246,0,-0.0,0
49,0,0,0.4430631101131439,0,-0.0,0
49,0,0,0.44307827949523926,0,-0.0,0
49,0,0,0.44309329986572266,0,-0.0,0
49,0,0,0.4431082308292389,0,-0.0,0
49,0,0,0.4431229531764984,0,-0.0,0
49,0,0,0.4431377351284027,0,-0.0,0
49,0,0,0.4431522488594055,0,-0.0,0
49,0,0,0.443166583776474,0,-0.0,0
49,0,0,0.4431809186935425,0,-0.0,0
49,0,0,0.44319480657577515,0,-0.0,0
49,0,0,0.4432089626789093,0,-0.0,0
49,0,0,0.44322267174720764,0,-0.0,0
49,0,0,0.4432363510131836,0,-0.0,0
49,0,0,0.4432501196861267,0,-0.0,0
49,0,0,0.44326362013816833,0,-0.0,0
49,0,0,0.4432768225669861,0,-0.0,0
49,0,0,0.4432905614376068,0,-0.0,0
49,0,0,0.4433039128780365,0,-0.0,0
49,0,0,0.44331732392311096,0,-1.0,0
486,78,0,0.7599577903747559,1,0.2174219936132431,0
486,79,0,0.46035394072532654,0,0.30075401067733765,0
486,79,0,0.4598338007926941,0,0.25665199756622314,0
486,80,1,0.46224910020828247,0,0.9984509944915771,1
486,81,1,0.6396231651306152,1,0.9997979998588562,1
486,78,0,0.6335633397102356,1,0.22934800386428833,0
486,79,1,0.4825300872325897,0,0.20602700114250183,0
486,80,1,0.6939173936843872,1,0.7202609777450562,1
486,81,1,0.8811819553375244,1,0.8280810117721558,1
486,78,1,0.5498048663139343,1,0.23864099383354187,0
486,79,0,0.8916887044906616,1,0.25662899017333984,0
486,79,1,0.654945969581604,1,0.20600299537181854,0
486,80,0,0.7731909155845642,1,0.6711739897727966,1
486,81,1,0.6909746527671814,1,0.7582089900970459,1
486,82,1,0.6681110262870789,1,1.0,1
486,78,0,0.8057340979576111,1,0.254956990480423,0
486,79,0,0.6991226673126221,1,0.25662899017333984,0
486,79,0,0.6276730298995972,1,0.20600299537181854,0
486,80,1,0.49136465787887573,0,0.6530399918556213,1
486,81,1,0.7961096167564392,1,0.7207189798355103,1
486,82,1,0.8172332048416138,1,1.0,1
486,78,0,0.6142460107803345,1,0.25960201025009155,0
486,79,0,0.5588964819908142,1,0.15482600033283234,0
486,80,1,0.706547200679779,1,0.6530389785766602,1
486,81,0,0.8826795816421509,1,0.6976069808006287,1
486,78,0,0.5109561085700989,1,0.2635580003261566,0
486,79,0,0.4625050127506256,0,0.10932400077581406,0
486,79,0,0.4616642892360687,0,0.07325799763202667,0
486,80,1,0.7956812381744385,1,0.6530389785766602,1
486,81,0,0.4981105327606201,0,0.5331370234489441,1
486,78,0,0.5035922527313232,1,0.2669680118560791,0
486,79,0,0.46039000153541565,0,0.047189000993967056,0
486,79,0,0.46076568961143494,0,0.029572999104857445,0
486,80,0,0.8514001965522766,1,0.6530389785766602,1
486,81,1,0.4944978356361389,0,0.5330780148506165,1
486,78,1,0.5169992446899414,1,0.26993700861930847,0
486,79,0,0.5072499513626099,1,0.018206000328063965,0
486,79,0,0.46516114473342896,0,0.0,0
486,0,0,0.4489150047302246,0,-0.0,0
486,0,0,0.44271260499954224,0,-0.0,0
486,0,0,0.44373205304145813,0,-0.0,0
486,0,0,0.4441620409488678,0,-0.0,0
486,0,0,0.4444470703601837,0,-0.0,0
486,0,0,0.4446602463722229,0,-0.0,0
486,0,0,0.44481441378593445,0,-0.0,0
486,0,0,0.44494086503982544,0,-0.0,0
486,0,0,0.4450483024120331,0,-0.0,0
486,0,0,0.4451395571231842,0,-0.0,0
486,0,0,0.44521692395210266,0,-0.0,0
486,0,0,0.4452836513519287,0,-0.0,0
486,0,0,0.44534122943878174,0,-0.0,0
486,0,0,0.4453926086425781,0,-0.0,0
486,0,0,0.4454391598701477,0,-0.0,0
486,0,0,0.44548147916793823,0,-0.0,0
486,0,0,0.4455203413963318,0,-0.0,0
486,0,0,0.44555625319480896,0,-0.0,0
486,0,0,0.4455901086330414,0,-0.0,0
486,0,0,0.44562438130378723,0,-0.0,0
486,0,0,0.44565629959106445,0,-0.0,0
486,0,0,0.44568660855293274,0,-0.0,0
486,0,0,0.4457150995731354,0,-0.0,0
486,0,0,0.44574233889579773,0,-0.0,0
486,0,0,0.4457665681838989,0,-0.0,0
486,0,0,0.4457886815071106,0,-0.0,0
486,0,0,0.4458099603652954,0,-0.0,0
486,0,0,0.4458310008049011,0,-0.0,0
486,0,0,0.4458523094654083,0,-0.0,0
486,0,0,0.4458729028701782,0,-0.0,0
486,0,0,0.4458925724029541,0,-0.0,0
486,0,0,0.4459115266799927,0,-0.0,0
486,0,0,0.4459298849105835,0,-0.0,0
486,0,0,0.44594746828079224,0,-0.0,0
486,0,0,0.4459644854068756,0,-0.0,0
486,0,0,0.4459809958934784,0,-0.0,0
486,0,0,0.44599688053131104,0,-0.0,0
486,0,0,0.44601237773895264,0,-0.0,0
486,0,0,0.44602736830711365,0,-0.0,0
486,0,0,0.44604188203811646,0,-0.0,0
486,0,0,0.44605591893196106,0,-0.0,0
486,0,0,0.4460696876049042,0,-0.0,0
486,0,0,0.4460829794406891,0,-0.0,0
486,0,0,0.4460959732532501,0,-0.0,0
486,0,0,0.44610849022865295,0,-0.0,0
486,0,0,0.44612082839012146,0,-0.0,0
486,0,0,0.4461327791213989,0,-0.0,0
486,0,0,0.4461445212364197,0,-0.0,0
486,0,0,0.4461559057235718,0,-0.0,0
486,0,0,0.4461670517921448,0,-0.0,0
486,0,0,0.44617778062820435,0,-0.0,0
486,0,0,0.44618842005729675,0,-0.0,0
486,0,0,0.4461987018585205,0,-0.0,0
486,0,0,0.4462088644504547,0,-0.0,0
486,0,0,0.44621869921684265,0,-0.0,0
486,0,0,0.44622838497161865,0,-0.0,0
486,0,0,0.4462377727031708,0,-0.0,0
486,0,0,0.44624707102775574,0,-0.0,0
486,0,0,0.446256160736084,0,-0.0,0
486,0,0,0.44626492261886597,0,-0.0,0
486,0,0,0.44627368450164795,0,-0.0,0
486,0,0,0.44628220796585083,0,-0.0,0
486,0,0,0.4462905824184418,0,-0.0,0
486,0,0,0.446298748254776,0,-0.0,0
486,0,0,0.44630682468414307,0,-0.0,0
486,0,0,0.4463146924972534,0,-0.0,0
486,0,0,0.446322500705719,0,-0.0,0
486,0,0,0.4463299810886383,0,-0.0,0
486,0,0,0.4463374614715576,0,-0.0,0
486,0,0,0.4463447630405426,0,-0.0,0
486,0,0,0.4463520348072052,0,-0.0,0
486,0,0,0.4463590681552887,0,-0.0,0
486,0,0,0.44636601209640503,0,-0.0,0
486,0,0,0.44637274742126465,0,-0.0,0
486,0,0,0.44637948274612427,0,-0.0,0
486,0,0,0.44638603925704956,0,-0.0,0
486,0,0,0.4463925063610077,0,-0.0,0
486,0,0,0.44639888405799866,0,-0.0,0
486,0,0,0.4464051425457001,0,-0.0,0
486,0,0,0.44641122221946716,0,-0.0,0
486,0,0,0.44641730189323425,0,-0.0,0
486,0,0,0.4464232623577118,0,-0.0,0
486,0,0,0.446429044008255,0,-0.0,0
486,0,0,0.44643470644950867,0,-0.0,0
486,0,0,0.4464403986930847,0,-0.0,0
486,0,0,0.4464459717273712,0,-0.0,0
486,0,0,0.44645142555236816,0,-0.0,0
486,0,0,0.44645678997039795,0,-0.0,0
486,0,0,0.44646215438842773,0,-0.0,0
486,0,0,0.44646739959716797,0,-0.0,0
486,0,0,0.44647252559661865,0,-0.0,0
486,0,0,0.44647762179374695,0,-0.0,0
486,0,0,0.4464825987815857,0,-0.0,0
486,0,0,0.4464876055717468,0,-0.0,0
486,0,0,0.4464924931526184,0,-0.0,0
486,0,0,0.4464973509311676,0,-0.0,0
486,0,0,0.4465020000934601,0,-0.0,0
486,0,0,0.4465067386627197,0,-0.0,0
486,0,0,0.4465114176273346,0,-0.0,0
486,0,0,0.44651588797569275,0,-0.0,0
486,0,0,0.44652044773101807,0,-0.0,0
486,0,0,0.4465249180793762,0,-0.0,0
486,0,0,0.4465292692184448,0,-0.0,0
486,0,0,0.4465336203575134,0,-0.0,0
486,0,0,0.44653788208961487,0,-0.0,0
486,0,0,0.4465421140193939,0,-0.0,0
486,0,0,0.4465462863445282,0,-0.0,0
486,0,0,0.4465503990650177,0,-0.0,0
486,0,0,0.4465544819831848,0,-0.0,0
486,0,0,0.44655847549438477,0,-0.0,0
486,0,0,0.4465624690055847,0,-0.0,0
486,0,0,0.4465663731098175,0,-0.0,0
486,0,0,0.4465702474117279,0,-0.0,0
486,0,0,0.4465741217136383,0,-0.0,0
486,0,0,0.44657787680625916,0,-0.0,0
486,0,0,0.44658163189888,0,-0.0,0
486,0,0,0.4465852975845337,0,-0.0,0
486,0,0,0.44658899307250977,0,-0.0,0
486,0,0,0.4465925991535187,0,-0.0,0
486,0,0,0.4465961158275604,0,-0.0,0
486,0,0,0.4465996325016022,0,-0.0,0
486,0,0,0.4466031789779663,0,-0.0,0
486,0,0,0.4466066360473633,0,-0.0,0
486,0,0,0.44661006331443787,0,-0.0,0
486,0,0,0.4466134309768677,0,-0.0,0
486,0,0,0.4466168284416199,0,-0.0,0
486,0,0,0.4466201066970825,0,-0.0,0
486,0,0,0.44662338495254517,0,-0.0,0
486,0,0,0.44662660360336304,0,-0.0,0
486,0,0,0.4466297924518585,0,-0.0,0
486,0,0,0.446632981300354,0,-0.0,0
486,0,0,0.4466361105442047,0,-0.0,0
486,0,0,0.44663920998573303,0,-0.0,0
486,0,0,0.44664233922958374,0,-0.0,0
486,0,0,0.4466453492641449,0,-0.0,0
486,0,0,0.44664838910102844,0,-0.0,0
486,0,0,0.44665130972862244,0,-0.0,0
486,0,0,0.44665423035621643,0,-0.0,0
486,0,0,0.4466571807861328,0,-0.0,0
486,0,0,0.4466601312160492,0,-0.0,0
486,0,0,0.4466629922389984,0,-0.0,0
486,0,0,0.44666576385498047,0,-0.0,0
486,0,0,0.4466685950756073,0,-0.0,0
486,0,0,0.44667136669158936,0,-0.0,0
486,0,0,0.4466742277145386,0,-0.0,0
486,0,0,0.4466768801212311,0,-0.0,0
486,0,0,0.44667965173721313,0,-0.0,0
486,0,0,0.44668227434158325,0,-0.0,0
486,0,0,0.44668498635292053,0,-0.0,0
486,0,0,0.4466875493526459,0,-0.0,0
486,0,0,0.446690171957016,0,-0.0,0
486,0,0,0.4466927647590637,0,-0.0,0
486,0,0,0.4466952383518219,0,-0.0,0
486,0,0,0.44669783115386963,0,-0.0,0
486,0,0,0.44670039415359497,0,-0.0,0
486,0,0,0.44670286774635315,0,-0.0,0
486,0,0,0.44670525193214417,0,-0.0,0
486,0,0,0.44670772552490234,0,-0.0,0
486,0,0,0.44671013951301575,0,-0.0,0
486,0,0,0.44671252369880676,0,-0.0,0
486,0,0,0.446714848279953,0,-0.0,0
486,0,0,0.4467173218727112,0,-1.0,0
94,0,0,0.6635143756866455,1,0.5287380218505859,1
94,2,0,0.3813108801841736,0,0.549996018409729,1
94,1,0,0.3932775855064392,0,0.33540499210357666,0
94,3,1,0.5833143591880798,1,0.8519440293312073,1
94,4,1,0.5236045122146606,1,0.6368119716644287,1
94,5,1,0.8345370888710022,1,0.6669650077819824,1
94,6,1,0.9377127885818481,1,0.8802350163459778,1
94,6,0,0.9425119757652283,1,0.9083759784698486,1
94,0,1,0.5445199012756348,1,0.5156159996986389,1
94,1,1,0.43785741925239563,0,0.39164701104164124,0
94,2,0,0.4929104447364807,0,0.40980100631713867,0
94,4,0,0.5963301062583923,1,0.7076420187950134,1
94,3,1,0.6856046915054321,1,0.9102759957313538,1
94,5,1,0.6031854748725891,1,0.753246009349823,1
94,6,1,0.8408569097518921,1,0.8318529725074768,1
94,6,0,0.9265114665031433,1,0.8931419849395752,1
94,0,0,0.5362222790718079,1,0.5418980121612549,1
94,1,1,0.4150114357471466,0,0.5293670296669006,1
94,2,0,0.37882372736930847,0,0.34942299127578735,0
94,3,1,0.9026196599006653,1,0.940684974193573,1
94,4,1,0.45997023582458496,0,0.6136999726295471,1
94,5,1,0.8599531054496765,1,0.833528995513916,1
94,6,1,0.8841702938079834,1,0.742110013961792,1
94,6,1,0.9388593435287476,1,0.859624981880188,1
94,0,0,0.5059524774551392,1,0.5190449953079224,1
94,2,0,0.3721584379673004,0,0.33143699169158936,0
94,1,1,0.7162267565727234,1,0.640612006187439,1
94,3,1,0.9474326968193054,1,0.9550409913063049,1
94,4,1,0.8429833054542542,1,0.6912469863891602,1
94,5,1,0.8711413145065308,1,0.8933050036430359,1
94,6,1,0.9446278810501099,1,0.9020959734916687,1
94,6,1,0.9424833655357361,1,0.9147229790687561,1
94,0,0,0.4420017600059509,0,0.5132099986076355,1
94,1,1,0.7352169752120972,1,0.6955479979515076,1
94,2,0,0.3755680322647095,0,0.32670700550079346,0
94,4,1,0.8455905318260193,1,0.7419250011444092,1
94,3,0,0.9493274092674255,1,0.9615010023117065,1
94,5,1,0.7949970960617065,1,0.9308329820632935,1
94,6,1,0.9387449622154236,1,0.9182519912719727,1
94,6,1,0.9411574602127075,1,0.919219970703125,1
94,0,1,0.4423922300338745,0,0.5118089914321899,1
94,2,0,0.37538591027259827,0,0.3255060017108917,0
94,1,0,0.7226526737213135,1,0.7161949872970581,1
94,3,1,0.6864690780639648,1,0.9163159728050232,1
94,4,1,0.6207753419876099,1,0.7693210244178772,1
94,5,1,0.8424735069274902,1,0.9519309997558594,1
94,6,1,0.94172602891922,1,0.91948401927948,1
94,6,1,0.941483736038208,1,0.9195569753646851,1
94,0,1,0.7602434158325195,1,0.5357840061187744,1
94,1,1,0.43668997287750244,0,0.705909013748169,1
94,2,1,0.3989493250846863,0,0.325203001499176,0
94,4,0,0.8328942656517029,1,0.7826269865036011,1
94,3,1,0.8725603222846985,1,0.9436119794845581,1
94,5,1,0.8009119033813477,1,0.9630609750747681,1
94,6,1,0.9371711611747742,1,0.9195759892463684,1
94,6,1,0.9406383633613586,1,0.9195820093154907,1
94,0,1,0.7708036303520203,1,0.5728359818458557,1
94,1,1,0.6661216020584106,1,0.7197290062904358,1
94,2,1,0.6838183403015137,1,0.3265790045261383,0
94,3,1,0.9474633932113647,1,0.9563739895820618,1
94,4,1,0.6977987289428711,1,0.7625619769096375,1
94,5,1,0.866488516330719,1,0.9687359929084778,1
94,6,1,0.943816065788269,1,0.9195830225944519,1
94,6,1,0.9426265358924866,1,0.9195830225944519,1
94,0,0,0.8010610342025757,1,0.6239979863166809,1
94,1,1,0.6494942307472229,1,0.7242850065231323,1
94,2,1,0.6904458403587341,1,0.3300679922103882,0
94,3,1,0.947384774684906,1,0.9620910286903381,1
94,4,1,0.8379734754562378,1,0.779433012008667,1
94,5,1,0.8686503171920776,1,0.9715800285339355,1
94,6,1,0.9441618323326111,1,0.9195839762687683,1
94,6,1,0.9430516958236694,1,0.9195839762687683,1
94,0,1,0.5405578017234802,1,0.5458549857139587,1
94,2,0,0.7213461399078369,1,0.3387869894504547,0
94,1,1,0.6320486664772034,1,0.7257480025291443,1
94,3,1,0.9453096389770508,1,0.9646030068397522,1
94,4,1,0.8411864042282104,1,0.7873020172119141,1
94,5,1,0.8675855398178101,1,0.972993016242981,1
94,6,1,0.9439564943313599,1,0.9195839762687683,1
94,6,1,0.9429839849472046,1,0.9195839762687683,1
94,0,1,0.8011229634284973,1,0.5874289870262146,1
94,2,0,0.5384195446968079,1,0.32860898971557617,0
94,1,1,0.7191912531852722,1,0.7262150049209595,1
94,4,1,0.842768132686615,1,0.7908579707145691,1
94,3,1,0.9484748840332031,1,0.9656969904899597,1
94,5,1,0.8679084181785583,1,0.9736909866333008,1
94,6,1,0.944163978099823,1,0.9195839762687683,1
94,6,1,0.9432304501533508,1,0.9195839762687683,1
94,0,1,0.8106220364570618,1,0.6423760056495667,1
94,1,1,0.7351064085960388,1,0.7263630032539368,1
94,2,0,0.3884222209453583,0,0.3259870111942291,0
94,3,1,0.9476425051689148,1,0.9661719799041748,1
94,4,1,0.8465049862861633,1,0.7924410104751587,1
94,5,1,0.8690229058265686,1,0.9740359783172607,1
94,6,1,0.9443386197090149,1,0.9195839762687683,1
94,6,1,0.9434305429458618,1,0.9195839762687683,1
94,0,1,0.8139118552207947,1,0.7040839791297913,1
94,1,1,0.7373404502868652,1,0.7264099717140198,1
94,2,0,0.37857285141944885,0,0.32532399892807007,0
94,4,1,0.8454644680023193,1,0.7931410074234009,1
94,3,1,0.9486258029937744,1,0.9663779735565186,1
94,5,1,0.8683200478553772,1,0.9742059707641602,1
94,6,1,0.9442971348762512,1,0.9195839762687683,1
94,6,1,0.9434845447540283,1,0.9195839762687683,1
94,0,0,0.8155645132064819,1,0.7619050145149231,1
94,2,0,0.3767332136631012,0,0.3251569867134094,0
94,1,0,0.6841596364974976,1,0.7264249920845032,1
94,3,1,0.9183477759361267,1,0.966467022895813,1
94,4,1,0.8083367347717285,1,0.7934499979019165,1
94,5,1,0.8592020869255066,1,0.9742890000343323,1
94,6,1,0.9417825937271118,1,0.9195839762687683,1
94,6,1,0.9420273900032043,1,0.9195839762687683,1
94,0,1,0.5337353348731995,1,0.6325010061264038,1
94,2,0,0.3854585587978363,0,0.32511499524116516,0
94,1,0,0.4548127353191376,0,0.7264170050621033,1
94,3,1,0.9473016262054443,1,0.9665049910545349,1
94,4,1,0.8435342311859131,1,0.793586015701294,1
94,5,1,0.8681696057319641,1,0.9743310213088989,1
94,6,1,0.9438650012016296,1,0.9195839762687683,1
94,6,1,0.9430383443832397,1,0.9195839762687683,1
94,0,1,0.7977478504180908,1,0.6937850117683411,1
94,2,0,0.38075685501098633,0,0.3251050114631653,0
94,1,1,0.40149804949760437,0,0.7264019846916199,1
94,3,1,0.9471005797386169,1,0.9665219783782959,1
94,4,1,0.8441939949989319,1,0.793645977973938,1
94,5,1,0.8682730197906494,1,0.9743509888648987,1
94,6,1,0.9439913034439087,1,0.9195839762687683,1
94,6,1,0.9432195425033569,1,0.9195839762687683,1
94,0,1,0.8109265565872192,1,0.7529690265655518,1
94,2,0,0.39836379885673523,0,0.3251020014286041,0
94,1,1,0.7195799350738525,1,0.7264220118522644,1
94,4,1,0.8437235355377197,1,0.7936720252037048,1
94,3,1,0.9483065605163574,1,0.9665290117263794,1
94,5,1,0.8673635721206665,1,0.974361002445221,1
94,6,1,0.9438540935516357,1,0.9195839762687683,1
94,6,1,0.9431993961334229,1,0.9195839762687683,1
94,0,0,0.814008891582489,1,0.8009809851646423,1
94,2,0,0.3815178871154785,0,0.32510098814964294,0
94,1,1,0.6897755265235901,1,0.7264289855957031,1
94,3,1,0.9464508891105652,1,0.9665319919586182,1
94,4,0,0.8421037197113037,1,0.7936840057373047,1
94,5,1,0.8243603110313416,1,0.9743660092353821,1
94,6,1,0.9369407892227173,1,0.9195839762687683,1
94,6,1,0.9401660561561584,1,0.9195839762687683,1
94,0,1,0.5592651963233948,1,0.6788870096206665,1
94,1,0,0.7237154841423035,1,0.7264310121536255,1
94,2,1,0.3908323347568512,0,0.32510098814964294,0
94,3,1,0.9273471236228943,1,0.9665340185165405,1
94,4,1,0.6536386609077454,1,0.7936660051345825,1
94,5,1,0.850896418094635,1,0.9743679761886597,1
94,6,1,0.9400308728218079,1,0.9195839762687683,1
94,6,1,0.9412082433700562,1,0.9195839762687683,1
94,0,1,0.7874680161476135,1,0.7395640015602112,1
94,0,1,0.7831587195396423,1,0.0,0
94,0,0,0.7775793075561523,1,-0.0,0
94,0,0,0.5441339015960693,1,-0.0,0
94,0,0,0.45211556553840637,0,-0.0,0
94,0,0,0.445793092250824,0,-0.0,0
94,0,0,0.44375693798065186,0,-0.0,0
94,0,0,0.44277557730674744,0,-0.0,0
94,0,0,0.44229409098625183,0,-0.0,0
94,0,0,0.44200316071510315,0,-0.0,0
94,0,0,0.44184577465057373,0,-0.0,0
94,0,0,0.44175389409065247,0,-0.0,0
94,0,0,0.4417283236980438,0,-0.0,0
94,0,0,0.44171565771102905,0,-0.0,0
94,0,0,0.44171348214149475,0,-0.0,0
94,0,0,0.44170767068862915,0,-0.0,0
94,0,0,0.4417206346988678,0,-0.0,0
94,0,0,0.44174274802207947,0,-0.0,0
94,0,0,0.4417668879032135,0,-0.0,0
94,0,0,0.4417928457260132,0,-0.0,0
94,0,0,0.44182151556015015,0,-0.0,0
94,0,0,0.4418526887893677,0,-0.0,0
94,0,0,0.4418828785419464,0,-0.0,0
94,0,0,0.4419142007827759,0,-0.0,0
94,0,0,0.44194701313972473,0,-0.0,0
94,0,0,0.44198042154312134,0,-0.0,0
94,0,0,0.44201385974884033,0,-0.0,0
94,0,0,0.4420472979545593,0,-0.0,0
94,0,0,0.4420805871486664,0,-0.0,0
94,0,0,0.44211357831954956,0,-0.0,0
94,0,0,0.4421478807926178,0,-0.0,0
94,0,0,0.4421827495098114,0,-0.0,0
94,0,0,0.44221779704093933,0,-0.0,0
94,0,0,0.4422524869441986,0,-0.0,0
94,0,0,0.44228747487068176,0,-0.0,0
94,0,0,0.44232243299484253,0,-0.0,0
94,0,0,0.442342609167099,0,-0.0,0
94,0,0,0.4423615038394928,0,-0.0,0
94,0,0,0.44237974286079407,0,-0.0,0
94,0,0,0.44239673018455505,0,-0.0,0
94,0,0,0.4424121081829071,0,-0.0,0
94,0,0,0.4424256384372711,0,-0.0,0
94,0,0,0.4424397349357605,0,-0.0,0
94,0,0,0.44245636463165283,0,-0.0,0
94,0,0,0.4424731731414795,0,-0.0,0
94,0,0,0.44248977303504944,0,-0.0,0
94,0,0,0.442503422498703,0,-0.0,0
94,0,0,0.44251713156700134,0,-1.0,0
744,0,1,0.6637237668037415,1,0.5287380218505859,1
744,2,0,0.5948379039764404,1,0.549996018409729,1
744,1,0,0.38819682598114014,0,0.33540499210357666,0
744,3,1,0.5891866087913513,1,0.8519440293312073,1
744,4,1,0.5213817358016968,1,0.6368119716644287,1
744,5,1,0.8270469903945923,1,0.6669650077819824,1
744,6,1,0.9416677355766296,1,0.8802350163459778,1
744,6,1,0.9428764581680298,1,0.9083759784698486,1
744,0,0,0.7986414432525635,1,0.5622959733009338,1
744,1,0,0.42633363604545593,0,0.39164701104164124,0
744,2,0,0.3781519830226898,0,0.40980100631713867,0
744,4,0,0.6241899728775024,1,0.7076420187950134,1
744,3,1,0.7160136699676514,1,0.9102759957313538,1
744,5,1,0.6356240510940552,1,0.753246009349823,1
744,6,0,0.927830696105957,1,0.9164900183677673,1
744,6,1,0.6532918214797974,1,0.8930169939994812,1
744,0,0,0.48883500695228577,0,0.5247669816017151,1
744,2,1,0.37685269117355347,0,0.34942299127578735,0
744,1,0,0.4147690534591675,0,0.4133000075817108,0
744,4,0,0.45515260100364685,0,0.6136999726295471,1
744,3,1,0.8595802187919617,1,0.940684974193573,1
744,5,1,0.849754810333252,1,0.833528995513916,1
744,6,1,0.9106014370918274,1,0.9121249914169312,1
744,6,1,0.9419903755187988,1,0.9175329804420471,1
744,0,0,0.44360002875328064,0,0.514618992805481,1
744,1,1,0.391696572303772,0,0.4227440059185028,0
744,2,1,0.6741610765457153,1,0.38398998975753784,0
744,4,0,0.4822564423084259,0,0.5087569952011108,1
744,3,1,0.9478347897529602,1,0.9550409913063049,1
744,5,1,0.8672690391540527,1,0.8933050036430359,1
744,6,1,0.9441905617713928,1,0.9190229773521423,1
744,6,1,0.9420908689498901,1,0.9194309711456299,1
744,0,1,0.4410078525543213,0,0.5121440291404724,1
744,1,0,0.707432746887207,1,0.5608220100402832,1
744,2,1,0.47095367312431335,0,0.4533810019493103,0
744,3,1,0.9414919018745422,1,0.9615010023117065,1
744,4,1,0.460507333278656,0,0.4389890134334564,0
744,5,1,0.8616809844970703,1,0.9308329820632935,1
744,6,1,0.9430668354034424,1,0.9195420145988464,1
744,6,1,0.942202627658844,1,0.9195719957351685,1
744,0,0,0.7729817032814026,1,0.536325991153717,1
744,2,0,0.6297509074211121,1,0.5607410073280334,1
744,1,0,0.42074882984161377,0,0.5118650197982788,1
744,4,0,0.6036695837974548,1,0.5114589929580688,1
744,3,1,0.8539429903030396,1,0.9643449783325195,1
744,5,1,0.8131894469261169,1,0.9519309997558594,1
744,6,1,0.9362155199050903,1,0.9195809960365295,1
744,6,1,0.9401593208312988,1,0.9195830225944519,1
744,0,0,0.4455234706401825,0,0.5175690054893494,1
744,1,1,0.3900478482246399,0,0.47631698846817017,0
744,2,0,0.3934740126132965,0,0.416018009185791,0
744,4,0,0.46752679347991943,0,0.44040900468826294,0
744,3,1,0.9462317824363708,1,0.9655849933624268,1
744,5,1,0.8638967871665955,1,0.9630609750747681,1
744,6,1,0.9430960416793823,1,0.9195830225944519,1
744,6,1,0.9415207505226135,1,0.9195839762687683,1
744,0,0,0.44031399488449097,0,0.5128530263900757,1
744,2,0,0.3738439381122589,0,0.35148701071739197,0
744,1,1,0.6799677014350891,1,0.6053770184516907,1
744,3,1,0.9470799565315247,1,0.9661229848861694,1
744,4,1,0.45092254877090454,0,0.40762001276016235,0
744,5,1,0.8646997809410095,1,0.9687359929084778,1
744,6,1,0.9433192610740662,1,0.9195839762687683,1
744,6,1,0.9418245553970337,1,0.9195839762687683,1
744,0,1,0.4550860822200775,0,0.5117239952087402,1
744,1,1,0.7267233729362488,1,0.6803330183029175,1
744,2,0,0.3934459090232849,0,0.33199700713157654,0
744,3,1,0.9471632242202759,1,0.9663569927215576,1
744,4,1,0.8383411765098572,1,0.46285900473594666,0
744,5,1,0.8681163191795349,1,0.9715800285339355,1
744,6,1,0.9438418745994568,1,0.9195839762687683,1
744,6,1,0.942327082157135,1,0.9195839762687683,1
744,0,0,0.7698078751564026,1,0.0,0
744,0,0,0.4426974654197693,0,-0.0,0
744,0,0,0.4415707588195801,0,-0.0,0
744,0,0,0.44249510765075684,0,-0.0,0
744,0,0,0.44272294640541077,0,-0.0,0
744,0,0,0.4428776800632477,0,-0.0,0
744,0,0,0.44296860694885254,0,-0.0,0
744,0,0,0.4430457055568695,0,-0.0,0
744,0,0,0.4431105852127075,0,-0.0,0
744,0,0,0.4431672692298889,0,-0.0,0
744,0,0,0.4432179927825928,0,-0.0,0
744,0,0,0.4432637095451355,0,-0.0,0
744,0,0,0.4433061480522156,0,-0.0,0
744,0,0,0.44334590435028076,0,-0.0,0
744,0,0,0.4433850646018982,0,-0.0,0
744,0,0,0.44342249631881714,0,-0.0,0
744,0,0,0.44345811009407043,0,-0.0,0
744,0,0,0.44349294900894165,0,-0.0,0
744,0,0,0.4435270428657532,0,-0.0,0
744,0,0,0.4435598850250244,0,-0.0,0
744,0,0,0.4435918629169464,0,-0.0,0
744,0,0,0.4436240494251251,0,-0.0,0
744,0,0,0.44365546107292175,0,-0.0,0
744,0,0,0.4436860978603363,0,-0.0,0
744,0,0,0.44371622800827026,0,-0.0,0
744,0,0,0.44374722242355347,0,-0.0,0
744,0,0,0.4437785744667053,0,-0.0,0
744,0,0,0.44380906224250793,0,-0.0,0
744,0,0,0.4438386857509613,0,-0.0,0
744,0,0,0.44386744499206543,0,-0.0,0
744,0,0,0.44389569759368896,0,-0.0,0
744,0,0,0.44392314553260803,0,-0.0,0
744,0,0,0.44394996762275696,0,-0.0,0
744,0,0,0.4439762532711029,0,-0.0,0
744,0,0,0.4440019130706787,0,-0.0,0
744,0,0,0.4440270960330963,0,-0.0,0
744,0,0,0.44405174255371094,0,-0.0,0
744,0,0,0.4440765678882599,0,-0.0,0
744,0,0,0.444101482629776,0,-0.0,0
744,0,0,0.4441261291503906,0,-0.0,0
744,0,0,0.444150447845459,0,-0.0,0
744,0,0,0.444174200296402,0,-0.0,0
744,0,0,0.44419732689857483,0,-0.0,0
744,0,0,0.44421935081481934,0,-0.0,0
744,0,0,0.4442402422428131,0,-0.0,0
744,0,0,0.4442605674266815,0,-0.0,0
744,0,0,0.4442805051803589,0,-0.0,0
744,0,0,0.4442998766899109,0,-0.0,0
744,0,0,0.44432011246681213,0,-0.0,0
744,0,0,0.44434085488319397,0,-0.0,0
744,0,0,0.44436123967170715,0,-0.0,0
744,0,0,0.4443815350532532,0,-0.0,0
744,0,0,0.44440150260925293,0,-0.0,0
744,0,0,0.4444211721420288,0,-0.0,0
744,0,0,0.44444039463996887,0,-0.0,0
744,0,0,0.44445937871932983,0,-0.0,0
744,0,0,0.44447797536849976,0,-0.0,0
744,0,0,0.4444964528083801,0,-0.0,0
744,0,0,0.44451454281806946,0,-0.0,0
744,0,0,0.4445323348045349,0,-0.0,0
744,0,0,0.44454967975616455,0,-0.0,0
744,0,0,0.4445670247077942,0,-0.0,0
744,0,0,0.4445838928222656,0,-0.0,0
744,0,0,0.44460049271583557,0,-0.0,0
744,0,0,0.44461706280708313,0,-0.0,0
744,0,0,0.44463327527046204,0,-0.0,0
744,0,0,0.4446491301059723,0,-0.0,0
744,0,0,0.44466477632522583,0,-0.0,0
744,0,0,0.4446812570095062,0,-0.0,0
744,0,0,0.44469785690307617,0,-0.0,0
744,0,0,0.44471409916877747,0,-0.0,0
744,0,0,0.4447300136089325,0,-0.0,0
744,0,0,0.4447459280490875,0,-0.0,0
744,0,0,0.4447615146636963,0,-0.0,0
744,0,0,0.4447768032550812,0,-0.0,0
744,0,0,0.44479191303253174,0,-0.0,0
744,0,0,0.4448067247867584,0,-0.0,0
744,0,0,0.44482147693634033,0,-0.0,0
744,0,0,0.4448358714580536,0,-0.0,0
744,0,0,0.44485026597976685,0,-0.0,0
744,0,0,0.44486483931541443,0,-0.0,0
744,0,0,0.4448789954185486,0,-0.0,0
744,0,0,0.44489309191703796,0,-0.0,0
744,0,0,0.44490692019462585,0,-0.0,0
744,0,0,0.44492071866989136,0,-0.0,0
744,0,0,0.44493424892425537,0,-0.0,0
744,0,0,0.4449475109577179,0,-0.0,0
744,0,0,0.44496044516563416,0,-0.0,0
744,0,0,0.44497328996658325,0,-0.0,0
744,0,0,0.444985955953598,0,-0.0,0
744,0,0,0.44499820470809937,0,-0.0,0
744,0,0,0.44501060247421265,0,-0.0,0
744,0,0,0.4450227618217468,0,-0.0,0
744,0,0,0.44503486156463623,0,-0.0,0
744,0,0,0.44504666328430176,0,-0.0,0
744,0,0,0.4450584352016449,0,-0.0,0
744,0,0,0.4450699985027313,0,-0.0,0
744,0,0,0.4450814127922058,0,-0.0,0
744,0,0,0.4450927674770355,0,-0.0,0
744,0,0,0.44510385394096375,0,-0.0,0
744,0,0,0.44511500000953674,0,-0.0,0
744,0,0,0.44512590765953064,0,-0.0,0
744,0,0,0.44513678550720215,0,-0.0,0
744,0,0,0.4451473653316498,0,-0.0,0
744,0,0,0.4451580047607422,0,-0.0,0
744,0,0,0.4451683461666107,0,-0.0,0
744,0,0,0.4451786279678345,0,-0.0,0
744,0,0,0.4451889395713806,0,-0.0,0
744,0,0,0.4451989531517029,0,-0.0,0
744,0,0,0.445208877325058,0,-0.0,0
744,0,0,0.4452188014984131,0,-0.0,0
744,0,0,0.445228636264801,0,-0.0,0
744,0,0,0.44523829221725464,0,-0.0,0
744,0,0,0.4452478289604187,0,-0.0,0
744,0,0,0.4452572762966156,0,-0.0,0
744,0,0,0.4452657997608185,0,-0.0,0
744,0,0,0.4452742636203766,0,-0.0,0
744,0,0,0.4452824890613556,0,-0.0,0
744,0,0,0.44529059529304504,0,-0.0,0
744,0,0,0.4452987015247345,0,-0.0,0
744,0,0,0.4453067183494568,0,-0.0,0
744,0,0,0.4453146755695343,0,-0.0,0
744,0,0,0.44532260298728943,0,-0.0,0
744,0,0,0.4453303813934326,0,-0.0,0
744,0,0,0.4453381299972534,0,-0.0,0
744,0,0,0.4453457295894623,0,-0.0,0
744,0,0,0.44535335898399353,0,-0.0,0
744,0,0,0.44536086916923523,0,-1.0,0
203,15,1,0.7882412672042847,1,0.5681390166282654,1
203,9,1,0.8956186771392822,1,0.7394430041313171,1
203,8,1,0.9059327840805054,1,0.9337189793586731,1
203,18,1,0.8817667961120605,1,0.7500870227813721,1
203,16,0,0.8716884851455688,1,0.24104000627994537,0
203,17,1,0.7234451174736023,1,0.5000920295715332,1
203,19,0,0.8496416211128235,1,0.7409729957580566,1
203,6,1,0.8363947868347168,1,0.8802350163459778,1
203,6,1,0.9273220300674438,1,0.9083759784698486,1
203,15,1,0.8822513222694397,1,0.8858669996261597,1
203,9,1,0.8945749402046204,1,0.8130289912223816,1
203,8,1,0.9061035513877869,1,0.8295050263404846,1
203,18,1,0.8817687034606934,1,0.9999769926071167,1
203,16,0,0.7909177541732788,1,0.36844098567962646,0
203,17,1,0.8849340677261353,1,0.9999759793281555,1
203,19,1,0.6578252911567688,1,0.7654610276222229,1
203,6,1,0.9433718919754028,1,0.9164900183677673,1
203,6,1,0.9437974095344543,1,0.91873699426651,1
203,15,1,0.8919826745986938,1,0.8858669996261597,1
203,8,1,0.9076862931251526,1,0.8135539889335632,1
203,9,1,0.898081362247467,1,0.8514299988746643,1
203,18,1,0.8824337124824524,1,0.9999769926071167,1
203,17,1,0.889896810054779,1,0.9999759793281555,1
203,16,1,0.5436202883720398,1,0.3689520061016083,0
203,19,1,0.8899244666099548,1,0.7867119908332825,1
203,6,1,0.9455758333206177,1,0.9193530082702637,1
203,6,1,0.9447351694107056,1,0.9195209741592407,1
203,15,1,0.8934752941131592,1,0.8858669996261597,1
203,8,1,0.9080324172973633,1,0.8107519745826721,1
203,9,1,0.8984999656677246,1,0.8688340187072754,1
203,18,1,0.8829832077026367,1,0.9999769926071167,1
203,17,1,0.8904712796211243,1,0.9999759793281555,1
203,16,1,0.8693463206291199,1,0.6558210253715515,1
203,19,1,0.890042245388031,1,0.7974470257759094,1
203,6,1,0.9456230401992798,1,0.9195659756660461,1
203,6,0,0.9450520277023315,1,0.919579029083252,1
203,15,1,0.8685858249664307,1,0.8858669996261597,1
203,20,1,0.8571183681488037,1,0.33605900406837463,0
203,21,1,0.9334020018577576,1,0.93573397397995,1
203,21,1,0.9359149932861328,1,0.9258120059967041,1
203,21,1,0.9361171722412109,1,0.9245730042457581,1
203,21,1,0.9361607432365417,1,0.9244160056114197,1
203,21,1,0.9361790418624878,1,0.9243959784507751,1
203,22,0,0.9120604991912842,1,0.6187829971313477,1
203,22,0,0.8044732809066772,1,0.5734930038452148,1
203,22,1,0.6139023303985596,1,0.5603979825973511,1
203,22,1,0.8193550705909729,1,0.8926119804382324,1
203,22,1,0.9095635414123535,1,0.8940979838371277,1
203,23,1,0.8712249994277954,1,1.0,1
203,20,1,0.8629182577133179,1,0.653232991695404,1
203,21,1,0.9355311989784241,1,0.9243940114974976,1
203,21,1,0.9361239075660706,1,0.9243940114974976,1
203,21,1,0.9361678957939148,1,0.9243940114974976,1
203,21,1,0.9361577033996582,1,0.9243940114974976,1
203,21,1,0.9361429810523987,1,0.9243940114974976,1
203,21,1,0.9361303448677063,1,0.9243940114974976,1
203,21,1,0.9361207485198975,1,0.9243940114974976,1
203,21,1,0.9361136555671692,1,0.9243940114974976,1
203,21,1,0.9361082911491394,1,0.9243940114974976,1
203,22,1,0.9123895168304443,1,0.8941029906272888,1
203,22,1,0.9131327271461487,1,0.8941029906272888,1
203,22,1,0.9132096767425537,1,0.8941029906272888,1
203,22,1,0.9131938815116882,1,0.8941029906272888,1
203,22,1,0.9131525158882141,1,0.8941029906272888,1
203,22,1,0.9130982160568237,1,0.8941029906272888,1
203,22,0,0.9130468368530273,1,0.8941029906272888,1
203,22,0,0.87708979845047,1,0.8941029906272888,1
203,22,1,0.6873500943183899,1,0.8941029906272888,1
203,24,1,0.8323884606361389,1,1.0,1
203,20,1,0.8569410443305969,1,0.6802099943161011,1
203,21,1,0.9332174062728882,1,0.9243940114974976,1
203,21,1,0.9354146718978882,1,0.9243940114974976,1
203,21,1,0.935806393623352,1,0.9243940114974976,1
203,21,1,0.9359513521194458,1,0.9243940114974976,1
203,21,1,0.93600994348526,1,0.9243940114974976,1
203,21,1,0.9360349774360657,1,0.9243940114974976,1
203,21,1,0.9360468983650208,1,0.9243940114974976,1
203,21,1,0.9360529780387878,1,0.9243940114974976,1
203,21,1,0.9360559582710266,1,0.9243940114974976,1
203,21,1,0.9360577464103699,1,0.9243940114974976,1
203,21,1,0.936058521270752,1,0.9243940114974976,1
203,21,1,0.9360585808753967,1,0.9243940114974976,1
203,21,1,0.9360587000846863,1,0.9243940114974976,1
203,21,1,0.9360589385032654,1,0.9243940114974976,1
203,21,1,0.9360592365264893,1,0.9243940114974976,1
203,22,1,0.9121048450469971,1,0.8941029906272888,1
203,22,1,0.9129838347434998,1,0.8941029906272888,1
203,22,1,0.9131293296813965,1,0.8941029906272888,1
203,22,1,0.9131484627723694,1,0.8941029906272888,1
203,22,0,0.9131399989128113,1,0.8941029906272888,1
203,22,0,0.889430046081543,1,0.8941029906272888,1
203,22,1,0.7247181534767151,1,0.8941029906272888,1
203,22,1,0.864496111869812,1,0.8941029906272888,1
203,22,1,0.9095536470413208,1,0.8941029906272888,1
203,22,1,0.9116358757019043,1,0.8941029906272888,1
203,22,1,0.9122694730758667,1,0.8941029906272888,1
203,22,1,0.9125267863273621,1,0.8941029906272888,1
203,22,1,0.9126413464546204,1,0.8941029906272888,1
203,22,1,0.9126993417739868,1,0.8941029906272888,1
203,22,0,0.9127310514450073,1,0.8941029906272888,1
203,25,1,0.8704694509506226,1,1.0,1
203,20,0,0.8613939881324768,1,0.6813439726829529,1
203,21,1,0.9234926104545593,1,0.9243940114974976,1
203,21,1,0.933885931968689,1,0.9243940114974976,1
203,21,1,0.9349492788314819,1,0.9243940114974976,1
203,21,1,0.9353986978530884,1,0.9243940114974976,1
203,21,1,0.9356226325035095,1,0.9243940114974976,1
203,21,1,0.9357522130012512,1,0.9243940114974976,1
203,21,1,0.9358294010162354,1,0.9243940114974976,1
203,21,1,0.9358776211738586,1,0.9243940114974976,1
203,21,1,0.9359086155891418,1,0.9243940114974976,1
203,21,1,0.9359297156333923,1,0.9243940114974976,1
203,21,1,0.9359448552131653,1,0.9243940114974976,1
203,21,1,0.9359562397003174,1,0.9243940114974976,1
203,21,0,0.9359647035598755,1,0.9243940114974976,1
203,22,1,0.9022278785705566,1,0.8941029906272888,1
203,22,1,0.9116758704185486,1,0.8941029906272888,1
203,22,1,0.9124948382377625,1,0.8941029906272888,1
203,22,1,0.9127763509750366,1,0.8941029906272888,1
203,22,1,0.9128922820091248,1,0.8941029906272888,1
203,22,1,0.9129319190979004,1,0.8941029906272888,1
203,22,1,0.9129398465156555,1,0.8941029906272888,1
203,22,1,0.912936270236969,1,0.8941029906272888,1
203,22,1,0.9129236340522766,1,0.8941029906272888,1
203,22,1,0.912908136844635,1,0.8941029906272888,1
203,22,1,0.9128939509391785,1,0.8941029906272888,1
203,22,1,0.9128791689872742,1,0.8941029906272888,1
203,22,1,0.912864625453949,1,0.8941029906272888,1
203,23,1,0.8747799396514893,1,1.0,1
203,20,0,0.8598897457122803,1,0.6813730001449585,1
203,21,1,0.93215012550354,1,0.9243940114974976,1
203,21,1,0.935201108455658,1,0.9243940114974976,1
203,21,1,0.9356359839439392,1,0.9243940114974976,1
203,21,1,0.9358085989952087,1,0.9243940114974976,1
203,21,1,0.9358923435211182,1,0.9243940114974976,1
203,21,1,0.9359347224235535,1,0.9243940114974976,1
203,21,1,0.935961127281189,1,0.9243940114974976,1
203,21,1,0.9359768033027649,1,0.9243940114974976,1
203,21,1,0.9359843134880066,1,0.9243940114974976,1
203,21,1,0.9359877705574036,1,0.9243940114974976,1
203,21,1,0.935989260673523,1,0.9243940114974976,1
203,22,1,0.9126960039138794,1,0.8941029906272888,1
203,22,1,0.9129931926727295,1,0.8941029906272888,1
203,22,1,0.9130990505218506,1,0.8941029906272888,1
203,22,1,0.9131185412406921,1,0.8941029906272888,1
203,22,1,0.9131054878234863,1,0.8941029906272888,1
203,22,1,0.913088321685791,1,0.8941029906272888,1
203,22,1,0.9130614995956421,1,0.8941029906272888,1
203,22,1,0.9130330681800842,1,0.8941029906272888,1
203,22,1,0.9130056500434875,1,0.8941029906272888,1
203,22,1,0.9129825830459595,1,0.8941029906272888,1
203,22,0,0.912960410118103,1,0.8941029906272888,1
203,24,1,0.8640434145927429,1,1.0,1
203,20,1,0.8536165952682495,1,0.6813840270042419,1
203,21,1,0.9348093271255493,1,0.9243940114974976,1
203,21,1,0.9355481863021851,1,0.9243940114974976,1
203,21,1,0.9357983469963074,1,0.9243940114974976,1
203,21,1,0.9359086155891418,1,0.9243940114974976,1
203,21,0,0.9359546899795532,1,0.9243940114974976,1
203,21,1,0.9265594482421875,1,0.9243940114974976,1
203,21,1,0.9338308572769165,1,0.9243940114974976,1
203,21,1,0.9347918629646301,1,0.9243940114974976,1
203,21,1,0.9352126717567444,1,0.9243940114974976,1
203,21,1,0.9354584813117981,1,0.9243940114974976,1
203,21,1,0.9356124997138977,1,0.9243940114974976,1
203,21,1,0.9357102513313293,1,0.9243940114974976,1
203,21,1,0.9357758164405823,1,0.9243940114974976,1
203,21,1,0.9358217716217041,1,0.9243940114974976,1
203,21,1,0.9358551502227783,1,0.9243940114974976,1
203,22,1,0.9108505845069885,1,0.8941029906272888,1
203,22,1,0.9125983715057373,1,0.8941029906272888,1
203,22,1,0.9128550291061401,1,0.8941029906272888,1
203,22,1,0.9129459857940674,1,0.8941029906272888,1
203,22,1,0.9129889011383057,1,0.8941029906272888,1
203,22,1,0.913002073764801,1,0.8941029906272888,1
203,22,1,0.9130058288574219,1,0.8941029906272888,1
203,22,1,0.9130038619041443,1,0.8941029906272888,1
203,22,1,0.9129911065101624,1,0.8941029906272888,1
203,22,1,0.9129765033721924,1,0.8941029906272888,1
203,22,1,0.9129616022109985,1,0.8941029906272888,1
203,22,1,0.9129489064216614,1,0.8941029906272888,1
203,22,0,0.9129360914230347,1,0.8941029906272888,1
203,22,1,0.9065332412719727,1,0.8941029906272888,1
203,22,0,0.9111868739128113,1,0.8941029906272888,1
203,25,1,0.8727381229400635,1,1.0,1
203,20,1,0.8617533445358276,1,0.6813910007476807,1
203,21,1,0.9339261651039124,1,0.9243940114974976,1
203,21,1,0.93500816822052,1,0.0,0
203,0,0,0.8401396870613098,1,-0.0,0
203,0,0,0.7664295434951782,1,-0.0,0
203,0,0,0.5589257478713989,1,-0.0,0
203,0,0,0.49138280749320984,0,-0.0,0
203,0,0,0.4776475131511688,0,-0.0,0
203,0,0,0.47105830907821655,0,-0.0,0
203,0,0,0.46633949875831604,0,-0.0,0
203,0,0,0.4629657566547394,0,-0.0,0
203,0,0,0.4602721333503723,0,-0.0,0
203,0,0,0.4579823315143585,0,-0.0,0
203,0,0,0.45627331733703613,0,-0.0,0
203,0,0,0.45494386553764343,0,-1.0,0
437,279,1,0.683613657951355,1,0.5579869747161865,1
437,280,1,0.8712049722671509,1,0.8727840185165405,1
437,280,1,0.8730940222740173,1,0.8751400113105774,1
437,279,0,0.8621595501899719,1,0.8387749791145325,1
437,279,1,0.6222888827323914,1,0.8574950098991394,1
437,279,1,0.8125894069671631,1,0.8692209720611572,1
437,280,1,0.8211933970451355,1,0.8772420287132263,1
437,279,1,0.8596458435058594,1,0.8699859976768494,1
437,279,1,0.8635958433151245,1,0.8700349926948547,1
437,281,1,0.879599928855896,1,0.8536220192909241,1
437,282,0,0.8434818387031555,1,0.5750460028648376,1
437,282,1,0.5790833830833435,1,0.5477480292320251,1
437,281,1,0.788148045539856,1,0.7923610210418701,1
437,282,1,0.7650880217552185,1,0.6138319969177246,1
437,281,1,0.8765790462493896,1,0.7583990097045898,1
437,281,1,0.8773790597915649,1,0.0,0
437,0,0,0.8358991146087646,1,-0.0,0
437,0,0,0.5857768654823303,1,-0.0,0
437,0,0,0.4427778422832489,0,-0.0,0
437,0,0,0.44418659806251526,0,-0.0,0
437,0,0,0.44446346163749695,0,-0.0,0
437,0,0,0.44463369250297546,0,-0.0,0
437,0,0,0.4447685182094574,0,-0.0,0
437,0,0,0.4448806047439575,0,-0.0,0
437,0,0,0.4449808895587921,0,-0.0,0
437,0,0,0.4450679123401642,0,-0.0,0
437,0,0,0.44514650106430054,0,-0.0,0
437,0,0,0.44521787762641907,0,-0.0,0
437,0,0,0.44528281688690186,0,-0.0,0
437,0,0,0.44534289836883545,0,-0.0,0
437,0,0,0.4454050064086914,0,-0.0,0
437,0,0,0.44546228647232056,0,-0.0,0
437,0,0,0.445515513420105,0,-0.0,0
437,0,0,0.44556501507759094,0,-0.0,0
437,0,0,0.4456116855144501,0,-0.0,0
437,0,0,0.4456554055213928,0,-0.0,0
437,0,0,0.44569653272628784,0,-0.0,0
437,0,0,0.44573548436164856,0,-0.0,0
437,0,0,0.44577187299728394,0,-0.0,0
437,0,0,0.44580644369125366,0,-0.0,0
437,0,0,0.44583913683891296,0,-0.0,0
437,0,0,0.44587042927742004,0,-0.0,0
437,0,0,0.4459002912044525,0,-0.0,0
437,0,0,0.4459287226200104,0,-0.0,0
437,0,0,0.44595590233802795,0,-0.0,0
437,0,0,0.44598203897476196,0,-0.0,0
437,0,0,0.44600725173950195,0,-0.0,0
437,0,0,0.44603145122528076,0,-0.0,0
437,0,0,0.4460547864437103,0,-0.0,0
437,0,0,0.44607681035995483,0,-0.0,0
437,0,0,0.44609615206718445,0,-0.0,0
437,0,0,0.4461154043674469,0,-0.0,0
437,0,0,0.44613391160964966,0,-0.0,0
437,0,0,0.4461517632007599,0,-0.0,0
437,0,0,0.44616904854774475,0,-0.0,0
437,0,0,0.4461858570575714,0,-0.0,0
437,0,0,0.44620198011398315,0,-0.0,0
437,0,0,0.4462176561355591,0,-0.0,0
437,0,0,0.4462328255176544,0,-0.0,0
437,0,0,0.44624754786491394,0,-0.0,0
437,0,0,0.4462618827819824,0,-0.0,0
437,0,0,0.4462757706642151,0,-0.0,0
437,0,0,0.4462893307209015,0,-0.0,0
437,0,0,0.4463023543357849,0,-0.0,0
437,0,0,0.4463151693344116,0,-0.0,0
437,0,0,0.44632741808891296,0,-0.0,0
437,0,0,0.44633957743644714,0,-0.0,0
437,0,0,0.44635137915611267,0,-0.0,0
437,0,0,0.44636276364326477,0,-0.0,0
437,0,0,0.44637393951416016,0,-0.0,0
437,0,0,0.44638481736183167,0,-0.0,0
437,0,0,0.4463953673839569,0,-0.0,0
437,0,0,0.44640567898750305,0,-0.0,0
437,0,0,0.4464157521724701,0,-0.0,0
437,0,0,0.4464256167411804,0,-0.0,0
437,0,0,0.44643521308898926,0,-0.0,0
437,0,0,0.44644463062286377,0,-0.0,0
437,0,0,0.4464539587497711,0,-0.0,0
437,0,0,0.4464629292488098,0,-0.0,0
437,0,0,0.4464718997478485,0,-0.0,0
437,0,0,0.44648051261901855,0,-0.0,0
437,0,0,0.4464890658855438,0,-0.0,0
437,0,0,0.4464973509311676,0,-0.0,0
437,0,0,0.44650542736053467,0,-0.0,0
437,0,0,0.44651341438293457,0,-0.0,0
437,0,0,0.44652125239372253,0,-0.0,0
437,0,0,0.44652891159057617,0,-0.0,0
437,0,0,0.44653642177581787,0,-0.0,0
437,0,0,0.44654372334480286,0,-0.0,0
437,0,0,0.44655096530914307,0,-0.0,0
437,0,0,0.44655799865722656,0,-0.0,0
437,0,0,0.4465649425983429,0,-0.0,0
437,0,0,0.4465717375278473,0,-0.0,0
437,0,0,0.4465784430503845,0,-0.0,0
437,0,0,0.4465849995613098,0,-0.0,0
437,0,0,0.44659146666526794,0,-0.0,0
437,0,0,0.44659775495529175,0,-0.0,0
437,0,0,0.44660401344299316,0,-0.0,0
437,0,0,0.44661006331443787,0,-0.0,0
437,0,0,0.44661611318588257,0,-0.0,0
437,0,0,0.44662222266197205,0,-0.0,0
437,0,0,0.44662851095199585,0,-0.0,0
437,0,0,0.4466346502304077,0,-0.0,0
437,0,0,0.4466407299041748,0,-0.0,0
437,0,0,0.44664672017097473,0,-0.0,0
437,0,0,0.4466525912284851,0,-0.0,0
437,0,0,0.44665834307670593,0,-0.0,0
437,0,0,0.446664035320282,0,-0.0,0
437,0,0,0.4466696083545685,0,-0.0,0
437,0,0,0.4466750919818878,0,-0.0,0
437,0,0,0.44668060541152954,0,-0.0,0
437,0,0,0.4466858208179474,0,-0.0,0
437,0,0,0.4466911554336548,0,-0.0,0
437,0,0,0.44669628143310547,0,-0.0,0
437,0,0,0.4467013478279114,0,-0.0,0
437,0,0,0.4467063844203949,0,-0.0,0
437,0,0,0.44671133160591125,0,-0.0,0
437,0,0,0.4467162787914276,0,-0.0,0
437,0,0,0.44672104716300964,0,-0.0,0
437,0,0,0.4467257857322693,0,-0.0,0
437,0,0,0.4467304050922394,0,-0.0,0
437,0,0,0.4467350244522095,0,-0.0,0
437,0,0,0.4467395842075348,0,-0.0,0
437,0,0,0.44674405455589294,0,-0.0,0
437,0,0,0.44674843549728394,0,-0.0,0
437,0,0,0.4467528164386749,0,-0.0,0
437,0,0,0.44675710797309875,0,-0.0,0
437,0,0,0.4467613399028778,0,-0.0,0
437,0,0,0.4467655122280121,0,-0.0,0
437,0,0,0.446769654750824,0,-0.0,0
437,0,0,0.4467737674713135,0,-0.0,0
437,0,0,0.4467777609825134,0,-0.0,0
437,0,0,0.4467816650867462,0,-0.0,0
437,0,0,0.446785569190979,0,-0.0,0
437,0,0,0.4467894732952118,0,-0.0,0
437,0,0,0.44679325819015503,0,-0.0,0
437,0,0,0.44679704308509827,0,-0.0,0
437,0,0,0.44680073857307434,0,-0.0,0
437,0,0,0.446804404258728,0,-0.0,0
437,0,0,0.4468080401420593,0,-0.0,0
437,0,0,0.44681158661842346,0,-0.0,0
437,0,0,0.44681516289711,0,-0.0,0
437,0,0,0.44681867957115173,0,-0.0,0
437,0,0,0.4468221068382263,0,-0.0,0
437,0,0,0.4468255341053009,0,-0.0,0
437,0,0,0.4468288719654083,0,-0.0,0
437,0,0,0.44683223962783813,0,-0.0,0
437,0,0,0.44683554768562317,0,-0.0,0
437,0,0,0.44683876633644104,0,-0.0,0
437,0,0,0.4468420147895813,0,-0.0,0
437,0,0,0.4468452036380768,0,-0.0,0
437,0,0,0.4468483030796051,0,-0.0,0
437,0,0,0.4468514323234558,0,-0.0,0
437,0,0,0.44685447216033936,0,-0.0,0
437,0,0,0.4468575417995453,0,-0.0,0
437,0,0,0.44686058163642883,0,-0.0,0
437,0,0,0.4468636214733124,0,-0.0,0
437,0,0,0.44686654210090637,0,-0.0,0
437,0,0,0.446869432926178,0,-0.0,0
437,0,0,0.4468722939491272,0,-0.0,0
437,0,0,0.4468751847743988,0,-0.0,0
437,0,0,0.446878045797348,0,-0.0,0
437,0,0,0.4468808174133301,0,-0.0,0
437,0,0,0.44688358902931213,0,-0.0,0
437,0,0,0.4468863010406494,0,-0.0,0
437,0,0,0.4468890130519867,0,-0.0,0
437,0,0,0.446891725063324,0,-0.0,0
437,0,0,0.4468943774700165,0,-0.0,0
437,0,0,0.4468970000743866,0,-0.0,0
437,0,0,0.44689956307411194,0,-0.0,0
437,0,0,0.44690218567848206,0,-0.0,0
437,0,0,0.44690465927124023,0,-0.0,0
437,0,0,0.44690725207328796,0,-0.0,0
437,0,0,0.44690972566604614,0,-0.0,0
437,0,0,0.4469122290611267,0,-0.0,0
437,0,0,0.4469146728515625,0,-0.0,0
437,0,0,0.4469171464443207,0,-0.0,0
437,0,0,0.4469195306301117,0,-0.0,0
437,0,0,0.4469219148159027,0,-0.0,0
437,0,0,0.4469242990016937,0,-0.0,0
437,0,0,0.4469265639781952,0,-0.0,0
437,0,0,0.4469289481639862,0,-0.0,0
437,0,0,0.44693124294281006,0,-0.0,0
437,0,0,0.4469335377216339,0,-0.0,0
437,0,0,0.4469357132911682,0,-0.0,0
437,0,0,0.44693800806999207,0,-0.0,0
437,0,0,0.44694018363952637,0,-0.0,0
437,0,0,0.44694238901138306,0,-0.0,0
437,0,0,0.44694456458091736,0,-0.0,0
437,0,0,0.4469467103481293,0,-0.0,0
437,0,0,0.4469488561153412,0,-0.0,0
437,0,0,0.4469509720802307,0,-0.0,0
437,0,0,0.44695305824279785,0,-0.0,0
437,0,0,0.4469551146030426,0,-0.0,0
437,0,0,0.44695720076560974,0,-0.0,0
437,0,0,0.4469592571258545,0,-0.0,0
437,0,0,0.44696125388145447,0,-0.0,0
437,0,0,0.44696325063705444,0,-0.0,0
437,0,0,0.4469652473926544,0,-0.0,0
437,0,0,0.4469672441482544,0,-1.0,0
747,0,1,0.6634779572486877,1,0.5287380218505859,1
747,2,1,0.5947765111923218,1,0.549996018409729,1
747,1,0,0.7370983958244324,1,0.33540499210357666,0
747,3,1,0.7821024060249329,1,0.8519440293312073,1
747,4,1,0.6455480456352234,1,0.6368119716644287,1
747,5,1,0.8380979895591736,1,0.6669650077819824,1
747,6,1,0.9447767734527588,1,0.8802350163459778,1
747,6,0,0.9435477256774902,1,0.9083759784698486,1
747,0,1,0.6113424897193909,1,0.5622959733009338,1
747,1,1,0.47357797622680664,0,0.39164701104164124,0
747,2,0,0.6232985258102417,1,0.665103018283844,1
747,4,0,0.5818410515785217,1,0.7076420187950134,1
747,3,1,0.7626619935035706,1,0.9102759957313538,1
747,5,0,0.7216135859489441,1,0.753246009349823,1
747,6,1,0.7750737071037292,1,0.8318529725074768,1
747,6,1,0.9053581953048706,1,0.8931419849395752,1
747,0,0,0.6780717968940735,1,0.610131025314331,1
747,2,1,0.3816065192222595,0,0.4971640110015869,0
747,1,0,0.46276572346687317,0,0.5293670296669006,1
747,3,1,0.8832356929779053,1,0.940684974193573,1
747,4,0,0.4979667365550995,0,0.6136999726295471,1
747,5,1,0.4706578254699707,0,0.5878810286521912,1
747,6,1,0.9323042631149292,1,0.9121609926223755,1
747,6,1,0.9411073327064514,1,0.9175429940223694,1
747,0,0,0.496225506067276,0,0.5405340194702148,1
747,1,0,0.40517064929008484,0,0.48817598819732666,0
747,2,1,0.6052787899971008,1,0.6130599975585938,1
747,4,0,0.45119595527648926,0,0.5087569952011108,1
747,3,1,0.9475452899932861,1,0.9550409913063049,1
747,5,1,0.85416179895401,1,0.6589589715003967,1
747,6,1,0.9438683986663818,1,0.9190260171890259,1
747,6,1,0.9422309994697571,1,0.9194319844245911,1
747,0,1,0.44389429688453674,0,0.5186799764633179,1
747,2,1,0.7162526845932007,1,0.7154809832572937,1
747,1,0,0.39637142419815063,0,0.4615580141544342,0
747,3,1,0.9482166171073914,1,0.9615010023117065,1
747,4,1,0.4487440586090088,0,0.4389890134334564,0
747,5,1,0.8678030967712402,1,0.7447299957275391,1
747,6,1,0.9446409344673157,1,0.9195420145988464,1
747,6,1,0.9429217576980591,1,0.9195719957351685,1
747,0,0,0.7853801846504211,1,0.546754002571106,1
747,2,1,0.6356686353683472,1,0.7783750295639038,1
747,1,0,0.41455039381980896,0,0.4465230107307434,0
747,3,1,0.9466701745986938,1,0.9643449783325195,1
747,4,0,0.8380246162414551,1,0.5114589929580688,1
747,5,1,0.7222612500190735,1,0.826433002948761,1
747,6,1,0.9316493272781372,1,0.9195809960365295,1
747,6,1,0.9403960108757019,1,0.9195830225944519,1
747,0,0,0.4466573894023895,0,0.520359992980957,1
747,1,1,0.3906601667404175,0,0.43867000937461853,0
747,2,0,0.697414219379425,1,0.8087930083274841,1
747,4,0,0.5070711970329285,1,0.44040900468826294,0
747,5,0,0.7956135272979736,1,0.8884890079498291,1
747,3,1,0.8807665109634399,1,0.9655849933624268,1
747,6,1,0.928126335144043,1,0.9195830225944519,1
747,6,1,0.938323438167572,1,0.9195839762687683,1
747,0,1,0.44200241565704346,0,0.5135310292243958,1
747,1,1,0.6475500464439392,1,0.575203001499176,1
747,2,1,0.40405037999153137,0,0.7538310289382935,1
747,4,1,0.49988922476768494,0,0.40762001276016235,0
747,3,1,0.9465427994728088,1,0.9661229848861694,1
747,5,0,0.6888264417648315,1,0.6422110199928284,1
747,6,1,0.9407402276992798,1,0.9195839762687683,1
747,6,1,0.9405159950256348,1,0.9195839762687683,1
747,0,1,0.70479816198349,1,0.0,0
747,0,0,0.7201752066612244,1,-0.0,0
747,0,0,0.4560560882091522,0,-0.0,0
747,0,0,0.4412737488746643,0,-0.0,0
747,0,0,0.4423830807209015,0,-0.0,0
747,0,0,0.44259530305862427,0,-0.0,0
747,0,0,0.4427676200866699,0,-0.0,0
747,0,0,0.4428979754447937,0,-0.0,0
747,0,0,0.4429968595504761,0,-0.0,0
747,0,0,0.4430810809135437,0,-0.0,0
747,0,0,0.44315412640571594,0,-0.0,0
747,0,0,0.4432193636894226,0,-0.0,0
747,0,0,0.44327932596206665,0,-0.0,0
747,0,0,0.4433339536190033,0,-0.0,0
747,0,0,0.44338497519493103,0,-0.0,0
747,0,0,0.4434327483177185,0,-0.0,0
747,0,0,0.44347912073135376,0,-0.0,0
747,0,0,0.4435232877731323,0,-0.0,0
747,0,0,0.4435654282569885,0,-0.0,0
747,0,0,0.4436059594154358,0,-0.0,0
747,0,0,0.44364795088768005,0,-0.0,0
747,0,0,0.4436880648136139,0,-0.0,0
747,0,0,0.44372713565826416,0,-0.0,0
747,0,0,0.44376543164253235,0,-0.0,0
747,0,0,0.4438032805919647,0,-0.0,0
747,0,0,0.4438396394252777,0,-0.0,0
747,0,0,0.4438747465610504,0,-0.0,0
747,0,0,0.4439084827899933,0,-0.0,0
747,0,0,0.4439414143562317,0,-0.0,0
747,0,0,0.4439730644226074,0,-0.0,0
747,0,0,0.44400501251220703,0,-0.0,0
747,0,0,0.44403594732284546,0,-0.0,0
747,0,0,0.4440670609474182,0,-0.0,0
747,0,0,0.444097638130188,0,-0.0,0
747,0,0,0.4441271424293518,0,-0.0,0
747,0,0,0.4441574811935425,0,-0.0,0
747,0,0,0.44418659806251526,0,-0.0,0
747,0,0,0.44421514868736267,0,-0.0,0
747,0,0,0.44424259662628174,0,-0.0,0
747,0,0,0.44426828622817993,0,-0.0,0
747,0,0,0.44429275393486023,0,-0.0,0
747,0,0,0.44431647658348083,0,-0.0,0
747,0,0,0.44433969259262085,0,-0.0,0
747,0,0,0.444362610578537,0,-0.0,0
747,0,0,0.44438478350639343,0,-0.0,0
747,0,0,0.4444064795970917,0,-0.0,0
747,0,0,0.44442853331565857,0,-0.0,0
747,0,0,0.44445133209228516,0,-0.0,0
747,0,0,0.44447365403175354,0,-0.0,0
747,0,0,0.4444957971572876,0,-0.0,0
747,0,0,0.4445173740386963,0,-0.0,0
747,0,0,0.44453883171081543,0,-0.0,0
747,0,0,0.4445595145225525,0,-0.0,0
747,0,0,0.444580078125,0,-0.0,0
747,0,0,0.4446006119251251,0,-0.0,0
747,0,0,0.4446205496788025,0,-0.0,0
747,0,0,0.44464021921157837,0,-0.0,0
747,0,0,0.4446595013141632,0,-0.0,0
747,0,0,0.44467833638191223,0,-0.0,0
747,0,0,0.4446968138217926,0,-0.0,0
747,0,0,0.4447161555290222,0,-0.0,0
747,0,0,0.44473615288734436,0,-0.0,0
747,0,0,0.44475558400154114,0,-0.0,0
747,0,0,0.44477415084838867,0,-0.0,0
747,0,0,0.44479241967201233,0,-0.0,0
747,0,0,0.4448102116584778,0,-0.0,0
747,0,0,0.4448276460170746,0,-0.0,0
747,0,0,0.4448448419570923,0,-0.0,0
747,0,0,0.44486182928085327,0,-0.0,0
747,0,0,0.44487833976745605,0,-0.0,0
747,0,0,0.4448947012424469,0,-0.0,0
747,0,0,0.4449106454849243,0,-0.0,0
747,0,0,0.4449264705181122,0,-0.0,0
747,0,0,0.44494202733039856,0,-0.0,0
747,0,0,0.4449572265148163,0,-0.0,0
747,0,0,0.4449722468852997,0,-0.0,0
747,0,0,0.4449872076511383,0,-0.0,0
747,0,0,0.4450018107891083,0,-0.0,0
747,0,0,0.4450162649154663,0,-0.0,0
747,0,0,0.44503042101860046,0,-0.0,0
747,0,0,0.4450443983078003,0,-0.0,0
747,0,0,0.4450581967830658,0,-0.0,0
747,0,0,0.44507184624671936,0,-0.0,0
747,0,0,0.4450850486755371,0,-0.0,0
747,0,0,0.445098340511322,0,-0.0,0
747,0,0,0.44511154294013977,0,-0.0,0
747,0,0,0.44512468576431274,0,-0.0,0
747,0,0,0.4451378285884857,0,-0.0,0
747,0,0,0.4451507329940796,0,-0.0,0
747,0,0,0.44516342878341675,0,-0.0,0
747,0,0,0.44517600536346436,0,-0.0,0
747,0,0,0.4451882839202881,0,-0.0,0
747,0,0,0.44520047307014465,0,-0.0,0
747,0,0,0.44521257281303406,0,-0.0,0
747,0,0,0.4452243745326996,0,-0.0,0
747,0,0,0.44523611664772034,0,-0.0,0
747,0,0,0.4452476501464844,0,-0.0,0
747,0,0,0.4452591836452484,0,-0.0,0
747,0,0,0.4452703297138214,0,-0.0,0
747,0,0,0.4452814757823944,0,-0.0,0
747,0,0,0.4452924430370331,0,-0.0,0
747,0,0,0.44530341029167175,0,-0.0,0
747,0,0,0.4453142583370209,0,-0.0,0
747,0,0,0.4453248977661133,0,-0.0,0
747,0,0,0.44533541798591614,0,-0.0,0
747,0,0,0.44534578919410706,0,-0.0,0
747,0,0,0.4453561305999756,0,-0.0,0
747,0,0,0.4453662931919098,0,-0.0,0
747,0,0,0.4453764259815216,0,-0.0,0
747,0,0,0.44538626074790955,0,-0.0,0
747,0,0,0.4453960955142975,0,-0.0,0
747,0,0,0.44540584087371826,0,-0.0,0
747,0,0,0.44541534781455994,0,-0.0,0
747,0,0,0.4454248547554016,0,-0.0,0
747,0,0,0.44543421268463135,0,-0.0,0
747,0,0,0.4454433023929596,0,-0.0,0
747,0,0,0.44545239210128784,0,-0.0,0
747,0,0,0.4454614818096161,0,-0.0,0
747,0,0,0.44547027349472046,0,-0.0,0
747,0,0,0.4454788863658905,0,-0.0,0
747,0,0,0.4454866349697113,0,-0.0,0
747,0,0,0.44549432396888733,0,-0.0,0
747,0,0,0.44550198316574097,0,-0.0,0
747,0,0,0.44550949335098267,0,-0.0,0
747,0,0,0.44551703333854675,0,-0.0,0
747,0,0,0.4455243647098541,0,-0.0,0
747,0,0,0.44553178548812866,0,-0.0,0
747,0,0,0.4455389976501465,0,-0.0,0
747,0,0,0.44554609060287476,0,-0.0,0
747,0,0,0.4455532729625702,0,-0.0,0
747,0,0,0.4455605745315552,0,-0.0,0
747,0,0,0.4455675780773163,0,-0.0,0
747,0,0,0.4455746114253998,0,-0.0,0
747,0,0,0.4455816447734833,0,-0.0,0
747,0,0,0.44558849930763245,0,-0.0,0
747,0,0,0.44559532403945923,0,-1.0,0
