student_id,skill_id,idkt_im,bkt_im
461,53,0.48740121722221375,0.7408033013343811
461,54,0.4943600594997406,0.8244580030441284
461,55,0.5293205976486206,0.8663299083709717
461,53,0.48740121722221375,0.7408033013343811
461,54,0.4943600594997406,0.8244580030441284
461,56,0.5191714763641357,0.9742206335067749
461,57,0.5173981189727783,0.9568685293197632
461,0,0.49179452657699585,0.0865730494260788
461,0,0.49179452657699585,0.0865730494260788
461,0,0.49179452657699585,0.0865730494260788
461,0,0.49179452657699585,0.0865730494260788
461,0,0.49179452657699585,0.0865730494260788
461,0,0.49179452657699585,0.0865730494260788
461,0,0.49179452657699585,0.0865730494260788
461,0,0.49179452657699585,0.0865730494260788
461,0,0.49179452657699585,0.0865730494260788
461,0,0.49179452657699585,0.0865730494260788
461,0,0.49179452657699585,0.0865730494260788
461,0,0.49179452657699585,0.0865730494260788
461,0,0.49179452657699585,0.0865730494260788
461,0,0.49179452657699585,0.0865730494260788
461,0,0.49179452657699585,0.0865730494260788
461,0,0.49179452657699585,0.0865730494260788
461,0,0.49179452657699585,0.0865730494260788
461,0,0.49179452657699585,0.0865730494260788
461,0,0.49179452657699585,0.0865730494260788
461,0,0.49179452657699585,0.0865730494260788
461,0,0.49179452657699585,0.0865730494260788
461,0,0.49179452657699585,0.0865730494260788
461,0,0.49179452657699585,0.0865730494260788
461,0,0.49179452657699585,0.0865730494260788
461,0,0.49179452657699585,0.0865730494260788
461,0,0.49179452657699585,0.0865730494260788
461,0,0.49179452657699585,0.0865730494260788
461,0,0.49179452657699585,0.0865730494260788
461,0,0.49179452657699585,0.0865730494260788
461,0,0.49179452657699585,0.0865730494260788
461,0,0.49179452657699585,0.0865730494260788
461,0,0.49179452657699585,0.0865730494260788
461,0,0.49179452657699585,0.0865730494260788
461,0,0.49179452657699585,0.0865730494260788
461,0,0.49179452657699585,0.0865730494260788
461,0,0.49179452657699585,0.0865730494260788
461,0,0.49179452657699585,0.0865730494260788
461,0,0.49179452657699585,0.0865730494260788
461,0,0.49179452657699585,0.0865730494260788
461,0,0.49179452657699585,0.0865730494260788
461,0,0.49179452657699585,0.0865730494260788
461,0,0.49179452657699585,0.0865730494260788
461,0,0.49179452657699585,0.0865730494260788
461,0,0.49179452657699585,0.0865730494260788
461,0,0.49179452657699585,0.0865730494260788
461,0,0.49179452657699585,0.0865730494260788
461,0,0.49179452657699585,0.0865730494260788
461,0,0.49179452657699585,0.0865730494260788
461,0,0.49179452657699585,0.0865730494260788
461,0,0.49179452657699585,0.0865730494260788
461,0,0.49179452657699585,0.0865730494260788
461,0,0.49179452657699585,0.0865730494260788
461,0,0.49179452657699585,0.0865730494260788
461,0,0.49179452657699585,0.0865730494260788
461,0,0.49179452657699585,0.0865730494260788
461,0,0.49179452657699585,0.0865730494260788
461,0,0.49179452657699585,0.0865730494260788
461,0,0.49179452657699585,0.0865730494260788
461,0,0.49179452657699585,0.0865730494260788
461,0,0.49179452657699585,0.0865730494260788
461,0,0.49179452657699585,0.0865730494260788
461,0,0.49179452657699585,0.0865730494260788
461,0,0.49179452657699585,0.0865730494260788
461,0,0.49179452657699585,0.0865730494260788
461,0,0.49179452657699585,0.0865730494260788
461,0,0.49179452657699585,0.0865730494260788
461,0,0.49179452657699585,0.0865730494260788
461,0,0.49179452657699585,0.0865730494260788
461,0,0.49179452657699585,0.0865730494260788
461,0,0.49179452657699585,0.0865730494260788
461,0,0.49179452657699585,0.0865730494260788
461,0,0.49179452657699585,0.0865730494260788
461,0,0.49179452657699585,0.0865730494260788
461,0,0.49179452657699585,0.0865730494260788
461,0,0.49179452657699585,0.0865730494260788
461,0,0.49179452657699585,0.0865730494260788
461,0,0.49179452657699585,0.0865730494260788
461,0,0.49179452657699585,0.0865730494260788
461,0,0.49179452657699585,0.0865730494260788
461,0,0.49179452657699585,0.0865730494260788
461,0,0.49179452657699585,0.0865730494260788
461,0,0.49179452657699585,0.0865730494260788
461,0,0.49179452657699585,0.0865730494260788
461,0,0.49179452657699585,0.0865730494260788
461,0,0.49179452657699585,0.0865730494260788
461,0,0.49179452657699585,0.0865730494260788
461,0,0.49179452657699585,0.0865730494260788
461,0,0.49179452657699585,0.0865730494260788
461,0,0.49179452657699585,0.0865730494260788
461,0,0.49179452657699585,0.0865730494260788
461,0,0.49179452657699585,0.0865730494260788
461,0,0.49179452657699585,0.0865730494260788
461,0,0.49179452657699585,0.0865730494260788
461,0,0.49179452657699585,0.0865730494260788
461,0,0.49179452657699585,0.0865730494260788
461,0,0.49179452657699585,0.0865730494260788
461,0,0.49179452657699585,0.0865730494260788
461,0,0.49179452657699585,0.0865730494260788
461,0,0.49179452657699585,0.0865730494260788
461,0,0.49179452657699585,0.0865730494260788
461,0,0.49179452657699585,0.0865730494260788
461,0,0.49179452657699585,0.0865730494260788
461,0,0.49179452657699585,0.0865730494260788
461,0,0.49179452657699585,0.0865730494260788
461,0,0.49179452657699585,0.0865730494260788
461,0,0.49179452657699585,0.0865730494260788
461,0,0.49179452657699585,0.0865730494260788
461,0,0.49179452657699585,0.0865730494260788
461,0,0.49179452657699585,0.0865730494260788
461,0,0.49179452657699585,0.0865730494260788
461,0,0.49179452657699585,0.0865730494260788
461,0,0.49179452657699585,0.0865730494260788
461,0,0.49179452657699585,0.0865730494260788
461,0,0.49179452657699585,0.0865730494260788
461,0,0.49179452657699585,0.0865730494260788
461,0,0.49179452657699585,0.0865730494260788
461,0,0.49179452657699585,0.0865730494260788
461,0,0.49179452657699585,0.0865730494260788
461,0,0.49179452657699585,0.0865730494260788
461,0,0.49179452657699585,0.0865730494260788
461,0,0.49179452657699585,0.0865730494260788
461,0,0.49179452657699585,0.0865730494260788
461,0,0.49179452657699585,0.0865730494260788
461,0,0.49179452657699585,0.0865730494260788
461,0,0.49179452657699585,0.0865730494260788
461,0,0.49179452657699585,0.0865730494260788
461,0,0.49179452657699585,0.0865730494260788
461,0,0.49179452657699585,0.0865730494260788
461,0,0.49179452657699585,0.0865730494260788
461,0,0.49179452657699585,0.0865730494260788
461,0,0.49179452657699585,0.0865730494260788
461,0,0.49179452657699585,0.0865730494260788
461,0,0.49179452657699585,0.0865730494260788
461,0,0.49179452657699585,0.0865730494260788
461,0,0.49179452657699585,0.0865730494260788
461,0,0.49179452657699585,0.0865730494260788
461,0,0.49179452657699585,0.0865730494260788
461,0,0.49179452657699585,0.0865730494260788
461,0,0.49179452657699585,0.0865730494260788
461,0,0.49179452657699585,0.0865730494260788
461,0,0.49179452657699585,0.0865730494260788
461,0,0.49179452657699585,0.0865730494260788
461,0,0.49179452657699585,0.0865730494260788
461,0,0.49179452657699585,0.0865730494260788
461,0,0.49179452657699585,0.0865730494260788
461,0,0.49179452657699585,0.0865730494260788
461,0,0.49179452657699585,0.0865730494260788
461,0,0.49179452657699585,0.0865730494260788
461,0,0.49179452657699585,0.0865730494260788
461,0,0.49179452657699585,0.0865730494260788
461,0,0.49179452657699585,0.0865730494260788
461,0,0.49179452657699585,0.0865730494260788
461,0,0.49179452657699585,0.0865730494260788
461,0,0.49179452657699585,0.0865730494260788
461,0,0.49179452657699585,0.0865730494260788
461,0,0.49179452657699585,0.0865730494260788
461,0,0.49179452657699585,0.0865730494260788
461,0,0.49179452657699585,0.0865730494260788
461,0,0.49179452657699585,0.0865730494260788
461,0,0.49179452657699585,0.0865730494260788
461,0,0.49179452657699585,0.0865730494260788
461,0,0.49179452657699585,0.0865730494260788
461,0,0.49179452657699585,0.0865730494260788
461,0,0.49179452657699585,0.0865730494260788
461,0,0.49179452657699585,0.0865730494260788
461,0,0.49179452657699585,0.0865730494260788
461,0,0.49179452657699585,0.0865730494260788
461,0,0.49179452657699585,0.0865730494260788
461,0,0.49179452657699585,0.0865730494260788
461,0,0.49179452657699585,0.0865730494260788
461,0,0.49179452657699585,0.0865730494260788
461,0,0.49179452657699585,0.0865730494260788
461,0,0.49179452657699585,0.0865730494260788
461,0,0.49179452657699585,0.0865730494260788
461,0,0.49179452657699585,0.0865730494260788
461,0,0.49179452657699585,0.0865730494260788
461,0,0.49179452657699585,0.0865730494260788
461,0,0.49179452657699585,0.0865730494260788
461,0,0.49179452657699585,0.0865730494260788
461,0,0.49179452657699585,0.0865730494260788
461,0,0.49179452657699585,0.0865730494260788
461,0,0.49179452657699585,0.0865730494260788
461,0,0.49179452657699585,0.0865730494260788
461,0,0.49179452657699585,0.0865730494260788
461,0,0.49179452657699585,0.0865730494260788
461,0,0.49179452657699585,0.0865730494260788
461,0,0.49179452657699585,0.0865730494260788
461,0,0.49179452657699585,0.0865730494260788
461,0,0.49179452657699585,0.0865730494260788
461,0,0.49179452657699585,0.0865730494260788
461,0,0.49179452657699585,0.0865730494260788
461,0,0.49179452657699585,0.0865730494260788
461,0,0.49179452657699585,0.0865730494260788
460,27,0.49345681071281433,0.006843904498964548
460,27,0.49345681071281433,0.006843904498964548
460,27,0.49345681071281433,0.006843904498964548
460,27,0.49345681071281433,0.006843904498964548
460,27,0.49345681071281433,0.006843904498964548
460,27,0.49345681071281433,0.006843904498964548
460,27,0.49345681071281433,0.006843904498964548
460,27,0.49345681071281433,0.006843904498964548
460,27,0.49345681071281433,0.006843904498964548
460,29,0.4956941306591034,0.7098049521446228
460,0,0.4921778738498688,0.0865730494260788
460,0,0.4921778738498688,0.0865730494260788
460,0,0.4921778738498688,0.0865730494260788
460,0,0.4921778738498688,0.0865730494260788
460,0,0.4921778738498688,0.0865730494260788
460,0,0.4921778738498688,0.0865730494260788
460,0,0.4921778738498688,0.0865730494260788
460,0,0.4921778738498688,0.0865730494260788
460,0,0.4921778738498688,0.0865730494260788
460,0,0.4921778738498688,0.0865730494260788
460,0,0.4921778738498688,0.0865730494260788
460,0,0.4921778738498688,0.0865730494260788
460,0,0.4921778738498688,0.0865730494260788
460,0,0.4921778738498688,0.0865730494260788
460,0,0.4921778738498688,0.0865730494260788
460,0,0.4921778738498688,0.0865730494260788
460,0,0.4921778738498688,0.0865730494260788
460,0,0.4921778738498688,0.0865730494260788
460,0,0.4921778738498688,0.0865730494260788
460,0,0.4921778738498688,0.0865730494260788
460,0,0.4921778738498688,0.0865730494260788
460,0,0.4921778738498688,0.0865730494260788
460,0,0.4921778738498688,0.0865730494260788
460,0,0.4921778738498688,0.0865730494260788
460,0,0.4921778738498688,0.0865730494260788
460,0,0.4921778738498688,0.0865730494260788
460,0,0.4921778738498688,0.0865730494260788
460,0,0.4921778738498688,0.0865730494260788
460,0,0.4921778738498688,0.0865730494260788
460,0,0.4921778738498688,0.0865730494260788
460,0,0.4921778738498688,0.0865730494260788
460,0,0.4921778738498688,0.0865730494260788
460,0,0.4921778738498688,0.0865730494260788
460,0,0.4921778738498688,0.0865730494260788
460,0,0.4921778738498688,0.0865730494260788
460,0,0.4921778738498688,0.0865730494260788
460,0,0.4921778738498688,0.0865730494260788
460,0,0.4921778738498688,0.0865730494260788
460,0,0.4921778738498688,0.0865730494260788
460,0,0.4921778738498688,0.0865730494260788
460,0,0.4921778738498688,0.0865730494260788
460,0,0.4921778738498688,0.0865730494260788
460,0,0.4921778738498688,0.0865730494260788
460,0,0.4921778738498688,0.0865730494260788
460,0,0.4921778738498688,0.0865730494260788
460,0,0.4921778738498688,0.0865730494260788
460,0,0.4921778738498688,0.0865730494260788
460,0,0.4921778738498688,0.0865730494260788
460,0,0.4921778738498688,0.0865730494260788
460,0,0.4921778738498688,0.0865730494260788
460,0,0.4921778738498688,0.0865730494260788
460,0,0.4921778738498688,0.0865730494260788
460,0,0.4921778738498688,0.0865730494260788
460,0,0.4921778738498688,0.0865730494260788
460,0,0.4921778738498688,0.0865730494260788
460,0,0.4921778738498688,0.0865730494260788
460,0,0.4921778738498688,0.0865730494260788
460,0,0.4921778738498688,0.0865730494260788
460,0,0.4921778738498688,0.0865730494260788
460,0,0.4921778738498688,0.0865730494260788
460,0,0.4921778738498688,0.0865730494260788
460,0,0.4921778738498688,0.0865730494260788
460,0,0.4921778738498688,0.0865730494260788
460,0,0.4921778738498688,0.0865730494260788
460,0,0.4921778738498688,0.0865730494260788
460,0,0.4921778738498688,0.0865730494260788
460,0,0.4921778738498688,0.0865730494260788
460,0,0.4921778738498688,0.0865730494260788
460,0,0.4921778738498688,0.0865730494260788
460,0,0.4921778738498688,0.0865730494260788
460,0,0.4921778738498688,0.0865730494260788
460,0,0.4921778738498688,0.0865730494260788
460,0,0.4921778738498688,0.0865730494260788
460,0,0.4921778738498688,0.0865730494260788
460,0,0.4921778738498688,0.0865730494260788
460,0,0.4921778738498688,0.0865730494260788
460,0,0.4921778738498688,0.0865730494260788
460,0,0.4921778738498688,0.0865730494260788
460,0,0.4921778738498688,0.0865730494260788
460,0,0.4921778738498688,0.0865730494260788
460,0,0.4921778738498688,0.0865730494260788
460,0,0.4921778738498688,0.0865730494260788
460,0,0.4921778738498688,0.0865730494260788
460,0,0.4921778738498688,0.0865730494260788
460,0,0.4921778738498688,0.0865730494260788
460,0,0.4921778738498688,0.0865730494260788
460,0,0.4921778738498688,0.0865730494260788
460,0,0.4921778738498688,0.0865730494260788
460,0,0.4921778738498688,0.0865730494260788
460,0,0.4921778738498688,0.0865730494260788
460,0,0.4921778738498688,0.0865730494260788
460,0,0.4921778738498688,0.0865730494260788
460,0,0.4921778738498688,0.0865730494260788
460,0,0.4921778738498688,0.0865730494260788
460,0,0.4921778738498688,0.0865730494260788
460,0,0.4921778738498688,0.0865730494260788
460,0,0.4921778738498688,0.0865730494260788
460,0,0.4921778738498688,0.0865730494260788
460,0,0.4921778738498688,0.0865730494260788
460,0,0.4921778738498688,0.0865730494260788
460,0,0.4921778738498688,0.0865730494260788
460,0,0.4921778738498688,0.0865730494260788
460,0,0.4921778738498688,0.0865730494260788
460,0,0.4921778738498688,0.0865730494260788
460,0,0.4921778738498688,0.0865730494260788
460,0,0.4921778738498688,0.0865730494260788
460,0,0.4921778738498688,0.0865730494260788
460,0,0.4921778738498688,0.0865730494260788
460,0,0.4921778738498688,0.0865730494260788
460,0,0.4921778738498688,0.0865730494260788
460,0,0.4921778738498688,0.0865730494260788
460,0,0.4921778738498688,0.0865730494260788
460,0,0.4921778738498688,0.0865730494260788
460,0,0.4921778738498688,0.0865730494260788
460,0,0.4921778738498688,0.0865730494260788
460,0,0.4921778738498688,0.0865730494260788
460,0,0.4921778738498688,0.0865730494260788
460,0,0.4921778738498688,0.0865730494260788
460,0,0.4921778738498688,0.0865730494260788
460,0,0.4921778738498688,0.0865730494260788
460,0,0.4921778738498688,0.0865730494260788
460,0,0.4921778738498688,0.0865730494260788
460,0,0.4921778738498688,0.0865730494260788
460,0,0.4921778738498688,0.0865730494260788
460,0,0.4921778738498688,0.0865730494260788
460,0,0.4921778738498688,0.0865730494260788
460,0,0.4921778738498688,0.0865730494260788
460,0,0.4921778738498688,0.0865730494260788
460,0,0.4921778738498688,0.0865730494260788
460,0,0.4921778738498688,0.0865730494260788
460,0,0.4921778738498688,0.0865730494260788
460,0,0.4921778738498688,0.0865730494260788
460,0,0.4921778738498688,0.0865730494260788
460,0,0.4921778738498688,0.0865730494260788
460,0,0.4921778738498688,0.0865730494260788
460,0,0.4921778738498688,0.0865730494260788
460,0,0.4921778738498688,0.0865730494260788
460,0,0.4921778738498688,0.0865730494260788
460,0,0.4921778738498688,0.0865730494260788
460,0,0.4921778738498688,0.0865730494260788
460,0,0.4921778738498688,0.0865730494260788
460,0,0.4921778738498688,0.0865730494260788
460,0,0.4921778738498688,0.0865730494260788
460,0,0.4921778738498688,0.0865730494260788
460,0,0.4921778738498688,0.0865730494260788
460,0,0.4921778738498688,0.0865730494260788
460,0,0.4921778738498688,0.0865730494260788
460,0,0.4921778738498688,0.0865730494260788
460,0,0.4921778738498688,0.0865730494260788
460,0,0.4921778738498688,0.0865730494260788
460,0,0.4921778738498688,0.0865730494260788
460,0,0.4921778738498688,0.0865730494260788
460,0,0.4921778738498688,0.0865730494260788
460,0,0.4921778738498688,0.0865730494260788
460,0,0.4921778738498688,0.0865730494260788
460,0,0.4921778738498688,0.0865730494260788
460,0,0.4921778738498688,0.0865730494260788
460,0,0.4921778738498688,0.0865730494260788
460,0,0.4921778738498688,0.0865730494260788
460,0,0.4921778738498688,0.0865730494260788
460,0,0.4921778738498688,0.0865730494260788
460,0,0.4921778738498688,0.0865730494260788
460,0,0.4921778738498688,0.0865730494260788
460,0,0.4921778738498688,0.0865730494260788
460,0,0.4921778738498688,0.0865730494260788
460,0,0.4921778738498688,0.0865730494260788
460,0,0.4921778738498688,0.0865730494260788
460,0,0.4921778738498688,0.0865730494260788
460,0,0.4921778738498688,0.0865730494260788
460,0,0.4921778738498688,0.0865730494260788
460,0,0.4921778738498688,0.0865730494260788
460,0,0.4921778738498688,0.0865730494260788
460,0,0.4921778738498688,0.0865730494260788
460,0,0.4921778738498688,0.0865730494260788
460,0,0.4921778738498688,0.0865730494260788
460,0,0.4921778738498688,0.0865730494260788
460,0,0.4921778738498688,0.0865730494260788
460,0,0.4921778738498688,0.0865730494260788
460,0,0.4921778738498688,0.0865730494260788
460,0,0.4921778738498688,0.0865730494260788
460,0,0.4921778738498688,0.0865730494260788
460,0,0.4921778738498688,0.0865730494260788
460,0,0.4921778738498688,0.0865730494260788
460,0,0.4921778738498688,0.0865730494260788
460,0,0.4921778738498688,0.0865730494260788
460,0,0.4921778738498688,0.0865730494260788
460,0,0.4921778738498688,0.0865730494260788
460,0,0.4921778738498688,0.0865730494260788
460,0,0.4921778738498688,0.0865730494260788
460,0,0.4921778738498688,0.0865730494260788
299,31,0.4980589747428894,0.6158222556114197
299,32,0.48838305473327637,0.4548714756965637
299,33,0.5051213502883911,0.9969679713249207
299,34,0.5023568868637085,0.9721262454986572
299,35,0.5230872631072998,0.008330254815518856
299,36,0.49652040004730225,1.7159823983092792e-05
299,37,0.5058615207672119,0.10363423079252243
299,34,0.5023568868637085,0.9721262454986572
299,279,0.511763870716095,0.23227645456790924
299,280,0.5227797031402588,0.8001254200935364
299,279,0.511763870716095,0.23227645456790924
299,280,0.5227797031402588,0.8001254200935364
299,279,0.511763870716095,0.23227645456790924
299,280,0.5227797031402588,0.8001254200935364
299,281,0.511067271232605,0.31475210189819336
299,282,0.5040553212165833,0.6659007668495178
299,282,0.5040553212165833,0.6659007668495178
299,281,0.511067271232605,0.31475210189819336
299,282,0.5040553212165833,0.6659007668495178
299,281,0.511067271232605,0.31475210189819336
299,283,0.49736323952674866,7.700716196268331e-06
299,284,0.5047588348388672,0.0004856378654949367
299,285,0.5119085311889648,5.4709769756300375e-05
299,283,0.49736323952674866,7.700716196268331e-06
299,284,0.5047588348388672,0.0004856378654949367
299,285,0.5119085311889648,5.4709769756300375e-05
299,283,0.49736323952674866,7.700716196268331e-06
299,286,0.4835210144519806,0.23369695246219635
299,287,0.48754557967185974,0.6664395332336426
299,283,0.49736323952674866,7.700716196268331e-06
299,284,0.5047588348388672,0.0004856378654949367
299,285,0.5119085311889648,5.4709769756300375e-05
299,283,0.49736323952674866,7.700716196268331e-06
299,286,0.4835210144519806,0.23369695246219635
299,287,0.48754557967185974,0.6664395332336426
299,283,0.49736323952674866,7.700716196268331e-06
299,286,0.4835210144519806,0.23369695246219635
299,287,0.48754557967185974,0.6664395332336426
299,283,0.49736323952674866,7.700716196268331e-06
299,284,0.5047588348388672,0.0004856378654949367
299,285,0.5119085311889648,5.4709769756300375e-05
299,283,0.49736323952674866,7.700716196268331e-06
299,286,0.4835210144519806,0.23369695246219635
299,287,0.48754557967185974,0.6664395332336426
299,283,0.49736323952674866,7.700716196268331e-06
299,284,0.5047588348388672,0.0004856378654949367
299,285,0.5119085311889648,5.4709769756300375e-05
299,283,0.49736323952674866,7.700716196268331e-06
299,284,0.5047588348388672,0.0004856378654949367
299,285,0.5119085311889648,5.4709769756300375e-05
299,283,0.49736323952674866,7.700716196268331e-06
299,286,0.4835210144519806,0.23369695246219635
299,287,0.48754557967185974,0.6664395332336426
299,283,0.49736323952674866,7.700716196268331e-06
299,284,0.5047588348388672,0.0004856378654949367
299,285,0.5119085311889648,5.4709769756300375e-05
299,283,0.49736323952674866,7.700716196268331e-06
299,286,0.4835210144519806,0.23369695246219635
299,287,0.48754557967185974,0.6664395332336426
299,288,0.4958302676677704,0.9822233319282532
299,283,0.49736323952674866,7.700716196268331e-06
299,286,0.4835210144519806,0.23369695246219635
299,287,0.48754557967185974,0.6664395332336426
299,292,0.4883204400539398,0.49956566095352173
299,283,0.49736323952674866,7.700716196268331e-06
299,293,0.46747472882270813,0.3188922107219696
299,294,0.5109631419181824,0.03059574030339718
299,289,0.505355715751648,0.4893820583820343
299,283,0.49736323952674866,7.700716196268331e-06
299,290,0.49283039569854736,0.9897588491439819
299,291,0.48288795351982117,0.9933802485466003
299,292,0.4883204400539398,0.49956566095352173
299,283,0.49736323952674866,7.700716196268331e-06
299,293,0.46747472882270813,0.3188922107219696
299,294,0.5109631419181824,0.03059574030339718
299,289,0.505355715751648,0.4893820583820343
299,283,0.49736323952674866,7.700716196268331e-06
299,290,0.49283039569854736,0.9897588491439819
299,291,0.48288795351982117,0.9933802485466003
299,295,0.49734655022621155,0.9518818259239197
299,283,0.49736323952674866,7.700716196268331e-06
299,284,0.5047588348388672,0.0004856378654949367
299,285,0.5119085311889648,5.4709769756300375e-05
299,292,0.4883204400539398,0.49956566095352173
299,283,0.49736323952674866,7.700716196268331e-06
299,293,0.46747472882270813,0.3188922107219696
299,294,0.5109631419181824,0.03059574030339718
299,295,0.49734655022621155,0.9518818259239197
299,283,0.49736323952674866,7.700716196268331e-06
299,284,0.5047588348388672,0.0004856378654949367
299,285,0.5119085311889648,5.4709769756300375e-05
299,295,0.49734655022621155,0.9518818259239197
299,283,0.49736323952674866,7.700716196268331e-06
299,284,0.5047588348388672,0.0004856378654949367
299,285,0.5119085311889648,5.4709769756300375e-05
299,289,0.505355715751648,0.4893820583820343
299,283,0.49736323952674866,7.700716196268331e-06
299,290,0.49283039569854736,0.9897588491439819
299,291,0.48288795351982117,0.9933802485466003
299,292,0.4883204400539398,0.49956566095352173
299,283,0.49736323952674866,7.700716196268331e-06
299,293,0.46747472882270813,0.3188922107219696
299,294,0.5109631419181824,0.03059574030339718
299,295,0.49734655022621155,0.9518818259239197
299,283,0.49736323952674866,7.700716196268331e-06
299,284,0.5047588348388672,0.0004856378654949367
299,285,0.5119085311889648,5.4709769756300375e-05
299,292,0.4883204400539398,0.49956566095352173
299,283,0.49736323952674866,7.700716196268331e-06
299,293,0.46747472882270813,0.3188922107219696
299,294,0.5109631419181824,0.03059574030339718
299,288,0.4958302676677704,0.9822233319282532
299,283,0.49736323952674866,7.700716196268331e-06
299,286,0.4835210144519806,0.23369695246219635
299,287,0.48754557967185974,0.6664395332336426
299,288,0.4958302676677704,0.9822233319282532
299,283,0.49736323952674866,7.700716196268331e-06
299,286,0.4835210144519806,0.23369695246219635
299,287,0.48754557967185974,0.6664395332336426
299,289,0.505355715751648,0.4893820583820343
299,283,0.49736323952674866,7.700716196268331e-06
299,290,0.49283039569854736,0.9897588491439819
299,291,0.48288795351982117,0.9933802485466003
299,288,0.4958302676677704,0.9822233319282532
299,283,0.49736323952674866,7.700716196268331e-06
299,286,0.4835210144519806,0.23369695246219635
299,287,0.48754557967185974,0.6664395332336426
299,295,0.49734655022621155,0.9518818259239197
299,283,0.49736323952674866,7.700716196268331e-06
299,284,0.5047588348388672,0.0004856378654949367
299,285,0.5119085311889648,5.4709769756300375e-05
299,292,0.4883204400539398,0.49956566095352173
299,283,0.49736323952674866,7.700716196268331e-06
299,293,0.46747472882270813,0.3188922107219696
299,294,0.5109631419181824,0.03059574030339718
299,295,0.49734655022621155,0.9518818259239197
299,283,0.49736323952674866,7.700716196268331e-06
299,284,0.5047588348388672,0.0004856378654949367
299,285,0.5119085311889648,5.4709769756300375e-05
299,288,0.4958302676677704,0.9822233319282532
299,283,0.49736323952674866,7.700716196268331e-06
299,286,0.4835210144519806,0.23369695246219635
299,287,0.48754557967185974,0.6664395332336426
299,289,0.505355715751648,0.4893820583820343
299,296,0.5072973370552063,0.5000894069671631
299,297,0.5327299237251282,0.5538933277130127
299,297,0.5327299237251282,0.5538933277130127
299,296,0.5072973370552063,0.5000894069671631
299,297,0.5327299237251282,0.5538933277130127
299,296,0.5072973370552063,0.5000894069671631
299,297,0.5327299237251282,0.5538933277130127
299,296,0.5072973370552063,0.5000894069671631
299,297,0.5327299237251282,0.5538933277130127
299,296,0.5072973370552063,0.5000894069671631
299,297,0.5327299237251282,0.5538933277130127
299,296,0.5072973370552063,0.5000894069671631
299,297,0.5327299237251282,0.5538933277130127
299,298,0.49833589792251587,0.0031079575419425964
299,298,0.49833589792251587,0.0031079575419425964
299,298,0.49833589792251587,0.0031079575419425964
299,0,0.4926854968070984,0.0865730494260788
299,0,0.4926854968070984,0.0865730494260788
299,0,0.4926854968070984,0.0865730494260788
299,0,0.4926854968070984,0.0865730494260788
299,0,0.4926854968070984,0.0865730494260788
299,0,0.4926854968070984,0.0865730494260788
299,0,0.4926854968070984,0.0865730494260788
299,0,0.4926854968070984,0.0865730494260788
299,0,0.4926854968070984,0.0865730494260788
299,0,0.4926854968070984,0.0865730494260788
299,0,0.4926854968070984,0.0865730494260788
299,0,0.4926854968070984,0.0865730494260788
299,0,0.4926854968070984,0.0865730494260788
299,0,0.4926854968070984,0.0865730494260788
299,0,0.4926854968070984,0.0865730494260788
299,0,0.4926854968070984,0.0865730494260788
299,0,0.4926854968070984,0.0865730494260788
299,0,0.4926854968070984,0.0865730494260788
299,0,0.4926854968070984,0.0865730494260788
299,0,0.4926854968070984,0.0865730494260788
299,0,0.4926854968070984,0.0865730494260788
299,0,0.4926854968070984,0.0865730494260788
299,0,0.4926854968070984,0.0865730494260788
299,0,0.4926854968070984,0.0865730494260788
299,0,0.4926854968070984,0.0865730494260788
299,0,0.4926854968070984,0.0865730494260788
299,0,0.4926854968070984,0.0865730494260788
299,0,0.4926854968070984,0.0865730494260788
299,0,0.4926854968070984,0.0865730494260788
299,0,0.4926854968070984,0.0865730494260788
299,0,0.4926854968070984,0.0865730494260788
299,0,0.4926854968070984,0.0865730494260788
299,0,0.4926854968070984,0.0865730494260788
299,0,0.4926854968070984,0.0865730494260788
299,0,0.4926854968070984,0.0865730494260788
299,0,0.4926854968070984,0.0865730494260788
299,0,0.4926854968070984,0.0865730494260788
299,0,0.4926854968070984,0.0865730494260788
299,0,0.4926854968070984,0.0865730494260788
299,0,0.4926854968070984,0.0865730494260788
536,0,0.49256300926208496,0.0865730494260788
536,2,0.49535071849823,0.4455474615097046
536,1,0.5175924301147461,0.10744237899780273
536,3,0.4739856719970703,0.7426278591156006
536,4,0.48930466175079346,0.6352908611297607
536,5,0.49432405829429626,0.3134657144546509
536,6,0.5237194895744324,0.9404323101043701
536,6,0.5237194895744324,0.9404323101043701
536,0,0.49256300926208496,0.0865730494260788
536,2,0.49535071849823,0.4455474615097046
536,1,0.5175924301147461,0.10744237899780273
536,4,0.48930466175079346,0.6352908611297607
536,3,0.4739856719970703,0.7426278591156006
536,5,0.49432405829429626,0.3134657144546509
536,6,0.5237194895744324,0.9404323101043701
536,279,0.5116410851478577,0.23227645456790924
536,279,0.5116410851478577,0.23227645456790924
536,280,0.5226569771766663,0.8001254200935364
536,280,0.5226569771766663,0.8001254200935364
536,279,0.5116410851478577,0.23227645456790924
536,279,0.5116410851478577,0.23227645456790924
536,280,0.5226569771766663,0.8001254200935364
536,281,0.5109445452690125,0.31475210189819336
536,282,0.5039321184158325,0.6659007668495178
536,282,0.5039321184158325,0.6659007668495178
536,281,0.5109445452690125,0.31475210189819336
536,281,0.5109445452690125,0.31475210189819336
536,281,0.5109445452690125,0.31475210189819336
536,282,0.5039321184158325,0.6659007668495178
536,281,0.5109445452690125,0.31475210189819336
536,281,0.5109445452690125,0.31475210189819336
536,282,0.5039321184158325,0.6659007668495178
536,282,0.5039321184158325,0.6659007668495178
536,282,0.5039321184158325,0.6659007668495178
536,281,0.5109445452690125,0.31475210189819336
536,282,0.5039321184158325,0.6659007668495178
536,281,0.5109445452690125,0.31475210189819336
536,281,0.5109445452690125,0.31475210189819336
536,282,0.5039321184158325,0.6659007668495178
536,283,0.4972396492958069,7.700716196268331e-06
536,284,0.5046360492706299,0.0004856378654949367
536,285,0.511785626411438,5.4709769756300375e-05
536,283,0.4972396492958069,7.700716196268331e-06
536,284,0.5046360492706299,0.0004856378654949367
536,285,0.511785626411438,5.4709769756300375e-05
536,283,0.4972396492958069,7.700716196268331e-06
536,286,0.4833979606628418,0.23369695246219635
536,287,0.4874228239059448,0.6664395332336426
536,283,0.4972396492958069,7.700716196268331e-06
536,286,0.4833979606628418,0.23369695246219635
536,287,0.4874228239059448,0.6664395332336426
536,283,0.4972396492958069,7.700716196268331e-06
536,286,0.4833979606628418,0.23369695246219635
536,287,0.4874228239059448,0.6664395332336426
536,283,0.4972396492958069,7.700716196268331e-06
536,286,0.4833979606628418,0.23369695246219635
536,287,0.4874228239059448,0.6664395332336426
536,283,0.4972396492958069,7.700716196268331e-06
536,284,0.5046360492706299,0.0004856378654949367
536,285,0.511785626411438,5.4709769756300375e-05
536,283,0.4972396492958069,7.700716196268331e-06
536,286,0.4833979606628418,0.23369695246219635
536,287,0.4874228239059448,0.6664395332336426
536,283,0.4972396492958069,7.700716196268331e-06
536,284,0.5046360492706299,0.0004856378654949367
536,285,0.511785626411438,5.4709769756300375e-05
536,283,0.4972396492958069,7.700716196268331e-06
536,284,0.5046360492706299,0.0004856378654949367
536,285,0.511785626411438,5.4709769756300375e-05
536,283,0.4972396492958069,7.700716196268331e-06
536,284,0.5046360492706299,0.0004856378654949367
536,285,0.511785626411438,5.4709769756300375e-05
536,283,0.4972396492958069,7.700716196268331e-06
536,286,0.4833979606628418,0.23369695246219635
536,287,0.4874228239059448,0.6664395332336426
536,283,0.4972396492958069,7.700716196268331e-06
536,284,0.5046360492706299,0.0004856378654949367
536,285,0.511785626411438,5.4709769756300375e-05
536,283,0.4972396492958069,7.700716196268331e-06
536,284,0.5046360492706299,0.0004856378654949367
536,284,0.5046360492706299,0.0004856378654949367
536,285,0.511785626411438,5.4709769756300375e-05
536,283,0.4972396492958069,7.700716196268331e-06
536,284,0.5046360492706299,0.0004856378654949367
536,285,0.511785626411438,5.4709769756300375e-05
536,283,0.4972396492958069,7.700716196268331e-06
536,286,0.4833979606628418,0.23369695246219635
536,287,0.4874228239059448,0.6664395332336426
536,283,0.4972396492958069,7.700716196268331e-06
536,286,0.4833979606628418,0.23369695246219635
536,287,0.4874228239059448,0.6664395332336426
536,283,0.4972396492958069,7.700716196268331e-06
536,284,0.5046360492706299,0.0004856378654949367
536,285,0.511785626411438,5.4709769756300375e-05
536,283,0.4972396492958069,7.700716196268331e-06
536,284,0.5046360492706299,0.0004856378654949367
536,285,0.511785626411438,5.4709769756300375e-05
536,283,0.4972396492958069,7.700716196268331e-06
536,286,0.4833979606628418,0.23369695246219635
536,287,0.4874228239059448,0.6664395332336426
536,283,0.4972396492958069,7.700716196268331e-06
536,286,0.4833979606628418,0.23369695246219635
536,287,0.4874228239059448,0.6664395332336426
536,283,0.4972396492958069,7.700716196268331e-06
536,284,0.5046360492706299,0.0004856378654949367
536,285,0.511785626411438,5.4709769756300375e-05
536,283,0.4972396492958069,7.700716196268331e-06
536,284,0.5046360492706299,0.0004856378654949367
536,285,0.511785626411438,5.4709769756300375e-05
536,283,0.4972396492958069,7.700716196268331e-06
536,284,0.5046360492706299,0.0004856378654949367
536,285,0.511785626411438,5.4709769756300375e-05
536,283,0.4972396492958069,7.700716196268331e-06
536,284,0.5046360492706299,0.0004856378654949367
536,285,0.511785626411438,5.4709769756300375e-05
536,283,0.4972396492958069,7.700716196268331e-06
536,284,0.5046360492706299,0.0004856378654949367
536,285,0.511785626411438,5.4709769756300375e-05
536,283,0.4972396492958069,7.700716196268331e-06
536,284,0.5046360492706299,0.0004856378654949367
536,285,0.511785626411438,5.4709769756300375e-05
536,283,0.4972396492958069,7.700716196268331e-06
536,284,0.5046360492706299,0.0004856378654949367
536,285,0.511785626411438,5.4709769756300375e-05
536,283,0.4972396492958069,7.700716196268331e-06
536,284,0.5046360492706299,0.0004856378654949367
536,285,0.511785626411438,5.4709769756300375e-05
536,283,0.4972396492958069,7.700716196268331e-06
536,284,0.5046360492706299,0.0004856378654949367
536,0,0.49256300926208496,0.0865730494260788
536,0,0.49256300926208496,0.0865730494260788
536,0,0.49256300926208496,0.0865730494260788
536,0,0.49256300926208496,0.0865730494260788
536,0,0.49256300926208496,0.0865730494260788
536,0,0.49256300926208496,0.0865730494260788
536,0,0.49256300926208496,0.0865730494260788
536,0,0.49256300926208496,0.0865730494260788
536,0,0.49256300926208496,0.0865730494260788
536,0,0.49256300926208496,0.0865730494260788
536,0,0.49256300926208496,0.0865730494260788
536,0,0.49256300926208496,0.0865730494260788
536,0,0.49256300926208496,0.0865730494260788
536,0,0.49256300926208496,0.0865730494260788
536,0,0.49256300926208496,0.0865730494260788
536,0,0.49256300926208496,0.0865730494260788
536,0,0.49256300926208496,0.0865730494260788
536,0,0.49256300926208496,0.0865730494260788
536,0,0.49256300926208496,0.0865730494260788
536,0,0.49256300926208496,0.0865730494260788
536,0,0.49256300926208496,0.0865730494260788
536,0,0.49256300926208496,0.0865730494260788
536,0,0.49256300926208496,0.0865730494260788
536,0,0.49256300926208496,0.0865730494260788
536,0,0.49256300926208496,0.0865730494260788
536,0,0.49256300926208496,0.0865730494260788
536,0,0.49256300926208496,0.0865730494260788
536,0,0.49256300926208496,0.0865730494260788
536,0,0.49256300926208496,0.0865730494260788
536,0,0.49256300926208496,0.0865730494260788
536,0,0.49256300926208496,0.0865730494260788
536,0,0.49256300926208496,0.0865730494260788
536,0,0.49256300926208496,0.0865730494260788
536,0,0.49256300926208496,0.0865730494260788
536,0,0.49256300926208496,0.0865730494260788
536,0,0.49256300926208496,0.0865730494260788
536,0,0.49256300926208496,0.0865730494260788
536,0,0.49256300926208496,0.0865730494260788
536,0,0.49256300926208496,0.0865730494260788
536,0,0.49256300926208496,0.0865730494260788
536,0,0.49256300926208496,0.0865730494260788
536,0,0.49256300926208496,0.0865730494260788
536,0,0.49256300926208496,0.0865730494260788
536,0,0.49256300926208496,0.0865730494260788
536,0,0.49256300926208496,0.0865730494260788
536,0,0.49256300926208496,0.0865730494260788
536,0,0.49256300926208496,0.0865730494260788
536,0,0.49256300926208496,0.0865730494260788
536,0,0.49256300926208496,0.0865730494260788
536,0,0.49256300926208496,0.0865730494260788
536,0,0.49256300926208496,0.0865730494260788
536,0,0.49256300926208496,0.0865730494260788
536,0,0.49256300926208496,0.0865730494260788
536,0,0.49256300926208496,0.0865730494260788
536,0,0.49256300926208496,0.0865730494260788
536,0,0.49256300926208496,0.0865730494260788
536,0,0.49256300926208496,0.0865730494260788
536,0,0.49256300926208496,0.0865730494260788
536,0,0.49256300926208496,0.0865730494260788
536,0,0.49256300926208496,0.0865730494260788
536,0,0.49256300926208496,0.0865730494260788
536,0,0.49256300926208496,0.0865730494260788
536,0,0.49256300926208496,0.0865730494260788
536,0,0.49256300926208496,0.0865730494260788
536,0,0.49256300926208496,0.0865730494260788
536,0,0.49256300926208496,0.0865730494260788
536,0,0.49256300926208496,0.0865730494260788
536,0,0.49256300926208496,0.0865730494260788
536,0,0.49256300926208496,0.0865730494260788
536,0,0.49256300926208496,0.0865730494260788
536,0,0.49256300926208496,0.0865730494260788
745,0,0.490983784198761,0.0865730494260788
745,2,0.4937664568424225,0.4455474615097046
745,1,0.5160154104232788,0.10744237899780273
745,3,0.4724061191082001,0.7426278591156006
745,4,0.48772066831588745,0.6352908611297607
745,5,0.49273914098739624,0.3134657144546509
745,6,0.5221396088600159,0.9404323101043701
745,6,0.5221396088600159,0.9404323101043701
745,0,0.490983784198761,0.0865730494260788
745,1,0.5160154104232788,0.10744237899780273
745,2,0.4937664568424225,0.4455474615097046
745,3,0.4724061191082001,0.7426278591156006
745,4,0.48772066831588745,0.6352908611297607
745,5,0.49273914098739624,0.3134657144546509
745,6,0.5221396088600159,0.9404323101043701
745,6,0.5221396088600159,0.9404323101043701
745,0,0.490983784198761,0.0865730494260788
745,1,0.5160154104232788,0.10744237899780273
745,2,0.4937664568424225,0.4455474615097046
745,3,0.4724061191082001,0.7426278591156006
745,4,0.48772066831588745,0.6352908611297607
745,5,0.49273914098739624,0.3134657144546509
745,6,0.5221396088600159,0.9404323101043701
745,6,0.5221396088600159,0.9404323101043701
745,0,0.490983784198761,0.0865730494260788
745,2,0.4937664568424225,0.4455474615097046
745,1,0.5160154104232788,0.10744237899780273
745,3,0.4724061191082001,0.7426278591156006
745,4,0.48772066831588745,0.6352908611297607
745,5,0.49273914098739624,0.3134657144546509
745,6,0.5221396088600159,0.9404323101043701
745,6,0.5221396088600159,0.9404323101043701
745,0,0.490983784198761,0.0865730494260788
745,2,0.4937664568424225,0.4455474615097046
745,1,0.5160154104232788,0.10744237899780273
745,3,0.4724061191082001,0.7426278591156006
745,4,0.48772066831588745,0.6352908611297607
745,5,0.49273914098739624,0.3134657144546509
745,6,0.5221396088600159,0.9404323101043701
745,6,0.5221396088600159,0.9404323101043701
745,0,0.490983784198761,0.0865730494260788
745,1,0.5160154104232788,0.10744237899780273
745,2,0.4937664568424225,0.4455474615097046
745,4,0.48772066831588745,0.6352908611297607
745,3,0.4724061191082001,0.7426278591156006
745,5,0.49273914098739624,0.3134657144546509
745,6,0.5221396088600159,0.9404323101043701
745,6,0.5221396088600159,0.9404323101043701
745,0,0.490983784198761,0.0865730494260788
745,1,0.5160154104232788,0.10744237899780273
745,2,0.4937664568424225,0.4455474615097046
745,4,0.48772066831588745,0.6352908611297607
745,3,0.4724061191082001,0.7426278591156006
745,5,0.49273914098739624,0.3134657144546509
745,6,0.5221396088600159,0.9404323101043701
745,6,0.5221396088600159,0.9404323101043701
745,0,0.490983784198761,0.0865730494260788
745,1,0.5160154104232788,0.10744237899780273
745,2,0.4937664568424225,0.4455474615097046
745,3,0.4724061191082001,0.7426278591156006
745,4,0.48772066831588745,0.6352908611297607
745,5,0.49273914098739624,0.3134657144546509
745,6,0.5221396088600159,0.9404323101043701
745,6,0.5221396088600159,0.9404323101043701
745,0,0.490983784198761,0.0865730494260788
745,1,0.5160154104232788,0.10744237899780273
745,2,0.4937664568424225,0.4455474615097046
745,3,0.4724061191082001,0.7426278591156006
745,4,0.48772066831588745,0.6352908611297607
745,5,0.49273914098739624,0.3134657144546509
745,6,0.5221396088600159,0.9404323101043701
745,6,0.5221396088600159,0.9404323101043701
745,0,0.490983784198761,0.0865730494260788
745,2,0.4937664568424225,0.4455474615097046
745,1,0.5160154104232788,0.10744237899780273
745,4,0.48772066831588745,0.6352908611297607
745,3,0.4724061191082001,0.7426278591156006
745,5,0.49273914098739624,0.3134657144546509
745,6,0.5221396088600159,0.9404323101043701
745,6,0.5221396088600159,0.9404323101043701
745,0,0.490983784198761,0.0865730494260788
745,2,0.4937664568424225,0.4455474615097046
745,1,0.5160154104232788,0.10744237899780273
745,3,0.4724061191082001,0.7426278591156006
745,4,0.48772066831588745,0.6352908611297607
745,5,0.49273914098739624,0.3134657144546509
745,6,0.5221396088600159,0.9404323101043701
745,6,0.5221396088600159,0.9404323101043701
745,0,0.490983784198761,0.0865730494260788
745,1,0.5160154104232788,0.10744237899780273
745,0,0.490983784198761,0.0865730494260788
745,0,0.490983784198761,0.0865730494260788
745,0,0.490983784198761,0.0865730494260788
745,0,0.490983784198761,0.0865730494260788
745,0,0.490983784198761,0.0865730494260788
745,0,0.490983784198761,0.0865730494260788
745,0,0.490983784198761,0.0865730494260788
745,0,0.490983784198761,0.0865730494260788
745,0,0.490983784198761,0.0865730494260788
745,0,0.490983784198761,0.0865730494260788
745,0,0.490983784198761,0.0865730494260788
745,0,0.490983784198761,0.0865730494260788
745,0,0.490983784198761,0.0865730494260788
745,0,0.490983784198761,0.0865730494260788
745,0,0.490983784198761,0.0865730494260788
745,0,0.490983784198761,0.0865730494260788
745,0,0.490983784198761,0.0865730494260788
745,0,0.490983784198761,0.0865730494260788
745,0,0.490983784198761,0.0865730494260788
745,0,0.490983784198761,0.0865730494260788
745,0,0.490983784198761,0.0865730494260788
745,0,0.490983784198761,0.0865730494260788
745,0,0.490983784198761,0.0865730494260788
745,0,0.490983784198761,0.0865730494260788
745,0,0.490983784198761,0.0865730494260788
745,0,0.490983784198761,0.0865730494260788
745,0,0.490983784198761,0.0865730494260788
745,0,0.490983784198761,0.0865730494260788
745,0,0.490983784198761,0.0865730494260788
745,0,0.490983784198761,0.0865730494260788
745,0,0.490983784198761,0.0865730494260788
745,0,0.490983784198761,0.0865730494260788
745,0,0.490983784198761,0.0865730494260788
745,0,0.490983784198761,0.0865730494260788
745,0,0.490983784198761,0.0865730494260788
745,0,0.490983784198761,0.0865730494260788
745,0,0.490983784198761,0.0865730494260788
745,0,0.490983784198761,0.0865730494260788
745,0,0.490983784198761,0.0865730494260788
745,0,0.490983784198761,0.0865730494260788
745,0,0.490983784198761,0.0865730494260788
745,0,0.490983784198761,0.0865730494260788
745,0,0.490983784198761,0.0865730494260788
745,0,0.490983784198761,0.0865730494260788
745,0,0.490983784198761,0.0865730494260788
745,0,0.490983784198761,0.0865730494260788
745,0,0.490983784198761,0.0865730494260788
745,0,0.490983784198761,0.0865730494260788
745,0,0.490983784198761,0.0865730494260788
745,0,0.490983784198761,0.0865730494260788
745,0,0.490983784198761,0.0865730494260788
745,0,0.490983784198761,0.0865730494260788
745,0,0.490983784198761,0.0865730494260788
745,0,0.490983784198761,0.0865730494260788
745,0,0.490983784198761,0.0865730494260788
745,0,0.490983784198761,0.0865730494260788
745,0,0.490983784198761,0.0865730494260788
745,0,0.490983784198761,0.0865730494260788
745,0,0.490983784198761,0.0865730494260788
745,0,0.490983784198761,0.0865730494260788
745,0,0.490983784198761,0.0865730494260788
745,0,0.490983784198761,0.0865730494260788
745,0,0.490983784198761,0.0865730494260788
745,0,0.490983784198761,0.0865730494260788
745,0,0.490983784198761,0.0865730494260788
745,0,0.490983784198761,0.0865730494260788
745,0,0.490983784198761,0.0865730494260788
745,0,0.490983784198761,0.0865730494260788
745,0,0.490983784198761,0.0865730494260788
745,0,0.490983784198761,0.0865730494260788
745,0,0.490983784198761,0.0865730494260788
745,0,0.490983784198761,0.0865730494260788
745,0,0.490983784198761,0.0865730494260788
745,0,0.490983784198761,0.0865730494260788
745,0,0.490983784198761,0.0865730494260788
745,0,0.490983784198761,0.0865730494260788
745,0,0.490983784198761,0.0865730494260788
745,0,0.490983784198761,0.0865730494260788
745,0,0.490983784198761,0.0865730494260788
745,0,0.490983784198761,0.0865730494260788
745,0,0.490983784198761,0.0865730494260788
745,0,0.490983784198761,0.0865730494260788
745,0,0.490983784198761,0.0865730494260788
745,0,0.490983784198761,0.0865730494260788
745,0,0.490983784198761,0.0865730494260788
745,0,0.490983784198761,0.0865730494260788
745,0,0.490983784198761,0.0865730494260788
745,0,0.490983784198761,0.0865730494260788
745,0,0.490983784198761,0.0865730494260788
745,0,0.490983784198761,0.0865730494260788
745,0,0.490983784198761,0.0865730494260788
745,0,0.490983784198761,0.0865730494260788
745,0,0.490983784198761,0.0865730494260788
745,0,0.490983784198761,0.0865730494260788
745,0,0.490983784198761,0.0865730494260788
745,0,0.490983784198761,0.0865730494260788
745,0,0.490983784198761,0.0865730494260788
745,0,0.490983784198761,0.0865730494260788
745,0,0.490983784198761,0.0865730494260788
745,0,0.490983784198761,0.0865730494260788
745,0,0.490983784198761,0.0865730494260788
745,0,0.490983784198761,0.0865730494260788
745,0,0.490983784198761,0.0865730494260788
745,0,0.490983784198761,0.0865730494260788
745,0,0.490983784198761,0.0865730494260788
745,0,0.490983784198761,0.0865730494260788
745,0,0.490983784198761,0.0865730494260788
745,0,0.490983784198761,0.0865730494260788
745,0,0.490983784198761,0.0865730494260788
745,0,0.490983784198761,0.0865730494260788
49,0,0.49229487776756287,0.0865730494260788
49,2,0.49508169293403625,0.4455474615097046
49,1,0.517324686050415,0.10744237899780273
49,3,0.47371748089790344,0.7426278591156006
49,4,0.4890357255935669,0.6352908611297607
49,5,0.49405497312545776,0.3134657144546509
49,6,0.5234513282775879,0.9404323101043701
49,6,0.5234513282775879,0.9404323101043701
49,0,0.49229487776756287,0.0865730494260788
49,2,0.49508169293403625,0.4455474615097046
49,1,0.517324686050415,0.10744237899780273
49,3,0.47371748089790344,0.7426278591156006
49,4,0.4890357255935669,0.6352908611297607
49,5,0.49405497312545776,0.3134657144546509
49,6,0.5234513282775879,0.9404323101043701
49,6,0.5234513282775879,0.9404323101043701
49,0,0.49229487776756287,0.0865730494260788
49,1,0.517324686050415,0.10744237899780273
49,2,0.49508169293403625,0.4455474615097046
49,3,0.47371748089790344,0.7426278591156006
49,4,0.4890357255935669,0.6352908611297607
49,5,0.49405497312545776,0.3134657144546509
49,6,0.5234513282775879,0.9404323101043701
49,6,0.5234513282775879,0.9404323101043701
49,0,0.49229487776756287,0.0865730494260788
49,1,0.517324686050415,0.10744237899780273
49,2,0.49508169293403625,0.4455474615097046
49,4,0.4890357255935669,0.6352908611297607
49,3,0.47371748089790344,0.7426278591156006
49,5,0.49405497312545776,0.3134657144546509
49,6,0.5234513282775879,0.9404323101043701
49,6,0.5234513282775879,0.9404323101043701
49,0,0.49229487776756287,0.0865730494260788
49,2,0.49508169293403625,0.4455474615097046
49,1,0.517324686050415,0.10744237899780273
49,3,0.47371748089790344,0.7426278591156006
49,4,0.4890357255935669,0.6352908611297607
49,5,0.49405497312545776,0.3134657144546509
49,6,0.5234513282775879,0.9404323101043701
49,6,0.5234513282775879,0.9404323101043701
49,0,0.49229487776756287,0.0865730494260788
49,1,0.517324686050415,0.10744237899780273
49,2,0.49508169293403625,0.4455474615097046
49,3,0.47371748089790344,0.7426278591156006
49,4,0.4890357255935669,0.6352908611297607
49,5,0.49405497312545776,0.3134657144546509
49,6,0.5234513282775879,0.9404323101043701
49,6,0.5234513282775879,0.9404323101043701
49,0,0.49229487776756287,0.0865730494260788
49,1,0.517324686050415,0.10744237899780273
49,2,0.49508169293403625,0.4455474615097046
49,3,0.47371748089790344,0.7426278591156006
49,4,0.4890357255935669,0.6352908611297607
49,5,0.49405497312545776,0.3134657144546509
49,6,0.5234513282775879,0.9404323101043701
49,6,0.5234513282775879,0.9404323101043701
49,0,0.49229487776756287,0.0865730494260788
49,1,0.517324686050415,0.10744237899780273
49,2,0.49508169293403625,0.4455474615097046
49,3,0.47371748089790344,0.7426278591156006
49,4,0.4890357255935669,0.6352908611297607
49,5,0.49405497312545776,0.3134657144546509
49,6,0.5234513282775879,0.9404323101043701
49,6,0.5234513282775879,0.9404323101043701
49,0,0.49229487776756287,0.0865730494260788
49,2,0.49508169293403625,0.4455474615097046
49,1,0.517324686050415,0.10744237899780273
49,3,0.47371748089790344,0.7426278591156006
49,4,0.4890357255935669,0.6352908611297607
49,5,0.49405497312545776,0.3134657144546509
49,6,0.5234513282775879,0.9404323101043701
49,6,0.5234513282775879,0.9404323101043701
49,0,0.49229487776756287,0.0865730494260788
49,2,0.49508169293403625,0.4455474615097046
49,1,0.517324686050415,0.10744237899780273
49,3,0.47371748089790344,0.7426278591156006
49,4,0.4890357255935669,0.6352908611297607
49,5,0.49405497312545776,0.3134657144546509
49,6,0.5234513282775879,0.9404323101043701
49,6,0.5234513282775879,0.9404323101043701
49,0,0.49229487776756287,0.0865730494260788
49,2,0.49508169293403625,0.4455474615097046
49,1,0.517324686050415,0.10744237899780273
49,3,0.47371748089790344,0.7426278591156006
49,4,0.4890357255935669,0.6352908611297607
49,5,0.49405497312545776,0.3134657144546509
49,6,0.5234513282775879,0.9404323101043701
49,6,0.5234513282775879,0.9404323101043701
49,0,0.49229487776756287,0.0865730494260788
49,2,0.49508169293403625,0.4455474615097046
49,1,0.517324686050415,0.10744237899780273
49,3,0.47371748089790344,0.7426278591156006
49,4,0.4890357255935669,0.6352908611297607
49,5,0.49405497312545776,0.3134657144546509
49,6,0.5234513282775879,0.9404323101043701
49,6,0.5234513282775879,0.9404323101043701
49,0,0.49229487776756287,0.0865730494260788
49,1,0.517324686050415,0.10744237899780273
49,2,0.49508169293403625,0.4455474615097046
49,3,0.47371748089790344,0.7426278591156006
49,4,0.4890357255935669,0.6352908611297607
49,5,0.49405497312545776,0.3134657144546509
49,6,0.5234513282775879,0.9404323101043701
49,6,0.5234513282775879,0.9404323101043701
49,0,0.49229487776756287,0.0865730494260788
49,1,0.517324686050415,0.10744237899780273
49,2,0.49508169293403625,0.4455474615097046
49,3,0.47371748089790344,0.7426278591156006
49,4,0.4890357255935669,0.6352908611297607
49,5,0.49405497312545776,0.3134657144546509
49,6,0.5234513282775879,0.9404323101043701
49,6,0.5234513282775879,0.9404323101043701
49,0,0.49229487776756287,0.0865730494260788
49,2,0.49508169293403625,0.4455474615097046
49,1,0.517324686050415,0.10744237899780273
49,1,0.517324686050415,0.10744237899780273
49,3,0.47371748089790344,0.7426278591156006
49,4,0.4890357255935669,0.6352908611297607
49,5,0.49405497312545776,0.3134657144546509
49,6,0.5234513282775879,0.9404323101043701
49,6,0.5234513282775879,0.9404323101043701
49,0,0.49229487776756287,0.0865730494260788
49,1,0.517324686050415,0.10744237899780273
49,2,0.49508169293403625,0.4455474615097046
49,3,0.47371748089790344,0.7426278591156006
49,4,0.4890357255935669,0.6352908611297607
49,5,0.49405497312545776,0.3134657144546509
49,6,0.5234513282775879,0.9404323101043701
49,6,0.5234513282775879,0.9404323101043701
49,0,0.49229487776756287,0.0865730494260788
49,0,0.49229487776756287,0.0865730494260788
49,0,0.49229487776756287,0.0865730494260788
49,0,0.49229487776756287,0.0865730494260788
49,0,0.49229487776756287,0.0865730494260788
49,0,0.49229487776756287,0.0865730494260788
49,0,0.49229487776756287,0.0865730494260788
49,0,0.49229487776756287,0.0865730494260788
49,0,0.49229487776756287,0.0865730494260788
49,0,0.49229487776756287,0.0865730494260788
49,0,0.49229487776756287,0.0865730494260788
49,0,0.49229487776756287,0.0865730494260788
49,0,0.49229487776756287,0.0865730494260788
49,0,0.49229487776756287,0.0865730494260788
49,0,0.49229487776756287,0.0865730494260788
49,0,0.49229487776756287,0.0865730494260788
49,0,0.49229487776756287,0.0865730494260788
49,0,0.49229487776756287,0.0865730494260788
49,0,0.49229487776756287,0.0865730494260788
49,0,0.49229487776756287,0.0865730494260788
49,0,0.49229487776756287,0.0865730494260788
49,0,0.49229487776756287,0.0865730494260788
49,0,0.49229487776756287,0.0865730494260788
49,0,0.49229487776756287,0.0865730494260788
49,0,0.49229487776756287,0.0865730494260788
49,0,0.49229487776756287,0.0865730494260788
49,0,0.49229487776756287,0.0865730494260788
49,0,0.49229487776756287,0.0865730494260788
49,0,0.49229487776756287,0.0865730494260788
49,0,0.49229487776756287,0.0865730494260788
49,0,0.49229487776756287,0.0865730494260788
49,0,0.49229487776756287,0.0865730494260788
49,0,0.49229487776756287,0.0865730494260788
49,0,0.49229487776756287,0.0865730494260788
49,0,0.49229487776756287,0.0865730494260788
49,0,0.49229487776756287,0.0865730494260788
49,0,0.49229487776756287,0.0865730494260788
49,0,0.49229487776756287,0.0865730494260788
49,0,0.49229487776756287,0.0865730494260788
49,0,0.49229487776756287,0.0865730494260788
49,0,0.49229487776756287,0.0865730494260788
49,0,0.49229487776756287,0.0865730494260788
49,0,0.49229487776756287,0.0865730494260788
49,0,0.49229487776756287,0.0865730494260788
49,0,0.49229487776756287,0.0865730494260788
49,0,0.49229487776756287,0.0865730494260788
49,0,0.49229487776756287,0.0865730494260788
49,0,0.49229487776756287,0.0865730494260788
49,0,0.49229487776756287,0.0865730494260788
49,0,0.49229487776756287,0.0865730494260788
49,0,0.49229487776756287,0.0865730494260788
49,0,0.49229487776756287,0.0865730494260788
49,0,0.49229487776756287,0.0865730494260788
49,0,0.49229487776756287,0.0865730494260788
49,0,0.49229487776756287,0.0865730494260788
49,0,0.49229487776756287,0.0865730494260788
49,0,0.49229487776756287,0.0865730494260788
49,0,0.49229487776756287,0.0865730494260788
49,0,0.49229487776756287,0.0865730494260788
49,0,0.49229487776756287,0.0865730494260788
49,0,0.49229487776756287,0.0865730494260788
49,0,0.49229487776756287,0.0865730494260788
49,0,0.49229487776756287,0.0865730494260788
49,0,0.49229487776756287,0.0865730494260788
49,0,0.49229487776756287,0.0865730494260788
49,0,0.49229487776756287,0.0865730494260788
49,0,0.49229487776756287,0.0865730494260788
49,0,0.49229487776756287,0.0865730494260788
49,0,0.49229487776756287,0.0865730494260788
49,0,0.49229487776756287,0.0865730494260788
49,0,0.49229487776756287,0.0865730494260788
486,78,0.5138377547264099,0.002795998239889741
486,79,0.49487170577049255,3.5503295739739124e-35
486,79,0.49487170577049255,3.5503295739739124e-35
486,80,0.5208491683006287,0.00415515061467886
486,81,0.519325315952301,6.620756903430447e-05
486,78,0.5138377547264099,0.002795998239889741
486,79,0.49487170577049255,3.5503295739739124e-35
486,80,0.5208491683006287,0.00415515061467886
486,81,0.519325315952301,6.620756903430447e-05
486,78,0.5138377547264099,0.002795998239889741
486,79,0.49487170577049255,3.5503295739739124e-35
486,79,0.49487170577049255,3.5503295739739124e-35
486,80,0.5208491683006287,0.00415515061467886
486,81,0.519325315952301,6.620756903430447e-05
486,82,0.48390161991119385,0.7306724786758423
486,78,0.5138377547264099,0.002795998239889741
486,79,0.49487170577049255,3.5503295739739124e-35
486,79,0.49487170577049255,3.5503295739739124e-35
486,80,0.5208491683006287,0.00415515061467886
486,81,0.519325315952301,6.620756903430447e-05
486,82,0.48390161991119385,0.7306724786758423
486,78,0.5138377547264099,0.002795998239889741
486,79,0.49487170577049255,3.5503295739739124e-35
486,80,0.5208491683006287,0.00415515061467886
486,81,0.519325315952301,6.620756903430447e-05
486,78,0.5138377547264099,0.002795998239889741
486,79,0.49487170577049255,3.5503295739739124e-35
486,79,0.49487170577049255,3.5503295739739124e-35
486,80,0.5208491683006287,0.00415515061467886
486,81,0.519325315952301,6.620756903430447e-05
486,78,0.5138377547264099,0.002795998239889741
486,79,0.49487170577049255,3.5503295739739124e-35
486,79,0.49487170577049255,3.5503295739739124e-35
486,80,0.5208491683006287,0.00415515061467886
486,81,0.519325315952301,6.620756903430447e-05
486,78,0.5138377547264099,0.002795998239889741
486,79,0.49487170577049255,3.5503295739739124e-35
486,79,0.49487170577049255,3.5503295739739124e-35
486,0,0.490934282541275,0.0865730494260788
486,0,0.490934282541275,0.0865730494260788
486,0,0.490934282541275,0.0865730494260788
486,0,0.490934282541275,0.0865730494260788
486,0,0.490934282541275,0.0865730494260788
486,0,0.490934282541275,0.0865730494260788
486,0,0.490934282541275,0.0865730494260788
486,0,0.490934282541275,0.0865730494260788
486,0,0.490934282541275,0.0865730494260788
486,0,0.490934282541275,0.0865730494260788
486,0,0.490934282541275,0.0865730494260788
486,0,0.490934282541275,0.0865730494260788
486,0,0.490934282541275,0.0865730494260788
486,0,0.490934282541275,0.0865730494260788
486,0,0.490934282541275,0.0865730494260788
486,0,0.490934282541275,0.0865730494260788
486,0,0.490934282541275,0.0865730494260788
486,0,0.490934282541275,0.0865730494260788
486,0,0.490934282541275,0.0865730494260788
486,0,0.490934282541275,0.0865730494260788
486,0,0.490934282541275,0.0865730494260788
486,0,0.490934282541275,0.0865730494260788
486,0,0.490934282541275,0.0865730494260788
486,0,0.490934282541275,0.0865730494260788
486,0,0.490934282541275,0.0865730494260788
486,0,0.490934282541275,0.0865730494260788
486,0,0.490934282541275,0.0865730494260788
486,0,0.490934282541275,0.0865730494260788
486,0,0.490934282541275,0.0865730494260788
486,0,0.490934282541275,0.0865730494260788
486,0,0.490934282541275,0.0865730494260788
486,0,0.490934282541275,0.0865730494260788
486,0,0.490934282541275,0.0865730494260788
486,0,0.490934282541275,0.0865730494260788
486,0,0.490934282541275,0.0865730494260788
486,0,0.490934282541275,0.0865730494260788
486,0,0.490934282541275,0.0865730494260788
486,0,0.490934282541275,0.0865730494260788
486,0,0.490934282541275,0.0865730494260788
486,0,0.490934282541275,0.0865730494260788
486,0,0.490934282541275,0.0865730494260788
486,0,0.490934282541275,0.0865730494260788
486,0,0.490934282541275,0.0865730494260788
486,0,0.490934282541275,0.0865730494260788
486,0,0.490934282541275,0.0865730494260788
486,0,0.490934282541275,0.0865730494260788
486,0,0.490934282541275,0.0865730494260788
486,0,0.490934282541275,0.0865730494260788
486,0,0.490934282541275,0.0865730494260788
486,0,0.490934282541275,0.0865730494260788
486,0,0.490934282541275,0.0865730494260788
486,0,0.490934282541275,0.0865730494260788
486,0,0.490934282541275,0.0865730494260788
486,0,0.490934282541275,0.0865730494260788
486,0,0.490934282541275,0.0865730494260788
486,0,0.490934282541275,0.0865730494260788
486,0,0.490934282541275,0.0865730494260788
486,0,0.490934282541275,0.0865730494260788
486,0,0.490934282541275,0.0865730494260788
486,0,0.490934282541275,0.0865730494260788
486,0,0.490934282541275,0.0865730494260788
486,0,0.490934282541275,0.0865730494260788
486,0,0.490934282541275,0.0865730494260788
486,0,0.490934282541275,0.0865730494260788
486,0,0.490934282541275,0.0865730494260788
486,0,0.490934282541275,0.0865730494260788
486,0,0.490934282541275,0.0865730494260788
486,0,0.490934282541275,0.0865730494260788
486,0,0.490934282541275,0.0865730494260788
486,0,0.490934282541275,0.0865730494260788
486,0,0.490934282541275,0.0865730494260788
486,0,0.490934282541275,0.0865730494260788
486,0,0.490934282541275,0.0865730494260788
486,0,0.490934282541275,0.0865730494260788
486,0,0.490934282541275,0.0865730494260788
486,0,0.490934282541275,0.0865730494260788
486,0,0.490934282541275,0.0865730494260788
486,0,0.490934282541275,0.0865730494260788
486,0,0.490934282541275,0.0865730494260788
486,0,0.490934282541275,0.0865730494260788
486,0,0.490934282541275,0.0865730494260788
486,0,0.490934282541275,0.0865730494260788
486,0,0.490934282541275,0.0865730494260788
486,0,0.490934282541275,0.0865730494260788
486,0,0.490934282541275,0.0865730494260788
486,0,0.490934282541275,0.0865730494260788
486,0,0.490934282541275,0.0865730494260788
486,0,0.490934282541275,0.0865730494260788
486,0,0.490934282541275,0.0865730494260788
486,0,0.490934282541275,0.0865730494260788
486,0,0.490934282541275,0.0865730494260788
486,0,0.490934282541275,0.0865730494260788
486,0,0.490934282541275,0.0865730494260788
486,0,0.490934282541275,0.0865730494260788
486,0,0.490934282541275,0.0865730494260788
486,0,0.490934282541275,0.0865730494260788
486,0,0.490934282541275,0.0865730494260788
486,0,0.490934282541275,0.0865730494260788
486,0,0.490934282541275,0.0865730494260788
486,0,0.490934282541275,0.0865730494260788
486,0,0.490934282541275,0.0865730494260788
486,0,0.490934282541275,0.0865730494260788
486,0,0.490934282541275,0.0865730494260788
486,0,0.490934282541275,0.0865730494260788
486,0,0.490934282541275,0.0865730494260788
486,0,0.490934282541275,0.0865730494260788
486,0,0.490934282541275,0.0865730494260788
486,0,0.490934282541275,0.0865730494260788
486,0,0.490934282541275,0.0865730494260788
486,0,0.490934282541275,0.0865730494260788
486,0,0.490934282541275,0.0865730494260788
486,0,0.490934282541275,0.0865730494260788
486,0,0.490934282541275,0.0865730494260788
486,0,0.490934282541275,0.0865730494260788
486,0,0.490934282541275,0.0865730494260788
486,0,0.490934282541275,0.0865730494260788
486,0,0.490934282541275,0.0865730494260788
486,0,0.490934282541275,0.0865730494260788
486,0,0.490934282541275,0.0865730494260788
486,0,0.490934282541275,0.0865730494260788
486,0,0.490934282541275,0.0865730494260788
486,0,0.490934282541275,0.0865730494260788
486,0,0.490934282541275,0.0865730494260788
486,0,0.490934282541275,0.0865730494260788
486,0,0.490934282541275,0.0865730494260788
486,0,0.490934282541275,0.0865730494260788
486,0,0.490934282541275,0.0865730494260788
486,0,0.490934282541275,0.0865730494260788
486,0,0.490934282541275,0.0865730494260788
486,0,0.490934282541275,0.0865730494260788
486,0,0.490934282541275,0.0865730494260788
486,0,0.490934282541275,0.0865730494260788
486,0,0.490934282541275,0.0865730494260788
486,0,0.490934282541275,0.0865730494260788
486,0,0.490934282541275,0.0865730494260788
486,0,0.490934282541275,0.0865730494260788
486,0,0.490934282541275,0.0865730494260788
486,0,0.490934282541275,0.0865730494260788
486,0,0.490934282541275,0.0865730494260788
486,0,0.490934282541275,0.0865730494260788
486,0,0.490934282541275,0.0865730494260788
486,0,0.490934282541275,0.0865730494260788
486,0,0.490934282541275,0.0865730494260788
486,0,0.490934282541275,0.0865730494260788
486,0,0.490934282541275,0.0865730494260788
486,0,0.490934282541275,0.0865730494260788
486,0,0.490934282541275,0.0865730494260788
486,0,0.490934282541275,0.0865730494260788
486,0,0.490934282541275,0.0865730494260788
486,0,0.490934282541275,0.0865730494260788
486,0,0.490934282541275,0.0865730494260788
486,0,0.490934282541275,0.0865730494260788
486,0,0.490934282541275,0.0865730494260788
486,0,0.490934282541275,0.0865730494260788
486,0,0.490934282541275,0.0865730494260788
486,0,0.490934282541275,0.0865730494260788
486,0,0.490934282541275,0.0865730494260788
486,0,0.490934282541275,0.0865730494260788
486,0,0.490934282541275,0.0865730494260788
486,0,0.490934282541275,0.0865730494260788
486,0,0.490934282541275,0.0865730494260788
486,0,0.490934282541275,0.0865730494260788
94,0,0.49244409799575806,0.0865730494260788
94,2,0.4952314794063568,0.4455474615097046
94,1,0.5174737572669983,0.10744237899780273
94,3,0.4738667905330658,0.7426278591156006
94,4,0.48918551206588745,0.6352908611297607
94,5,0.4942048192024231,0.3134657144546509
94,6,0.5236006379127502,0.9404323101043701
94,6,0.5236006379127502,0.9404323101043701
94,0,0.49244409799575806,0.0865730494260788
94,1,0.5174737572669983,0.10744237899780273
94,2,0.4952314794063568,0.4455474615097046
94,4,0.48918551206588745,0.6352908611297607
94,3,0.4738667905330658,0.7426278591156006
94,5,0.4942048192024231,0.3134657144546509
94,6,0.5236006379127502,0.9404323101043701
94,6,0.5236006379127502,0.9404323101043701
94,0,0.49244409799575806,0.0865730494260788
94,1,0.5174737572669983,0.10744237899780273
94,2,0.4952314794063568,0.4455474615097046
94,3,0.4738667905330658,0.7426278591156006
94,4,0.48918551206588745,0.6352908611297607
94,5,0.4942048192024231,0.3134657144546509
94,6,0.5236006379127502,0.9404323101043701
94,6,0.5236006379127502,0.9404323101043701
94,0,0.49244409799575806,0.0865730494260788
94,2,0.4952314794063568,0.4455474615097046
94,1,0.5174737572669983,0.10744237899780273
94,3,0.4738667905330658,0.7426278591156006
94,4,0.48918551206588745,0.6352908611297607
94,5,0.4942048192024231,0.3134657144546509
94,6,0.5236006379127502,0.9404323101043701
94,6,0.5236006379127502,0.9404323101043701
94,0,0.49244409799575806,0.0865730494260788
94,1,0.5174737572669983,0.10744237899780273
94,2,0.4952314794063568,0.4455474615097046
94,4,0.48918551206588745,0.6352908611297607
94,3,0.4738667905330658,0.7426278591156006
94,5,0.4942048192024231,0.3134657144546509
94,6,0.5236006379127502,0.9404323101043701
94,6,0.5236006379127502,0.9404323101043701
94,0,0.49244409799575806,0.0865730494260788
94,2,0.4952314794063568,0.4455474615097046
94,1,0.5174737572669983,0.10744237899780273
94,3,0.4738667905330658,0.7426278591156006
94,4,0.48918551206588745,0.6352908611297607
94,5,0.4942048192024231,0.3134657144546509
94,6,0.5236006379127502,0.9404323101043701
94,6,0.5236006379127502,0.9404323101043701
94,0,0.49244409799575806,0.0865730494260788
94,1,0.5174737572669983,0.10744237899780273
94,2,0.4952314794063568,0.4455474615097046
94,4,0.48918551206588745,0.6352908611297607
94,3,0.4738667905330658,0.7426278591156006
94,5,0.4942048192024231,0.3134657144546509
94,6,0.5236006379127502,0.9404323101043701
94,6,0.5236006379127502,0.9404323101043701
94,0,0.49244409799575806,0.0865730494260788
94,1,0.5174737572669983,0.10744237899780273
94,2,0.4952314794063568,0.4455474615097046
94,3,0.4738667905330658,0.7426278591156006
94,4,0.48918551206588745,0.6352908611297607
94,5,0.4942048192024231,0.3134657144546509
94,6,0.5236006379127502,0.9404323101043701
94,6,0.5236006379127502,0.9404323101043701
94,0,0.49244409799575806,0.0865730494260788
94,1,0.5174737572669983,0.10744237899780273
94,2,0.4952314794063568,0.4455474615097046
94,3,0.4738667905330658,0.7426278591156006
94,4,0.48918551206588745,0.6352908611297607
94,5,0.4942048192024231,0.3134657144546509
94,6,0.5236006379127502,0.9404323101043701
94,6,0.5236006379127502,0.9404323101043701
94,0,0.49244409799575806,0.0865730494260788
94,2,0.4952314794063568,0.4455474615097046
94,1,0.5174737572669983,0.10744237899780273
94,3,0.4738667905330658,0.7426278591156006
94,4,0.48918551206588745,0.6352908611297607
94,5,0.4942048192024231,0.3134657144546509
94,6,0.5236006379127502,0.9404323101043701
94,6,0.5236006379127502,0.9404323101043701
94,0,0.49244409799575806,0.0865730494260788
94,2,0.4952314794063568,0.4455474615097046
94,1,0.5174737572669983,0.10744237899780273
94,4,0.48918551206588745,0.6352908611297607
94,3,0.4738667905330658,0.7426278591156006
94,5,0.4942048192024231,0.3134657144546509
94,6,0.5236006379127502,0.9404323101043701
94,6,0.5236006379127502,0.9404323101043701
94,0,0.49244409799575806,0.0865730494260788
94,1,0.5174737572669983,0.10744237899780273
94,2,0.4952314794063568,0.4455474615097046
94,3,0.4738667905330658,0.7426278591156006
94,4,0.48918551206588745,0.6352908611297607
94,5,0.4942048192024231,0.3134657144546509
94,6,0.5236006379127502,0.9404323101043701
94,6,0.5236006379127502,0.9404323101043701
94,0,0.49244409799575806,0.0865730494260788
94,1,0.5174737572669983,0.10744237899780273
94,2,0.4952314794063568,0.4455474615097046
94,4,0.48918551206588745,0.6352908611297607
94,3,0.4738667905330658,0.7426278591156006
94,5,0.4942048192024231,0.3134657144546509
94,6,0.5236006379127502,0.9404323101043701
94,6,0.5236006379127502,0.9404323101043701
94,0,0.49244409799575806,0.0865730494260788
94,2,0.4952314794063568,0.4455474615097046
94,1,0.5174737572669983,0.10744237899780273
94,3,0.4738667905330658,0.7426278591156006
94,4,0.48918551206588745,0.6352908611297607
94,5,0.4942048192024231,0.3134657144546509
94,6,0.5236006379127502,0.9404323101043701
94,6,0.5236006379127502,0.9404323101043701
94,0,0.49244409799575806,0.0865730494260788
94,2,0.4952314794063568,0.4455474615097046
94,1,0.5174737572669983,0.10744237899780273
94,3,0.4738667905330658,0.7426278591156006
94,4,0.48918551206588745,0.6352908611297607
94,5,0.4942048192024231,0.3134657144546509
94,6,0.5236006379127502,0.9404323101043701
94,6,0.5236006379127502,0.9404323101043701
94,0,0.49244409799575806,0.0865730494260788
94,2,0.4952314794063568,0.4455474615097046
94,1,0.5174737572669983,0.10744237899780273
94,3,0.4738667905330658,0.7426278591156006
94,4,0.48918551206588745,0.6352908611297607
94,5,0.4942048192024231,0.3134657144546509
94,6,0.5236006379127502,0.9404323101043701
94,6,0.5236006379127502,0.9404323101043701
94,0,0.49244409799575806,0.0865730494260788
94,2,0.4952314794063568,0.4455474615097046
94,1,0.5174737572669983,0.10744237899780273
94,4,0.48918551206588745,0.6352908611297607
94,3,0.4738667905330658,0.7426278591156006
94,5,0.4942048192024231,0.3134657144546509
94,6,0.5236006379127502,0.9404323101043701
94,6,0.5236006379127502,0.9404323101043701
94,0,0.49244409799575806,0.0865730494260788
94,2,0.4952314794063568,0.4455474615097046
94,1,0.5174737572669983,0.10744237899780273
94,3,0.4738667905330658,0.7426278591156006
94,4,0.48918551206588745,0.6352908611297607
94,5,0.4942048192024231,0.3134657144546509
94,6,0.5236006379127502,0.9404323101043701
94,6,0.5236006379127502,0.9404323101043701
94,0,0.49244409799575806,0.0865730494260788
94,1,0.5174737572669983,0.10744237899780273
94,2,0.4952314794063568,0.4455474615097046
94,3,0.4738667905330658,0.7426278591156006
94,4,0.48918551206588745,0.6352908611297607
94,5,0.4942048192024231,0.3134657144546509
94,6,0.5236006379127502,0.9404323101043701
94,6,0.5236006379127502,0.9404323101043701
94,0,0.49244409799575806,0.0865730494260788
94,0,0.49244409799575806,0.0865730494260788
94,0,0.49244409799575806,0.0865730494260788
94,0,0.49244409799575806,0.0865730494260788
94,0,0.49244409799575806,0.0865730494260788
94,0,0.49244409799575806,0.0865730494260788
94,0,0.49244409799575806,0.0865730494260788
94,0,0.49244409799575806,0.0865730494260788
94,0,0.49244409799575806,0.0865730494260788
94,0,0.49244409799575806,0.0865730494260788
94,0,0.49244409799575806,0.0865730494260788
94,0,0.49244409799575806,0.0865730494260788
94,0,0.49244409799575806,0.0865730494260788
94,0,0.49244409799575806,0.0865730494260788
94,0,0.49244409799575806,0.0865730494260788
94,0,0.49244409799575806,0.0865730494260788
94,0,0.49244409799575806,0.0865730494260788
94,0,0.49244409799575806,0.0865730494260788
94,0,0.49244409799575806,0.0865730494260788
94,0,0.49244409799575806,0.0865730494260788
94,0,0.49244409799575806,0.0865730494260788
94,0,0.49244409799575806,0.0865730494260788
94,0,0.49244409799575806,0.0865730494260788
94,0,0.49244409799575806,0.0865730494260788
94,0,0.49244409799575806,0.0865730494260788
94,0,0.49244409799575806,0.0865730494260788
94,0,0.49244409799575806,0.0865730494260788
94,0,0.49244409799575806,0.0865730494260788
94,0,0.49244409799575806,0.0865730494260788
94,0,0.49244409799575806,0.0865730494260788
94,0,0.49244409799575806,0.0865730494260788
94,0,0.49244409799575806,0.0865730494260788
94,0,0.49244409799575806,0.0865730494260788
94,0,0.49244409799575806,0.0865730494260788
94,0,0.49244409799575806,0.0865730494260788
94,0,0.49244409799575806,0.0865730494260788
94,0,0.49244409799575806,0.0865730494260788
94,0,0.49244409799575806,0.0865730494260788
94,0,0.49244409799575806,0.0865730494260788
94,0,0.49244409799575806,0.0865730494260788
94,0,0.49244409799575806,0.0865730494260788
94,0,0.49244409799575806,0.0865730494260788
94,0,0.49244409799575806,0.0865730494260788
94,0,0.49244409799575806,0.0865730494260788
94,0,0.49244409799575806,0.0865730494260788
94,0,0.49244409799575806,0.0865730494260788
94,0,0.49244409799575806,0.0865730494260788
94,0,0.49244409799575806,0.0865730494260788
744,0,0.4916597306728363,0.0865730494260788
744,2,0.4944445490837097,0.4455474615097046
744,1,0.5166904330253601,0.10744237899780273
744,3,0.47308218479156494,0.7426278591156006
744,4,0.48839864134788513,0.6352908611297607
744,5,0.4934175908565521,0.3134657144546509
744,6,0.5228158831596375,0.9404323101043701
744,6,0.5228158831596375,0.9404323101043701
744,0,0.4916597306728363,0.0865730494260788
744,1,0.5166904330253601,0.10744237899780273
744,2,0.4944445490837097,0.4455474615097046
744,4,0.48839864134788513,0.6352908611297607
744,3,0.47308218479156494,0.7426278591156006
744,5,0.4934175908565521,0.3134657144546509
744,6,0.5228158831596375,0.9404323101043701
744,6,0.5228158831596375,0.9404323101043701
744,0,0.4916597306728363,0.0865730494260788
744,2,0.4944445490837097,0.4455474615097046
744,1,0.5166904330253601,0.10744237899780273
744,4,0.48839864134788513,0.6352908611297607
744,3,0.47308218479156494,0.7426278591156006
744,5,0.4934175908565521,0.3134657144546509
744,6,0.5228158831596375,0.9404323101043701
744,6,0.5228158831596375,0.9404323101043701
744,0,0.4916597306728363,0.0865730494260788
744,1,0.5166904330253601,0.10744237899780273
744,2,0.4944445490837097,0.4455474615097046
744,4,0.48839864134788513,0.6352908611297607
744,3,0.47308218479156494,0.7426278591156006
744,5,0.4934175908565521,0.3134657144546509
744,6,0.5228158831596375,0.9404323101043701
744,6,0.5228158831596375,0.9404323101043701
744,0,0.4916597306728363,0.0865730494260788
744,1,0.5166904330253601,0.10744237899780273
744,2,0.4944445490837097,0.4455474615097046
744,3,0.47308218479156494,0.7426278591156006
744,4,0.48839864134788513,0.6352908611297607
744,5,0.4934175908565521,0.3134657144546509
744,6,0.5228158831596375,0.9404323101043701
744,6,0.5228158831596375,0.9404323101043701
744,0,0.4916597306728363,0.0865730494260788
744,2,0.4944445490837097,0.4455474615097046
744,1,0.5166904330253601,0.10744237899780273
744,4,0.48839864134788513,0.6352908611297607
744,3,0.47308218479156494,0.7426278591156006
744,5,0.4934175908565521,0.3134657144546509
744,6,0.5228158831596375,0.9404323101043701
744,6,0.5228158831596375,0.9404323101043701
744,0,0.4916597306728363,0.0865730494260788
744,1,0.5166904330253601,0.10744237899780273
744,2,0.4944445490837097,0.4455474615097046
744,4,0.48839864134788513,0.6352908611297607
744,3,0.47308218479156494,0.7426278591156006
744,5,0.4934175908565521,0.3134657144546509
744,6,0.5228158831596375,0.9404323101043701
744,6,0.5228158831596375,0.9404323101043701
744,0,0.4916597306728363,0.0865730494260788
744,2,0.4944445490837097,0.4455474615097046
744,1,0.5166904330253601,0.10744237899780273
744,3,0.47308218479156494,0.7426278591156006
744,4,0.48839864134788513,0.6352908611297607
744,5,0.4934175908565521,0.3134657144546509
744,6,0.5228158831596375,0.9404323101043701
744,6,0.5228158831596375,0.9404323101043701
744,0,0.4916597306728363,0.0865730494260788
744,1,0.5166904330253601,0.10744237899780273
744,2,0.4944445490837097,0.4455474615097046
744,3,0.47308218479156494,0.7426278591156006
744,4,0.48839864134788513,0.6352908611297607
744,5,0.4934175908565521,0.3134657144546509
744,6,0.5228158831596375,0.9404323101043701
744,6,0.5228158831596375,0.9404323101043701
744,0,0.4916597306728363,0.0865730494260788
744,0,0.4916597306728363,0.0865730494260788
744,0,0.4916597306728363,0.0865730494260788
744,0,0.4916597306728363,0.0865730494260788
744,0,0.4916597306728363,0.0865730494260788
744,0,0.4916597306728363,0.0865730494260788
744,0,0.4916597306728363,0.0865730494260788
744,0,0.4916597306728363,0.0865730494260788
744,0,0.4916597306728363,0.0865730494260788
744,0,0.4916597306728363,0.0865730494260788
744,0,0.4916597306728363,0.0865730494260788
744,0,0.4916597306728363,0.0865730494260788
744,0,0.4916597306728363,0.0865730494260788
744,0,0.4916597306728363,0.0865730494260788
744,0,0.4916597306728363,0.0865730494260788
744,0,0.4916597306728363,0.0865730494260788
744,0,0.4916597306728363,0.0865730494260788
744,0,0.4916597306728363,0.0865730494260788
744,0,0.4916597306728363,0.0865730494260788
744,0,0.4916597306728363,0.0865730494260788
744,0,0.4916597306728363,0.0865730494260788
744,0,0.4916597306728363,0.0865730494260788
744,0,0.4916597306728363,0.0865730494260788
744,0,0.4916597306728363,0.0865730494260788
744,0,0.4916597306728363,0.0865730494260788
744,0,0.4916597306728363,0.0865730494260788
744,0,0.4916597306728363,0.0865730494260788
744,0,0.4916597306728363,0.0865730494260788
744,0,0.4916597306728363,0.0865730494260788
744,0,0.4916597306728363,0.0865730494260788
744,0,0.4916597306728363,0.0865730494260788
744,0,0.4916597306728363,0.0865730494260788
744,0,0.4916597306728363,0.0865730494260788
744,0,0.4916597306728363,0.0865730494260788
744,0,0.4916597306728363,0.0865730494260788
744,0,0.4916597306728363,0.0865730494260788
744,0,0.4916597306728363,0.0865730494260788
744,0,0.4916597306728363,0.0865730494260788
744,0,0.4916597306728363,0.0865730494260788
744,0,0.4916597306728363,0.0865730494260788
744,0,0.4916597306728363,0.0865730494260788
744,0,0.4916597306728363,0.0865730494260788
744,0,0.4916597306728363,0.0865730494260788
744,0,0.4916597306728363,0.0865730494260788
744,0,0.4916597306728363,0.0865730494260788
744,0,0.4916597306728363,0.0865730494260788
744,0,0.4916597306728363,0.0865730494260788
744,0,0.4916597306728363,0.0865730494260788
744,0,0.4916597306728363,0.0865730494260788
744,0,0.4916597306728363,0.0865730494260788
744,0,0.4916597306728363,0.0865730494260788
744,0,0.4916597306728363,0.0865730494260788
744,0,0.4916597306728363,0.0865730494260788
744,0,0.4916597306728363,0.0865730494260788
744,0,0.4916597306728363,0.0865730494260788
744,0,0.4916597306728363,0.0865730494260788
744,0,0.4916597306728363,0.0865730494260788
744,0,0.4916597306728363,0.0865730494260788
744,0,0.4916597306728363,0.0865730494260788
744,0,0.4916597306728363,0.0865730494260788
744,0,0.4916597306728363,0.0865730494260788
744,0,0.4916597306728363,0.0865730494260788
744,0,0.4916597306728363,0.0865730494260788
744,0,0.4916597306728363,0.0865730494260788
744,0,0.4916597306728363,0.0865730494260788
744,0,0.4916597306728363,0.0865730494260788
744,0,0.4916597306728363,0.0865730494260788
744,0,0.4916597306728363,0.0865730494260788
744,0,0.4916597306728363,0.0865730494260788
744,0,0.4916597306728363,0.0865730494260788
744,0,0.4916597306728363,0.0865730494260788
744,0,0.4916597306728363,0.0865730494260788
744,0,0.4916597306728363,0.0865730494260788
744,0,0.4916597306728363,0.0865730494260788
744,0,0.4916597306728363,0.0865730494260788
744,0,0.4916597306728363,0.0865730494260788
744,0,0.4916597306728363,0.0865730494260788
744,0,0.4916597306728363,0.0865730494260788
744,0,0.4916597306728363,0.0865730494260788
744,0,0.4916597306728363,0.0865730494260788
744,0,0.4916597306728363,0.0865730494260788
744,0,0.4916597306728363,0.0865730494260788
744,0,0.4916597306728363,0.0865730494260788
744,0,0.4916597306728363,0.0865730494260788
744,0,0.4916597306728363,0.0865730494260788
744,0,0.4916597306728363,0.0865730494260788
744,0,0.4916597306728363,0.0865730494260788
744,0,0.4916597306728363,0.0865730494260788
744,0,0.4916597306728363,0.0865730494260788
744,0,0.4916597306728363,0.0865730494260788
744,0,0.4916597306728363,0.0865730494260788
744,0,0.4916597306728363,0.0865730494260788
744,0,0.4916597306728363,0.0865730494260788
744,0,0.4916597306728363,0.0865730494260788
744,0,0.4916597306728363,0.0865730494260788
744,0,0.4916597306728363,0.0865730494260788
744,0,0.4916597306728363,0.0865730494260788
744,0,0.4916597306728363,0.0865730494260788
744,0,0.4916597306728363,0.0865730494260788
744,0,0.4916597306728363,0.0865730494260788
744,0,0.4916597306728363,0.0865730494260788
744,0,0.4916597306728363,0.0865730494260788
744,0,0.4916597306728363,0.0865730494260788
744,0,0.4916597306728363,0.0865730494260788
744,0,0.4916597306728363,0.0865730494260788
744,0,0.4916597306728363,0.0865730494260788
744,0,0.4916597306728363,0.0865730494260788
744,0,0.4916597306728363,0.0865730494260788
744,0,0.4916597306728363,0.0865730494260788
744,0,0.4916597306728363,0.0865730494260788
744,0,0.4916597306728363,0.0865730494260788
744,0,0.4916597306728363,0.0865730494260788
744,0,0.4916597306728363,0.0865730494260788
744,0,0.4916597306728363,0.0865730494260788
744,0,0.4916597306728363,0.0865730494260788
744,0,0.4916597306728363,0.0865730494260788
744,0,0.4916597306728363,0.0865730494260788
744,0,0.4916597306728363,0.0865730494260788
744,0,0.4916597306728363,0.0865730494260788
744,0,0.4916597306728363,0.0865730494260788
744,0,0.4916597306728363,0.0865730494260788
744,0,0.4916597306728363,0.0865730494260788
744,0,0.4916597306728363,0.0865730494260788
744,0,0.4916597306728363,0.0865730494260788
744,0,0.4916597306728363,0.0865730494260788
744,0,0.4916597306728363,0.0865730494260788
744,0,0.4916597306728363,0.0865730494260788
744,0,0.4916597306728363,0.0865730494260788
203,15,0.5098520517349243,0.577567458152771
203,9,0.5064624547958374,0.7043098211288452
203,8,0.4965604245662689,0.3491012752056122
203,18,0.4569298028945923,0.7498273253440857
203,16,0.522221028804779,4.427850162805162e-14
203,17,0.486789345741272,0.4645048975944519
203,19,0.4783513844013214,0.39593109488487244
203,6,0.5233259201049805,0.9404323101043701
203,6,0.5233259201049805,0.9404323101043701
203,15,0.5098520517349243,0.577567458152771
203,9,0.5064624547958374,0.7043098211288452
203,8,0.4965604245662689,0.3491012752056122
203,18,0.4569298028945923,0.7498273253440857
203,16,0.522221028804779,4.427850162805162e-14
203,17,0.486789345741272,0.4645048975944519
203,19,0.4783513844013214,0.39593109488487244
203,6,0.5233259201049805,0.9404323101043701
203,6,0.5233259201049805,0.9404323101043701
203,15,0.5098520517349243,0.577567458152771
203,8,0.4965604245662689,0.3491012752056122
203,9,0.5064624547958374,0.7043098211288452
203,18,0.4569298028945923,0.7498273253440857
203,17,0.486789345741272,0.4645048975944519
203,16,0.522221028804779,4.427850162805162e-14
203,19,0.4783513844013214,0.39593109488487244
203,6,0.5233259201049805,0.9404323101043701
203,6,0.5233259201049805,0.9404323101043701
203,15,0.5098520517349243,0.577567458152771
203,8,0.4965604245662689,0.3491012752056122
203,9,0.5064624547958374,0.7043098211288452
203,18,0.4569298028945923,0.7498273253440857
203,17,0.486789345741272,0.4645048975944519
203,16,0.522221028804779,4.427850162805162e-14
203,19,0.4783513844013214,0.39593109488487244
203,6,0.5233259201049805,0.9404323101043701
203,6,0.5233259201049805,0.9404323101043701
203,15,0.5098520517349243,0.577567458152771
203,20,0.48618268966674805,0.31008180975914
203,21,0.4903351068496704,0.8500030040740967
203,21,0.4903351068496704,0.8500030040740967
203,21,0.4903351068496704,0.8500030040740967
203,21,0.4903351068496704,0.8500030040740967
203,21,0.4903351068496704,0.8500030040740967
203,22,0.4942873418331146,0.6901274919509888
203,22,0.4942873418331146,0.6901274919509888
203,22,0.4942873418331146,0.6901274919509888
203,22,0.4942873418331146,0.6901274919509888
203,22,0.4942873418331146,0.6901274919509888
203,23,0.4807327687740326,0.9851899743080139
203,20,0.48618268966674805,0.31008180975914
203,21,0.4903351068496704,0.8500030040740967
203,21,0.4903351068496704,0.8500030040740967
203,21,0.4903351068496704,0.8500030040740967
203,21,0.4903351068496704,0.8500030040740967
203,21,0.4903351068496704,0.8500030040740967
203,21,0.4903351068496704,0.8500030040740967
203,21,0.4903351068496704,0.8500030040740967
203,21,0.4903351068496704,0.8500030040740967
203,21,0.4903351068496704,0.8500030040740967
203,22,0.4942873418331146,0.6901274919509888
203,22,0.4942873418331146,0.6901274919509888
203,22,0.4942873418331146,0.6901274919509888
203,22,0.4942873418331146,0.6901274919509888
203,22,0.4942873418331146,0.6901274919509888
203,22,0.4942873418331146,0.6901274919509888
203,22,0.4942873418331146,0.6901274919509888
203,22,0.4942873418331146,0.6901274919509888
203,22,0.4942873418331146,0.6901274919509888
203,24,0.49082639813423157,0.773628294467926
203,20,0.48618268966674805,0.31008180975914
203,21,0.4903351068496704,0.8500030040740967
203,21,0.4903351068496704,0.8500030040740967
203,21,0.4903351068496704,0.8500030040740967
203,21,0.4903351068496704,0.8500030040740967
203,21,0.4903351068496704,0.8500030040740967
203,21,0.4903351068496704,0.8500030040740967
203,21,0.4903351068496704,0.8500030040740967
203,21,0.4903351068496704,0.8500030040740967
203,21,0.4903351068496704,0.8500030040740967
203,21,0.4903351068496704,0.8500030040740967
203,21,0.4903351068496704,0.8500030040740967
203,21,0.4903351068496704,0.8500030040740967
203,21,0.4903351068496704,0.8500030040740967
203,21,0.4903351068496704,0.8500030040740967
203,21,0.4903351068496704,0.8500030040740967
203,22,0.4942873418331146,0.6901274919509888
203,22,0.4942873418331146,0.6901274919509888
203,22,0.4942873418331146,0.6901274919509888
203,22,0.4942873418331146,0.6901274919509888
203,22,0.4942873418331146,0.6901274919509888
203,22,0.4942873418331146,0.6901274919509888
203,22,0.4942873418331146,0.6901274919509888
203,22,0.4942873418331146,0.6901274919509888
203,22,0.4942873418331146,0.6901274919509888
203,22,0.4942873418331146,0.6901274919509888
203,22,0.4942873418331146,0.6901274919509888
203,22,0.4942873418331146,0.6901274919509888
203,22,0.4942873418331146,0.6901274919509888
203,22,0.4942873418331146,0.6901274919509888
203,22,0.4942873418331146,0.6901274919509888
203,25,0.5024484395980835,0.9134065508842468
203,20,0.48618268966674805,0.31008180975914
203,21,0.4903351068496704,0.8500030040740967
203,21,0.4903351068496704,0.8500030040740967
203,21,0.4903351068496704,0.8500030040740967
203,21,0.4903351068496704,0.8500030040740967
203,21,0.4903351068496704,0.8500030040740967
203,21,0.4903351068496704,0.8500030040740967
203,21,0.4903351068496704,0.8500030040740967
203,21,0.4903351068496704,0.8500030040740967
203,21,0.4903351068496704,0.8500030040740967
203,21,0.4903351068496704,0.8500030040740967
203,21,0.4903351068496704,0.8500030040740967
203,21,0.4903351068496704,0.8500030040740967
203,21,0.4903351068496704,0.8500030040740967
203,22,0.4942873418331146,0.6901274919509888
203,22,0.4942873418331146,0.6901274919509888
203,22,0.4942873418331146,0.6901274919509888
203,22,0.4942873418331146,0.6901274919509888
203,22,0.4942873418331146,0.6901274919509888
203,22,0.4942873418331146,0.6901274919509888
203,22,0.4942873418331146,0.6901274919509888
203,22,0.4942873418331146,0.6901274919509888
203,22,0.4942873418331146,0.6901274919509888
203,22,0.4942873418331146,0.6901274919509888
203,22,0.4942873418331146,0.6901274919509888
203,22,0.4942873418331146,0.6901274919509888
203,22,0.4942873418331146,0.6901274919509888
203,23,0.4807327687740326,0.9851899743080139
203,20,0.48618268966674805,0.31008180975914
203,21,0.4903351068496704,0.8500030040740967
203,21,0.4903351068496704,0.8500030040740967
203,21,0.4903351068496704,0.8500030040740967
203,21,0.4903351068496704,0.8500030040740967
203,21,0.4903351068496704,0.8500030040740967
203,21,0.4903351068496704,0.8500030040740967
203,21,0.4903351068496704,0.8500030040740967
203,21,0.4903351068496704,0.8500030040740967
203,21,0.4903351068496704,0.8500030040740967
203,21,0.4903351068496704,0.8500030040740967
203,21,0.4903351068496704,0.8500030040740967
203,22,0.4942873418331146,0.6901274919509888
203,22,0.4942873418331146,0.6901274919509888
203,22,0.4942873418331146,0.6901274919509888
203,22,0.4942873418331146,0.6901274919509888
203,22,0.4942873418331146,0.6901274919509888
203,22,0.4942873418331146,0.6901274919509888
203,22,0.4942873418331146,0.6901274919509888
203,22,0.4942873418331146,0.6901274919509888
203,22,0.4942873418331146,0.6901274919509888
203,22,0.4942873418331146,0.6901274919509888
203,22,0.4942873418331146,0.6901274919509888
203,24,0.49082639813423157,0.773628294467926
203,20,0.48618268966674805,0.31008180975914
203,21,0.4903351068496704,0.8500030040740967
203,21,0.4903351068496704,0.8500030040740967
203,21,0.4903351068496704,0.8500030040740967
203,21,0.4903351068496704,0.8500030040740967
203,21,0.4903351068496704,0.8500030040740967
203,21,0.4903351068496704,0.8500030040740967
203,21,0.4903351068496704,0.8500030040740967
203,21,0.4903351068496704,0.8500030040740967
203,21,0.4903351068496704,0.8500030040740967
203,21,0.4903351068496704,0.8500030040740967
203,21,0.4903351068496704,0.8500030040740967
203,21,0.4903351068496704,0.8500030040740967
203,21,0.4903351068496704,0.8500030040740967
203,21,0.4903351068496704,0.8500030040740967
203,21,0.4903351068496704,0.8500030040740967
203,22,0.4942873418331146,0.6901274919509888
203,22,0.4942873418331146,0.6901274919509888
203,22,0.4942873418331146,0.6901274919509888
203,22,0.4942873418331146,0.6901274919509888
203,22,0.4942873418331146,0.6901274919509888
203,22,0.4942873418331146,0.6901274919509888
203,22,0.4942873418331146,0.6901274919509888
203,22,0.4942873418331146,0.6901274919509888
203,22,0.4942873418331146,0.6901274919509888
203,22,0.4942873418331146,0.6901274919509888
203,22,0.4942873418331146,0.6901274919509888
203,22,0.4942873418331146,0.6901274919509888
203,22,0.4942873418331146,0.6901274919509888
203,22,0.4942873418331146,0.6901274919509888
203,22,0.4942873418331146,0.6901274919509888
203,25,0.5024484395980835,0.9134065508842468
203,20,0.48618268966674805,0.31008180975914
203,21,0.4903351068496704,0.8500030040740967
203,21,0.4903351068496704,0.8500030040740967
203,0,0.49216949939727783,0.0865730494260788
203,0,0.49216949939727783,0.0865730494260788
203,0,0.49216949939727783,0.0865730494260788
203,0,0.49216949939727783,0.0865730494260788
203,0,0.49216949939727783,0.0865730494260788
203,0,0.49216949939727783,0.0865730494260788
203,0,0.49216949939727783,0.0865730494260788
203,0,0.49216949939727783,0.0865730494260788
203,0,0.49216949939727783,0.0865730494260788
203,0,0.49216949939727783,0.0865730494260788
203,0,0.49216949939727783,0.0865730494260788
203,0,0.49216949939727783,0.0865730494260788
437,279,0.5115835070610046,0.23227645456790924
437,280,0.522599458694458,0.8001254200935364
437,280,0.522599458694458,0.8001254200935364
437,279,0.5115835070610046,0.23227645456790924
437,279,0.5115835070610046,0.23227645456790924
437,279,0.5115835070610046,0.23227645456790924
437,280,0.522599458694458,0.8001254200935364
437,279,0.5115835070610046,0.23227645456790924
437,279,0.5115835070610046,0.23227645456790924
437,281,0.5108869671821594,0.31475210189819336
437,282,0.5038743019104004,0.6659007668495178
437,282,0.5038743019104004,0.6659007668495178
437,281,0.5108869671821594,0.31475210189819336
437,282,0.5038743019104004,0.6659007668495178
437,281,0.5108869671821594,0.31475210189819336
437,281,0.5108869671821594,0.31475210189819336
437,0,0.4925055205821991,0.0865730494260788
437,0,0.4925055205821991,0.0865730494260788
437,0,0.4925055205821991,0.0865730494260788
437,0,0.4925055205821991,0.0865730494260788
437,0,0.4925055205821991,0.0865730494260788
437,0,0.4925055205821991,0.0865730494260788
437,0,0.4925055205821991,0.0865730494260788
437,0,0.4925055205821991,0.0865730494260788
437,0,0.4925055205821991,0.0865730494260788
437,0,0.4925055205821991,0.0865730494260788
437,0,0.4925055205821991,0.0865730494260788
437,0,0.4925055205821991,0.0865730494260788
437,0,0.4925055205821991,0.0865730494260788
437,0,0.4925055205821991,0.0865730494260788
437,0,0.4925055205821991,0.0865730494260788
437,0,0.4925055205821991,0.0865730494260788
437,0,0.4925055205821991,0.0865730494260788
437,0,0.4925055205821991,0.0865730494260788
437,0,0.4925055205821991,0.0865730494260788
437,0,0.4925055205821991,0.0865730494260788
437,0,0.4925055205821991,0.0865730494260788
437,0,0.4925055205821991,0.0865730494260788
437,0,0.4925055205821991,0.0865730494260788
437,0,0.4925055205821991,0.0865730494260788
437,0,0.4925055205821991,0.0865730494260788
437,0,0.4925055205821991,0.0865730494260788
437,0,0.4925055205821991,0.0865730494260788
437,0,0.4925055205821991,0.0865730494260788
437,0,0.4925055205821991,0.0865730494260788
437,0,0.4925055205821991,0.0865730494260788
437,0,0.4925055205821991,0.0865730494260788
437,0,0.4925055205821991,0.0865730494260788
437,0,0.4925055205821991,0.0865730494260788
437,0,0.4925055205821991,0.0865730494260788
437,0,0.4925055205821991,0.0865730494260788
437,0,0.4925055205821991,0.0865730494260788
437,0,0.4925055205821991,0.0865730494260788
437,0,0.4925055205821991,0.0865730494260788
437,0,0.4925055205821991,0.0865730494260788
437,0,0.4925055205821991,0.0865730494260788
437,0,0.4925055205821991,0.0865730494260788
437,0,0.4925055205821991,0.0865730494260788
437,0,0.4925055205821991,0.0865730494260788
437,0,0.4925055205821991,0.0865730494260788
437,0,0.4925055205821991,0.0865730494260788
437,0,0.4925055205821991,0.0865730494260788
437,0,0.4925055205821991,0.0865730494260788
437,0,0.4925055205821991,0.0865730494260788
437,0,0.4925055205821991,0.0865730494260788
437,0,0.4925055205821991,0.0865730494260788
437,0,0.4925055205821991,0.0865730494260788
437,0,0.4925055205821991,0.0865730494260788
437,0,0.4925055205821991,0.0865730494260788
437,0,0.4925055205821991,0.0865730494260788
437,0,0.4925055205821991,0.0865730494260788
437,0,0.4925055205821991,0.0865730494260788
437,0,0.4925055205821991,0.0865730494260788
437,0,0.4925055205821991,0.0865730494260788
437,0,0.4925055205821991,0.0865730494260788
437,0,0.4925055205821991,0.0865730494260788
437,0,0.4925055205821991,0.0865730494260788
437,0,0.4925055205821991,0.0865730494260788
437,0,0.4925055205821991,0.0865730494260788
437,0,0.4925055205821991,0.0865730494260788
437,0,0.4925055205821991,0.0865730494260788
437,0,0.4925055205821991,0.0865730494260788
437,0,0.4925055205821991,0.0865730494260788
437,0,0.4925055205821991,0.0865730494260788
437,0,0.4925055205821991,0.0865730494260788
437,0,0.4925055205821991,0.0865730494260788
437,0,0.4925055205821991,0.0865730494260788
437,0,0.4925055205821991,0.0865730494260788
437,0,0.4925055205821991,0.0865730494260788
437,0,0.4925055205821991,0.0865730494260788
437,0,0.4925055205821991,0.0865730494260788
437,0,0.4925055205821991,0.0865730494260788
437,0,0.4925055205821991,0.0865730494260788
437,0,0.4925055205821991,0.0865730494260788
437,0,0.4925055205821991,0.0865730494260788
437,0,0.4925055205821991,0.0865730494260788
437,0,0.4925055205821991,0.0865730494260788
437,0,0.4925055205821991,0.0865730494260788
437,0,0.4925055205821991,0.0865730494260788
437,0,0.4925055205821991,0.0865730494260788
437,0,0.4925055205821991,0.0865730494260788
437,0,0.4925055205821991,0.0865730494260788
437,0,0.4925055205821991,0.0865730494260788
437,0,0.4925055205821991,0.0865730494260788
437,0,0.4925055205821991,0.0865730494260788
437,0,0.4925055205821991,0.0865730494260788
437,0,0.4925055205821991,0.0865730494260788
437,0,0.4925055205821991,0.0865730494260788
437,0,0.4925055205821991,0.0865730494260788
437,0,0.4925055205821991,0.0865730494260788
437,0,0.4925055205821991,0.0865730494260788
437,0,0.4925055205821991,0.0865730494260788
437,0,0.4925055205821991,0.0865730494260788
437,0,0.4925055205821991,0.0865730494260788
437,0,0.4925055205821991,0.0865730494260788
437,0,0.4925055205821991,0.0865730494260788
437,0,0.4925055205821991,0.0865730494260788
437,0,0.4925055205821991,0.0865730494260788
437,0,0.4925055205821991,0.0865730494260788
437,0,0.4925055205821991,0.0865730494260788
437,0,0.4925055205821991,0.0865730494260788
437,0,0.4925055205821991,0.0865730494260788
437,0,0.4925055205821991,0.0865730494260788
437,0,0.4925055205821991,0.0865730494260788
437,0,0.4925055205821991,0.0865730494260788
437,0,0.4925055205821991,0.0865730494260788
437,0,0.4925055205821991,0.0865730494260788
437,0,0.4925055205821991,0.0865730494260788
437,0,0.4925055205821991,0.0865730494260788
437,0,0.4925055205821991,0.0865730494260788
437,0,0.4925055205821991,0.0865730494260788
437,0,0.4925055205821991,0.0865730494260788
437,0,0.4925055205821991,0.0865730494260788
437,0,0.4925055205821991,0.0865730494260788
437,0,0.4925055205821991,0.0865730494260788
437,0,0.4925055205821991,0.0865730494260788
437,0,0.4925055205821991,0.0865730494260788
437,0,0.4925055205821991,0.0865730494260788
437,0,0.4925055205821991,0.0865730494260788
437,0,0.4925055205821991,0.0865730494260788
437,0,0.4925055205821991,0.0865730494260788
437,0,0.4925055205821991,0.0865730494260788
437,0,0.4925055205821991,0.0865730494260788
437,0,0.4925055205821991,0.0865730494260788
437,0,0.4925055205821991,0.0865730494260788
437,0,0.4925055205821991,0.0865730494260788
437,0,0.4925055205821991,0.0865730494260788
437,0,0.4925055205821991,0.0865730494260788
437,0,0.4925055205821991,0.0865730494260788
437,0,0.4925055205821991,0.0865730494260788
437,0,0.4925055205821991,0.0865730494260788
437,0,0.4925055205821991,0.0865730494260788
437,0,0.4925055205821991,0.0865730494260788
437,0,0.4925055205821991,0.0865730494260788
437,0,0.4925055205821991,0.0865730494260788
437,0,0.4925055205821991,0.0865730494260788
437,0,0.4925055205821991,0.0865730494260788
437,0,0.4925055205821991,0.0865730494260788
437,0,0.4925055205821991,0.0865730494260788
437,0,0.4925055205821991,0.0865730494260788
437,0,0.4925055205821991,0.0865730494260788
437,0,0.4925055205821991,0.0865730494260788
437,0,0.4925055205821991,0.0865730494260788
437,0,0.4925055205821991,0.0865730494260788
437,0,0.4925055205821991,0.0865730494260788
437,0,0.4925055205821991,0.0865730494260788
437,0,0.4925055205821991,0.0865730494260788
437,0,0.4925055205821991,0.0865730494260788
437,0,0.4925055205821991,0.0865730494260788
437,0,0.4925055205821991,0.0865730494260788
437,0,0.4925055205821991,0.0865730494260788
437,0,0.4925055205821991,0.0865730494260788
437,0,0.4925055205821991,0.0865730494260788
437,0,0.4925055205821991,0.0865730494260788
437,0,0.4925055205821991,0.0865730494260788
437,0,0.4925055205821991,0.0865730494260788
437,0,0.4925055205821991,0.0865730494260788
437,0,0.4925055205821991,0.0865730494260788
437,0,0.4925055205821991,0.0865730494260788
437,0,0.4925055205821991,0.0865730494260788
437,0,0.4925055205821991,0.0865730494260788
437,0,0.4925055205821991,0.0865730494260788
437,0,0.4925055205821991,0.0865730494260788
437,0,0.4925055205821991,0.0865730494260788
437,0,0.4925055205821991,0.0865730494260788
437,0,0.4925055205821991,0.0865730494260788
437,0,0.4925055205821991,0.0865730494260788
437,0,0.4925055205821991,0.0865730494260788
437,0,0.4925055205821991,0.0865730494260788
437,0,0.4925055205821991,0.0865730494260788
437,0,0.4925055205821991,0.0865730494260788
437,0,0.4925055205821991,0.0865730494260788
437,0,0.4925055205821991,0.0865730494260788
437,0,0.4925055205821991,0.0865730494260788
437,0,0.4925055205821991,0.0865730494260788
437,0,0.4925055205821991,0.0865730494260788
437,0,0.4925055205821991,0.0865730494260788
437,0,0.4925055205821991,0.0865730494260788
437,0,0.4925055205821991,0.0865730494260788
437,0,0.4925055205821991,0.0865730494260788
747,0,0.4925801753997803,0.0865730494260788
747,2,0.4953679144382477,0.4455474615097046
747,1,0.5176095962524414,0.10744237899780273
747,3,0.474002867937088,0.7426278591156006
747,4,0.48932191729545593,0.6352908611297607
747,5,0.49434134364128113,0.3134657144546509
747,6,0.5237367153167725,0.9404323101043701
747,6,0.5237367153167725,0.9404323101043701
747,0,0.4925801753997803,0.0865730494260788
747,1,0.5176095962524414,0.10744237899780273
747,2,0.4953679144382477,0.4455474615097046
747,4,0.48932191729545593,0.6352908611297607
747,3,0.474002867937088,0.7426278591156006
747,5,0.49434134364128113,0.3134657144546509
747,6,0.5237367153167725,0.9404323101043701
747,6,0.5237367153167725,0.9404323101043701
747,0,0.4925801753997803,0.0865730494260788
747,2,0.4953679144382477,0.4455474615097046
747,1,0.5176095962524414,0.10744237899780273
747,3,0.474002867937088,0.7426278591156006
747,4,0.48932191729545593,0.6352908611297607
747,5,0.49434134364128113,0.3134657144546509
747,6,0.5237367153167725,0.9404323101043701
747,6,0.5237367153167725,0.9404323101043701
747,0,0.4925801753997803,0.0865730494260788
747,1,0.5176095962524414,0.10744237899780273
747,2,0.4953679144382477,0.4455474615097046
747,4,0.48932191729545593,0.6352908611297607
747,3,0.474002867937088,0.7426278591156006
747,5,0.49434134364128113,0.3134657144546509
747,6,0.5237367153167725,0.9404323101043701
747,6,0.5237367153167725,0.9404323101043701
747,0,0.4925801753997803,0.0865730494260788
747,2,0.4953679144382477,0.4455474615097046
747,1,0.5176095962524414,0.10744237899780273
747,3,0.474002867937088,0.7426278591156006
747,4,0.48932191729545593,0.6352908611297607
747,5,0.49434134364128113,0.3134657144546509
747,6,0.5237367153167725,0.9404323101043701
747,6,0.5237367153167725,0.9404323101043701
747,0,0.4925801753997803,0.0865730494260788
747,2,0.4953679144382477,0.4455474615097046
747,1,0.5176095962524414,0.10744237899780273
747,3,0.474002867937088,0.7426278591156006
747,4,0.48932191729545593,0.6352908611297607
747,5,0.49434134364128113,0.3134657144546509
747,6,0.5237367153167725,0.9404323101043701
747,6,0.5237367153167725,0.9404323101043701
747,0,0.4925801753997803,0.0865730494260788
747,1,0.5176095962524414,0.10744237899780273
747,2,0.4953679144382477,0.4455474615097046
747,4,0.48932191729545593,0.6352908611297607
747,5,0.49434134364128113,0.3134657144546509
747,3,0.474002867937088,0.7426278591156006
747,6,0.5237367153167725,0.9404323101043701
747,6,0.5237367153167725,0.9404323101043701
747,0,0.4925801753997803,0.0865730494260788
747,1,0.5176095962524414,0.10744237899780273
747,2,0.4953679144382477,0.4455474615097046
747,4,0.48932191729545593,0.6352908611297607
747,3,0.474002867937088,0.7426278591156006
747,5,0.49434134364128113,0.3134657144546509
747,6,0.5237367153167725,0.9404323101043701
747,6,0.5237367153167725,0.9404323101043701
747,0,0.4925801753997803,0.0865730494260788
747,0,0.4925801753997803,0.0865730494260788
747,0,0.4925801753997803,0.0865730494260788
747,0,0.4925801753997803,0.0865730494260788
747,0,0.4925801753997803,0.0865730494260788
747,0,0.4925801753997803,0.0865730494260788
747,0,0.4925801753997803,0.0865730494260788
747,0,0.4925801753997803,0.0865730494260788
747,0,0.4925801753997803,0.0865730494260788
747,0,0.4925801753997803,0.0865730494260788
747,0,0.4925801753997803,0.0865730494260788
747,0,0.4925801753997803,0.0865730494260788
747,0,0.4925801753997803,0.0865730494260788
747,0,0.4925801753997803,0.0865730494260788
747,0,0.4925801753997803,0.0865730494260788
747,0,0.4925801753997803,0.0865730494260788
747,0,0.4925801753997803,0.0865730494260788
747,0,0.4925801753997803,0.0865730494260788
747,0,0.4925801753997803,0.0865730494260788
747,0,0.4925801753997803,0.0865730494260788
747,0,0.4925801753997803,0.0865730494260788
747,0,0.4925801753997803,0.0865730494260788
747,0,0.4925801753997803,0.0865730494260788
747,0,0.4925801753997803,0.0865730494260788
747,0,0.4925801753997803,0.0865730494260788
747,0,0.4925801753997803,0.0865730494260788
747,0,0.4925801753997803,0.0865730494260788
747,0,0.4925801753997803,0.0865730494260788
747,0,0.4925801753997803,0.0865730494260788
747,0,0.4925801753997803,0.0865730494260788
747,0,0.4925801753997803,0.0865730494260788
747,0,0.4925801753997803,0.0865730494260788
747,0,0.4925801753997803,0.0865730494260788
747,0,0.4925801753997803,0.0865730494260788
747,0,0.4925801753997803,0.0865730494260788
747,0,0.4925801753997803,0.0865730494260788
747,0,0.4925801753997803,0.0865730494260788
747,0,0.4925801753997803,0.0865730494260788
747,0,0.4925801753997803,0.0865730494260788
747,0,0.4925801753997803,0.0865730494260788
747,0,0.4925801753997803,0.0865730494260788
747,0,0.4925801753997803,0.0865730494260788
747,0,0.4925801753997803,0.0865730494260788
747,0,0.4925801753997803,0.0865730494260788
747,0,0.4925801753997803,0.0865730494260788
747,0,0.4925801753997803,0.0865730494260788
747,0,0.4925801753997803,0.0865730494260788
747,0,0.4925801753997803,0.0865730494260788
747,0,0.4925801753997803,0.0865730494260788
747,0,0.4925801753997803,0.0865730494260788
747,0,0.4925801753997803,0.0865730494260788
747,0,0.4925801753997803,0.0865730494260788
747,0,0.4925801753997803,0.0865730494260788
747,0,0.4925801753997803,0.0865730494260788
747,0,0.4925801753997803,0.0865730494260788
747,0,0.4925801753997803,0.0865730494260788
747,0,0.4925801753997803,0.0865730494260788
747,0,0.4925801753997803,0.0865730494260788
747,0,0.4925801753997803,0.0865730494260788
747,0,0.4925801753997803,0.0865730494260788
747,0,0.4925801753997803,0.0865730494260788
747,0,0.4925801753997803,0.0865730494260788
747,0,0.4925801753997803,0.0865730494260788
747,0,0.4925801753997803,0.0865730494260788
747,0,0.4925801753997803,0.0865730494260788
747,0,0.4925801753997803,0.0865730494260788
747,0,0.4925801753997803,0.0865730494260788
747,0,0.4925801753997803,0.0865730494260788
747,0,0.4925801753997803,0.0865730494260788
747,0,0.4925801753997803,0.0865730494260788
747,0,0.4925801753997803,0.0865730494260788
747,0,0.4925801753997803,0.0865730494260788
747,0,0.4925801753997803,0.0865730494260788
747,0,0.4925801753997803,0.0865730494260788
747,0,0.4925801753997803,0.0865730494260788
747,0,0.4925801753997803,0.0865730494260788
747,0,0.4925801753997803,0.0865730494260788
747,0,0.4925801753997803,0.0865730494260788
747,0,0.4925801753997803,0.0865730494260788
747,0,0.4925801753997803,0.0865730494260788
747,0,0.4925801753997803,0.0865730494260788
747,0,0.4925801753997803,0.0865730494260788
747,0,0.4925801753997803,0.0865730494260788
747,0,0.4925801753997803,0.0865730494260788
747,0,0.4925801753997803,0.0865730494260788
747,0,0.4925801753997803,0.0865730494260788
747,0,0.4925801753997803,0.0865730494260788
747,0,0.4925801753997803,0.0865730494260788
747,0,0.4925801753997803,0.0865730494260788
747,0,0.4925801753997803,0.0865730494260788
747,0,0.4925801753997803,0.0865730494260788
747,0,0.4925801753997803,0.0865730494260788
747,0,0.4925801753997803,0.0865730494260788
747,0,0.4925801753997803,0.0865730494260788
747,0,0.4925801753997803,0.0865730494260788
747,0,0.4925801753997803,0.0865730494260788
747,0,0.4925801753997803,0.0865730494260788
747,0,0.4925801753997803,0.0865730494260788
747,0,0.4925801753997803,0.0865730494260788
747,0,0.4925801753997803,0.0865730494260788
747,0,0.4925801753997803,0.0865730494260788
747,0,0.4925801753997803,0.0865730494260788
747,0,0.4925801753997803,0.0865730494260788
747,0,0.4925801753997803,0.0865730494260788
747,0,0.4925801753997803,0.0865730494260788
747,0,0.4925801753997803,0.0865730494260788
747,0,0.4925801753997803,0.0865730494260788
747,0,0.4925801753997803,0.0865730494260788
747,0,0.4925801753997803,0.0865730494260788
747,0,0.4925801753997803,0.0865730494260788
747,0,0.4925801753997803,0.0865730494260788
747,0,0.4925801753997803,0.0865730494260788
747,0,0.4925801753997803,0.0865730494260788
747,0,0.4925801753997803,0.0865730494260788
747,0,0.4925801753997803,0.0865730494260788
747,0,0.4925801753997803,0.0865730494260788
747,0,0.4925801753997803,0.0865730494260788
747,0,0.4925801753997803,0.0865730494260788
747,0,0.4925801753997803,0.0865730494260788
747,0,0.4925801753997803,0.0865730494260788
747,0,0.4925801753997803,0.0865730494260788
747,0,0.4925801753997803,0.0865730494260788
747,0,0.4925801753997803,0.0865730494260788
747,0,0.4925801753997803,0.0865730494260788
747,0,0.4925801753997803,0.0865730494260788
747,0,0.4925801753997803,0.0865730494260788
747,0,0.4925801753997803,0.0865730494260788
747,0,0.4925801753997803,0.0865730494260788
747,0,0.4925801753997803,0.0865730494260788
747,0,0.4925801753997803,0.0865730494260788
747,0,0.4925801753997803,0.0865730494260788
747,0,0.4925801753997803,0.0865730494260788
747,0,0.4925801753997803,0.0865730494260788
747,0,0.4925801753997803,0.0865730494260788
747,0,0.4925801753997803,0.0865730494260788
747,0,0.4925801753997803,0.0865730494260788
