student_id,skill_id,idkt_rate,bkt_rate
461,53,0.4972025156021118,0.00036915054079145193
461,54,0.49430936574935913,0.2639874517917633
461,55,0.5133318901062012,0.14340974390506744
461,53,0.4972025156021118,0.00036915054079145193
461,54,0.49430936574935913,0.2639874517917633
461,56,0.5146933794021606,0.8804444670677185
461,57,0.5183206796646118,0.053641874343156815
461,0,0.5235042572021484,0.032456640154123306
461,0,0.5235042572021484,0.032456640154123306
461,0,0.5235042572021484,0.032456640154123306
461,0,0.5235042572021484,0.032456640154123306
461,0,0.5235042572021484,0.032456640154123306
461,0,0.5235042572021484,0.032456640154123306
461,0,0.5235042572021484,0.032456640154123306
461,0,0.5235042572021484,0.032456640154123306
461,0,0.5235042572021484,0.032456640154123306
461,0,0.5235042572021484,0.032456640154123306
461,0,0.5235042572021484,0.032456640154123306
461,0,0.5235042572021484,0.032456640154123306
461,0,0.5235042572021484,0.032456640154123306
461,0,0.5235042572021484,0.032456640154123306
461,0,0.5235042572021484,0.032456640154123306
461,0,0.5235042572021484,0.032456640154123306
461,0,0.5235042572021484,0.032456640154123306
461,0,0.5235042572021484,0.032456640154123306
461,0,0.5235042572021484,0.032456640154123306
461,0,0.5235042572021484,0.032456640154123306
461,0,0.5235042572021484,0.032456640154123306
461,0,0.5235042572021484,0.032456640154123306
461,0,0.5235042572021484,0.032456640154123306
461,0,0.5235042572021484,0.032456640154123306
461,0,0.5235042572021484,0.032456640154123306
461,0,0.5235042572021484,0.032456640154123306
461,0,0.5235042572021484,0.032456640154123306
461,0,0.5235042572021484,0.032456640154123306
461,0,0.5235042572021484,0.032456640154123306
461,0,0.5235042572021484,0.032456640154123306
461,0,0.5235042572021484,0.032456640154123306
461,0,0.5235042572021484,0.032456640154123306
461,0,0.5235042572021484,0.032456640154123306
461,0,0.5235042572021484,0.032456640154123306
461,0,0.5235042572021484,0.032456640154123306
461,0,0.5235042572021484,0.032456640154123306
461,0,0.5235042572021484,0.032456640154123306
461,0,0.5235042572021484,0.032456640154123306
461,0,0.5235042572021484,0.032456640154123306
461,0,0.5235042572021484,0.032456640154123306
461,0,0.5235042572021484,0.032456640154123306
461,0,0.5235042572021484,0.032456640154123306
461,0,0.5235042572021484,0.032456640154123306
461,0,0.5235042572021484,0.032456640154123306
461,0,0.5235042572021484,0.032456640154123306
461,0,0.5235042572021484,0.032456640154123306
461,0,0.5235042572021484,0.032456640154123306
461,0,0.5235042572021484,0.032456640154123306
461,0,0.5235042572021484,0.032456640154123306
461,0,0.5235042572021484,0.032456640154123306
461,0,0.5235042572021484,0.032456640154123306
461,0,0.5235042572021484,0.032456640154123306
461,0,0.5235042572021484,0.032456640154123306
461,0,0.5235042572021484,0.032456640154123306
461,0,0.5235042572021484,0.032456640154123306
461,0,0.5235042572021484,0.032456640154123306
461,0,0.5235042572021484,0.032456640154123306
461,0,0.5235042572021484,0.032456640154123306
461,0,0.5235042572021484,0.032456640154123306
461,0,0.5235042572021484,0.032456640154123306
461,0,0.5235042572021484,0.032456640154123306
461,0,0.5235042572021484,0.032456640154123306
461,0,0.5235042572021484,0.032456640154123306
461,0,0.5235042572021484,0.032456640154123306
461,0,0.5235042572021484,0.032456640154123306
461,0,0.5235042572021484,0.032456640154123306
461,0,0.5235042572021484,0.032456640154123306
461,0,0.5235042572021484,0.032456640154123306
461,0,0.5235042572021484,0.032456640154123306
461,0,0.5235042572021484,0.032456640154123306
461,0,0.5235042572021484,0.032456640154123306
461,0,0.5235042572021484,0.032456640154123306
461,0,0.5235042572021484,0.032456640154123306
461,0,0.5235042572021484,0.032456640154123306
461,0,0.5235042572021484,0.032456640154123306
461,0,0.5235042572021484,0.032456640154123306
461,0,0.5235042572021484,0.032456640154123306
461,0,0.5235042572021484,0.032456640154123306
461,0,0.5235042572021484,0.032456640154123306
461,0,0.5235042572021484,0.032456640154123306
461,0,0.5235042572021484,0.032456640154123306
461,0,0.5235042572021484,0.032456640154123306
461,0,0.5235042572021484,0.032456640154123306
461,0,0.5235042572021484,0.032456640154123306
461,0,0.5235042572021484,0.032456640154123306
461,0,0.5235042572021484,0.032456640154123306
461,0,0.5235042572021484,0.032456640154123306
461,0,0.5235042572021484,0.032456640154123306
461,0,0.5235042572021484,0.032456640154123306
461,0,0.5235042572021484,0.032456640154123306
461,0,0.5235042572021484,0.032456640154123306
461,0,0.5235042572021484,0.032456640154123306
461,0,0.5235042572021484,0.032456640154123306
461,0,0.5235042572021484,0.032456640154123306
461,0,0.5235042572021484,0.032456640154123306
461,0,0.5235042572021484,0.032456640154123306
461,0,0.5235042572021484,0.032456640154123306
461,0,0.5235042572021484,0.032456640154123306
461,0,0.5235042572021484,0.032456640154123306
461,0,0.5235042572021484,0.032456640154123306
461,0,0.5235042572021484,0.032456640154123306
461,0,0.5235042572021484,0.032456640154123306
461,0,0.5235042572021484,0.032456640154123306
461,0,0.5235042572021484,0.032456640154123306
461,0,0.5235042572021484,0.032456640154123306
461,0,0.5235042572021484,0.032456640154123306
461,0,0.5235042572021484,0.032456640154123306
461,0,0.5235042572021484,0.032456640154123306
461,0,0.5235042572021484,0.032456640154123306
461,0,0.5235042572021484,0.032456640154123306
461,0,0.5235042572021484,0.032456640154123306
461,0,0.5235042572021484,0.032456640154123306
461,0,0.5235042572021484,0.032456640154123306
461,0,0.5235042572021484,0.032456640154123306
461,0,0.5235042572021484,0.032456640154123306
461,0,0.5235042572021484,0.032456640154123306
461,0,0.5235042572021484,0.032456640154123306
461,0,0.5235042572021484,0.032456640154123306
461,0,0.5235042572021484,0.032456640154123306
461,0,0.5235042572021484,0.032456640154123306
461,0,0.5235042572021484,0.032456640154123306
461,0,0.5235042572021484,0.032456640154123306
461,0,0.5235042572021484,0.032456640154123306
461,0,0.5235042572021484,0.032456640154123306
461,0,0.5235042572021484,0.032456640154123306
461,0,0.5235042572021484,0.032456640154123306
461,0,0.5235042572021484,0.032456640154123306
461,0,0.5235042572021484,0.032456640154123306
461,0,0.5235042572021484,0.032456640154123306
461,0,0.5235042572021484,0.032456640154123306
461,0,0.5235042572021484,0.032456640154123306
461,0,0.5235042572021484,0.032456640154123306
461,0,0.5235042572021484,0.032456640154123306
461,0,0.5235042572021484,0.032456640154123306
461,0,0.5235042572021484,0.032456640154123306
461,0,0.5235042572021484,0.032456640154123306
461,0,0.5235042572021484,0.032456640154123306
461,0,0.5235042572021484,0.032456640154123306
461,0,0.5235042572021484,0.032456640154123306
461,0,0.5235042572021484,0.032456640154123306
461,0,0.5235042572021484,0.032456640154123306
461,0,0.5235042572021484,0.032456640154123306
461,0,0.5235042572021484,0.032456640154123306
461,0,0.5235042572021484,0.032456640154123306
461,0,0.5235042572021484,0.032456640154123306
461,0,0.5235042572021484,0.032456640154123306
461,0,0.5235042572021484,0.032456640154123306
461,0,0.5235042572021484,0.032456640154123306
461,0,0.5235042572021484,0.032456640154123306
461,0,0.5235042572021484,0.032456640154123306
461,0,0.5235042572021484,0.032456640154123306
461,0,0.5235042572021484,0.032456640154123306
461,0,0.5235042572021484,0.032456640154123306
461,0,0.5235042572021484,0.032456640154123306
461,0,0.5235042572021484,0.032456640154123306
461,0,0.5235042572021484,0.032456640154123306
461,0,0.5235042572021484,0.032456640154123306
461,0,0.5235042572021484,0.032456640154123306
461,0,0.5235042572021484,0.032456640154123306
461,0,0.5235042572021484,0.032456640154123306
461,0,0.5235042572021484,0.032456640154123306
461,0,0.5235042572021484,0.032456640154123306
461,0,0.5235042572021484,0.032456640154123306
461,0,0.5235042572021484,0.032456640154123306
461,0,0.5235042572021484,0.032456640154123306
461,0,0.5235042572021484,0.032456640154123306
461,0,0.5235042572021484,0.032456640154123306
461,0,0.5235042572021484,0.032456640154123306
461,0,0.5235042572021484,0.032456640154123306
461,0,0.5235042572021484,0.032456640154123306
461,0,0.5235042572021484,0.032456640154123306
461,0,0.5235042572021484,0.032456640154123306
461,0,0.5235042572021484,0.032456640154123306
461,0,0.5235042572021484,0.032456640154123306
461,0,0.5235042572021484,0.032456640154123306
461,0,0.5235042572021484,0.032456640154123306
461,0,0.5235042572021484,0.032456640154123306
461,0,0.5235042572021484,0.032456640154123306
461,0,0.5235042572021484,0.032456640154123306
461,0,0.5235042572021484,0.032456640154123306
461,0,0.5235042572021484,0.032456640154123306
461,0,0.5235042572021484,0.032456640154123306
461,0,0.5235042572021484,0.032456640154123306
461,0,0.5235042572021484,0.032456640154123306
461,0,0.5235042572021484,0.032456640154123306
461,0,0.5235042572021484,0.032456640154123306
461,0,0.5235042572021484,0.032456640154123306
461,0,0.5235042572021484,0.032456640154123306
461,0,0.5235042572021484,0.032456640154123306
461,0,0.5235042572021484,0.032456640154123306
461,0,0.5235042572021484,0.032456640154123306
461,0,0.5235042572021484,0.032456640154123306
461,0,0.5235042572021484,0.032456640154123306
460,27,0.4818808138370514,0.23172780871391296
460,27,0.4818808138370514,0.23172780871391296
460,27,0.4818808138370514,0.23172780871391296
460,27,0.4818808138370514,0.23172780871391296
460,27,0.4818808138370514,0.23172780871391296
460,27,0.4818808138370514,0.23172780871391296
460,27,0.4818808138370514,0.23172780871391296
460,27,0.4818808138370514,0.23172780871391296
460,27,0.4818808138370514,0.23172780871391296
460,29,0.48598936200141907,1.0
460,0,0.5235057473182678,0.032456640154123306
460,0,0.5235057473182678,0.032456640154123306
460,0,0.5235057473182678,0.032456640154123306
460,0,0.5235057473182678,0.032456640154123306
460,0,0.5235057473182678,0.032456640154123306
460,0,0.5235057473182678,0.032456640154123306
460,0,0.5235057473182678,0.032456640154123306
460,0,0.5235057473182678,0.032456640154123306
460,0,0.5235057473182678,0.032456640154123306
460,0,0.5235057473182678,0.032456640154123306
460,0,0.5235057473182678,0.032456640154123306
460,0,0.5235057473182678,0.032456640154123306
460,0,0.5235057473182678,0.032456640154123306
460,0,0.5235057473182678,0.032456640154123306
460,0,0.5235057473182678,0.032456640154123306
460,0,0.5235057473182678,0.032456640154123306
460,0,0.5235057473182678,0.032456640154123306
460,0,0.5235057473182678,0.032456640154123306
460,0,0.5235057473182678,0.032456640154123306
460,0,0.5235057473182678,0.032456640154123306
460,0,0.5235057473182678,0.032456640154123306
460,0,0.5235057473182678,0.032456640154123306
460,0,0.5235057473182678,0.032456640154123306
460,0,0.5235057473182678,0.032456640154123306
460,0,0.5235057473182678,0.032456640154123306
460,0,0.5235057473182678,0.032456640154123306
460,0,0.5235057473182678,0.032456640154123306
460,0,0.5235057473182678,0.032456640154123306
460,0,0.5235057473182678,0.032456640154123306
460,0,0.5235057473182678,0.032456640154123306
460,0,0.5235057473182678,0.032456640154123306
460,0,0.5235057473182678,0.032456640154123306
460,0,0.5235057473182678,0.032456640154123306
460,0,0.5235057473182678,0.032456640154123306
460,0,0.5235057473182678,0.032456640154123306
460,0,0.5235057473182678,0.032456640154123306
460,0,0.5235057473182678,0.032456640154123306
460,0,0.5235057473182678,0.032456640154123306
460,0,0.5235057473182678,0.032456640154123306
460,0,0.5235057473182678,0.032456640154123306
460,0,0.5235057473182678,0.032456640154123306
460,0,0.5235057473182678,0.032456640154123306
460,0,0.5235057473182678,0.032456640154123306
460,0,0.5235057473182678,0.032456640154123306
460,0,0.5235057473182678,0.032456640154123306
460,0,0.5235057473182678,0.032456640154123306
460,0,0.5235057473182678,0.032456640154123306
460,0,0.5235057473182678,0.032456640154123306
460,0,0.5235057473182678,0.032456640154123306
460,0,0.5235057473182678,0.032456640154123306
460,0,0.5235057473182678,0.032456640154123306
460,0,0.5235057473182678,0.032456640154123306
460,0,0.5235057473182678,0.032456640154123306
460,0,0.5235057473182678,0.032456640154123306
460,0,0.5235057473182678,0.032456640154123306
460,0,0.5235057473182678,0.032456640154123306
460,0,0.5235057473182678,0.032456640154123306
460,0,0.5235057473182678,0.032456640154123306
460,0,0.5235057473182678,0.032456640154123306
460,0,0.5235057473182678,0.032456640154123306
460,0,0.5235057473182678,0.032456640154123306
460,0,0.5235057473182678,0.032456640154123306
460,0,0.5235057473182678,0.032456640154123306
460,0,0.5235057473182678,0.032456640154123306
460,0,0.5235057473182678,0.032456640154123306
460,0,0.5235057473182678,0.032456640154123306
460,0,0.5235057473182678,0.032456640154123306
460,0,0.5235057473182678,0.032456640154123306
460,0,0.5235057473182678,0.032456640154123306
460,0,0.5235057473182678,0.032456640154123306
460,0,0.5235057473182678,0.032456640154123306
460,0,0.5235057473182678,0.032456640154123306
460,0,0.5235057473182678,0.032456640154123306
460,0,0.5235057473182678,0.032456640154123306
460,0,0.5235057473182678,0.032456640154123306
460,0,0.5235057473182678,0.032456640154123306
460,0,0.5235057473182678,0.032456640154123306
460,0,0.5235057473182678,0.032456640154123306
460,0,0.5235057473182678,0.032456640154123306
460,0,0.5235057473182678,0.032456640154123306
460,0,0.5235057473182678,0.032456640154123306
460,0,0.5235057473182678,0.032456640154123306
460,0,0.5235057473182678,0.032456640154123306
460,0,0.5235057473182678,0.032456640154123306
460,0,0.5235057473182678,0.032456640154123306
460,0,0.5235057473182678,0.032456640154123306
460,0,0.5235057473182678,0.032456640154123306
460,0,0.5235057473182678,0.032456640154123306
460,0,0.5235057473182678,0.032456640154123306
460,0,0.5235057473182678,0.032456640154123306
460,0,0.5235057473182678,0.032456640154123306
460,0,0.5235057473182678,0.032456640154123306
460,0,0.5235057473182678,0.032456640154123306
460,0,0.5235057473182678,0.032456640154123306
460,0,0.5235057473182678,0.032456640154123306
460,0,0.5235057473182678,0.032456640154123306
460,0,0.5235057473182678,0.032456640154123306
460,0,0.5235057473182678,0.032456640154123306
460,0,0.5235057473182678,0.032456640154123306
460,0,0.5235057473182678,0.032456640154123306
460,0,0.5235057473182678,0.032456640154123306
460,0,0.5235057473182678,0.032456640154123306
460,0,0.5235057473182678,0.032456640154123306
460,0,0.5235057473182678,0.032456640154123306
460,0,0.5235057473182678,0.032456640154123306
460,0,0.5235057473182678,0.032456640154123306
460,0,0.5235057473182678,0.032456640154123306
460,0,0.5235057473182678,0.032456640154123306
460,0,0.5235057473182678,0.032456640154123306
460,0,0.5235057473182678,0.032456640154123306
460,0,0.5235057473182678,0.032456640154123306
460,0,0.5235057473182678,0.032456640154123306
460,0,0.5235057473182678,0.032456640154123306
460,0,0.5235057473182678,0.032456640154123306
460,0,0.5235057473182678,0.032456640154123306
460,0,0.5235057473182678,0.032456640154123306
460,0,0.5235057473182678,0.032456640154123306
460,0,0.5235057473182678,0.032456640154123306
460,0,0.5235057473182678,0.032456640154123306
460,0,0.5235057473182678,0.032456640154123306
460,0,0.5235057473182678,0.032456640154123306
460,0,0.5235057473182678,0.032456640154123306
460,0,0.5235057473182678,0.032456640154123306
460,0,0.5235057473182678,0.032456640154123306
460,0,0.5235057473182678,0.032456640154123306
460,0,0.5235057473182678,0.032456640154123306
460,0,0.5235057473182678,0.032456640154123306
460,0,0.5235057473182678,0.032456640154123306
460,0,0.5235057473182678,0.032456640154123306
460,0,0.5235057473182678,0.032456640154123306
460,0,0.5235057473182678,0.032456640154123306
460,0,0.5235057473182678,0.032456640154123306
460,0,0.5235057473182678,0.032456640154123306
460,0,0.5235057473182678,0.032456640154123306
460,0,0.5235057473182678,0.032456640154123306
460,0,0.5235057473182678,0.032456640154123306
460,0,0.5235057473182678,0.032456640154123306
460,0,0.5235057473182678,0.032456640154123306
460,0,0.5235057473182678,0.032456640154123306
460,0,0.5235057473182678,0.032456640154123306
460,0,0.5235057473182678,0.032456640154123306
460,0,0.5235057473182678,0.032456640154123306
460,0,0.5235057473182678,0.032456640154123306
460,0,0.5235057473182678,0.032456640154123306
460,0,0.5235057473182678,0.032456640154123306
460,0,0.5235057473182678,0.032456640154123306
460,0,0.5235057473182678,0.032456640154123306
460,0,0.5235057473182678,0.032456640154123306
460,0,0.5235057473182678,0.032456640154123306
460,0,0.5235057473182678,0.032456640154123306
460,0,0.5235057473182678,0.032456640154123306
460,0,0.5235057473182678,0.032456640154123306
460,0,0.5235057473182678,0.032456640154123306
460,0,0.5235057473182678,0.032456640154123306
460,0,0.5235057473182678,0.032456640154123306
460,0,0.5235057473182678,0.032456640154123306
460,0,0.5235057473182678,0.032456640154123306
460,0,0.5235057473182678,0.032456640154123306
460,0,0.5235057473182678,0.032456640154123306
460,0,0.5235057473182678,0.032456640154123306
460,0,0.5235057473182678,0.032456640154123306
460,0,0.5235057473182678,0.032456640154123306
460,0,0.5235057473182678,0.032456640154123306
460,0,0.5235057473182678,0.032456640154123306
460,0,0.5235057473182678,0.032456640154123306
460,0,0.5235057473182678,0.032456640154123306
460,0,0.5235057473182678,0.032456640154123306
460,0,0.5235057473182678,0.032456640154123306
460,0,0.5235057473182678,0.032456640154123306
460,0,0.5235057473182678,0.032456640154123306
460,0,0.5235057473182678,0.032456640154123306
460,0,0.5235057473182678,0.032456640154123306
460,0,0.5235057473182678,0.032456640154123306
460,0,0.5235057473182678,0.032456640154123306
460,0,0.5235057473182678,0.032456640154123306
460,0,0.5235057473182678,0.032456640154123306
460,0,0.5235057473182678,0.032456640154123306
460,0,0.5235057473182678,0.032456640154123306
460,0,0.5235057473182678,0.032456640154123306
460,0,0.5235057473182678,0.032456640154123306
460,0,0.5235057473182678,0.032456640154123306
460,0,0.5235057473182678,0.032456640154123306
460,0,0.5235057473182678,0.032456640154123306
460,0,0.5235057473182678,0.032456640154123306
460,0,0.5235057473182678,0.032456640154123306
460,0,0.5235057473182678,0.032456640154123306
460,0,0.5235057473182678,0.032456640154123306
460,0,0.5235057473182678,0.032456640154123306
460,0,0.5235057473182678,0.032456640154123306
460,0,0.5235057473182678,0.032456640154123306
299,31,0.49044153094291687,1.0
299,32,0.4944121539592743,1.0
299,33,0.4855474531650543,1.0
299,34,0.5232785940170288,0.7935794591903687
299,35,0.4744185507297516,0.000231342957704328
299,36,0.528806209564209,1.0
299,37,0.494871586561203,1.0
299,34,0.5232785940170288,0.7935794591903687
299,279,0.48977765440940857,0.8794111013412476
299,280,0.5100944638252258,0.04054993763566017
299,279,0.48977765440940857,0.8794111013412476
299,280,0.5100944638252258,0.04054993763566017
299,279,0.48977765440940857,0.8794111013412476
299,280,0.5100944638252258,0.04054993763566017
299,281,0.49853214621543884,0.3140147626399994
299,282,0.5224300622940063,0.18377628922462463
299,282,0.5224300622940063,0.18377628922462463
299,281,0.49853214621543884,0.3140147626399994
299,282,0.5224300622940063,0.18377628922462463
299,281,0.49853214621543884,0.3140147626399994
299,283,0.49385666847229004,0.36342093348503113
299,284,0.5045204758644104,0.8195447325706482
299,285,0.4978249967098236,1.0
299,283,0.49385666847229004,0.36342093348503113
299,284,0.5045204758644104,0.8195447325706482
299,285,0.4978249967098236,1.0
299,283,0.49385666847229004,0.36342093348503113
299,286,0.4967561662197113,0.43670037388801575
299,287,0.4904542565345764,0.33333367109298706
299,283,0.49385666847229004,0.36342093348503113
299,284,0.5045204758644104,0.8195447325706482
299,285,0.4978249967098236,1.0
299,283,0.49385666847229004,0.36342093348503113
299,286,0.4967561662197113,0.43670037388801575
299,287,0.4904542565345764,0.33333367109298706
299,283,0.49385666847229004,0.36342093348503113
299,286,0.4967561662197113,0.43670037388801575
299,287,0.4904542565345764,0.33333367109298706
299,283,0.49385666847229004,0.36342093348503113
299,284,0.5045204758644104,0.8195447325706482
299,285,0.4978249967098236,1.0
299,283,0.49385666847229004,0.36342093348503113
299,286,0.4967561662197113,0.43670037388801575
299,287,0.4904542565345764,0.33333367109298706
299,283,0.49385666847229004,0.36342093348503113
299,284,0.5045204758644104,0.8195447325706482
299,285,0.4978249967098236,1.0
299,283,0.49385666847229004,0.36342093348503113
299,284,0.5045204758644104,0.8195447325706482
299,285,0.4978249967098236,1.0
299,283,0.49385666847229004,0.36342093348503113
299,286,0.4967561662197113,0.43670037388801575
299,287,0.4904542565345764,0.33333367109298706
299,283,0.49385666847229004,0.36342093348503113
299,284,0.5045204758644104,0.8195447325706482
299,285,0.4978249967098236,1.0
299,283,0.49385666847229004,0.36342093348503113
299,286,0.4967561662197113,0.43670037388801575
299,287,0.4904542565345764,0.33333367109298706
299,288,0.48971885442733765,0.9155881404876709
299,283,0.49385666847229004,0.36342093348503113
299,286,0.4967561662197113,0.43670037388801575
299,287,0.4904542565345764,0.33333367109298706
299,292,0.5118797421455383,1.1403617463656701e-06
299,283,0.49385666847229004,0.36342093348503113
299,293,0.47716987133026123,0.9972285032272339
299,294,0.49833282828330994,0.24909904599189758
299,289,0.5010343790054321,0.00010215607471764088
299,283,0.49385666847229004,0.36342093348503113
299,290,0.49793705344200134,0.9593036770820618
299,291,0.4965588450431824,0.6220545768737793
299,292,0.5118797421455383,1.1403617463656701e-06
299,283,0.49385666847229004,0.36342093348503113
299,293,0.47716987133026123,0.9972285032272339
299,294,0.49833282828330994,0.24909904599189758
299,289,0.5010343790054321,0.00010215607471764088
299,283,0.49385666847229004,0.36342093348503113
299,290,0.49793705344200134,0.9593036770820618
299,291,0.4965588450431824,0.6220545768737793
299,295,0.49909481406211853,0.21477031707763672
299,283,0.49385666847229004,0.36342093348503113
299,284,0.5045204758644104,0.8195447325706482
299,285,0.4978249967098236,1.0
299,292,0.5118797421455383,1.1403617463656701e-06
299,283,0.49385666847229004,0.36342093348503113
299,293,0.47716987133026123,0.9972285032272339
299,294,0.49833282828330994,0.24909904599189758
299,295,0.49909481406211853,0.21477031707763672
299,283,0.49385666847229004,0.36342093348503113
299,284,0.5045204758644104,0.8195447325706482
299,285,0.4978249967098236,1.0
299,295,0.49909481406211853,0.21477031707763672
299,283,0.49385666847229004,0.36342093348503113
299,284,0.5045204758644104,0.8195447325706482
299,285,0.4978249967098236,1.0
299,289,0.5010343790054321,0.00010215607471764088
299,283,0.49385666847229004,0.36342093348503113
299,290,0.49793705344200134,0.9593036770820618
299,291,0.4965588450431824,0.6220545768737793
299,292,0.5118797421455383,1.1403617463656701e-06
299,283,0.49385666847229004,0.36342093348503113
299,293,0.47716987133026123,0.9972285032272339
299,294,0.49833282828330994,0.24909904599189758
299,295,0.49909481406211853,0.21477031707763672
299,283,0.49385666847229004,0.36342093348503113
299,284,0.5045204758644104,0.8195447325706482
299,285,0.4978249967098236,1.0
299,292,0.5118797421455383,1.1403617463656701e-06
299,283,0.49385666847229004,0.36342093348503113
299,293,0.47716987133026123,0.9972285032272339
299,294,0.49833282828330994,0.24909904599189758
299,288,0.48971885442733765,0.9155881404876709
299,283,0.49385666847229004,0.36342093348503113
299,286,0.4967561662197113,0.43670037388801575
299,287,0.4904542565345764,0.33333367109298706
299,288,0.48971885442733765,0.9155881404876709
299,283,0.49385666847229004,0.36342093348503113
299,286,0.4967561662197113,0.43670037388801575
299,287,0.4904542565345764,0.33333367109298706
299,289,0.5010343790054321,0.00010215607471764088
299,283,0.49385666847229004,0.36342093348503113
299,290,0.49793705344200134,0.9593036770820618
299,291,0.4965588450431824,0.6220545768737793
299,288,0.48971885442733765,0.9155881404876709
299,283,0.49385666847229004,0.36342093348503113
299,286,0.4967561662197113,0.43670037388801575
299,287,0.4904542565345764,0.33333367109298706
299,295,0.49909481406211853,0.21477031707763672
299,283,0.49385666847229004,0.36342093348503113
299,284,0.5045204758644104,0.8195447325706482
299,285,0.4978249967098236,1.0
299,292,0.5118797421455383,1.1403617463656701e-06
299,283,0.49385666847229004,0.36342093348503113
299,293,0.47716987133026123,0.9972285032272339
299,294,0.49833282828330994,0.24909904599189758
299,295,0.49909481406211853,0.21477031707763672
299,283,0.49385666847229004,0.36342093348503113
299,284,0.5045204758644104,0.8195447325706482
299,285,0.4978249967098236,1.0
299,288,0.48971885442733765,0.9155881404876709
299,283,0.49385666847229004,0.36342093348503113
299,286,0.4967561662197113,0.43670037388801575
299,287,0.4904542565345764,0.33333367109298706
299,289,0.5010343790054321,0.00010215607471764088
299,296,0.4867236912250519,0.689456045627594
299,297,0.524728536605835,0.008229726925492287
299,297,0.524728536605835,0.008229726925492287
299,296,0.4867236912250519,0.689456045627594
299,297,0.524728536605835,0.008229726925492287
299,296,0.4867236912250519,0.689456045627594
299,297,0.524728536605835,0.008229726925492287
299,296,0.4867236912250519,0.689456045627594
299,297,0.524728536605835,0.008229726925492287
299,296,0.4867236912250519,0.689456045627594
299,297,0.524728536605835,0.008229726925492287
299,296,0.4867236912250519,0.689456045627594
299,297,0.524728536605835,0.008229726925492287
299,298,0.4958633780479431,0.9847038388252258
299,298,0.4958633780479431,0.9847038388252258
299,298,0.4958633780479431,0.9847038388252258
299,0,0.5235042572021484,0.032456640154123306
299,0,0.5235042572021484,0.032456640154123306
299,0,0.5235042572021484,0.032456640154123306
299,0,0.5235042572021484,0.032456640154123306
299,0,0.5235042572021484,0.032456640154123306
299,0,0.5235042572021484,0.032456640154123306
299,0,0.5235042572021484,0.032456640154123306
299,0,0.5235042572021484,0.032456640154123306
299,0,0.5235042572021484,0.032456640154123306
299,0,0.5235042572021484,0.032456640154123306
299,0,0.5235042572021484,0.032456640154123306
299,0,0.5235042572021484,0.032456640154123306
299,0,0.5235042572021484,0.032456640154123306
299,0,0.5235042572021484,0.032456640154123306
299,0,0.5235042572021484,0.032456640154123306
299,0,0.5235042572021484,0.032456640154123306
299,0,0.5235042572021484,0.032456640154123306
299,0,0.5235042572021484,0.032456640154123306
299,0,0.5235042572021484,0.032456640154123306
299,0,0.5235042572021484,0.032456640154123306
299,0,0.5235042572021484,0.032456640154123306
299,0,0.5235042572021484,0.032456640154123306
299,0,0.5235042572021484,0.032456640154123306
299,0,0.5235042572021484,0.032456640154123306
299,0,0.5235042572021484,0.032456640154123306
299,0,0.5235042572021484,0.032456640154123306
299,0,0.5235042572021484,0.032456640154123306
299,0,0.5235042572021484,0.032456640154123306
299,0,0.5235042572021484,0.032456640154123306
299,0,0.5235042572021484,0.032456640154123306
299,0,0.5235042572021484,0.032456640154123306
299,0,0.5235042572021484,0.032456640154123306
299,0,0.5235042572021484,0.032456640154123306
299,0,0.5235042572021484,0.032456640154123306
299,0,0.5235042572021484,0.032456640154123306
299,0,0.5235042572021484,0.032456640154123306
299,0,0.5235042572021484,0.032456640154123306
299,0,0.5235042572021484,0.032456640154123306
299,0,0.5235042572021484,0.032456640154123306
299,0,0.5235042572021484,0.032456640154123306
536,0,0.523504912853241,0.032456640154123306
536,2,0.48396623134613037,0.0007838447345420718
536,1,0.49782711267471313,0.2004593163728714
536,3,0.5139166712760925,0.1976579874753952
536,4,0.5069312453269958,0.03917420655488968
536,5,0.5016393065452576,0.08894893527030945
536,6,0.4779757261276245,0.03206264227628708
536,6,0.4779757261276245,0.03206264227628708
536,0,0.523504912853241,0.032456640154123306
536,2,0.48396623134613037,0.0007838447345420718
536,1,0.49782711267471313,0.2004593163728714
536,4,0.5069312453269958,0.03917420655488968
536,3,0.5139166712760925,0.1976579874753952
536,5,0.5016393065452576,0.08894893527030945
536,6,0.4779757261276245,0.03206264227628708
536,279,0.4897783398628235,0.8794111013412476
536,279,0.4897783398628235,0.8794111013412476
536,280,0.5100951194763184,0.04054993763566017
536,280,0.5100951194763184,0.04054993763566017
536,279,0.4897783398628235,0.8794111013412476
536,279,0.4897783398628235,0.8794111013412476
536,280,0.5100951194763184,0.04054993763566017
536,281,0.49853280186653137,0.3140147626399994
536,282,0.5224307179450989,0.18377628922462463
536,282,0.5224307179450989,0.18377628922462463
536,281,0.49853280186653137,0.3140147626399994
536,281,0.49853280186653137,0.3140147626399994
536,281,0.49853280186653137,0.3140147626399994
536,282,0.5224307179450989,0.18377628922462463
536,281,0.49853280186653137,0.3140147626399994
536,281,0.49853280186653137,0.3140147626399994
536,282,0.5224307179450989,0.18377628922462463
536,282,0.5224307179450989,0.18377628922462463
536,282,0.5224307179450989,0.18377628922462463
536,281,0.49853280186653137,0.3140147626399994
536,282,0.5224307179450989,0.18377628922462463
536,281,0.49853280186653137,0.3140147626399994
536,281,0.49853280186653137,0.3140147626399994
536,282,0.5224307179450989,0.18377628922462463
536,283,0.49385738372802734,0.36342093348503113
536,284,0.5045211315155029,0.8195447325706482
536,285,0.49782559275627136,1.0
536,283,0.49385738372802734,0.36342093348503113
536,284,0.5045211315155029,0.8195447325706482
536,285,0.49782559275627136,1.0
536,283,0.49385738372802734,0.36342093348503113
536,286,0.49675679206848145,0.43670037388801575
536,287,0.49045494198799133,0.33333367109298706
536,283,0.49385738372802734,0.36342093348503113
536,286,0.49675679206848145,0.43670037388801575
536,287,0.49045494198799133,0.33333367109298706
536,283,0.49385738372802734,0.36342093348503113
536,286,0.49675679206848145,0.43670037388801575
536,287,0.49045494198799133,0.33333367109298706
536,283,0.49385738372802734,0.36342093348503113
536,286,0.49675679206848145,0.43670037388801575
536,287,0.49045494198799133,0.33333367109298706
536,283,0.49385738372802734,0.36342093348503113
536,284,0.5045211315155029,0.8195447325706482
536,285,0.49782559275627136,1.0
536,283,0.49385738372802734,0.36342093348503113
536,286,0.49675679206848145,0.43670037388801575
536,287,0.49045494198799133,0.33333367109298706
536,283,0.49385738372802734,0.36342093348503113
536,284,0.5045211315155029,0.8195447325706482
536,285,0.49782559275627136,1.0
536,283,0.49385738372802734,0.36342093348503113
536,284,0.5045211315155029,0.8195447325706482
536,285,0.49782559275627136,1.0
536,283,0.49385738372802734,0.36342093348503113
536,284,0.5045211315155029,0.8195447325706482
536,285,0.49782559275627136,1.0
536,283,0.49385738372802734,0.36342093348503113
536,286,0.49675679206848145,0.43670037388801575
536,287,0.49045494198799133,0.33333367109298706
536,283,0.49385738372802734,0.36342093348503113
536,284,0.5045211315155029,0.8195447325706482
536,285,0.49782559275627136,1.0
536,283,0.49385738372802734,0.36342093348503113
536,284,0.5045211315155029,0.8195447325706482
536,284,0.5045211315155029,0.8195447325706482
536,285,0.49782559275627136,1.0
536,283,0.49385738372802734,0.36342093348503113
536,284,0.5045211315155029,0.8195447325706482
536,285,0.49782559275627136,1.0
536,283,0.49385738372802734,0.36342093348503113
536,286,0.49675679206848145,0.43670037388801575
536,287,0.49045494198799133,0.33333367109298706
536,283,0.49385738372802734,0.36342093348503113
536,286,0.49675679206848145,0.43670037388801575
536,287,0.49045494198799133,0.33333367109298706
536,283,0.49385738372802734,0.36342093348503113
536,284,0.5045211315155029,0.8195447325706482
536,285,0.49782559275627136,1.0
536,283,0.49385738372802734,0.36342093348503113
536,284,0.5045211315155029,0.8195447325706482
536,285,0.49782559275627136,1.0
536,283,0.49385738372802734,0.36342093348503113
536,286,0.49675679206848145,0.43670037388801575
536,287,0.49045494198799133,0.33333367109298706
536,283,0.49385738372802734,0.36342093348503113
536,286,0.49675679206848145,0.43670037388801575
536,287,0.49045494198799133,0.33333367109298706
536,283,0.49385738372802734,0.36342093348503113
536,284,0.5045211315155029,0.8195447325706482
536,285,0.49782559275627136,1.0
536,283,0.49385738372802734,0.36342093348503113
536,284,0.5045211315155029,0.8195447325706482
536,285,0.49782559275627136,1.0
536,283,0.49385738372802734,0.36342093348503113
536,284,0.5045211315155029,0.8195447325706482
536,285,0.49782559275627136,1.0
536,283,0.49385738372802734,0.36342093348503113
536,284,0.5045211315155029,0.8195447325706482
536,285,0.49782559275627136,1.0
536,283,0.49385738372802734,0.36342093348503113
536,284,0.5045211315155029,0.8195447325706482
536,285,0.49782559275627136,1.0
536,283,0.49385738372802734,0.36342093348503113
536,284,0.5045211315155029,0.8195447325706482
536,285,0.49782559275627136,1.0
536,283,0.49385738372802734,0.36342093348503113
536,284,0.5045211315155029,0.8195447325706482
536,285,0.49782559275627136,1.0
536,283,0.49385738372802734,0.36342093348503113
536,284,0.5045211315155029,0.8195447325706482
536,285,0.49782559275627136,1.0
536,283,0.49385738372802734,0.36342093348503113
536,284,0.5045211315155029,0.8195447325706482
536,0,0.523504912853241,0.032456640154123306
536,0,0.523504912853241,0.032456640154123306
536,0,0.523504912853241,0.032456640154123306
536,0,0.523504912853241,0.032456640154123306
536,0,0.523504912853241,0.032456640154123306
536,0,0.523504912853241,0.032456640154123306
536,0,0.523504912853241,0.032456640154123306
536,0,0.523504912853241,0.032456640154123306
536,0,0.523504912853241,0.032456640154123306
536,0,0.523504912853241,0.032456640154123306
536,0,0.523504912853241,0.032456640154123306
536,0,0.523504912853241,0.032456640154123306
536,0,0.523504912853241,0.032456640154123306
536,0,0.523504912853241,0.032456640154123306
536,0,0.523504912853241,0.032456640154123306
536,0,0.523504912853241,0.032456640154123306
536,0,0.523504912853241,0.032456640154123306
536,0,0.523504912853241,0.032456640154123306
536,0,0.523504912853241,0.032456640154123306
536,0,0.523504912853241,0.032456640154123306
536,0,0.523504912853241,0.032456640154123306
536,0,0.523504912853241,0.032456640154123306
536,0,0.523504912853241,0.032456640154123306
536,0,0.523504912853241,0.032456640154123306
536,0,0.523504912853241,0.032456640154123306
536,0,0.523504912853241,0.032456640154123306
536,0,0.523504912853241,0.032456640154123306
536,0,0.523504912853241,0.032456640154123306
536,0,0.523504912853241,0.032456640154123306
536,0,0.523504912853241,0.032456640154123306
536,0,0.523504912853241,0.032456640154123306
536,0,0.523504912853241,0.032456640154123306
536,0,0.523504912853241,0.032456640154123306
536,0,0.523504912853241,0.032456640154123306
536,0,0.523504912853241,0.032456640154123306
536,0,0.523504912853241,0.032456640154123306
536,0,0.523504912853241,0.032456640154123306
536,0,0.523504912853241,0.032456640154123306
536,0,0.523504912853241,0.032456640154123306
536,0,0.523504912853241,0.032456640154123306
536,0,0.523504912853241,0.032456640154123306
536,0,0.523504912853241,0.032456640154123306
536,0,0.523504912853241,0.032456640154123306
536,0,0.523504912853241,0.032456640154123306
536,0,0.523504912853241,0.032456640154123306
536,0,0.523504912853241,0.032456640154123306
536,0,0.523504912853241,0.032456640154123306
536,0,0.523504912853241,0.032456640154123306
536,0,0.523504912853241,0.032456640154123306
536,0,0.523504912853241,0.032456640154123306
536,0,0.523504912853241,0.032456640154123306
536,0,0.523504912853241,0.032456640154123306
536,0,0.523504912853241,0.032456640154123306
536,0,0.523504912853241,0.032456640154123306
536,0,0.523504912853241,0.032456640154123306
536,0,0.523504912853241,0.032456640154123306
536,0,0.523504912853241,0.032456640154123306
536,0,0.523504912853241,0.032456640154123306
536,0,0.523504912853241,0.032456640154123306
536,0,0.523504912853241,0.032456640154123306
536,0,0.523504912853241,0.032456640154123306
536,0,0.523504912853241,0.032456640154123306
536,0,0.523504912853241,0.032456640154123306
536,0,0.523504912853241,0.032456640154123306
536,0,0.523504912853241,0.032456640154123306
536,0,0.523504912853241,0.032456640154123306
536,0,0.523504912853241,0.032456640154123306
536,0,0.523504912853241,0.032456640154123306
536,0,0.523504912853241,0.032456640154123306
536,0,0.523504912853241,0.032456640154123306
536,0,0.523504912853241,0.032456640154123306
745,0,0.5252604484558105,0.032456640154123306
745,2,0.4857242703437805,0.0007838447345420718
745,1,0.499580979347229,0.2004593163728714
745,3,0.5156732201576233,0.1976579874753952
745,4,0.5086904764175415,0.03917420655488968
745,5,0.5033990740776062,0.08894893527030945
745,6,0.47973203659057617,0.03206264227628708
745,6,0.47973203659057617,0.03206264227628708
745,0,0.5252604484558105,0.032456640154123306
745,1,0.499580979347229,0.2004593163728714
745,2,0.4857242703437805,0.0007838447345420718
745,3,0.5156732201576233,0.1976579874753952
745,4,0.5086904764175415,0.03917420655488968
745,5,0.5033990740776062,0.08894893527030945
745,6,0.47973203659057617,0.03206264227628708
745,6,0.47973203659057617,0.03206264227628708
745,0,0.5252604484558105,0.032456640154123306
745,1,0.499580979347229,0.2004593163728714
745,2,0.4857242703437805,0.0007838447345420718
745,3,0.5156732201576233,0.1976579874753952
745,4,0.5086904764175415,0.03917420655488968
745,5,0.5033990740776062,0.08894893527030945
745,6,0.47973203659057617,0.03206264227628708
745,6,0.47973203659057617,0.03206264227628708
745,0,0.5252604484558105,0.032456640154123306
745,2,0.4857242703437805,0.0007838447345420718
745,1,0.499580979347229,0.2004593163728714
745,3,0.5156732201576233,0.1976579874753952
745,4,0.5086904764175415,0.03917420655488968
745,5,0.5033990740776062,0.08894893527030945
745,6,0.47973203659057617,0.03206264227628708
745,6,0.47973203659057617,0.03206264227628708
745,0,0.5252604484558105,0.032456640154123306
745,2,0.4857242703437805,0.0007838447345420718
745,1,0.499580979347229,0.2004593163728714
745,3,0.5156732201576233,0.1976579874753952
745,4,0.5086904764175415,0.03917420655488968
745,5,0.5033990740776062,0.08894893527030945
745,6,0.47973203659057617,0.03206264227628708
745,6,0.47973203659057617,0.03206264227628708
745,0,0.5252604484558105,0.032456640154123306
745,1,0.499580979347229,0.2004593163728714
745,2,0.4857242703437805,0.0007838447345420718
745,4,0.5086904764175415,0.03917420655488968
745,3,0.5156732201576233,0.1976579874753952
745,5,0.5033990740776062,0.08894893527030945
745,6,0.47973203659057617,0.03206264227628708
745,6,0.47973203659057617,0.03206264227628708
745,0,0.5252604484558105,0.032456640154123306
745,1,0.499580979347229,0.2004593163728714
745,2,0.4857242703437805,0.0007838447345420718
745,4,0.5086904764175415,0.03917420655488968
745,3,0.5156732201576233,0.1976579874753952
745,5,0.5033990740776062,0.08894893527030945
745,6,0.47973203659057617,0.03206264227628708
745,6,0.47973203659057617,0.03206264227628708
745,0,0.5252604484558105,0.032456640154123306
745,1,0.499580979347229,0.2004593163728714
745,2,0.4857242703437805,0.0007838447345420718
745,3,0.5156732201576233,0.1976579874753952
745,4,0.5086904764175415,0.03917420655488968
745,5,0.5033990740776062,0.08894893527030945
745,6,0.47973203659057617,0.03206264227628708
745,6,0.47973203659057617,0.03206264227628708
745,0,0.5252604484558105,0.032456640154123306
745,1,0.499580979347229,0.2004593163728714
745,2,0.4857242703437805,0.0007838447345420718
745,3,0.5156732201576233,0.1976579874753952
745,4,0.5086904764175415,0.03917420655488968
745,5,0.5033990740776062,0.08894893527030945
745,6,0.47973203659057617,0.03206264227628708
745,6,0.47973203659057617,0.03206264227628708
745,0,0.5252604484558105,0.032456640154123306
745,2,0.4857242703437805,0.0007838447345420718
745,1,0.499580979347229,0.2004593163728714
745,4,0.5086904764175415,0.03917420655488968
745,3,0.5156732201576233,0.1976579874753952
745,5,0.5033990740776062,0.08894893527030945
745,6,0.47973203659057617,0.03206264227628708
745,6,0.47973203659057617,0.03206264227628708
745,0,0.5252604484558105,0.032456640154123306
745,2,0.4857242703437805,0.0007838447345420718
745,1,0.499580979347229,0.2004593163728714
745,3,0.5156732201576233,0.1976579874753952
745,4,0.5086904764175415,0.03917420655488968
745,5,0.5033990740776062,0.08894893527030945
745,6,0.47973203659057617,0.03206264227628708
745,6,0.47973203659057617,0.03206264227628708
745,0,0.5252604484558105,0.032456640154123306
745,1,0.499580979347229,0.2004593163728714
745,0,0.5252604484558105,0.032456640154123306
745,0,0.5252604484558105,0.032456640154123306
745,0,0.5252604484558105,0.032456640154123306
745,0,0.5252604484558105,0.032456640154123306
745,0,0.5252604484558105,0.032456640154123306
745,0,0.5252604484558105,0.032456640154123306
745,0,0.5252604484558105,0.032456640154123306
745,0,0.5252604484558105,0.032456640154123306
745,0,0.5252604484558105,0.032456640154123306
745,0,0.5252604484558105,0.032456640154123306
745,0,0.5252604484558105,0.032456640154123306
745,0,0.5252604484558105,0.032456640154123306
745,0,0.5252604484558105,0.032456640154123306
745,0,0.5252604484558105,0.032456640154123306
745,0,0.5252604484558105,0.032456640154123306
745,0,0.5252604484558105,0.032456640154123306
745,0,0.5252604484558105,0.032456640154123306
745,0,0.5252604484558105,0.032456640154123306
745,0,0.5252604484558105,0.032456640154123306
745,0,0.5252604484558105,0.032456640154123306
745,0,0.5252604484558105,0.032456640154123306
745,0,0.5252604484558105,0.032456640154123306
745,0,0.5252604484558105,0.032456640154123306
745,0,0.5252604484558105,0.032456640154123306
745,0,0.5252604484558105,0.032456640154123306
745,0,0.5252604484558105,0.032456640154123306
745,0,0.5252604484558105,0.032456640154123306
745,0,0.5252604484558105,0.032456640154123306
745,0,0.5252604484558105,0.032456640154123306
745,0,0.5252604484558105,0.032456640154123306
745,0,0.5252604484558105,0.032456640154123306
745,0,0.5252604484558105,0.032456640154123306
745,0,0.5252604484558105,0.032456640154123306
745,0,0.5252604484558105,0.032456640154123306
745,0,0.5252604484558105,0.032456640154123306
745,0,0.5252604484558105,0.032456640154123306
745,0,0.5252604484558105,0.032456640154123306
745,0,0.5252604484558105,0.032456640154123306
745,0,0.5252604484558105,0.032456640154123306
745,0,0.5252604484558105,0.032456640154123306
745,0,0.5252604484558105,0.032456640154123306
745,0,0.5252604484558105,0.032456640154123306
745,0,0.5252604484558105,0.032456640154123306
745,0,0.5252604484558105,0.032456640154123306
745,0,0.5252604484558105,0.032456640154123306
745,0,0.5252604484558105,0.032456640154123306
745,0,0.5252604484558105,0.032456640154123306
745,0,0.5252604484558105,0.032456640154123306
745,0,0.5252604484558105,0.032456640154123306
745,0,0.5252604484558105,0.032456640154123306
745,0,0.5252604484558105,0.032456640154123306
745,0,0.5252604484558105,0.032456640154123306
745,0,0.5252604484558105,0.032456640154123306
745,0,0.5252604484558105,0.032456640154123306
745,0,0.5252604484558105,0.032456640154123306
745,0,0.5252604484558105,0.032456640154123306
745,0,0.5252604484558105,0.032456640154123306
745,0,0.5252604484558105,0.032456640154123306
745,0,0.5252604484558105,0.032456640154123306
745,0,0.5252604484558105,0.032456640154123306
745,0,0.5252604484558105,0.032456640154123306
745,0,0.5252604484558105,0.032456640154123306
745,0,0.5252604484558105,0.032456640154123306
745,0,0.5252604484558105,0.032456640154123306
745,0,0.5252604484558105,0.032456640154123306
745,0,0.5252604484558105,0.032456640154123306
745,0,0.5252604484558105,0.032456640154123306
745,0,0.5252604484558105,0.032456640154123306
745,0,0.5252604484558105,0.032456640154123306
745,0,0.5252604484558105,0.032456640154123306
745,0,0.5252604484558105,0.032456640154123306
745,0,0.5252604484558105,0.032456640154123306
745,0,0.5252604484558105,0.032456640154123306
745,0,0.5252604484558105,0.032456640154123306
745,0,0.5252604484558105,0.032456640154123306
745,0,0.5252604484558105,0.032456640154123306
745,0,0.5252604484558105,0.032456640154123306
745,0,0.5252604484558105,0.032456640154123306
745,0,0.5252604484558105,0.032456640154123306
745,0,0.5252604484558105,0.032456640154123306
745,0,0.5252604484558105,0.032456640154123306
745,0,0.5252604484558105,0.032456640154123306
745,0,0.5252604484558105,0.032456640154123306
745,0,0.5252604484558105,0.032456640154123306
745,0,0.5252604484558105,0.032456640154123306
745,0,0.5252604484558105,0.032456640154123306
745,0,0.5252604484558105,0.032456640154123306
745,0,0.5252604484558105,0.032456640154123306
745,0,0.5252604484558105,0.032456640154123306
745,0,0.5252604484558105,0.032456640154123306
745,0,0.5252604484558105,0.032456640154123306
745,0,0.5252604484558105,0.032456640154123306
745,0,0.5252604484558105,0.032456640154123306
745,0,0.5252604484558105,0.032456640154123306
745,0,0.5252604484558105,0.032456640154123306
745,0,0.5252604484558105,0.032456640154123306
745,0,0.5252604484558105,0.032456640154123306
745,0,0.5252604484558105,0.032456640154123306
745,0,0.5252604484558105,0.032456640154123306
745,0,0.5252604484558105,0.032456640154123306
745,0,0.5252604484558105,0.032456640154123306
745,0,0.5252604484558105,0.032456640154123306
745,0,0.5252604484558105,0.032456640154123306
745,0,0.5252604484558105,0.032456640154123306
745,0,0.5252604484558105,0.032456640154123306
745,0,0.5252604484558105,0.032456640154123306
745,0,0.5252604484558105,0.032456640154123306
745,0,0.5252604484558105,0.032456640154123306
745,0,0.5252604484558105,0.032456640154123306
745,0,0.5252604484558105,0.032456640154123306
49,0,0.5235043168067932,0.032456640154123306
49,2,0.48396557569503784,0.0007838447345420718
49,1,0.4978265166282654,0.2004593163728714
49,3,0.5139160752296448,0.1976579874753952
49,4,0.5069305896759033,0.03917420655488968
49,5,0.501638650894165,0.08894893527030945
49,6,0.477975070476532,0.03206264227628708
49,6,0.477975070476532,0.03206264227628708
49,0,0.5235043168067932,0.032456640154123306
49,2,0.48396557569503784,0.0007838447345420718
49,1,0.4978265166282654,0.2004593163728714
49,3,0.5139160752296448,0.1976579874753952
49,4,0.5069305896759033,0.03917420655488968
49,5,0.501638650894165,0.08894893527030945
49,6,0.477975070476532,0.03206264227628708
49,6,0.477975070476532,0.03206264227628708
49,0,0.5235043168067932,0.032456640154123306
49,1,0.4978265166282654,0.2004593163728714
49,2,0.48396557569503784,0.0007838447345420718
49,3,0.5139160752296448,0.1976579874753952
49,4,0.5069305896759033,0.03917420655488968
49,5,0.501638650894165,0.08894893527030945
49,6,0.477975070476532,0.03206264227628708
49,6,0.477975070476532,0.03206264227628708
49,0,0.5235043168067932,0.032456640154123306
49,1,0.4978265166282654,0.2004593163728714
49,2,0.48396557569503784,0.0007838447345420718
49,4,0.5069305896759033,0.03917420655488968
49,3,0.5139160752296448,0.1976579874753952
49,5,0.501638650894165,0.08894893527030945
49,6,0.477975070476532,0.03206264227628708
49,6,0.477975070476532,0.03206264227628708
49,0,0.5235043168067932,0.032456640154123306
49,2,0.48396557569503784,0.0007838447345420718
49,1,0.4978265166282654,0.2004593163728714
49,3,0.5139160752296448,0.1976579874753952
49,4,0.5069305896759033,0.03917420655488968
49,5,0.501638650894165,0.08894893527030945
49,6,0.477975070476532,0.03206264227628708
49,6,0.477975070476532,0.03206264227628708
49,0,0.5235043168067932,0.032456640154123306
49,1,0.4978265166282654,0.2004593163728714
49,2,0.48396557569503784,0.0007838447345420718
49,3,0.5139160752296448,0.1976579874753952
49,4,0.5069305896759033,0.03917420655488968
49,5,0.501638650894165,0.08894893527030945
49,6,0.477975070476532,0.03206264227628708
49,6,0.477975070476532,0.03206264227628708
49,0,0.5235043168067932,0.032456640154123306
49,1,0.4978265166282654,0.2004593163728714
49,2,0.48396557569503784,0.0007838447345420718
49,3,0.5139160752296448,0.1976579874753952
49,4,0.5069305896759033,0.03917420655488968
49,5,0.501638650894165,0.08894893527030945
49,6,0.477975070476532,0.03206264227628708
49,6,0.477975070476532,0.03206264227628708
49,0,0.5235043168067932,0.032456640154123306
49,1,0.4978265166282654,0.2004593163728714
49,2,0.48396557569503784,0.0007838447345420718
49,3,0.5139160752296448,0.1976579874753952
49,4,0.5069305896759033,0.03917420655488968
49,5,0.501638650894165,0.08894893527030945
49,6,0.477975070476532,0.03206264227628708
49,6,0.477975070476532,0.03206264227628708
49,0,0.5235043168067932,0.032456640154123306
49,2,0.48396557569503784,0.0007838447345420718
49,1,0.4978265166282654,0.2004593163728714
49,3,0.5139160752296448,0.1976579874753952
49,4,0.5069305896759033,0.03917420655488968
49,5,0.501638650894165,0.08894893527030945
49,6,0.477975070476532,0.03206264227628708
49,6,0.477975070476532,0.03206264227628708
49,0,0.5235043168067932,0.032456640154123306
49,2,0.48396557569503784,0.0007838447345420718
49,1,0.4978265166282654,0.2004593163728714
49,3,0.5139160752296448,0.1976579874753952
49,4,0.5069305896759033,0.03917420655488968
49,5,0.501638650894165,0.08894893527030945
49,6,0.477975070476532,0.03206264227628708
49,6,0.477975070476532,0.03206264227628708
49,0,0.5235043168067932,0.032456640154123306
49,2,0.48396557569503784,0.0007838447345420718
49,1,0.4978265166282654,0.2004593163728714
49,3,0.5139160752296448,0.1976579874753952
49,4,0.5069305896759033,0.03917420655488968
49,5,0.501638650894165,0.08894893527030945
49,6,0.477975070476532,0.03206264227628708
49,6,0.477975070476532,0.03206264227628708
49,0,0.5235043168067932,0.032456640154123306
49,2,0.48396557569503784,0.0007838447345420718
49,1,0.4978265166282654,0.2004593163728714
49,3,0.5139160752296448,0.1976579874753952
49,4,0.5069305896759033,0.03917420655488968
49,5,0.501638650894165,0.08894893527030945
49,6,0.477975070476532,0.03206264227628708
49,6,0.477975070476532,0.03206264227628708
49,0,0.5235043168067932,0.032456640154123306
49,1,0.4978265166282654,0.2004593163728714
49,2,0.48396557569503784,0.0007838447345420718
49,3,0.5139160752296448,0.1976579874753952
49,4,0.5069305896759033,0.03917420655488968
49,5,0.501638650894165,0.08894893527030945
49,6,0.477975070476532,0.03206264227628708
49,6,0.477975070476532,0.03206264227628708
49,0,0.5235043168067932,0.032456640154123306
49,1,0.4978265166282654,0.2004593163728714
49,2,0.48396557569503784,0.0007838447345420718
49,3,0.5139160752296448,0.1976579874753952
49,4,0.5069305896759033,0.03917420655488968
49,5,0.501638650894165,0.08894893527030945
49,6,0.477975070476532,0.03206264227628708
49,6,0.477975070476532,0.03206264227628708
49,0,0.5235043168067932,0.032456640154123306
49,2,0.48396557569503784,0.0007838447345420718
49,1,0.4978265166282654,0.2004593163728714
49,1,0.4978265166282654,0.2004593163728714
49,3,0.5139160752296448,0.1976579874753952
49,4,0.5069305896759033,0.03917420655488968
49,5,0.501638650894165,0.08894893527030945
49,6,0.477975070476532,0.03206264227628708
49,6,0.477975070476532,0.03206264227628708
49,0,0.5235043168067932,0.032456640154123306
49,1,0.4978265166282654,0.2004593163728714
49,2,0.48396557569503784,0.0007838447345420718
49,3,0.5139160752296448,0.1976579874753952
49,4,0.5069305896759033,0.03917420655488968
49,5,0.501638650894165,0.08894893527030945
49,6,0.477975070476532,0.03206264227628708
49,6,0.477975070476532,0.03206264227628708
49,0,0.5235043168067932,0.032456640154123306
49,0,0.5235043168067932,0.032456640154123306
49,0,0.5235043168067932,0.032456640154123306
49,0,0.5235043168067932,0.032456640154123306
49,0,0.5235043168067932,0.032456640154123306
49,0,0.5235043168067932,0.032456640154123306
49,0,0.5235043168067932,0.032456640154123306
49,0,0.5235043168067932,0.032456640154123306
49,0,0.5235043168067932,0.032456640154123306
49,0,0.5235043168067932,0.032456640154123306
49,0,0.5235043168067932,0.032456640154123306
49,0,0.5235043168067932,0.032456640154123306
49,0,0.5235043168067932,0.032456640154123306
49,0,0.5235043168067932,0.032456640154123306
49,0,0.5235043168067932,0.032456640154123306
49,0,0.5235043168067932,0.032456640154123306
49,0,0.5235043168067932,0.032456640154123306
49,0,0.5235043168067932,0.032456640154123306
49,0,0.5235043168067932,0.032456640154123306
49,0,0.5235043168067932,0.032456640154123306
49,0,0.5235043168067932,0.032456640154123306
49,0,0.5235043168067932,0.032456640154123306
49,0,0.5235043168067932,0.032456640154123306
49,0,0.5235043168067932,0.032456640154123306
49,0,0.5235043168067932,0.032456640154123306
49,0,0.5235043168067932,0.032456640154123306
49,0,0.5235043168067932,0.032456640154123306
49,0,0.5235043168067932,0.032456640154123306
49,0,0.5235043168067932,0.032456640154123306
49,0,0.5235043168067932,0.032456640154123306
49,0,0.5235043168067932,0.032456640154123306
49,0,0.5235043168067932,0.032456640154123306
49,0,0.5235043168067932,0.032456640154123306
49,0,0.5235043168067932,0.032456640154123306
49,0,0.5235043168067932,0.032456640154123306
49,0,0.5235043168067932,0.032456640154123306
49,0,0.5235043168067932,0.032456640154123306
49,0,0.5235043168067932,0.032456640154123306
49,0,0.5235043168067932,0.032456640154123306
49,0,0.5235043168067932,0.032456640154123306
49,0,0.5235043168067932,0.032456640154123306
49,0,0.5235043168067932,0.032456640154123306
49,0,0.5235043168067932,0.032456640154123306
49,0,0.5235043168067932,0.032456640154123306
49,0,0.5235043168067932,0.032456640154123306
49,0,0.5235043168067932,0.032456640154123306
49,0,0.5235043168067932,0.032456640154123306
49,0,0.5235043168067932,0.032456640154123306
49,0,0.5235043168067932,0.032456640154123306
49,0,0.5235043168067932,0.032456640154123306
49,0,0.5235043168067932,0.032456640154123306
49,0,0.5235043168067932,0.032456640154123306
49,0,0.5235043168067932,0.032456640154123306
49,0,0.5235043168067932,0.032456640154123306
49,0,0.5235043168067932,0.032456640154123306
49,0,0.5235043168067932,0.032456640154123306
49,0,0.5235043168067932,0.032456640154123306
49,0,0.5235043168067932,0.032456640154123306
49,0,0.5235043168067932,0.032456640154123306
49,0,0.5235043168067932,0.032456640154123306
49,0,0.5235043168067932,0.032456640154123306
49,0,0.5235043168067932,0.032456640154123306
49,0,0.5235043168067932,0.032456640154123306
49,0,0.5235043168067932,0.032456640154123306
49,0,0.5235043168067932,0.032456640154123306
49,0,0.5235043168067932,0.032456640154123306
49,0,0.5235043168067932,0.032456640154123306
49,0,0.5235043168067932,0.032456640154123306
49,0,0.5235043168067932,0.032456640154123306
49,0,0.5235043168067932,0.032456640154123306
49,0,0.5235043168067932,0.032456640154123306
486,78,0.505539059638977,0.1131557747721672
486,79,0.511550784111023,0.1466667503118515
486,79,0.511550784111023,0.1466667503118515
486,80,0.5191513299942017,0.8056674599647522
486,81,0.5150856971740723,0.367942750453949
486,78,0.505539059638977,0.1131557747721672
486,79,0.511550784111023,0.1466667503118515
486,80,0.5191513299942017,0.8056674599647522
486,81,0.5150856971740723,0.367942750453949
486,78,0.505539059638977,0.1131557747721672
486,79,0.511550784111023,0.1466667503118515
486,79,0.511550784111023,0.1466667503118515
486,80,0.5191513299942017,0.8056674599647522
486,81,0.5150856971740723,0.367942750453949
486,82,0.4840295612812042,0.47367143630981445
486,78,0.505539059638977,0.1131557747721672
486,79,0.511550784111023,0.1466667503118515
486,79,0.511550784111023,0.1466667503118515
486,80,0.5191513299942017,0.8056674599647522
486,81,0.5150856971740723,0.367942750453949
486,82,0.4840295612812042,0.47367143630981445
486,78,0.505539059638977,0.1131557747721672
486,79,0.511550784111023,0.1466667503118515
486,80,0.5191513299942017,0.8056674599647522
486,81,0.5150856971740723,0.367942750453949
486,78,0.505539059638977,0.1131557747721672
486,79,0.511550784111023,0.1466667503118515
486,79,0.511550784111023,0.1466667503118515
486,80,0.5191513299942017,0.8056674599647522
486,81,0.5150856971740723,0.367942750453949
486,78,0.505539059638977,0.1131557747721672
486,79,0.511550784111023,0.1466667503118515
486,79,0.511550784111023,0.1466667503118515
486,80,0.5191513299942017,0.8056674599647522
486,81,0.5150856971740723,0.367942750453949
486,78,0.505539059638977,0.1131557747721672
486,79,0.511550784111023,0.1466667503118515
486,79,0.511550784111023,0.1466667503118515
486,0,0.5252700448036194,0.032456640154123306
486,0,0.5252700448036194,0.032456640154123306
486,0,0.5252700448036194,0.032456640154123306
486,0,0.5252700448036194,0.032456640154123306
486,0,0.5252700448036194,0.032456640154123306
486,0,0.5252700448036194,0.032456640154123306
486,0,0.5252700448036194,0.032456640154123306
486,0,0.5252700448036194,0.032456640154123306
486,0,0.5252700448036194,0.032456640154123306
486,0,0.5252700448036194,0.032456640154123306
486,0,0.5252700448036194,0.032456640154123306
486,0,0.5252700448036194,0.032456640154123306
486,0,0.5252700448036194,0.032456640154123306
486,0,0.5252700448036194,0.032456640154123306
486,0,0.5252700448036194,0.032456640154123306
486,0,0.5252700448036194,0.032456640154123306
486,0,0.5252700448036194,0.032456640154123306
486,0,0.5252700448036194,0.032456640154123306
486,0,0.5252700448036194,0.032456640154123306
486,0,0.5252700448036194,0.032456640154123306
486,0,0.5252700448036194,0.032456640154123306
486,0,0.5252700448036194,0.032456640154123306
486,0,0.5252700448036194,0.032456640154123306
486,0,0.5252700448036194,0.032456640154123306
486,0,0.5252700448036194,0.032456640154123306
486,0,0.5252700448036194,0.032456640154123306
486,0,0.5252700448036194,0.032456640154123306
486,0,0.5252700448036194,0.032456640154123306
486,0,0.5252700448036194,0.032456640154123306
486,0,0.5252700448036194,0.032456640154123306
486,0,0.5252700448036194,0.032456640154123306
486,0,0.5252700448036194,0.032456640154123306
486,0,0.5252700448036194,0.032456640154123306
486,0,0.5252700448036194,0.032456640154123306
486,0,0.5252700448036194,0.032456640154123306
486,0,0.5252700448036194,0.032456640154123306
486,0,0.5252700448036194,0.032456640154123306
486,0,0.5252700448036194,0.032456640154123306
486,0,0.5252700448036194,0.032456640154123306
486,0,0.5252700448036194,0.032456640154123306
486,0,0.5252700448036194,0.032456640154123306
486,0,0.5252700448036194,0.032456640154123306
486,0,0.5252700448036194,0.032456640154123306
486,0,0.5252700448036194,0.032456640154123306
486,0,0.5252700448036194,0.032456640154123306
486,0,0.5252700448036194,0.032456640154123306
486,0,0.5252700448036194,0.032456640154123306
486,0,0.5252700448036194,0.032456640154123306
486,0,0.5252700448036194,0.032456640154123306
486,0,0.5252700448036194,0.032456640154123306
486,0,0.5252700448036194,0.032456640154123306
486,0,0.5252700448036194,0.032456640154123306
486,0,0.5252700448036194,0.032456640154123306
486,0,0.5252700448036194,0.032456640154123306
486,0,0.5252700448036194,0.032456640154123306
486,0,0.5252700448036194,0.032456640154123306
486,0,0.5252700448036194,0.032456640154123306
486,0,0.5252700448036194,0.032456640154123306
486,0,0.5252700448036194,0.032456640154123306
486,0,0.5252700448036194,0.032456640154123306
486,0,0.5252700448036194,0.032456640154123306
486,0,0.5252700448036194,0.032456640154123306
486,0,0.5252700448036194,0.032456640154123306
486,0,0.5252700448036194,0.032456640154123306
486,0,0.5252700448036194,0.032456640154123306
486,0,0.5252700448036194,0.032456640154123306
486,0,0.5252700448036194,0.032456640154123306
486,0,0.5252700448036194,0.032456640154123306
486,0,0.5252700448036194,0.032456640154123306
486,0,0.5252700448036194,0.032456640154123306
486,0,0.5252700448036194,0.032456640154123306
486,0,0.5252700448036194,0.032456640154123306
486,0,0.5252700448036194,0.032456640154123306
486,0,0.5252700448036194,0.032456640154123306
486,0,0.5252700448036194,0.032456640154123306
486,0,0.5252700448036194,0.032456640154123306
486,0,0.5252700448036194,0.032456640154123306
486,0,0.5252700448036194,0.032456640154123306
486,0,0.5252700448036194,0.032456640154123306
486,0,0.5252700448036194,0.032456640154123306
486,0,0.5252700448036194,0.032456640154123306
486,0,0.5252700448036194,0.032456640154123306
486,0,0.5252700448036194,0.032456640154123306
486,0,0.5252700448036194,0.032456640154123306
486,0,0.5252700448036194,0.032456640154123306
486,0,0.5252700448036194,0.032456640154123306
486,0,0.5252700448036194,0.032456640154123306
486,0,0.5252700448036194,0.032456640154123306
486,0,0.5252700448036194,0.032456640154123306
486,0,0.5252700448036194,0.032456640154123306
486,0,0.5252700448036194,0.032456640154123306
486,0,0.5252700448036194,0.032456640154123306
486,0,0.5252700448036194,0.032456640154123306
486,0,0.5252700448036194,0.032456640154123306
486,0,0.5252700448036194,0.032456640154123306
486,0,0.5252700448036194,0.032456640154123306
486,0,0.5252700448036194,0.032456640154123306
486,0,0.5252700448036194,0.032456640154123306
486,0,0.5252700448036194,0.032456640154123306
486,0,0.5252700448036194,0.032456640154123306
486,0,0.5252700448036194,0.032456640154123306
486,0,0.5252700448036194,0.032456640154123306
486,0,0.5252700448036194,0.032456640154123306
486,0,0.5252700448036194,0.032456640154123306
486,0,0.5252700448036194,0.032456640154123306
486,0,0.5252700448036194,0.032456640154123306
486,0,0.5252700448036194,0.032456640154123306
486,0,0.5252700448036194,0.032456640154123306
486,0,0.5252700448036194,0.032456640154123306
486,0,0.5252700448036194,0.032456640154123306
486,0,0.5252700448036194,0.032456640154123306
486,0,0.5252700448036194,0.032456640154123306
486,0,0.5252700448036194,0.032456640154123306
486,0,0.5252700448036194,0.032456640154123306
486,0,0.5252700448036194,0.032456640154123306
486,0,0.5252700448036194,0.032456640154123306
486,0,0.5252700448036194,0.032456640154123306
486,0,0.5252700448036194,0.032456640154123306
486,0,0.5252700448036194,0.032456640154123306
486,0,0.5252700448036194,0.032456640154123306
486,0,0.5252700448036194,0.032456640154123306
486,0,0.5252700448036194,0.032456640154123306
486,0,0.5252700448036194,0.032456640154123306
486,0,0.5252700448036194,0.032456640154123306
486,0,0.5252700448036194,0.032456640154123306
486,0,0.5252700448036194,0.032456640154123306
486,0,0.5252700448036194,0.032456640154123306
486,0,0.5252700448036194,0.032456640154123306
486,0,0.5252700448036194,0.032456640154123306
486,0,0.5252700448036194,0.032456640154123306
486,0,0.5252700448036194,0.032456640154123306
486,0,0.5252700448036194,0.032456640154123306
486,0,0.5252700448036194,0.032456640154123306
486,0,0.5252700448036194,0.032456640154123306
486,0,0.5252700448036194,0.032456640154123306
486,0,0.5252700448036194,0.032456640154123306
486,0,0.5252700448036194,0.032456640154123306
486,0,0.5252700448036194,0.032456640154123306
486,0,0.5252700448036194,0.032456640154123306
486,0,0.5252700448036194,0.032456640154123306
486,0,0.5252700448036194,0.032456640154123306
486,0,0.5252700448036194,0.032456640154123306
486,0,0.5252700448036194,0.032456640154123306
486,0,0.5252700448036194,0.032456640154123306
486,0,0.5252700448036194,0.032456640154123306
486,0,0.5252700448036194,0.032456640154123306
486,0,0.5252700448036194,0.032456640154123306
486,0,0.5252700448036194,0.032456640154123306
486,0,0.5252700448036194,0.032456640154123306
486,0,0.5252700448036194,0.032456640154123306
486,0,0.5252700448036194,0.032456640154123306
486,0,0.5252700448036194,0.032456640154123306
486,0,0.5252700448036194,0.032456640154123306
486,0,0.5252700448036194,0.032456640154123306
486,0,0.5252700448036194,0.032456640154123306
486,0,0.5252700448036194,0.032456640154123306
486,0,0.5252700448036194,0.032456640154123306
486,0,0.5252700448036194,0.032456640154123306
486,0,0.5252700448036194,0.032456640154123306
486,0,0.5252700448036194,0.032456640154123306
486,0,0.5252700448036194,0.032456640154123306
486,0,0.5252700448036194,0.032456640154123306
94,0,0.5235065221786499,0.032456640154123306
94,2,0.4839678108692169,0.0007838447345420718
94,1,0.49782878160476685,0.2004593163728714
94,3,0.5139182806015015,0.1976579874753952
94,4,0.5069328546524048,0.03917420655488968
94,5,0.5016408562660217,0.08894893527030945
94,6,0.47797730565071106,0.03206264227628708
94,6,0.47797730565071106,0.03206264227628708
94,0,0.5235065221786499,0.032456640154123306
94,1,0.49782878160476685,0.2004593163728714
94,2,0.4839678108692169,0.0007838447345420718
94,4,0.5069328546524048,0.03917420655488968
94,3,0.5139182806015015,0.1976579874753952
94,5,0.5016408562660217,0.08894893527030945
94,6,0.47797730565071106,0.03206264227628708
94,6,0.47797730565071106,0.03206264227628708
94,0,0.5235065221786499,0.032456640154123306
94,1,0.49782878160476685,0.2004593163728714
94,2,0.4839678108692169,0.0007838447345420718
94,3,0.5139182806015015,0.1976579874753952
94,4,0.5069328546524048,0.03917420655488968
94,5,0.5016408562660217,0.08894893527030945
94,6,0.47797730565071106,0.03206264227628708
94,6,0.47797730565071106,0.03206264227628708
94,0,0.5235065221786499,0.032456640154123306
94,2,0.4839678108692169,0.0007838447345420718
94,1,0.49782878160476685,0.2004593163728714
94,3,0.5139182806015015,0.1976579874753952
94,4,0.5069328546524048,0.03917420655488968
94,5,0.5016408562660217,0.08894893527030945
94,6,0.47797730565071106,0.03206264227628708
94,6,0.47797730565071106,0.03206264227628708
94,0,0.5235065221786499,0.032456640154123306
94,1,0.49782878160476685,0.2004593163728714
94,2,0.4839678108692169,0.0007838447345420718
94,4,0.5069328546524048,0.03917420655488968
94,3,0.5139182806015015,0.1976579874753952
94,5,0.5016408562660217,0.08894893527030945
94,6,0.47797730565071106,0.03206264227628708
94,6,0.47797730565071106,0.03206264227628708
94,0,0.5235065221786499,0.032456640154123306
94,2,0.4839678108692169,0.0007838447345420718
94,1,0.49782878160476685,0.2004593163728714
94,3,0.5139182806015015,0.1976579874753952
94,4,0.5069328546524048,0.03917420655488968
94,5,0.5016408562660217,0.08894893527030945
94,6,0.47797730565071106,0.03206264227628708
94,6,0.47797730565071106,0.03206264227628708
94,0,0.5235065221786499,0.032456640154123306
94,1,0.49782878160476685,0.2004593163728714
94,2,0.4839678108692169,0.0007838447345420718
94,4,0.5069328546524048,0.03917420655488968
94,3,0.5139182806015015,0.1976579874753952
94,5,0.5016408562660217,0.08894893527030945
94,6,0.47797730565071106,0.03206264227628708
94,6,0.47797730565071106,0.03206264227628708
94,0,0.5235065221786499,0.032456640154123306
94,1,0.49782878160476685,0.2004593163728714
94,2,0.4839678108692169,0.0007838447345420718
94,3,0.5139182806015015,0.1976579874753952
94,4,0.5069328546524048,0.03917420655488968
94,5,0.5016408562660217,0.08894893527030945
94,6,0.47797730565071106,0.03206264227628708
94,6,0.47797730565071106,0.03206264227628708
94,0,0.5235065221786499,0.032456640154123306
94,1,0.49782878160476685,0.2004593163728714
94,2,0.4839678108692169,0.0007838447345420718
94,3,0.5139182806015015,0.1976579874753952
94,4,0.5069328546524048,0.03917420655488968
94,5,0.5016408562660217,0.08894893527030945
94,6,0.47797730565071106,0.03206264227628708
94,6,0.47797730565071106,0.03206264227628708
94,0,0.5235065221786499,0.032456640154123306
94,2,0.4839678108692169,0.0007838447345420718
94,1,0.49782878160476685,0.2004593163728714
94,3,0.5139182806015015,0.1976579874753952
94,4,0.5069328546524048,0.03917420655488968
94,5,0.5016408562660217,0.08894893527030945
94,6,0.47797730565071106,0.03206264227628708
94,6,0.47797730565071106,0.03206264227628708
94,0,0.5235065221786499,0.032456640154123306
94,2,0.4839678108692169,0.0007838447345420718
94,1,0.49782878160476685,0.2004593163728714
94,4,0.5069328546524048,0.03917420655488968
94,3,0.5139182806015015,0.1976579874753952
94,5,0.5016408562660217,0.08894893527030945
94,6,0.47797730565071106,0.03206264227628708
94,6,0.47797730565071106,0.03206264227628708
94,0,0.5235065221786499,0.032456640154123306
94,1,0.49782878160476685,0.2004593163728714
94,2,0.4839678108692169,0.0007838447345420718
94,3,0.5139182806015015,0.1976579874753952
94,4,0.5069328546524048,0.03917420655488968
94,5,0.5016408562660217,0.08894893527030945
94,6,0.47797730565071106,0.03206264227628708
94,6,0.47797730565071106,0.03206264227628708
94,0,0.5235065221786499,0.032456640154123306
94,1,0.49782878160476685,0.2004593163728714
94,2,0.4839678108692169,0.0007838447345420718
94,4,0.5069328546524048,0.03917420655488968
94,3,0.5139182806015015,0.1976579874753952
94,5,0.5016408562660217,0.08894893527030945
94,6,0.47797730565071106,0.03206264227628708
94,6,0.47797730565071106,0.03206264227628708
94,0,0.5235065221786499,0.032456640154123306
94,2,0.4839678108692169,0.0007838447345420718
94,1,0.49782878160476685,0.2004593163728714
94,3,0.5139182806015015,0.1976579874753952
94,4,0.5069328546524048,0.03917420655488968
94,5,0.5016408562660217,0.08894893527030945
94,6,0.47797730565071106,0.03206264227628708
94,6,0.47797730565071106,0.03206264227628708
94,0,0.5235065221786499,0.032456640154123306
94,2,0.4839678108692169,0.0007838447345420718
94,1,0.49782878160476685,0.2004593163728714
94,3,0.5139182806015015,0.1976579874753952
94,4,0.5069328546524048,0.03917420655488968
94,5,0.5016408562660217,0.08894893527030945
94,6,0.47797730565071106,0.03206264227628708
94,6,0.47797730565071106,0.03206264227628708
94,0,0.5235065221786499,0.032456640154123306
94,2,0.4839678108692169,0.0007838447345420718
94,1,0.49782878160476685,0.2004593163728714
94,3,0.5139182806015015,0.1976579874753952
94,4,0.5069328546524048,0.03917420655488968
94,5,0.5016408562660217,0.08894893527030945
94,6,0.47797730565071106,0.03206264227628708
94,6,0.47797730565071106,0.03206264227628708
94,0,0.5235065221786499,0.032456640154123306
94,2,0.4839678108692169,0.0007838447345420718
94,1,0.49782878160476685,0.2004593163728714
94,4,0.5069328546524048,0.03917420655488968
94,3,0.5139182806015015,0.1976579874753952
94,5,0.5016408562660217,0.08894893527030945
94,6,0.47797730565071106,0.03206264227628708
94,6,0.47797730565071106,0.03206264227628708
94,0,0.5235065221786499,0.032456640154123306
94,2,0.4839678108692169,0.0007838447345420718
94,1,0.49782878160476685,0.2004593163728714
94,3,0.5139182806015015,0.1976579874753952
94,4,0.5069328546524048,0.03917420655488968
94,5,0.5016408562660217,0.08894893527030945
94,6,0.47797730565071106,0.03206264227628708
94,6,0.47797730565071106,0.03206264227628708
94,0,0.5235065221786499,0.032456640154123306
94,1,0.49782878160476685,0.2004593163728714
94,2,0.4839678108692169,0.0007838447345420718
94,3,0.5139182806015015,0.1976579874753952
94,4,0.5069328546524048,0.03917420655488968
94,5,0.5016408562660217,0.08894893527030945
94,6,0.47797730565071106,0.03206264227628708
94,6,0.47797730565071106,0.03206264227628708
94,0,0.5235065221786499,0.032456640154123306
94,0,0.5235065221786499,0.032456640154123306
94,0,0.5235065221786499,0.032456640154123306
94,0,0.5235065221786499,0.032456640154123306
94,0,0.5235065221786499,0.032456640154123306
94,0,0.5235065221786499,0.032456640154123306
94,0,0.5235065221786499,0.032456640154123306
94,0,0.5235065221786499,0.032456640154123306
94,0,0.5235065221786499,0.032456640154123306
94,0,0.5235065221786499,0.032456640154123306
94,0,0.5235065221786499,0.032456640154123306
94,0,0.5235065221786499,0.032456640154123306
94,0,0.5235065221786499,0.032456640154123306
94,0,0.5235065221786499,0.032456640154123306
94,0,0.5235065221786499,0.032456640154123306
94,0,0.5235065221786499,0.032456640154123306
94,0,0.5235065221786499,0.032456640154123306
94,0,0.5235065221786499,0.032456640154123306
94,0,0.5235065221786499,0.032456640154123306
94,0,0.5235065221786499,0.032456640154123306
94,0,0.5235065221786499,0.032456640154123306
94,0,0.5235065221786499,0.032456640154123306
94,0,0.5235065221786499,0.032456640154123306
94,0,0.5235065221786499,0.032456640154123306
94,0,0.5235065221786499,0.032456640154123306
94,0,0.5235065221786499,0.032456640154123306
94,0,0.5235065221786499,0.032456640154123306
94,0,0.5235065221786499,0.032456640154123306
94,0,0.5235065221786499,0.032456640154123306
94,0,0.5235065221786499,0.032456640154123306
94,0,0.5235065221786499,0.032456640154123306
94,0,0.5235065221786499,0.032456640154123306
94,0,0.5235065221786499,0.032456640154123306
94,0,0.5235065221786499,0.032456640154123306
94,0,0.5235065221786499,0.032456640154123306
94,0,0.5235065221786499,0.032456640154123306
94,0,0.5235065221786499,0.032456640154123306
94,0,0.5235065221786499,0.032456640154123306
94,0,0.5235065221786499,0.032456640154123306
94,0,0.5235065221786499,0.032456640154123306
94,0,0.5235065221786499,0.032456640154123306
94,0,0.5235065221786499,0.032456640154123306
94,0,0.5235065221786499,0.032456640154123306
94,0,0.5235065221786499,0.032456640154123306
94,0,0.5235065221786499,0.032456640154123306
94,0,0.5235065221786499,0.032456640154123306
94,0,0.5235065221786499,0.032456640154123306
94,0,0.5235065221786499,0.032456640154123306
744,0,0.5235098004341125,0.032456640154123306
744,2,0.4839710295200348,0.0007838447345420718
744,1,0.4978320300579071,0.2004593163728714
744,3,0.5139215588569641,0.1976579874753952
744,4,0.5069360733032227,0.03917420655488968
744,5,0.5016441345214844,0.08894893527030945
744,6,0.4779806435108185,0.03206264227628708
744,6,0.4779806435108185,0.03206264227628708
744,0,0.5235098004341125,0.032456640154123306
744,1,0.4978320300579071,0.2004593163728714
744,2,0.4839710295200348,0.0007838447345420718
744,4,0.5069360733032227,0.03917420655488968
744,3,0.5139215588569641,0.1976579874753952
744,5,0.5016441345214844,0.08894893527030945
744,6,0.4779806435108185,0.03206264227628708
744,6,0.4779806435108185,0.03206264227628708
744,0,0.5235098004341125,0.032456640154123306
744,2,0.4839710295200348,0.0007838447345420718
744,1,0.4978320300579071,0.2004593163728714
744,4,0.5069360733032227,0.03917420655488968
744,3,0.5139215588569641,0.1976579874753952
744,5,0.5016441345214844,0.08894893527030945
744,6,0.4779806435108185,0.03206264227628708
744,6,0.4779806435108185,0.03206264227628708
744,0,0.5235098004341125,0.032456640154123306
744,1,0.4978320300579071,0.2004593163728714
744,2,0.4839710295200348,0.0007838447345420718
744,4,0.5069360733032227,0.03917420655488968
744,3,0.5139215588569641,0.1976579874753952
744,5,0.5016441345214844,0.08894893527030945
744,6,0.4779806435108185,0.03206264227628708
744,6,0.4779806435108185,0.03206264227628708
744,0,0.5235098004341125,0.032456640154123306
744,1,0.4978320300579071,0.2004593163728714
744,2,0.4839710295200348,0.0007838447345420718
744,3,0.5139215588569641,0.1976579874753952
744,4,0.5069360733032227,0.03917420655488968
744,5,0.5016441345214844,0.08894893527030945
744,6,0.4779806435108185,0.03206264227628708
744,6,0.4779806435108185,0.03206264227628708
744,0,0.5235098004341125,0.032456640154123306
744,2,0.4839710295200348,0.0007838447345420718
744,1,0.4978320300579071,0.2004593163728714
744,4,0.5069360733032227,0.03917420655488968
744,3,0.5139215588569641,0.1976579874753952
744,5,0.5016441345214844,0.08894893527030945
744,6,0.4779806435108185,0.03206264227628708
744,6,0.4779806435108185,0.03206264227628708
744,0,0.5235098004341125,0.032456640154123306
744,1,0.4978320300579071,0.2004593163728714
744,2,0.4839710295200348,0.0007838447345420718
744,4,0.5069360733032227,0.03917420655488968
744,3,0.5139215588569641,0.1976579874753952
744,5,0.5016441345214844,0.08894893527030945
744,6,0.4779806435108185,0.03206264227628708
744,6,0.4779806435108185,0.03206264227628708
744,0,0.5235098004341125,0.032456640154123306
744,2,0.4839710295200348,0.0007838447345420718
744,1,0.4978320300579071,0.2004593163728714
744,3,0.5139215588569641,0.1976579874753952
744,4,0.5069360733032227,0.03917420655488968
744,5,0.5016441345214844,0.08894893527030945
744,6,0.4779806435108185,0.03206264227628708
744,6,0.4779806435108185,0.03206264227628708
744,0,0.5235098004341125,0.032456640154123306
744,1,0.4978320300579071,0.2004593163728714
744,2,0.4839710295200348,0.0007838447345420718
744,3,0.5139215588569641,0.1976579874753952
744,4,0.5069360733032227,0.03917420655488968
744,5,0.5016441345214844,0.08894893527030945
744,6,0.4779806435108185,0.03206264227628708
744,6,0.4779806435108185,0.03206264227628708
744,0,0.5235098004341125,0.032456640154123306
744,0,0.5235098004341125,0.032456640154123306
744,0,0.5235098004341125,0.032456640154123306
744,0,0.5235098004341125,0.032456640154123306
744,0,0.5235098004341125,0.032456640154123306
744,0,0.5235098004341125,0.032456640154123306
744,0,0.5235098004341125,0.032456640154123306
744,0,0.5235098004341125,0.032456640154123306
744,0,0.5235098004341125,0.032456640154123306
744,0,0.5235098004341125,0.032456640154123306
744,0,0.5235098004341125,0.032456640154123306
744,0,0.5235098004341125,0.032456640154123306
744,0,0.5235098004341125,0.032456640154123306
744,0,0.5235098004341125,0.032456640154123306
744,0,0.5235098004341125,0.032456640154123306
744,0,0.5235098004341125,0.032456640154123306
744,0,0.5235098004341125,0.032456640154123306
744,0,0.5235098004341125,0.032456640154123306
744,0,0.5235098004341125,0.032456640154123306
744,0,0.5235098004341125,0.032456640154123306
744,0,0.5235098004341125,0.032456640154123306
744,0,0.5235098004341125,0.032456640154123306
744,0,0.5235098004341125,0.032456640154123306
744,0,0.5235098004341125,0.032456640154123306
744,0,0.5235098004341125,0.032456640154123306
744,0,0.5235098004341125,0.032456640154123306
744,0,0.5235098004341125,0.032456640154123306
744,0,0.5235098004341125,0.032456640154123306
744,0,0.5235098004341125,0.032456640154123306
744,0,0.5235098004341125,0.032456640154123306
744,0,0.5235098004341125,0.032456640154123306
744,0,0.5235098004341125,0.032456640154123306
744,0,0.5235098004341125,0.032456640154123306
744,0,0.5235098004341125,0.032456640154123306
744,0,0.5235098004341125,0.032456640154123306
744,0,0.5235098004341125,0.032456640154123306
744,0,0.5235098004341125,0.032456640154123306
744,0,0.5235098004341125,0.032456640154123306
744,0,0.5235098004341125,0.032456640154123306
744,0,0.5235098004341125,0.032456640154123306
744,0,0.5235098004341125,0.032456640154123306
744,0,0.5235098004341125,0.032456640154123306
744,0,0.5235098004341125,0.032456640154123306
744,0,0.5235098004341125,0.032456640154123306
744,0,0.5235098004341125,0.032456640154123306
744,0,0.5235098004341125,0.032456640154123306
744,0,0.5235098004341125,0.032456640154123306
744,0,0.5235098004341125,0.032456640154123306
744,0,0.5235098004341125,0.032456640154123306
744,0,0.5235098004341125,0.032456640154123306
744,0,0.5235098004341125,0.032456640154123306
744,0,0.5235098004341125,0.032456640154123306
744,0,0.5235098004341125,0.032456640154123306
744,0,0.5235098004341125,0.032456640154123306
744,0,0.5235098004341125,0.032456640154123306
744,0,0.5235098004341125,0.032456640154123306
744,0,0.5235098004341125,0.032456640154123306
744,0,0.5235098004341125,0.032456640154123306
744,0,0.5235098004341125,0.032456640154123306
744,0,0.5235098004341125,0.032456640154123306
744,0,0.5235098004341125,0.032456640154123306
744,0,0.5235098004341125,0.032456640154123306
744,0,0.5235098004341125,0.032456640154123306
744,0,0.5235098004341125,0.032456640154123306
744,0,0.5235098004341125,0.032456640154123306
744,0,0.5235098004341125,0.032456640154123306
744,0,0.5235098004341125,0.032456640154123306
744,0,0.5235098004341125,0.032456640154123306
744,0,0.5235098004341125,0.032456640154123306
744,0,0.5235098004341125,0.032456640154123306
744,0,0.5235098004341125,0.032456640154123306
744,0,0.5235098004341125,0.032456640154123306
744,0,0.5235098004341125,0.032456640154123306
744,0,0.5235098004341125,0.032456640154123306
744,0,0.5235098004341125,0.032456640154123306
744,0,0.5235098004341125,0.032456640154123306
744,0,0.5235098004341125,0.032456640154123306
744,0,0.5235098004341125,0.032456640154123306
744,0,0.5235098004341125,0.032456640154123306
744,0,0.5235098004341125,0.032456640154123306
744,0,0.5235098004341125,0.032456640154123306
744,0,0.5235098004341125,0.032456640154123306
744,0,0.5235098004341125,0.032456640154123306
744,0,0.5235098004341125,0.032456640154123306
744,0,0.5235098004341125,0.032456640154123306
744,0,0.5235098004341125,0.032456640154123306
744,0,0.5235098004341125,0.032456640154123306
744,0,0.5235098004341125,0.032456640154123306
744,0,0.5235098004341125,0.032456640154123306
744,0,0.5235098004341125,0.032456640154123306
744,0,0.5235098004341125,0.032456640154123306
744,0,0.5235098004341125,0.032456640154123306
744,0,0.5235098004341125,0.032456640154123306
744,0,0.5235098004341125,0.032456640154123306
744,0,0.5235098004341125,0.032456640154123306
744,0,0.5235098004341125,0.032456640154123306
744,0,0.5235098004341125,0.032456640154123306
744,0,0.5235098004341125,0.032456640154123306
744,0,0.5235098004341125,0.032456640154123306
744,0,0.5235098004341125,0.032456640154123306
744,0,0.5235098004341125,0.032456640154123306
744,0,0.5235098004341125,0.032456640154123306
744,0,0.5235098004341125,0.032456640154123306
744,0,0.5235098004341125,0.032456640154123306
744,0,0.5235098004341125,0.032456640154123306
744,0,0.5235098004341125,0.032456640154123306
744,0,0.5235098004341125,0.032456640154123306
744,0,0.5235098004341125,0.032456640154123306
744,0,0.5235098004341125,0.032456640154123306
744,0,0.5235098004341125,0.032456640154123306
744,0,0.5235098004341125,0.032456640154123306
744,0,0.5235098004341125,0.032456640154123306
744,0,0.5235098004341125,0.032456640154123306
744,0,0.5235098004341125,0.032456640154123306
744,0,0.5235098004341125,0.032456640154123306
744,0,0.5235098004341125,0.032456640154123306
744,0,0.5235098004341125,0.032456640154123306
744,0,0.5235098004341125,0.032456640154123306
744,0,0.5235098004341125,0.032456640154123306
744,0,0.5235098004341125,0.032456640154123306
744,0,0.5235098004341125,0.032456640154123306
744,0,0.5235098004341125,0.032456640154123306
744,0,0.5235098004341125,0.032456640154123306
744,0,0.5235098004341125,0.032456640154123306
744,0,0.5235098004341125,0.032456640154123306
744,0,0.5235098004341125,0.032456640154123306
744,0,0.5235098004341125,0.032456640154123306
744,0,0.5235098004341125,0.032456640154123306
203,15,0.510615348815918,0.9999997615814209
203,9,0.4866924583911896,0.11330409348011017
203,8,0.49686750769615173,0.8536729216575623
203,18,0.46392667293548584,1.0
203,16,0.513964831829071,0.1685396432876587
203,17,0.49630337953567505,0.9999942183494568
203,19,0.5166849493980408,0.4598133862018585
203,6,0.47797727584838867,0.03206264227628708
203,6,0.47797727584838867,0.03206264227628708
203,15,0.510615348815918,0.9999997615814209
203,9,0.4866924583911896,0.11330409348011017
203,8,0.49686750769615173,0.8536729216575623
203,18,0.46392667293548584,1.0
203,16,0.513964831829071,0.1685396432876587
203,17,0.49630337953567505,0.9999942183494568
203,19,0.5166849493980408,0.4598133862018585
203,6,0.47797727584838867,0.03206264227628708
203,6,0.47797727584838867,0.03206264227628708
203,15,0.510615348815918,0.9999997615814209
203,8,0.49686750769615173,0.8536729216575623
203,9,0.4866924583911896,0.11330409348011017
203,18,0.46392667293548584,1.0
203,17,0.49630337953567505,0.9999942183494568
203,16,0.513964831829071,0.1685396432876587
203,19,0.5166849493980408,0.4598133862018585
203,6,0.47797727584838867,0.03206264227628708
203,6,0.47797727584838867,0.03206264227628708
203,15,0.510615348815918,0.9999997615814209
203,8,0.49686750769615173,0.8536729216575623
203,9,0.4866924583911896,0.11330409348011017
203,18,0.46392667293548584,1.0
203,17,0.49630337953567505,0.9999942183494568
203,16,0.513964831829071,0.1685396432876587
203,19,0.5166849493980408,0.4598133862018585
203,6,0.47797727584838867,0.03206264227628708
203,6,0.47797727584838867,0.03206264227628708
203,15,0.510615348815918,0.9999997615814209
203,20,0.5316659808158875,0.8484814763069153
203,21,0.4959407150745392,0.8829294443130493
203,21,0.4959407150745392,0.8829294443130493
203,21,0.4959407150745392,0.8829294443130493
203,21,0.4959407150745392,0.8829294443130493
203,21,0.4959407150745392,0.8829294443130493
203,22,0.5302790403366089,0.553569495677948
203,22,0.5302790403366089,0.553569495677948
203,22,0.5302790403366089,0.553569495677948
203,22,0.5302790403366089,0.553569495677948
203,22,0.5302790403366089,0.553569495677948
203,23,0.49041101336479187,0.5663540363311768
203,20,0.5316659808158875,0.8484814763069153
203,21,0.4959407150745392,0.8829294443130493
203,21,0.4959407150745392,0.8829294443130493
203,21,0.4959407150745392,0.8829294443130493
203,21,0.4959407150745392,0.8829294443130493
203,21,0.4959407150745392,0.8829294443130493
203,21,0.4959407150745392,0.8829294443130493
203,21,0.4959407150745392,0.8829294443130493
203,21,0.4959407150745392,0.8829294443130493
203,21,0.4959407150745392,0.8829294443130493
203,22,0.5302790403366089,0.553569495677948
203,22,0.5302790403366089,0.553569495677948
203,22,0.5302790403366089,0.553569495677948
203,22,0.5302790403366089,0.553569495677948
203,22,0.5302790403366089,0.553569495677948
203,22,0.5302790403366089,0.553569495677948
203,22,0.5302790403366089,0.553569495677948
203,22,0.5302790403366089,0.553569495677948
203,22,0.5302790403366089,0.553569495677948
203,24,0.4732620120048523,0.2056296169757843
203,20,0.5316659808158875,0.8484814763069153
203,21,0.4959407150745392,0.8829294443130493
203,21,0.4959407150745392,0.8829294443130493
203,21,0.4959407150745392,0.8829294443130493
203,21,0.4959407150745392,0.8829294443130493
203,21,0.4959407150745392,0.8829294443130493
203,21,0.4959407150745392,0.8829294443130493
203,21,0.4959407150745392,0.8829294443130493
203,21,0.4959407150745392,0.8829294443130493
203,21,0.4959407150745392,0.8829294443130493
203,21,0.4959407150745392,0.8829294443130493
203,21,0.4959407150745392,0.8829294443130493
203,21,0.4959407150745392,0.8829294443130493
203,21,0.4959407150745392,0.8829294443130493
203,21,0.4959407150745392,0.8829294443130493
203,21,0.4959407150745392,0.8829294443130493
203,22,0.5302790403366089,0.553569495677948
203,22,0.5302790403366089,0.553569495677948
203,22,0.5302790403366089,0.553569495677948
203,22,0.5302790403366089,0.553569495677948
203,22,0.5302790403366089,0.553569495677948
203,22,0.5302790403366089,0.553569495677948
203,22,0.5302790403366089,0.553569495677948
203,22,0.5302790403366089,0.553569495677948
203,22,0.5302790403366089,0.553569495677948
203,22,0.5302790403366089,0.553569495677948
203,22,0.5302790403366089,0.553569495677948
203,22,0.5302790403366089,0.553569495677948
203,22,0.5302790403366089,0.553569495677948
203,22,0.5302790403366089,0.553569495677948
203,22,0.5302790403366089,0.553569495677948
203,25,0.49587592482566833,0.017851894721388817
203,20,0.5316659808158875,0.8484814763069153
203,21,0.4959407150745392,0.8829294443130493
203,21,0.4959407150745392,0.8829294443130493
203,21,0.4959407150745392,0.8829294443130493
203,21,0.4959407150745392,0.8829294443130493
203,21,0.4959407150745392,0.8829294443130493
203,21,0.4959407150745392,0.8829294443130493
203,21,0.4959407150745392,0.8829294443130493
203,21,0.4959407150745392,0.8829294443130493
203,21,0.4959407150745392,0.8829294443130493
203,21,0.4959407150745392,0.8829294443130493
203,21,0.4959407150745392,0.8829294443130493
203,21,0.4959407150745392,0.8829294443130493
203,21,0.4959407150745392,0.8829294443130493
203,22,0.5302790403366089,0.553569495677948
203,22,0.5302790403366089,0.553569495677948
203,22,0.5302790403366089,0.553569495677948
203,22,0.5302790403366089,0.553569495677948
203,22,0.5302790403366089,0.553569495677948
203,22,0.5302790403366089,0.553569495677948
203,22,0.5302790403366089,0.553569495677948
203,22,0.5302790403366089,0.553569495677948
203,22,0.5302790403366089,0.553569495677948
203,22,0.5302790403366089,0.553569495677948
203,22,0.5302790403366089,0.553569495677948
203,22,0.5302790403366089,0.553569495677948
203,22,0.5302790403366089,0.553569495677948
203,23,0.49041101336479187,0.5663540363311768
203,20,0.5316659808158875,0.8484814763069153
203,21,0.4959407150745392,0.8829294443130493
203,21,0.4959407150745392,0.8829294443130493
203,21,0.4959407150745392,0.8829294443130493
203,21,0.4959407150745392,0.8829294443130493
203,21,0.4959407150745392,0.8829294443130493
203,21,0.4959407150745392,0.8829294443130493
203,21,0.4959407150745392,0.8829294443130493
203,21,0.4959407150745392,0.8829294443130493
203,21,0.4959407150745392,0.8829294443130493
203,21,0.4959407150745392,0.8829294443130493
203,21,0.4959407150745392,0.8829294443130493
203,22,0.5302790403366089,0.553569495677948
203,22,0.5302790403366089,0.553569495677948
203,22,0.5302790403366089,0.553569495677948
203,22,0.5302790403366089,0.553569495677948
203,22,0.5302790403366089,0.553569495677948
203,22,0.5302790403366089,0.553569495677948
203,22,0.5302790403366089,0.553569495677948
203,22,0.5302790403366089,0.553569495677948
203,22,0.5302790403366089,0.553569495677948
203,22,0.5302790403366089,0.553569495677948
203,22,0.5302790403366089,0.553569495677948
203,24,0.4732620120048523,0.2056296169757843
203,20,0.5316659808158875,0.8484814763069153
203,21,0.4959407150745392,0.8829294443130493
203,21,0.4959407150745392,0.8829294443130493
203,21,0.4959407150745392,0.8829294443130493
203,21,0.4959407150745392,0.8829294443130493
203,21,0.4959407150745392,0.8829294443130493
203,21,0.4959407150745392,0.8829294443130493
203,21,0.4959407150745392,0.8829294443130493
203,21,0.4959407150745392,0.8829294443130493
203,21,0.4959407150745392,0.8829294443130493
203,21,0.4959407150745392,0.8829294443130493
203,21,0.4959407150745392,0.8829294443130493
203,21,0.4959407150745392,0.8829294443130493
203,21,0.4959407150745392,0.8829294443130493
203,21,0.4959407150745392,0.8829294443130493
203,21,0.4959407150745392,0.8829294443130493
203,22,0.5302790403366089,0.553569495677948
203,22,0.5302790403366089,0.553569495677948
203,22,0.5302790403366089,0.553569495677948
203,22,0.5302790403366089,0.553569495677948
203,22,0.5302790403366089,0.553569495677948
203,22,0.5302790403366089,0.553569495677948
203,22,0.5302790403366089,0.553569495677948
203,22,0.5302790403366089,0.553569495677948
203,22,0.5302790403366089,0.553569495677948
203,22,0.5302790403366089,0.553569495677948
203,22,0.5302790403366089,0.553569495677948
203,22,0.5302790403366089,0.553569495677948
203,22,0.5302790403366089,0.553569495677948
203,22,0.5302790403366089,0.553569495677948
203,22,0.5302790403366089,0.553569495677948
203,25,0.49587592482566833,0.017851894721388817
203,20,0.5316659808158875,0.8484814763069153
203,21,0.4959407150745392,0.8829294443130493
203,21,0.4959407150745392,0.8829294443130493
203,0,0.5235064625740051,0.032456640154123306
203,0,0.5235064625740051,0.032456640154123306
203,0,0.5235064625740051,0.032456640154123306
203,0,0.5235064625740051,0.032456640154123306
203,0,0.5235064625740051,0.032456640154123306
203,0,0.5235064625740051,0.032456640154123306
203,0,0.5235064625740051,0.032456640154123306
203,0,0.5235064625740051,0.032456640154123306
203,0,0.5235064625740051,0.032456640154123306
203,0,0.5235064625740051,0.032456640154123306
203,0,0.5235064625740051,0.032456640154123306
203,0,0.5235064625740051,0.032456640154123306
437,279,0.48977845907211304,0.8794111013412476
437,280,0.5100951790809631,0.04054993763566017
437,280,0.5100951790809631,0.04054993763566017
437,279,0.48977845907211304,0.8794111013412476
437,279,0.48977845907211304,0.8794111013412476
437,279,0.48977845907211304,0.8794111013412476
437,280,0.5100951790809631,0.04054993763566017
437,279,0.48977845907211304,0.8794111013412476
437,279,0.48977845907211304,0.8794111013412476
437,281,0.4985329210758209,0.3140147626399994
437,282,0.5224307775497437,0.18377628922462463
437,282,0.5224307775497437,0.18377628922462463
437,281,0.4985329210758209,0.3140147626399994
437,282,0.5224307775497437,0.18377628922462463
437,281,0.4985329210758209,0.3140147626399994
437,281,0.4985329210758209,0.3140147626399994
437,0,0.5235050320625305,0.032456640154123306
437,0,0.5235050320625305,0.032456640154123306
437,0,0.5235050320625305,0.032456640154123306
437,0,0.5235050320625305,0.032456640154123306
437,0,0.5235050320625305,0.032456640154123306
437,0,0.5235050320625305,0.032456640154123306
437,0,0.5235050320625305,0.032456640154123306
437,0,0.5235050320625305,0.032456640154123306
437,0,0.5235050320625305,0.032456640154123306
437,0,0.5235050320625305,0.032456640154123306
437,0,0.5235050320625305,0.032456640154123306
437,0,0.5235050320625305,0.032456640154123306
437,0,0.5235050320625305,0.032456640154123306
437,0,0.5235050320625305,0.032456640154123306
437,0,0.5235050320625305,0.032456640154123306
437,0,0.5235050320625305,0.032456640154123306
437,0,0.5235050320625305,0.032456640154123306
437,0,0.5235050320625305,0.032456640154123306
437,0,0.5235050320625305,0.032456640154123306
437,0,0.5235050320625305,0.032456640154123306
437,0,0.5235050320625305,0.032456640154123306
437,0,0.5235050320625305,0.032456640154123306
437,0,0.5235050320625305,0.032456640154123306
437,0,0.5235050320625305,0.032456640154123306
437,0,0.5235050320625305,0.032456640154123306
437,0,0.5235050320625305,0.032456640154123306
437,0,0.5235050320625305,0.032456640154123306
437,0,0.5235050320625305,0.032456640154123306
437,0,0.5235050320625305,0.032456640154123306
437,0,0.5235050320625305,0.032456640154123306
437,0,0.5235050320625305,0.032456640154123306
437,0,0.5235050320625305,0.032456640154123306
437,0,0.5235050320625305,0.032456640154123306
437,0,0.5235050320625305,0.032456640154123306
437,0,0.5235050320625305,0.032456640154123306
437,0,0.5235050320625305,0.032456640154123306
437,0,0.5235050320625305,0.032456640154123306
437,0,0.5235050320625305,0.032456640154123306
437,0,0.5235050320625305,0.032456640154123306
437,0,0.5235050320625305,0.032456640154123306
437,0,0.5235050320625305,0.032456640154123306
437,0,0.5235050320625305,0.032456640154123306
437,0,0.5235050320625305,0.032456640154123306
437,0,0.5235050320625305,0.032456640154123306
437,0,0.5235050320625305,0.032456640154123306
437,0,0.5235050320625305,0.032456640154123306
437,0,0.5235050320625305,0.032456640154123306
437,0,0.5235050320625305,0.032456640154123306
437,0,0.5235050320625305,0.032456640154123306
437,0,0.5235050320625305,0.032456640154123306
437,0,0.5235050320625305,0.032456640154123306
437,0,0.5235050320625305,0.032456640154123306
437,0,0.5235050320625305,0.032456640154123306
437,0,0.5235050320625305,0.032456640154123306
437,0,0.5235050320625305,0.032456640154123306
437,0,0.5235050320625305,0.032456640154123306
437,0,0.5235050320625305,0.032456640154123306
437,0,0.5235050320625305,0.032456640154123306
437,0,0.5235050320625305,0.032456640154123306
437,0,0.5235050320625305,0.032456640154123306
437,0,0.5235050320625305,0.032456640154123306
437,0,0.5235050320625305,0.032456640154123306
437,0,0.5235050320625305,0.032456640154123306
437,0,0.5235050320625305,0.032456640154123306
437,0,0.5235050320625305,0.032456640154123306
437,0,0.5235050320625305,0.032456640154123306
437,0,0.5235050320625305,0.032456640154123306
437,0,0.5235050320625305,0.032456640154123306
437,0,0.5235050320625305,0.032456640154123306
437,0,0.5235050320625305,0.032456640154123306
437,0,0.5235050320625305,0.032456640154123306
437,0,0.5235050320625305,0.032456640154123306
437,0,0.5235050320625305,0.032456640154123306
437,0,0.5235050320625305,0.032456640154123306
437,0,0.5235050320625305,0.032456640154123306
437,0,0.5235050320625305,0.032456640154123306
437,0,0.5235050320625305,0.032456640154123306
437,0,0.5235050320625305,0.032456640154123306
437,0,0.5235050320625305,0.032456640154123306
437,0,0.5235050320625305,0.032456640154123306
437,0,0.5235050320625305,0.032456640154123306
437,0,0.5235050320625305,0.032456640154123306
437,0,0.5235050320625305,0.032456640154123306
437,0,0.5235050320625305,0.032456640154123306
437,0,0.5235050320625305,0.032456640154123306
437,0,0.5235050320625305,0.032456640154123306
437,0,0.5235050320625305,0.032456640154123306
437,0,0.5235050320625305,0.032456640154123306
437,0,0.5235050320625305,0.032456640154123306
437,0,0.5235050320625305,0.032456640154123306
437,0,0.5235050320625305,0.032456640154123306
437,0,0.5235050320625305,0.032456640154123306
437,0,0.5235050320625305,0.032456640154123306
437,0,0.5235050320625305,0.032456640154123306
437,0,0.5235050320625305,0.032456640154123306
437,0,0.5235050320625305,0.032456640154123306
437,0,0.5235050320625305,0.032456640154123306
437,0,0.5235050320625305,0.032456640154123306
437,0,0.5235050320625305,0.032456640154123306
437,0,0.5235050320625305,0.032456640154123306
437,0,0.5235050320625305,0.032456640154123306
437,0,0.5235050320625305,0.032456640154123306
437,0,0.5235050320625305,0.032456640154123306
437,0,0.5235050320625305,0.032456640154123306
437,0,0.5235050320625305,0.032456640154123306
437,0,0.5235050320625305,0.032456640154123306
437,0,0.5235050320625305,0.032456640154123306
437,0,0.5235050320625305,0.032456640154123306
437,0,0.5235050320625305,0.032456640154123306
437,0,0.5235050320625305,0.032456640154123306
437,0,0.5235050320625305,0.032456640154123306
437,0,0.5235050320625305,0.032456640154123306
437,0,0.5235050320625305,0.032456640154123306
437,0,0.5235050320625305,0.032456640154123306
437,0,0.5235050320625305,0.032456640154123306
437,0,0.5235050320625305,0.032456640154123306
437,0,0.5235050320625305,0.032456640154123306
437,0,0.5235050320625305,0.032456640154123306
437,0,0.5235050320625305,0.032456640154123306
437,0,0.5235050320625305,0.032456640154123306
437,0,0.5235050320625305,0.032456640154123306
437,0,0.5235050320625305,0.032456640154123306
437,0,0.5235050320625305,0.032456640154123306
437,0,0.5235050320625305,0.032456640154123306
437,0,0.5235050320625305,0.032456640154123306
437,0,0.5235050320625305,0.032456640154123306
437,0,0.5235050320625305,0.032456640154123306
437,0,0.5235050320625305,0.032456640154123306
437,0,0.5235050320625305,0.032456640154123306
437,0,0.5235050320625305,0.032456640154123306
437,0,0.5235050320625305,0.032456640154123306
437,0,0.5235050320625305,0.032456640154123306
437,0,0.5235050320625305,0.032456640154123306
437,0,0.5235050320625305,0.032456640154123306
437,0,0.5235050320625305,0.032456640154123306
437,0,0.5235050320625305,0.032456640154123306
437,0,0.5235050320625305,0.032456640154123306
437,0,0.5235050320625305,0.032456640154123306
437,0,0.5235050320625305,0.032456640154123306
437,0,0.5235050320625305,0.032456640154123306
437,0,0.5235050320625305,0.032456640154123306
437,0,0.5235050320625305,0.032456640154123306
437,0,0.5235050320625305,0.032456640154123306
437,0,0.5235050320625305,0.032456640154123306
437,0,0.5235050320625305,0.032456640154123306
437,0,0.5235050320625305,0.032456640154123306
437,0,0.5235050320625305,0.032456640154123306
437,0,0.5235050320625305,0.032456640154123306
437,0,0.5235050320625305,0.032456640154123306
437,0,0.5235050320625305,0.032456640154123306
437,0,0.5235050320625305,0.032456640154123306
437,0,0.5235050320625305,0.032456640154123306
437,0,0.5235050320625305,0.032456640154123306
437,0,0.5235050320625305,0.032456640154123306
437,0,0.5235050320625305,0.032456640154123306
437,0,0.5235050320625305,0.032456640154123306
437,0,0.5235050320625305,0.032456640154123306
437,0,0.5235050320625305,0.032456640154123306
437,0,0.5235050320625305,0.032456640154123306
437,0,0.5235050320625305,0.032456640154123306
437,0,0.5235050320625305,0.032456640154123306
437,0,0.5235050320625305,0.032456640154123306
437,0,0.5235050320625305,0.032456640154123306
437,0,0.5235050320625305,0.032456640154123306
437,0,0.5235050320625305,0.032456640154123306
437,0,0.5235050320625305,0.032456640154123306
437,0,0.5235050320625305,0.032456640154123306
437,0,0.5235050320625305,0.032456640154123306
437,0,0.5235050320625305,0.032456640154123306
437,0,0.5235050320625305,0.032456640154123306
437,0,0.5235050320625305,0.032456640154123306
437,0,0.5235050320625305,0.032456640154123306
437,0,0.5235050320625305,0.032456640154123306
437,0,0.5235050320625305,0.032456640154123306
437,0,0.5235050320625305,0.032456640154123306
437,0,0.5235050320625305,0.032456640154123306
437,0,0.5235050320625305,0.032456640154123306
437,0,0.5235050320625305,0.032456640154123306
437,0,0.5235050320625305,0.032456640154123306
437,0,0.5235050320625305,0.032456640154123306
437,0,0.5235050320625305,0.032456640154123306
437,0,0.5235050320625305,0.032456640154123306
437,0,0.5235050320625305,0.032456640154123306
437,0,0.5235050320625305,0.032456640154123306
747,0,0.5235047936439514,0.032456640154123306
747,2,0.48396605253219604,0.0007838447345420718
747,1,0.4978269934654236,0.2004593163728714
747,3,0.513916552066803,0.1976579874753952
747,4,0.5069310665130615,0.03917420655488968
747,5,0.5016391277313232,0.08894893527030945
747,6,0.47797563672065735,0.03206264227628708
747,6,0.47797563672065735,0.03206264227628708
747,0,0.5235047936439514,0.032456640154123306
747,1,0.4978269934654236,0.2004593163728714
747,2,0.48396605253219604,0.0007838447345420718
747,4,0.5069310665130615,0.03917420655488968
747,3,0.513916552066803,0.1976579874753952
747,5,0.5016391277313232,0.08894893527030945
747,6,0.47797563672065735,0.03206264227628708
747,6,0.47797563672065735,0.03206264227628708
747,0,0.5235047936439514,0.032456640154123306
747,2,0.48396605253219604,0.0007838447345420718
747,1,0.4978269934654236,0.2004593163728714
747,3,0.513916552066803,0.1976579874753952
747,4,0.5069310665130615,0.03917420655488968
747,5,0.5016391277313232,0.08894893527030945
747,6,0.47797563672065735,0.03206264227628708
747,6,0.47797563672065735,0.03206264227628708
747,0,0.5235047936439514,0.032456640154123306
747,1,0.4978269934654236,0.2004593163728714
747,2,0.48396605253219604,0.0007838447345420718
747,4,0.5069310665130615,0.03917420655488968
747,3,0.513916552066803,0.1976579874753952
747,5,0.5016391277313232,0.08894893527030945
747,6,0.47797563672065735,0.03206264227628708
747,6,0.47797563672065735,0.03206264227628708
747,0,0.5235047936439514,0.032456640154123306
747,2,0.48396605253219604,0.0007838447345420718
747,1,0.4978269934654236,0.2004593163728714
747,3,0.513916552066803,0.1976579874753952
747,4,0.5069310665130615,0.03917420655488968
747,5,0.5016391277313232,0.08894893527030945
747,6,0.47797563672065735,0.03206264227628708
747,6,0.47797563672065735,0.03206264227628708
747,0,0.5235047936439514,0.032456640154123306
747,2,0.48396605253219604,0.0007838447345420718
747,1,0.4978269934654236,0.2004593163728714
747,3,0.513916552066803,0.1976579874753952
747,4,0.5069310665130615,0.03917420655488968
747,5,0.5016391277313232,0.08894893527030945
747,6,0.47797563672065735,0.03206264227628708
747,6,0.47797563672065735,0.03206264227628708
747,0,0.5235047936439514,0.032456640154123306
747,1,0.4978269934654236,0.2004593163728714
747,2,0.48396605253219604,0.0007838447345420718
747,4,0.5069310665130615,0.03917420655488968
747,5,0.5016391277313232,0.08894893527030945
747,3,0.513916552066803,0.1976579874753952
747,6,0.47797563672065735,0.03206264227628708
747,6,0.47797563672065735,0.03206264227628708
747,0,0.5235047936439514,0.032456640154123306
747,1,0.4978269934654236,0.2004593163728714
747,2,0.48396605253219604,0.0007838447345420718
747,4,0.5069310665130615,0.03917420655488968
747,3,0.513916552066803,0.1976579874753952
747,5,0.5016391277313232,0.08894893527030945
747,6,0.47797563672065735,0.03206264227628708
747,6,0.47797563672065735,0.03206264227628708
747,0,0.5235047936439514,0.032456640154123306
747,0,0.5235047936439514,0.032456640154123306
747,0,0.5235047936439514,0.032456640154123306
747,0,0.5235047936439514,0.032456640154123306
747,0,0.5235047936439514,0.032456640154123306
747,0,0.5235047936439514,0.032456640154123306
747,0,0.5235047936439514,0.032456640154123306
747,0,0.5235047936439514,0.032456640154123306
747,0,0.5235047936439514,0.032456640154123306
747,0,0.5235047936439514,0.032456640154123306
747,0,0.5235047936439514,0.032456640154123306
747,0,0.5235047936439514,0.032456640154123306
747,0,0.5235047936439514,0.032456640154123306
747,0,0.5235047936439514,0.032456640154123306
747,0,0.5235047936439514,0.032456640154123306
747,0,0.5235047936439514,0.032456640154123306
747,0,0.5235047936439514,0.032456640154123306
747,0,0.5235047936439514,0.032456640154123306
747,0,0.5235047936439514,0.032456640154123306
747,0,0.5235047936439514,0.032456640154123306
747,0,0.5235047936439514,0.032456640154123306
747,0,0.5235047936439514,0.032456640154123306
747,0,0.5235047936439514,0.032456640154123306
747,0,0.5235047936439514,0.032456640154123306
747,0,0.5235047936439514,0.032456640154123306
747,0,0.5235047936439514,0.032456640154123306
747,0,0.5235047936439514,0.032456640154123306
747,0,0.5235047936439514,0.032456640154123306
747,0,0.5235047936439514,0.032456640154123306
747,0,0.5235047936439514,0.032456640154123306
747,0,0.5235047936439514,0.032456640154123306
747,0,0.5235047936439514,0.032456640154123306
747,0,0.5235047936439514,0.032456640154123306
747,0,0.5235047936439514,0.032456640154123306
747,0,0.5235047936439514,0.032456640154123306
747,0,0.5235047936439514,0.032456640154123306
747,0,0.5235047936439514,0.032456640154123306
747,0,0.5235047936439514,0.032456640154123306
747,0,0.5235047936439514,0.032456640154123306
747,0,0.5235047936439514,0.032456640154123306
747,0,0.5235047936439514,0.032456640154123306
747,0,0.5235047936439514,0.032456640154123306
747,0,0.5235047936439514,0.032456640154123306
747,0,0.5235047936439514,0.032456640154123306
747,0,0.5235047936439514,0.032456640154123306
747,0,0.5235047936439514,0.032456640154123306
747,0,0.5235047936439514,0.032456640154123306
747,0,0.5235047936439514,0.032456640154123306
747,0,0.5235047936439514,0.032456640154123306
747,0,0.5235047936439514,0.032456640154123306
747,0,0.5235047936439514,0.032456640154123306
747,0,0.5235047936439514,0.032456640154123306
747,0,0.5235047936439514,0.032456640154123306
747,0,0.5235047936439514,0.032456640154123306
747,0,0.5235047936439514,0.032456640154123306
747,0,0.5235047936439514,0.032456640154123306
747,0,0.5235047936439514,0.032456640154123306
747,0,0.5235047936439514,0.032456640154123306
747,0,0.5235047936439514,0.032456640154123306
747,0,0.5235047936439514,0.032456640154123306
747,0,0.5235047936439514,0.032456640154123306
747,0,0.5235047936439514,0.032456640154123306
747,0,0.5235047936439514,0.032456640154123306
747,0,0.5235047936439514,0.032456640154123306
747,0,0.5235047936439514,0.032456640154123306
747,0,0.5235047936439514,0.032456640154123306
747,0,0.5235047936439514,0.032456640154123306
747,0,0.5235047936439514,0.032456640154123306
747,0,0.5235047936439514,0.032456640154123306
747,0,0.5235047936439514,0.032456640154123306
747,0,0.5235047936439514,0.032456640154123306
747,0,0.5235047936439514,0.032456640154123306
747,0,0.5235047936439514,0.032456640154123306
747,0,0.5235047936439514,0.032456640154123306
747,0,0.5235047936439514,0.032456640154123306
747,0,0.5235047936439514,0.032456640154123306
747,0,0.5235047936439514,0.032456640154123306
747,0,0.5235047936439514,0.032456640154123306
747,0,0.5235047936439514,0.032456640154123306
747,0,0.5235047936439514,0.032456640154123306
747,0,0.5235047936439514,0.032456640154123306
747,0,0.5235047936439514,0.032456640154123306
747,0,0.5235047936439514,0.032456640154123306
747,0,0.5235047936439514,0.032456640154123306
747,0,0.5235047936439514,0.032456640154123306
747,0,0.5235047936439514,0.032456640154123306
747,0,0.5235047936439514,0.032456640154123306
747,0,0.5235047936439514,0.032456640154123306
747,0,0.5235047936439514,0.032456640154123306
747,0,0.5235047936439514,0.032456640154123306
747,0,0.5235047936439514,0.032456640154123306
747,0,0.5235047936439514,0.032456640154123306
747,0,0.5235047936439514,0.032456640154123306
747,0,0.5235047936439514,0.032456640154123306
747,0,0.5235047936439514,0.032456640154123306
747,0,0.5235047936439514,0.032456640154123306
747,0,0.5235047936439514,0.032456640154123306
747,0,0.5235047936439514,0.032456640154123306
747,0,0.5235047936439514,0.032456640154123306
747,0,0.5235047936439514,0.032456640154123306
747,0,0.5235047936439514,0.032456640154123306
747,0,0.5235047936439514,0.032456640154123306
747,0,0.5235047936439514,0.032456640154123306
747,0,0.5235047936439514,0.032456640154123306
747,0,0.5235047936439514,0.032456640154123306
747,0,0.5235047936439514,0.032456640154123306
747,0,0.5235047936439514,0.032456640154123306
747,0,0.5235047936439514,0.032456640154123306
747,0,0.5235047936439514,0.032456640154123306
747,0,0.5235047936439514,0.032456640154123306
747,0,0.5235047936439514,0.032456640154123306
747,0,0.5235047936439514,0.032456640154123306
747,0,0.5235047936439514,0.032456640154123306
747,0,0.5235047936439514,0.032456640154123306
747,0,0.5235047936439514,0.032456640154123306
747,0,0.5235047936439514,0.032456640154123306
747,0,0.5235047936439514,0.032456640154123306
747,0,0.5235047936439514,0.032456640154123306
747,0,0.5235047936439514,0.032456640154123306
747,0,0.5235047936439514,0.032456640154123306
747,0,0.5235047936439514,0.032456640154123306
747,0,0.5235047936439514,0.032456640154123306
747,0,0.5235047936439514,0.032456640154123306
747,0,0.5235047936439514,0.032456640154123306
747,0,0.5235047936439514,0.032456640154123306
747,0,0.5235047936439514,0.032456640154123306
747,0,0.5235047936439514,0.032456640154123306
747,0,0.5235047936439514,0.032456640154123306
747,0,0.5235047936439514,0.032456640154123306
747,0,0.5235047936439514,0.032456640154123306
747,0,0.5235047936439514,0.032456640154123306
747,0,0.5235047936439514,0.032456640154123306
747,0,0.5235047936439514,0.032456640154123306
747,0,0.5235047936439514,0.032456640154123306
747,0,0.5235047936439514,0.032456640154123306
747,0,0.5235047936439514,0.032456640154123306
