{
  "valid_auc": 0.8223948508925087,
  "valid_acc": 0.7738760056791292,
  "valid_metrics": {
    "l_sup": 0.4820313365012858,
    "l_reg": 0.0012379766315765057,
    "l_ref": 0.0,
    "l_init": 0.007272925523664702,
    "l_rate": 0.15478000066674463
  },
  "test_auc": 0.8175039317887891,
  "test_acc": 0.7619055311449987,
  "test_metrics": {
    "l_sup": 0.49972568909279136,
    "l_reg": 0.001205305194404597,
    "l_ref": 0.0,
    "l_init": 0.007366820812703703,
    "l_rate": 0.1564618567307757
  },
  "window_test_auc": 0.8191324870063144,
  "window_test_acc": 0.7631366860090264,
  "window_metrics": {
    "l_sup": 0.4706978819480492,
    "l_reg": 0.0012976821878473172,
    "l_ref": 0.0,
    "l_init": 0.007524783667650826,
    "l_rate": 0.1523212290802524
  },
  "checkpoint": "/workspaces/pykt-toolkit/experiments/20251221_101711_idkt_pareto_v2_l0.20_assist2009_440389/best_model.pt"
}