split,auc,acc,l_sup,l_ref,l_init,l_rate,l_reg
test,0.817504,0.761906,0.499726,0.000000,0.007367,0.156462,0.001205
