{
  "valid_auc": 0.8223948508925087,
  "valid_acc": 0.7738760056791292,
  "valid_metrics": {
    "l_sup": 0.4868099712559581,
    "l_reg": 0.001244857718120329,
    "l_ref": 0.03869046022494634,
    "l_init": 0.006548605750108731,
    "l_rate": 0.1503182464501631
  },
  "test_auc": 0.8198858989320318,
  "test_acc": 0.7735163274964505,
  "test_metrics": {
    "l_sup": 0.4868099712559581,
    "l_reg": 0.001244857718120329,
    "l_ref": 0.03869046022494634,
    "l_init": 0.006548605750108731,
    "l_rate": 0.1503182464501631
  },
  "best_epoch": 45,
  "params": {
    "model_name": "idkt",
    "dataset_name": "assist2009",
    "fold": 0,
    "seed": 42,
    "emb_type": "qid",
    "save_dir": "/workspaces/pykt-toolkit/experiments/20251221_101711_idkt_pareto_v2_l0.20_assist2009_440389",
    "d_model": 256,
    "d_ff": 512,
    "num_attn_heads": 8,
    "n_blocks": 4,
    "dropout": 0.2,
    "final_fc_dim": 512,
    "learning_rate": 0.0001,
    "weight_decay": 0.0,
    "batch_size": 64,
    "num_epochs": 100,
    "optimizer": "Adam",
    "gradient_clip": 1.0,
    "patience": 10,
    "seq_len": 200,
    "l2": 1e-05,
    "lambda_student": 1e-05,
    "lambda_gap": 1e-05,
    "lambda_ref": 0.2,
    "lambda_initmastery": 0.2,
    "lambda_rate": 0.2,
    "theory_guided": 1,
    "calibrate": 1,
    "use_wandb": 0,
    "add_uuid": 0
  }
}