split,auc,acc,l_sup,l_ref,l_init,l_rate,l_reg
test,0.798671,0.727037,0.538580,0.055047,0.000000,0.000000,0.000670
