epoch,train_loss,train_auc,val_loss,val_auc,val_accuracy,monotonicity_violation_rate,negative_gain_rate,bounds_violation_rate,bce_auc,im_auc,global_auc
1,0.5414976252175365,0.6793807610685688,0.5200268541063581,0.7087392411062874,0.7486885517133987,0.0,0.0,0.0,0.7087392411062874,0.5003594776906813,0.7097061047897529
2,0.5262570075420518,0.7154304639800345,0.5135813653469086,0.7187583488003395,0.7517640074355955,0.0,0.0,0.0,0.7187583488003395,0.506812496447378,0.7194385620979071
3,0.5191606659963341,0.7274803854554657,0.5109992562508097,0.7226637722245866,0.7534477221189501,0.0,0.0,0.0,0.7226637722245866,0.5114111641092492,0.7231513204158013
