epoch,train_loss,train_auc,val_loss,val_auc,val_accuracy,monotonicity_violation_rate,negative_gain_rate,bounds_violation_rate,mastery_correlation,gain_correlation,main_loss_share,constraint_loss_share,alignment_loss_share,lag_loss_share,retention_loss_share
1,0.5411484408255068,0.692461019523421,0.5167146014923952,0.7146890566127967,0.750343069032302,0.0,0.0,0.0,0.11338301908114085,-0.005061080831429012,0.983312231354668,0.01668776771585771,-0.005747699157060961,0.0,0.0
2,0.5185036419895647,0.724807398203552,0.5112086558828548,0.7229556380899329,0.7534185247544988,0.0,0.0,0.0,0.09534261392527271,0.027848403717835476,0.9908782203524249,0.009121777032420671,-0.02266137844405433,0.0,0.0
