epoch,train_loss,train_auc,train_acc,val_loss,val_auc,val_acc,train_bce_loss,train_im_loss,val_bce_loss,val_im_loss,train_encoder1_auc,train_encoder1_acc,val_encoder1_auc,val_encoder1_acc,train_encoder2_auc,train_encoder2_acc,val_encoder2_auc,val_encoder2_acc
1,0.567872,0.680382,0.734370,0.567872,0.675598,0.740241,0.563305,0.608969,0.563305,0.608969,0.680382,0.734370,0.675598,0.740241,0.517096,0.734370,0.518896,0.740241
2,0.559434,0.693518,0.734370,0.559434,0.686649,0.740241,0.553997,0.608369,0.553997,0.608369,0.693518,0.734370,0.686649,0.740241,0.519301,0.734370,0.521055,0.740241
3,0.556893,0.698830,0.734370,0.556893,0.689919,0.740241,0.551237,0.607796,0.551237,0.607796,0.698830,0.734370,0.689919,0.740241,0.521260,0.734370,0.522797,0.740241
4,0.554921,0.700914,0.734370,0.554921,0.688637,0.740241,0.549107,0.607246,0.549107,0.607246,0.700914,0.734370,0.688637,0.740241,0.521983,0.734370,0.523448,0.740241
5,0.553008,0.705300,0.734370,0.553008,0.689311,0.740241,0.547041,0.606719,0.547041,0.606719,0.705300,0.734370,0.689311,0.740241,0.522236,0.734370,0.523672,0.740241
6,0.550993,0.708423,0.734370,0.550993,0.688419,0.740241,0.544857,0.606211,0.544857,0.606211,0.708423,0.734370,0.688419,0.740241,0.522328,0.734370,0.523791,0.740241
