split,total_auc,bce_auc,mastery_auc,total_acc,bce_acc,mastery_acc
training,0.754013373847426,0.754013373847426,N/A,0.7618219619106619,0.7618219619106619,N/A
validation,0.725151434247489,0.725151434247489,N/A,0.7544696298747433,0.7544696298747433,N/A
test,0.719216662639241,0.719216662639241,N/A,0.7476298739895387,0.7476298739895387,N/A
