epoch,train_loss,train_auc,train_acc,val_loss,val_auc,val_acc,train_bce_loss,train_im_loss,val_bce_loss,val_im_loss,train_encoder1_auc,train_encoder1_acc,val_encoder1_auc,val_encoder1_acc,train_encoder2_auc,train_encoder2_acc,val_encoder2_auc,val_encoder2_acc
1,0.567980,0.680382,0.734370,0.567980,0.675598,0.740241,0.563305,0.610053,0.563305,0.610053,0.680382,0.734370,0.675598,0.740241,0.509584,0.734370,0.511716,0.740241
2,0.559547,0.693518,0.734370,0.559547,0.686649,0.740241,0.553997,0.609501,0.553997,0.609501,0.693518,0.734370,0.686649,0.740241,0.511999,0.734370,0.514057,0.740241
3,0.557011,0.698830,0.734370,0.557011,0.689919,0.740241,0.551237,0.608973,0.551237,0.608973,0.698830,0.734370,0.689919,0.740241,0.512898,0.734370,0.514938,0.740241
4,0.555042,0.700914,0.734370,0.555042,0.688637,0.740241,0.549107,0.608462,0.549107,0.608462,0.700914,0.734370,0.688637,0.740241,0.513330,0.734370,0.515346,0.740241
5,0.553134,0.705300,0.734370,0.553134,0.689311,0.740241,0.547041,0.607969,0.547041,0.607969,0.705300,0.734370,0.689311,0.740241,0.513456,0.734370,0.515476,0.740241
6,0.551121,0.708423,0.734370,0.551121,0.688419,0.740241,0.544857,0.607492,0.544857,0.607492,0.708423,0.734370,0.688419,0.740241,0.513429,0.734370,0.515475,0.740241
