split,total_auc,bce_auc,mastery_auc,total_acc,bce_acc,mastery_acc
training,0.7406284560311643,0.7417864019042494,0.6630965558943316,0.7562911234383652,0.7576263152460602,0.7382226227015459
validation,0.7119951665276356,0.7121640857469452,0.65440547669726,0.7504403935804728,0.750839424227973,0.7376324830411974
test,0.7070231278673698,0.7071800065652305,0.6473272806697837,0.7452077389443652,0.745891286257727,0.7295678792201616
