{
  "experiment_id": "20251116_180913_gainakt3exp_lc_b2.0_m0.7_g1.0_o1.5_102155",
  "dataset": "assist2015",
  "fold": 0,
  "train_auc": 0.7001608669308191,
  "train_acc": 0.7482025361604671,
  "valid_auc": 0.6903256444875713,
  "valid_acc": 0.7413600132361385,
  "test_auc": 0.6860181657407145,
  "test_acc": 0.7358758321445554,
  "train_encoder1_auc": 0.7001608669308191,
  "train_encoder1_acc": 0.7482025361604671,
  "valid_encoder1_auc": 0.6903256444875713,
  "valid_encoder1_acc": 0.7413600132361385,
  "test_encoder1_auc": 0.6860181657407145,
  "test_encoder1_acc": 0.7358758321445554,
  "train_encoder2_auc": 0.5296246265999889,
  "train_encoder2_acc": 0.5809187245985038,
  "valid_encoder2_auc": 0.5305483732184384,
  "valid_encoder2_acc": 0.5803560131972088,
  "test_encoder2_auc": 0.528401687004446,
  "test_encoder2_acc": 0.5814981573941987,
  "train_mastery_correlation": 0.0,
  "train_gain_correlation": 0.0,
  "train_correlation_students": 0,
  "test_mastery_correlation": 0.0,
  "test_gain_correlation": 0.0,
  "test_correlation_students": 0,
  "timestamp": "2025-11-16T18:14:20.308789Z"
}