epoch,train_loss,train_auc,train_acc,val_loss,val_auc,val_acc,train_bce_loss,train_im_loss,val_bce_loss,val_im_loss,train_encoder1_auc,train_encoder1_acc,val_encoder1_auc,val_encoder1_acc,train_encoder2_auc,train_encoder2_acc,val_encoder2_auc,val_encoder2_acc
1,0.599347,0.677991,0.734370,0.599347,0.673812,0.740241,0.563586,0.608287,0.563586,0.608287,0.677991,0.734370,0.673812,0.740241,0.518192,0.734370,0.519805,0.740241
2,0.596870,0.688848,0.734370,0.596870,0.683124,0.740241,0.554694,0.607413,0.554694,0.607413,0.688848,0.734370,0.683124,0.740241,0.521919,0.734370,0.523180,0.740241
3,0.595737,0.693580,0.734370,0.595737,0.686981,0.740241,0.552456,0.606557,0.552456,0.606557,0.693580,0.734370,0.686981,0.740241,0.525170,0.734370,0.526280,0.740241
4,0.594762,0.697427,0.734370,0.594762,0.689418,0.740241,0.550926,0.605721,0.550926,0.605721,0.697427,0.734370,0.689418,0.740241,0.527642,0.734370,0.528651,0.740241
5,0.593845,0.700160,0.734370,0.593845,0.690326,0.740241,0.549595,0.604908,0.549595,0.604908,0.700160,0.734370,0.690326,0.740241,0.529625,0.734370,0.530548,0.740241
6,0.592965,0.701890,0.734370,0.592965,0.689858,0.740241,0.548361,0.604116,0.548361,0.604116,0.701890,0.734370,0.689858,0.740241,0.532157,0.734370,0.533188,0.740241
