split,auc,acc
test,0.770826,0.736059
