epoch,train_loss,train_auc,train_acc,val_loss,val_auc,val_acc,train_bce_loss,train_im_loss,val_bce_loss,val_im_loss,train_encoder1_auc,train_encoder1_acc,val_encoder1_auc,val_encoder1_acc,train_encoder2_auc,train_encoder2_acc,val_encoder2_auc,val_encoder2_acc
1,0.567637,0.680382,0.734370,0.567637,0.675598,0.740241,0.563305,0.606619,0.563305,0.606619,0.680382,0.734370,0.675598,0.740241,0.516602,0.734370,0.518728,0.740241
2,0.559199,0.693518,0.734370,0.559199,0.686649,0.740241,0.553997,0.606022,0.553997,0.606022,0.693518,0.734370,0.686649,0.740241,0.519674,0.734370,0.521639,0.740241
3,0.556658,0.698830,0.734370,0.556658,0.689919,0.740241,0.551237,0.605448,0.551237,0.605448,0.698830,0.734370,0.689919,0.740241,0.521969,0.734370,0.523766,0.740241
4,0.554686,0.700914,0.734370,0.554686,0.688637,0.740241,0.549107,0.604896,0.549107,0.604896,0.700914,0.734370,0.688637,0.740241,0.523111,0.734370,0.524865,0.740241
5,0.552773,0.705300,0.734370,0.552773,0.689311,0.740241,0.547041,0.604365,0.547041,0.604365,0.705300,0.734370,0.689311,0.740241,0.524349,0.734370,0.526129,0.740241
6,0.550757,0.708423,0.734370,0.550757,0.688419,0.740241,0.544857,0.603853,0.544857,0.603853,0.708423,0.734370,0.688419,0.740241,0.525412,0.734370,0.527262,0.740241
