{
  "train": {
    "total_auc": 0.7487121157753601,
    "total_acc": 0.7583326293657722,
    "bce_auc": 0.7534590982647309,
    "bce_acc": 0.7621692525741747,
    "mastery_auc": 0.6679476992966916,
    "mastery_acc": 0.7397079942556247
  },
  "valid": {
    "total_auc": 0.7209814642180599,
    "total_acc": 0.7522700950860836,
    "bce_auc": 0.7236226775913362,
    "bce_acc": 0.7527080555528521,
    "mastery_auc": 0.654147094579428,
    "mastery_acc": 0.7383040224235758
  },
  "test": {
    "total_auc": 0.7141775518191522,
    "total_acc": 0.7455792320494532,
    "bce_auc": 0.7180106082093134,
    "bce_acc": 0.7465376842605801,
    "mastery_auc": 0.6466187649593531,
    "mastery_acc": 0.7305040418449834
  },
  "checkpoint_epoch": 11,
  "checkpoint_val_auc": 0.7236226775913362
}