split,total_auc,bce_auc,mastery_auc,total_acc,bce_acc,mastery_acc
training,0.7487121157753601,0.7534590982647309,0.6679476992966916,0.7583326293657722,0.7621692525741747,0.7397079942556247
validation,0.7209814642180599,0.7236226775913362,0.654147094579428,0.7522700950860836,0.7527080555528521,0.7383040224235758
test,0.7141775518191522,0.7180106082093134,0.6466187649593531,0.7455792320494532,0.7465376842605801,0.7305040418449834
