epoch,train_loss,train_auc,train_acc,val_loss,val_auc,val_acc,train_bce_loss,train_im_loss,val_bce_loss,val_im_loss,train_encoder1_auc,train_encoder1_acc,val_encoder1_auc,val_encoder1_acc,train_encoder2_auc,train_encoder2_acc,val_encoder2_auc,val_encoder2_acc
1,0.567756,0.680382,0.734370,0.567756,0.675598,0.740241,0.563305,0.607817,0.563305,0.607817,0.680382,0.734370,0.675598,0.740241,0.507431,0.734370,0.509892,0.740241
2,0.559339,0.693518,0.734370,0.559339,0.686649,0.740241,0.553997,0.607424,0.553997,0.607424,0.693518,0.734370,0.686649,0.740241,0.509013,0.734370,0.511414,0.740241
3,0.556819,0.698830,0.734370,0.556819,0.689919,0.740241,0.551237,0.607053,0.551237,0.607053,0.698830,0.734370,0.689919,0.740241,0.509724,0.734370,0.512112,0.740241
4,0.554866,0.700914,0.734370,0.554866,0.688637,0.740241,0.549107,0.606696,0.549107,0.606696,0.700914,0.734370,0.688637,0.740241,0.509869,0.734370,0.512275,0.740241
5,0.552972,0.705300,0.734370,0.552972,0.689311,0.740241,0.547041,0.606351,0.547041,0.606351,0.705300,0.734370,0.689311,0.740241,0.509691,0.734370,0.512124,0.740241
6,0.550973,0.708423,0.734370,0.550973,0.688419,0.740241,0.544857,0.606020,0.544857,0.606020,0.708423,0.734370,0.688419,0.740241,0.509402,0.734370,0.511861,0.740241
