epoch,train_loss,train_auc,train_acc,val_loss,val_auc,val_acc,train_bce_loss,train_im_loss,val_bce_loss,val_im_loss,train_encoder1_auc,train_encoder1_acc,val_encoder1_auc,val_encoder1_acc,train_encoder2_auc,train_encoder2_acc,val_encoder2_auc,val_encoder2_acc
1,0.567804,0.680382,0.734370,0.567804,0.675598,0.740241,0.563305,0.608295,0.563305,0.608295,0.680382,0.734370,0.675598,0.740241,0.509040,0.734370,0.511393,0.740241
2,0.559375,0.693518,0.734370,0.559375,0.686649,0.740241,0.553997,0.607778,0.553997,0.607778,0.693518,0.734370,0.686649,0.740241,0.511356,0.734370,0.513580,0.740241
3,0.556842,0.698830,0.734370,0.556842,0.689919,0.740241,0.551237,0.607282,0.551237,0.607282,0.698830,0.734370,0.689919,0.740241,0.512545,0.734370,0.514787,0.740241
4,0.554876,0.700914,0.734370,0.554876,0.688637,0.740241,0.549107,0.606803,0.549107,0.606803,0.700914,0.734370,0.688637,0.740241,0.513137,0.734370,0.515348,0.740241
5,0.552971,0.705300,0.734370,0.552971,0.689311,0.740241,0.547041,0.606340,0.547041,0.606340,0.705300,0.734370,0.689311,0.740241,0.513390,0.734370,0.515602,0.740241
6,0.550960,0.708423,0.734370,0.550960,0.688419,0.740241,0.544857,0.605890,0.544857,0.605890,0.708423,0.734370,0.688419,0.740241,0.513550,0.734370,0.515760,0.740241
