split,total_auc,bce_auc,mastery_auc,total_acc,bce_acc,mastery_acc
training,0.7488481727745561,0.7488481727745561,N/A,0.7597828025417922,0.7597828025417922,N/A
validation,0.7237208699832525,0.7237208699832525,N/A,0.7538759501309015,0.7538759501309015,N/A
test,0.7177740427610457,0.7177740427610457,N/A,0.7472732406086543,0.7472732406086543,N/A
