split,auc,acc
test,0.790768,0.742505
