epoch,train_loss,train_auc,val_loss,val_auc,val_accuracy,monotonicity_violation_rate,negative_gain_rate,bounds_violation_rate,mastery_correlation,gain_correlation,main_loss_share,constraint_loss_share,alignment_loss_share,lag_loss_share,retention_loss_share
1,0.5425151799626918,0.691446528405962,0.5168955855223597,0.7163258881015695,0.7496423322854724,0.0,0.0,0.0,0.1009734913197516,0.030199735482980546,0.9813881880562413,0.018611814192934527,-0.005492858171948751,0.0,0.0
2,0.5187283976708051,0.7246599129193789,0.5100908966696992,0.7241646901662107,0.7538467527664503,0.0,0.0,0.0,0.11004147274872048,0.005561901965849011,0.9903940656360989,0.009605931954536392,-0.022213498764189873,0.0,0.0
3,0.5077992541802362,0.7370695144260336,0.5095069426663068,0.7252384939614551,0.754304178142853,0.0,0.0,0.0,0.13830096276258638,0.02283956737739,0.9957931889958577,0.004206813512876817,-0.043266768050199744,0.0,0.0
