epoch,train_loss,train_auc,train_acc,val_loss,val_auc,val_acc,train_bce_loss,train_im_loss,val_bce_loss,val_im_loss,train_encoder1_auc,train_encoder1_acc,val_encoder1_auc,val_encoder1_acc,train_encoder2_auc,train_encoder2_acc,val_encoder2_auc,val_encoder2_acc
1,0.600025,0.677991,0.734370,0.600025,0.673812,0.740241,0.563586,0.609134,0.563586,0.609134,0.677991,0.734370,0.673812,0.740241,0.506404,0.734370,0.509306,0.740241
2,0.597620,0.688848,0.734370,0.597620,0.683124,0.740241,0.554694,0.608351,0.554694,0.608351,0.688848,0.734370,0.683124,0.740241,0.508392,0.734370,0.510950,0.740241
3,0.596556,0.693580,0.734370,0.596556,0.686981,0.740241,0.552456,0.607581,0.552456,0.607581,0.693580,0.734370,0.686981,0.740241,0.509898,0.734370,0.512310,0.740241
4,0.595647,0.697427,0.734370,0.595647,0.689418,0.740241,0.550926,0.606827,0.550926,0.606827,0.697427,0.734370,0.689418,0.740241,0.511446,0.734370,0.513689,0.740241
5,0.594801,0.700160,0.734370,0.594801,0.690326,0.740241,0.549595,0.606102,0.549595,0.606102,0.700160,0.734370,0.690326,0.740241,0.512829,0.734370,0.514997,0.740241
6,0.594001,0.701890,0.734370,0.594001,0.689858,0.740241,0.548361,0.605411,0.548361,0.605411,0.701890,0.734370,0.689858,0.740241,0.514481,0.734370,0.516705,0.740241
