epoch,train_loss,train_auc,val_loss,val_auc,val_accuracy,monotonicity_violation_rate,negative_gain_rate,bounds_violation_rate,mastery_correlation,gain_correlation,main_loss_share,constraint_loss_share,alignment_loss_share,lag_loss_share,retention_loss_share
1,0.5415849521987797,0.6921260544528618,0.5163286401301014,0.7157886651471604,0.7501873497552287,0.0,0.0,0.0,0.10984879660059454,0.015186724397729733,0.9824490645068018,0.017550937731340706,-0.005053257770839422,0.0,0.0
2,0.5188641728823666,0.724531364878306,0.5103847335795967,0.7236227908910079,0.7536229063056574,0.0,0.0,0.0,0.105855374294697,0.009990199125109343,0.9902881611777474,0.009711842430703969,-0.022028542071439373,0.0,0.0
