{
  "tail_metrics": {
    "epoch": 2.0,
    "train_loss": 0.5188641728823666,
    "train_auc": 0.724531364878306,
    "val_loss": 0.5103847335795967,
    "val_auc": 0.7236227908910079,
    "val_accuracy": 0.7536229063056574,
    "monotonicity_violation_rate": 0.0,
    "negative_gain_rate": 0.0,
    "bounds_violation_rate": 0.0,
    "mastery_correlation": 0.105855374294697,
    "gain_correlation": 0.009990199125109343,
    "main_loss_share": 0.9902881611777474,
    "constraint_loss_share": 0.009711842430703969,
    "alignment_loss_share": -0.022028542071439373,
    "lag_loss_share": 0.0,
    "retention_loss_share": 0.0
  },
  "best_summary": {
    "best_epoch": 2.0,
    "best_val_auc": 0.7236227908910079,
    "best_val_accuracy": 0.7536229063056574,
    "mastery_corr": null,
    "gain_corr": null
  },
  "config_md5": "40a3ff497e3f1cecaa118eb5662c7174"
}