{
  "loss_per": 1.1534341796507392,
  "loss_ali": 0.6288089734018042,
  "auc_per": 0.556087390864276,
  "acc_per": 0.36678702469123786,
  "auc_ali": 0.33587645521663867,
  "acc_ali": 0.933830238878727,
  "auc": 0.556087390864276,
  "acc": 0.36678702469123786,
  "theta_mean": -3.0370898246765137,
  "theta_std": 0.8364465236663818,
  "beta_mean": -1.9631599187850952,
  "beta_std": 0.7828779220581055,
  "theta_beta_ratio": 1.068425178527832,
  "mastery_mean": 0.29627537727355957,
  "mastery_std": 0.18738871812820435,
  "num_samples": 102749
}