epoch,train_loss,train_auc,train_acc,val_loss,val_auc,val_acc,train_bce_loss,train_im_loss,val_bce_loss,val_im_loss,train_encoder1_auc,train_encoder1_acc,val_encoder1_auc,val_encoder1_acc,train_encoder2_auc,train_encoder2_acc,val_encoder2_auc,val_encoder2_acc
1,0.599274,0.677991,0.734370,0.599274,0.673812,0.740241,0.563586,0.608196,0.563586,0.608196,0.677991,0.734370,0.673812,0.740241,0.510343,0.734370,0.512828,0.740241
2,0.596799,0.688848,0.734370,0.596799,0.683124,0.740241,0.554694,0.607325,0.554694,0.607325,0.688848,0.734370,0.683124,0.740241,0.513747,0.734370,0.515759,0.740241
3,0.595666,0.693580,0.734370,0.595666,0.686981,0.740241,0.552456,0.606468,0.552456,0.606468,0.693580,0.734370,0.686981,0.740241,0.516730,0.734370,0.518526,0.740241
4,0.594690,0.697427,0.734370,0.594690,0.689418,0.740241,0.550926,0.605630,0.550926,0.605630,0.697427,0.734370,0.689418,0.740241,0.519182,0.734370,0.520856,0.740241
5,0.593769,0.700160,0.734370,0.593769,0.690326,0.740241,0.549595,0.604813,0.549595,0.604813,0.700160,0.734370,0.690326,0.740241,0.521672,0.734370,0.523367,0.740241
6,0.592885,0.701890,0.734370,0.592885,0.689858,0.740241,0.548361,0.604016,0.548361,0.604016,0.701890,0.734370,0.689858,0.740241,0.524692,0.734370,0.526328,0.740241
