epoch,train_loss,train_auc,train_acc,val_loss,val_auc,val_acc,train_bce_loss,train_im_loss,val_bce_loss,val_im_loss,train_encoder1_auc,train_encoder1_acc,val_encoder1_auc,val_encoder1_acc,train_encoder2_auc,train_encoder2_acc,val_encoder2_auc,val_encoder2_acc
1,0.567925,0.680382,0.734370,0.567925,0.675598,0.740241,0.563305,0.609503,0.563305,0.609503,0.680382,0.734370,0.675598,0.740241,0.506744,0.734370,0.509427,0.740241
2,0.559487,0.693518,0.734370,0.559487,0.686649,0.740241,0.553997,0.608898,0.553997,0.608898,0.693518,0.734370,0.686649,0.740241,0.509149,0.734370,0.511586,0.740241
3,0.556945,0.698830,0.734370,0.556945,0.689919,0.740241,0.551237,0.608312,0.551237,0.608312,0.698830,0.734370,0.689919,0.740241,0.510742,0.734370,0.513163,0.740241
4,0.554970,0.700914,0.734370,0.554970,0.688637,0.740241,0.549107,0.607741,0.549107,0.607741,0.700914,0.734370,0.688637,0.740241,0.511905,0.734370,0.514288,0.740241
5,0.553055,0.705300,0.734370,0.553055,0.689311,0.740241,0.547041,0.607185,0.547041,0.607185,0.705300,0.734370,0.689311,0.740241,0.513407,0.734370,0.515873,0.740241
6,0.551036,0.708423,0.734370,0.551036,0.688419,0.740241,0.544857,0.606644,0.544857,0.606644,0.708423,0.734370,0.688419,0.740241,0.515249,0.734370,0.517765,0.740241
