{
  "loss_per": 0.5886861875720956,
  "loss_ali": 0.7971383652696356,
  "auc_per": 0.6768289878549698,
  "acc_per": 0.7289900631636318,
  "auc_ali": 0.12596496909305424,
  "acc_ali": 0.8493034541606903,
  "auc": 0.6768289878549698,
  "acc": 0.7289900631636318,
  "theta_mean": -1.5700533390045166,
  "theta_std": 0.626621663570404,
  "beta_mean": -1.9631599187850952,
  "beta_std": 0.7828779220581055,
  "theta_beta_ratio": 0.800407886505127,
  "mastery_mean": 0.5938760638237,
  "mastery_std": 0.09665165841579437,
  "num_samples": 102749
}