split,total_auc,bce_auc,mastery_auc,total_acc,bce_acc,mastery_acc
training,0.7587153770236139,0.7587153770236139,N/A,0.7639831423234684,0.7639831423234684,N/A
validation,0.7251088899744966,0.7251088899744966,N/A,0.7534963843930355,0.7534963843930355,N/A
test,0.7185285557833632,0.7185285557833632,N/A,0.7465896932952925,0.7465896932952925,N/A
