{
  "experiment_id": "20251116_221112_gainakt3exp_p1bce09_b1.5_m0.8_g0.9_o1.5_614511",
  "dataset": "assist2015",
  "fold": 0,
  "train_auc": 0.6988300596151721,
  "train_acc": 0.7410337998291705,
  "valid_auc": 0.689919021572016,
  "valid_acc": 0.7362115446379041,
  "test_auc": 0.6857817397552349,
  "test_acc": 0.7304000237755587,
  "train_encoder1_auc": 0.6988300596151721,
  "train_encoder1_acc": 0.7410337998291705,
  "valid_encoder1_auc": 0.689919021572016,
  "valid_encoder1_acc": 0.7362115446379041,
  "test_encoder1_auc": 0.6857817397552349,
  "test_encoder1_acc": 0.7304000237755587,
  "train_encoder2_auc": 0.5062990618083026,
  "train_encoder2_acc": 0.4601507429204329,
  "valid_encoder2_auc": 0.5090913267323073,
  "valid_encoder2_acc": 0.4560433678186649,
  "test_encoder2_auc": 0.5050248936616284,
  "test_encoder2_acc": 0.4633410603899192,
  "train_mastery_correlation": 0.0,
  "train_gain_correlation": 0.0,
  "train_correlation_students": 0,
  "test_mastery_correlation": 0.0,
  "test_gain_correlation": 0.0,
  "test_correlation_students": 0,
  "timestamp": "2025-11-16T22:16:30.633661Z"
}