epoch,train_loss,train_auc,train_acc,val_loss,val_auc,val_acc,train_bce_loss,train_im_loss,val_bce_loss,val_im_loss,train_encoder1_auc,train_encoder1_acc,val_encoder1_auc,val_encoder1_acc,train_encoder2_auc,train_encoder2_acc,val_encoder2_auc,val_encoder2_acc
1,0.567857,0.680382,0.734370,0.567857,0.675598,0.740241,0.563305,0.608820,0.563305,0.608820,0.680382,0.734370,0.675598,0.740241,0.503642,0.734370,0.506615,0.740241
2,0.559427,0.693518,0.734370,0.559427,0.686649,0.740241,0.553997,0.608305,0.553997,0.608305,0.693518,0.734370,0.686649,0.740241,0.505143,0.734370,0.507970,0.740241
3,0.556894,0.698830,0.734370,0.556894,0.689919,0.740241,0.551237,0.607804,0.551237,0.607804,0.698830,0.734370,0.689919,0.740241,0.506299,0.734370,0.509092,0.740241
4,0.554928,0.700914,0.734370,0.554928,0.688637,0.740241,0.549107,0.607315,0.549107,0.607315,0.700914,0.734370,0.688637,0.740241,0.507078,0.734370,0.509814,0.740241
5,0.553020,0.705300,0.734370,0.553020,0.689311,0.740241,0.547041,0.606836,0.547041,0.606836,0.705300,0.734370,0.689311,0.740241,0.507979,0.734370,0.510785,0.740241
6,0.551008,0.708423,0.734370,0.551008,0.688419,0.740241,0.544857,0.606367,0.544857,0.606367,0.708423,0.734370,0.688419,0.740241,0.509559,0.734370,0.512430,0.740241
