epoch,train_loss,train_auc,train_acc,val_loss,val_auc,val_acc,train_bce_loss,train_im_loss,val_bce_loss,val_im_loss,train_encoder1_auc,train_encoder1_acc,val_encoder1_auc,val_encoder1_acc,train_encoder2_auc,train_encoder2_acc,val_encoder2_auc,val_encoder2_acc
1,0.567822,0.680382,0.734370,0.567822,0.675598,0.740241,0.563305,0.608477,0.563305,0.608477,0.680382,0.734370,0.675598,0.740241,0.517483,0.734370,0.519348,0.740241
2,0.559381,0.693518,0.734370,0.559381,0.686649,0.740241,0.553997,0.607844,0.553997,0.607844,0.693518,0.734370,0.686649,0.740241,0.520602,0.734370,0.522305,0.740241
3,0.556837,0.698830,0.734370,0.556837,0.689919,0.740241,0.551237,0.607239,0.551237,0.607239,0.698830,0.734370,0.689919,0.740241,0.522703,0.734370,0.524209,0.740241
4,0.554862,0.700914,0.734370,0.554862,0.688637,0.740241,0.549107,0.606656,0.549107,0.606656,0.700914,0.734370,0.688637,0.740241,0.523572,0.734370,0.524997,0.740241
5,0.552946,0.705300,0.734370,0.552946,0.689311,0.740241,0.547041,0.606096,0.547041,0.606096,0.705300,0.734370,0.689311,0.740241,0.524273,0.734370,0.525757,0.740241
6,0.550927,0.708423,0.734370,0.550927,0.688419,0.740241,0.544857,0.605558,0.544857,0.605558,0.708423,0.734370,0.688419,0.740241,0.524930,0.734370,0.526515,0.740241
