epoch,train_loss,train_auc,train_acc,val_loss,val_auc,val_acc,train_bce_loss,train_im_loss,val_bce_loss,val_im_loss,train_encoder1_auc,train_encoder1_acc,val_encoder1_auc,val_encoder1_acc,train_encoder2_auc,train_encoder2_acc,val_encoder2_auc,val_encoder2_acc
1,0.598858,0.677991,0.734370,0.598858,0.673812,0.740241,0.563586,0.607676,0.563586,0.607676,0.677991,0.734370,0.673812,0.740241,0.514171,0.734370,0.515982,0.740241
2,0.596528,0.688848,0.734370,0.596528,0.683124,0.740241,0.554694,0.606987,0.554694,0.606987,0.688848,0.734370,0.683124,0.740241,0.517257,0.734370,0.518847,0.740241
3,0.595543,0.693580,0.734370,0.595543,0.686981,0.740241,0.552456,0.606314,0.552456,0.606314,0.693580,0.734370,0.686981,0.740241,0.518684,0.734370,0.520070,0.740241
4,0.594716,0.697427,0.734370,0.594716,0.689418,0.740241,0.550926,0.605663,0.550926,0.605663,0.697427,0.734370,0.689418,0.740241,0.519497,0.734370,0.520806,0.740241
5,0.593964,0.700160,0.734370,0.593964,0.690326,0.740241,0.549595,0.605056,0.549595,0.605056,0.700160,0.734370,0.690326,0.740241,0.519919,0.734370,0.521163,0.740241
6,0.593271,0.701890,0.734370,0.593271,0.689858,0.740241,0.548361,0.604498,0.548361,0.604498,0.701890,0.734370,0.689858,0.740241,0.520203,0.734370,0.521452,0.740241
