split,auc,acc,l_sup,l_ref,l_init,l_rate,l_reg
validation,0.833218,0.766104,0.475593,0.052030,0.031759,0.138130,0.000026
