epoch,train_loss,train_auc,train_acc,val_loss,val_auc,val_acc,train_bce_loss,train_im_loss,val_bce_loss,val_im_loss,train_encoder1_auc,train_encoder1_acc,val_encoder1_auc,val_encoder1_acc,train_encoder2_auc,train_encoder2_acc,val_encoder2_auc,val_encoder2_acc
1,0.568164,0.680382,0.734370,0.568164,0.675598,0.740241,0.563305,0.611891,0.563305,0.611891,0.680382,0.734370,0.675598,0.740241,0.500453,0.734370,0.503440,0.740241
2,0.559738,0.693518,0.734370,0.559738,0.686649,0.740241,0.553997,0.611412,0.553997,0.611412,0.693518,0.734370,0.686649,0.740241,0.501365,0.734370,0.504224,0.740241
3,0.557208,0.698830,0.734370,0.557208,0.689919,0.740241,0.551237,0.610946,0.551237,0.610946,0.698830,0.734370,0.689919,0.740241,0.501648,0.734370,0.504465,0.740241
4,0.555245,0.700914,0.734370,0.555245,0.688637,0.740241,0.549107,0.610489,0.549107,0.610489,0.700914,0.734370,0.688637,0.740241,0.501720,0.734370,0.504532,0.740241
5,0.553341,0.705300,0.734370,0.553341,0.689311,0.740241,0.547041,0.610039,0.547041,0.610039,0.705300,0.734370,0.689311,0.740241,0.501704,0.734370,0.504531,0.740241
6,0.551331,0.708423,0.734370,0.551331,0.688419,0.740241,0.544857,0.609597,0.544857,0.609597,0.708423,0.734370,0.688419,0.740241,0.501724,0.734370,0.504577,0.740241
