split,auc,acc
test,0.725452,0.751033
