{
  "experiment_id": "20251116_203019_gainakt3exp_phase2_bce0.8_133173",
  "dataset": "assist2015",
  "fold": 0,
  "train_auc": 0.6985247919028074,
  "train_acc": 0.7407991439754457,
  "valid_auc": 0.6897791275118395,
  "valid_acc": 0.7362504744571723,
  "test_auc": 0.6856333250935105,
  "test_acc": 0.7303703043271517,
  "train_encoder1_auc": 0.6985247919028074,
  "train_encoder1_acc": 0.7407991439754457,
  "valid_encoder1_auc": 0.6897791275118395,
  "valid_encoder1_acc": 0.7362504744571723,
  "test_encoder1_auc": 0.6856333250935105,
  "test_encoder1_acc": 0.7303703043271517,
  "train_encoder2_auc": 0.5347821535423285,
  "train_encoder2_acc": 0.5840091421920611,
  "valid_encoder2_auc": 0.5355880704430955,
  "valid_encoder2_acc": 0.5838402320217229,
  "test_encoder2_auc": 0.5342731528207633,
  "test_encoder2_acc": 0.5854879933428435,
  "train_mastery_correlation": 0.0,
  "train_gain_correlation": 0.0,
  "train_correlation_students": 0,
  "test_mastery_correlation": 0.0,
  "test_gain_correlation": 0.0,
  "test_correlation_students": 0,
  "timestamp": "2025-11-16T20:36:09.161542Z"
}