epoch,train_loss,train_auc,train_acc,val_loss,val_auc,val_acc,train_bce_loss,train_im_loss,val_bce_loss,val_im_loss,train_encoder1_auc,train_encoder1_acc,val_encoder1_auc,val_encoder1_acc,train_encoder2_auc,train_encoder2_acc,val_encoder2_auc,val_encoder2_acc
1,0.572098,0.680186,0.734370,0.572098,0.675421,0.740241,0.563320,0.607206,0.563320,0.607206,0.680186,0.734370,0.675421,0.740241,0.528374,0.734370,0.529253,0.740241
2,0.564509,0.693197,0.734370,0.564509,0.686388,0.740241,0.554041,0.606380,0.554041,0.606380,0.693197,0.734370,0.686388,0.740241,0.531983,0.734370,0.532593,0.740241
3,0.562163,0.698525,0.734370,0.562163,0.689779,0.740241,0.551307,0.605584,0.551307,0.605584,0.698525,0.734370,0.689779,0.740241,0.534783,0.734370,0.535587,0.740241
4,0.560339,0.700524,0.734370,0.560339,0.688514,0.740241,0.549220,0.604816,0.549220,0.604816,0.700524,0.734370,0.688514,0.740241,0.538799,0.734370,0.539896,0.740241
5,0.558583,0.704742,0.734370,0.558583,0.689147,0.740241,0.547209,0.604075,0.547209,0.604075,0.704742,0.734370,0.689147,0.740241,0.542627,0.734370,0.543399,0.740241
6,0.556723,0.707672,0.734370,0.556723,0.687957,0.740241,0.545064,0.603361,0.545064,0.603361,0.707672,0.734370,0.687957,0.740241,0.544783,0.734370,0.545474,0.740241
7,0.554956,0.711215,0.734370,0.554956,0.687133,0.740241,0.543028,0.602671,0.543028,0.602671,0.711215,0.734370,0.687133,0.740241,0.546891,0.734370,0.547578,0.740241
