{
  "experiment_id": "20251116_225913_gainakt3exp_p1bce09_b2.0_m0.9_g1.1_o2.5_741413",
  "dataset": "assist2015",
  "fold": 0,
  "train_auc": 0.6988300596151721,
  "train_acc": 0.7410337998291705,
  "valid_auc": 0.689919021572016,
  "valid_acc": 0.7362115446379041,
  "test_auc": 0.6857817397552349,
  "test_acc": 0.7304000237755587,
  "train_encoder1_auc": 0.6988300596151721,
  "train_encoder1_acc": 0.7410337998291705,
  "valid_encoder1_auc": 0.689919021572016,
  "valid_encoder1_acc": 0.7362115446379041,
  "test_encoder1_auc": 0.6857817397552349,
  "test_encoder1_acc": 0.7304000237755587,
  "train_encoder2_auc": 0.5092963389094718,
  "train_encoder2_acc": 0.4742136682341678,
  "valid_encoder2_auc": 0.5117145037830785,
  "valid_encoder2_acc": 0.4698829185685505,
  "test_encoder2_auc": 0.5084046375514641,
  "test_encoder2_acc": 0.4781933547313362,
  "train_mastery_correlation": 0.0,
  "train_gain_correlation": 0.0,
  "train_correlation_students": 0,
  "test_mastery_correlation": 0.0,
  "test_gain_correlation": 0.0,
  "test_correlation_students": 0,
  "timestamp": "2025-11-16T23:04:31.737536Z"
}