{
  "valid_auc": 0.732249665816461,
  "valid_acc": 0.758138765340782,
  "valid_metrics": {
    "l_sup": 0.5093109967802355,
    "l_reg": 4.447603616916481e-07,
    "l_ref": 0.027413379172889555,
    "l_init": 0.03961200079936826,
    "l_rate": 0.0968615636384012
  },
  "test_auc": 0.7252228342639844,
  "test_acc": 0.7504978007608178,
  "test_metrics": {
    "l_sup": 0.5197949650306918,
    "l_reg": 4.4937792363755567e-07,
    "l_ref": 0.027285791567114533,
    "l_init": 0.03926895223667122,
    "l_rate": 0.09699624256845768
  },
  "window_test_auc": 0.7253305111412021,
  "window_test_acc": 0.7505050505050505,
  "window_metrics": {
    "l_sup": 0.5270632988437804,
    "l_reg": 4.376005959076205e-07,
    "l_ref": 0.0,
    "l_init": 0.037698091491356625,
    "l_rate": 0.09969776551705123
  },
  "checkpoint": "/workspaces/pykt-toolkit/experiments/20251226_190425_idkt_assist2015_hr_sweep_l0.0_336916/best_model.pt"
}