{
  "r2_true": 0.6022802146991213,
  "pearson_true": 0.7762060210258298,
  "r2_control": -0.004062318234957285,
  "pearson_control": 0.008205041605442503,
  "selectivity_r2": 0.6063425329340786
}