epoch,train_loss,train_auc,val_loss,val_auc,val_accuracy,monotonicity_violation_rate,negative_gain_rate,bounds_violation_rate,mastery_correlation,gain_correlation,main_loss_share,constraint_loss_share,alignment_loss_share,lag_loss_share,retention_loss_share
1,0.5420250863300087,0.6924537786405539,0.5157402918046835,0.717013656024197,0.750586380402729,0.0,0.0,0.0,0.11126380166163569,0.013604461690740704,0.981275965429485,0.01872403249729061,-0.00530725879949564,0.0,0.0
2,0.5188104530381416,0.7244397780271395,0.5098175509851806,0.7247325914697434,0.7543917702362066,0.0,0.0,0.0,0.0662920157732979,0.019045798222565417,0.9904238977486695,0.009576104427786867,-0.02215678942031657,0.0,0.0
