{
  "experiment_name": "optimal_v1",
  "best_val_auc": 0.7247325914697434,
  "final_consistency_metrics": {
    "monotonicity_violation_rate": 0.0,
    "negative_gain_rate": 0.0,
    "bounds_violation_rate": 0.0,
    "mastery_correlation": 0.06059719252662381,
    "gain_correlation": 0.03265756264542299
  },
  "train_history": {
    "train_loss": [
      0.5420250863300087,
      0.5188104530381416
    ],
    "train_auc": [
      0.6924537786405539,
      0.7244397780271395
    ],
    "val_auc": [
      0.717013656024197,
      0.7247325914697434
    ],
    "consistency_metrics": [
      {
        "monotonicity_violation_rate": 0.0,
        "negative_gain_rate": 0.0,
        "bounds_violation_rate": 0.0,
        "mastery_correlation": 0.11126380166163569,
        "gain_correlation": 0.013604461690740704
      },
      {
        "monotonicity_violation_rate": 0.0,
        "negative_gain_rate": 0.0,
        "bounds_violation_rate": 0.0,
        "mastery_correlation": 0.0662920157732979,
        "gain_correlation": 0.019045798222565417
      }
    ],
    "semantic_trajectory": [
      {
        "epoch": 1,
        "mastery_correlation": 0.11126380166163569,
        "gain_correlation": 0.013604461690740704,
        "warmup_scale": 0.125,
        "alignment_corr_mastery": 0.028346458449959755,
        "alignment_corr_gain": 0.1480376422405243,
        "global_alignment_mastery_corr": 0.10097685867134715,
        "global_alignment_gain_corr": 0.04266724110787739,
        "effective_alignment_weight": 0.03125,
        "peak_mastery_corr": 0.10097685867134715,
        "retention_loss_value": 0.0,
        "mean_lag_corr": 0.0,
        "lag_corr_count": 0,
        "consistency_loss_weight_current": 0.3,
        "sparsity_loss_weight_current": 0.2,
        "loss_shares": {
          "main": 0.981275965429485,
          "constraint_total": 0.01872403249729061,
          "alignment": -0.00530725879949564,
          "lag": 0.0,
          "retention": 0.0
        },
        "mean_mastery_variance": 0.013711676643341008,
        "min_mastery_variance": 0.00983805488795042,
        "max_mastery_variance": 0.0438508540391922,
        "per_lag_correlations": []
      },
      {
        "epoch": 2,
        "mastery_correlation": 0.0662920157732979,
        "gain_correlation": 0.019045798222565417,
        "warmup_scale": 0.25,
        "alignment_corr_mastery": 0.05231378227472305,
        "alignment_corr_gain": 0.1879354566335678,
        "global_alignment_mastery_corr": 0.08484116645117562,
        "global_alignment_gain_corr": 0.03734876678045111,
        "effective_alignment_weight": 0.0625,
        "peak_mastery_corr": 0.10097685867134715,
        "retention_loss_value": 0.0,
        "mean_lag_corr": 0.0,
        "lag_corr_count": 0,
        "consistency_loss_weight_current": 0.3,
        "sparsity_loss_weight_current": 0.2,
        "loss_shares": {
          "main": 0.9904238977486695,
          "constraint_total": 0.009576104427786867,
          "alignment": -0.02215678942031657,
          "lag": 0.0,
          "retention": 0.0
        },
        "mean_mastery_variance": 0.009896349422440628,
        "min_mastery_variance": 0.00983219314366579,
        "max_mastery_variance": 0.010006042197346687,
        "per_lag_correlations": []
      }
    ]
  },
  "model_config": {
    "num_c": 100,
    "seq_len": 200,
    "d_model": 512,
    "n_heads": 8,
    "num_encoder_blocks": 6,
    "d_ff": 1024,
    "dropout": 0.2,
    "emb_type": "qid",
    "monitor_frequency": 50,
    "use_mastery_head": true,
    "use_gain_head": true,
    "non_negative_loss_weight": 0.0,
    "monotonicity_loss_weight": 0.1,
    "mastery_performance_loss_weight": 0.8,
    "gain_performance_loss_weight": 0.8,
    "sparsity_loss_weight": 0.2,
    "consistency_loss_weight": 0.3
  },
  "training_args": {
    "dataset_name": "assist2015",
    "num_epochs": 2,
    "batch_size": 64,
    "learning_rate": 0.000174,
    "weight_decay": 1.7571e-05,
    "enhanced_constraints": true,
    "fold": 0
  },
  "timestamp": "2025-10-31T16:48:59.739344"
}