{
  "tail_metrics": {
    "epoch": 2.0,
    "train_loss": 0.5188104530381416,
    "train_auc": 0.7244397780271395,
    "val_loss": 0.5098175509851806,
    "val_auc": 0.7247325914697434,
    "val_accuracy": 0.7543917702362066,
    "monotonicity_violation_rate": 0.0,
    "negative_gain_rate": 0.0,
    "bounds_violation_rate": 0.0,
    "mastery_correlation": 0.0662920157732979,
    "gain_correlation": 0.019045798222565417,
    "main_loss_share": 0.9904238977486695,
    "constraint_loss_share": 0.009576104427786867,
    "alignment_loss_share": -0.02215678942031657,
    "lag_loss_share": 0.0,
    "retention_loss_share": 0.0
  },
  "best_summary": {
    "best_epoch": 2.0,
    "best_val_auc": 0.7247325914697434,
    "best_val_accuracy": 0.7543917702362066,
    "mastery_corr": null,
    "gain_corr": null
  },
  "config_md5": "a9df26fca6336e6781d8ddf5c56b96c3"
}