{
  "lambda_ref": 1.3312992042327867,
  "lambda_initmastery": 1.481272326046998,
  "lambda_rate": 0.4017939414639175
}