{
  "valid_auc": 0.8345226652300931,
  "valid_acc": 0.7661462332565481,
  "valid_metrics": {
    "l_sup": 0.4745975325082346,
    "l_reg": 2.5759982842525158e-05,
    "l_ref": 0.051810257964664035,
    "l_init": 0.03899954708999933,
    "l_rate": 0.1532730096613926
  },
  "test_auc": 0.8257380274391433,
  "test_acc": 0.7590245577880818,
  "test_metrics": {
    "l_sup": 0.48935972857155813,
    "l_reg": 2.7986078169884753e-05,
    "l_ref": 0.04912592199715701,
    "l_init": 0.040260697327303724,
    "l_rate": 0.15726254997742625
  },
  "window_test_auc": 0.8257380274391433,
  "window_test_acc": 0.7590245577880818,
  "window_metrics": {
    "l_sup": 0.48935972857155813,
    "l_reg": 2.7986078169884753e-05,
    "l_ref": 0.0,
    "l_init": 0.040260697327303724,
    "l_rate": 0.15726254997742625
  },
  "checkpoint": "/workspaces/pykt-toolkit/experiments/20251230_222154_idkt_setS_743065/best_model.pt"
}