split,auc,acc,l_sup,l_ref,l_init,l_rate,l_reg
test,0.825738,0.759025,0.489360,0.049126,0.040261,0.157263,0.000028
