{
  "0": {
    "r2": -1.1525819352334299,
    "pearson": 0.6596227280406672,
    "count": 201
  },
  "1": {
    "r2": 0.3285875943556661,
    "pearson": 0.7360549260772864,
    "count": 574
  },
  "2": {
    "r2": -1.6503097414700116,
    "pearson": 0.26785601201553444,
    "count": 201
  },
  "3": {
    "r2": -7.124953495536348,
    "pearson": 0.3633034985872824,
    "count": 103
  },
  "4": {
    "r2": -0.9052084484186831,
    "pearson": 0.43809944890723745,
    "count": 111
  },
  "5": {
    "r2": -17.588348748676832,
    "pearson": 0.23837978276044738,
    "count": 379
  },
  "8": {
    "r2": -8.681890863763051,
    "pearson": 0.13954073943150364,
    "count": 143
  },
  "9": {
    "r2": -2.364952062898414,
    "pearson": 0.5497564285407044,
    "count": 181
  },
  "10": {
    "r2": 0.674563992022879,
    "pearson": 0.8741627504936972,
    "count": 62
  },
  "11": {
    "r2": -6.614127878920984,
    "pearson": 0.3769849595973267,
    "count": 469
  },
  "12": {
    "r2": -10.600108426937718,
    "pearson": 0.5092682309072253,
    "count": 448
  },
  "14": {
    "r2": 0.5600288186721458,
    "pearson": 0.7573014677728652,
    "count": 62
  },
  "15": {
    "r2": -6.910073475359839,
    "pearson": 0.3827779218774023,
    "count": 310
  },
  "16": {
    "r2": -0.5046156539940851,
    "pearson": 0.6079274199601308,
    "count": 27
  },
  "17": {
    "r2": -1.932211467716296,
    "pearson": 0.23902360919352736,
    "count": 70
  },
  "18": {
    "r2": -38.09831065538004,
    "pearson": 0.04754700305600365,
    "count": 71
  },
  "19": {
    "r2": 0.3512937072390998,
    "pearson": 0.8416928203736687,
    "count": 31
  },
  "20": {
    "r2": -1.5246021252922235,
    "pearson": 0.3045491743587248,
    "count": 153
  },
  "21": {
    "r2": -19.461386481080254,
    "pearson": 0.5005062292730701,
    "count": 71
  },
  "22": {
    "r2": 0.7301712017771678,
    "pearson": 0.863418516589896,
    "count": 63
  },
  "23": {
    "r2": -6.555898364682556,
    "pearson": 0.34715974922983667,
    "count": 272
  },
  "24": {
    "r2": 0.8094810056742442,
    "pearson": 0.9158798219002648,
    "count": 78
  },
  "25": {
    "r2": -2.1155037959338845,
    "pearson": 0.3536766373714246,
    "count": 261
  },
  "26": {
    "r2": -0.19586335729321225,
    "pearson": 0.5992659907588713,
    "count": 117
  },
  "27": {
    "r2": 0.9427178350632845,
    "pearson": 0.9964294237884174,
    "count": 36
  },
  "28": {
    "r2": -3.8660640603733496,
    "pearson": 0.4764612471820786,
    "count": 145
  },
  "30": {
    "r2": -2.251457998359215,
    "pearson": -0.08982460829726957,
    "count": 76
  },
  "31": {
    "r2": 0.025739428458239733,
    "pearson": 0.7645463993512277,
    "count": 90
  },
  "32": {
    "r2": -0.28792054756948393,
    "pearson": 0.11987512276447179,
    "count": 35
  },
  "37": {
    "r2": -0.5250514182387915,
    "pearson": 0.3239202639156711,
    "count": 22
  },
  "38": {
    "r2": 0.5742347715260139,
    "pearson": 0.9527800541826613,
    "count": 40
  },
  "44": {
    "r2": 0.08177272803886204,
    "pearson": 0.54723163213927,
    "count": 95
  },
  "45": {
    "r2": -24.82768099557972,
    "pearson": 0.08771806877863776,
    "count": 276
  },
  "46": {
    "r2": 0.8647224794246366,
    "pearson": 0.935797959557338,
    "count": 237
  },
  "47": {
    "r2": 0.5837818065334494,
    "pearson": 0.8025673287574823,
    "count": 202
  },
  "48": {
    "r2": -0.07628781392854878,
    "pearson": 0.7782160565264867,
    "count": 101
  },
  "49": {
    "r2": 0.8467255377525051,
    "pearson": 0.9371644854294948,
    "count": 46
  },
  "51": {
    "r2": 0.8887101628555222,
    "pearson": 0.9524037401293723,
    "count": 84
  },
  "52": {
    "r2": -0.27505985491968277,
    "pearson": 0.5065185719981219,
    "count": 113
  },
  "53": {
    "r2": 0.010083950658704155,
    "pearson": 0.492463184229301,
    "count": 158
  },
  "54": {
    "r2": -0.4053094326619835,
    "pearson": 0.4990031813725354,
    "count": 102
  },
  "55": {
    "r2": -1.3520431402686812,
    "pearson": 0.5759140088331314,
    "count": 77
  },
  "56": {
    "r2": -0.284097499949455,
    "pearson": 0.4119029939899527,
    "count": 81
  },
  "57": {
    "r2": -124.25656201750421,
    "pearson": -0.297796947100545,
    "count": 299
  },
  "60": {
    "r2": -0.12681331084229375,
    "pearson": 0.7351435460340677,
    "count": 33
  },
  "61": {
    "r2": -0.34788206538497213,
    "pearson": 0.64172266681225,
    "count": 111
  },
  "62": {
    "r2": -82.13488816492067,
    "pearson": 0.36170220511794166,
    "count": 312
  },
  "63": {
    "r2": -0.5319914315902718,
    "pearson": 0.608149800558423,
    "count": 93
  },
  "68": {
    "r2": -0.3154322626436499,
    "pearson": 0.7285993428148361,
    "count": 69
  },
  "72": {
    "r2": 0.42573259959043497,
    "pearson": 0.8155482822478567,
    "count": 64
  },
  "75": {
    "r2": 0.3866781476615746,
    "pearson": 0.775770943480146,
    "count": 27
  },
  "86": {
    "r2": 0.9852820804449217,
    "pearson": 0.9931176703069023,
    "count": 31
  }
}