{
  "r2_true": -1907713.0630117375,
  "pearson_true": -0.11450553203209449,
  "r2_control": -307081.0016936161,
  "pearson_control": 0.002319828591359284,
  "selectivity_r2": -1600632.0613181214
}