{
  "experiment_id": "20251031_161727_gainakt2exp_test_evalcmd2",
  "dataset": "assist2015",
  "fold": 0,
  "valid_auc": 0.7257475745089552,
  "valid_acc": 0.7542263185043163,
  "test_auc": 0.7201087843568654,
  "test_acc": 0.7482911317165953,
  "test_mastery_correlation": 0.09260203688139303,
  "test_gain_correlation": 0.025897167831384762,
  "test_correlation_students": 262,
  "timestamp": "2025-10-31T16:20:53.667430"
}