epoch,train_loss,train_auc,val_loss,val_auc,val_accuracy,monotonicity_violation_rate,negative_gain_rate,bounds_violation_rate,mastery_correlation,gain_correlation,main_loss_share,constraint_loss_share,alignment_loss_share,lag_loss_share,retention_loss_share
1,0.5423675727658939,0.6913334493120359,0.5154084465941604,0.7164748759382142,0.7511022005080341,0.0,0.0,0.0,0.11022242065101187,0.00779487597618714,0.9817820844229558,0.01821791008835964,-0.005777496839739155,0.0,0.0
2,0.5188231108410989,0.724517220090818,0.5102668745177132,0.7240677716566892,0.7539440773146211,0.0,0.0,0.0,0.08701497469097831,0.02366945310086744,0.9903514021575017,0.009648600539750089,-0.022210343425702845,0.0,0.0
3,0.5076326942505615,0.7369756321258,0.5094018432558799,0.7257475745089552,0.7542263185043163,0.0,0.0,0.0,0.09360976162190118,0.00735866812235496,0.9962248883673279,0.003775108533748778,-0.04352172788874766,0.0,0.0
