{
  "tail_metrics": {
    "epoch": 3.0,
    "train_loss": 0.5076326942505615,
    "train_auc": 0.7369756321258,
    "val_loss": 0.5094018432558799,
    "val_auc": 0.7257475745089552,
    "val_accuracy": 0.7542263185043163,
    "monotonicity_violation_rate": 0.0,
    "negative_gain_rate": 0.0,
    "bounds_violation_rate": 0.0,
    "mastery_correlation": 0.09360976162190118,
    "gain_correlation": 0.00735866812235496,
    "main_loss_share": 0.9962248883673279,
    "constraint_loss_share": 0.003775108533748778,
    "alignment_loss_share": -0.04352172788874766,
    "lag_loss_share": 0.0,
    "retention_loss_share": 0.0
  },
  "best_summary": {
    "best_epoch": 3.0,
    "best_val_auc": 0.7257475745089552,
    "best_val_accuracy": 0.7542263185043163,
    "mastery_corr": null,
    "gain_corr": null
  },
  "config_md5": "5906558bf28f5a66435db682125dc817"
}