epoch,train_loss,train_auc,val_loss,val_auc,val_accuracy,monotonicity_violation_rate,negative_gain_rate,bounds_violation_rate,mastery_correlation,gain_correlation,main_loss_share,constraint_loss_share,alignment_loss_share,lag_loss_share,retention_loss_share
1,0.535123737364853,0.6806288252431464,0.5184763974072982,0.7114619391107762,0.7486496218941303,0.0,0.0,0.0,0.0,0.0,1.0,0.0,0.0,0.0,0.0
2,0.5178480900322218,0.7180714106075355,0.5128746069207484,0.719725298690077,0.7519391916223029,0.0,0.0,0.0,0.0,0.0,1.0,0.0,0.0,0.0,0.0
3,0.5082054127374461,0.733328155753005,0.5144144698065154,0.7192626279047998,0.749973235749253,0.0,0.0,0.0,0.0,0.0,1.0,0.0,0.0,0.0,0.0
4,0.49906962507747,0.7467883718777207,0.5212382382276107,0.7127121123176492,0.745126473250348,0.0,0.0,0.0,0.0,0.0,1.0,0.0,0.0,0.0,0.0
5,0.4881720172308887,0.7616646712227058,0.5297257614379026,0.7053077822278441,0.7412529562331507,0.0,0.0,0.0,0.0,0.0,1.0,0.0,0.0,0.0,0.0
6,0.47568532592892027,0.7773902842950365,0.5443258711269924,0.6982101627234022,0.7263233705437523,0.0,0.0,0.0,0.0,0.0,1.0,0.0,0.0,0.0,0.0
7,0.46410628690003114,0.7908644749115661,0.5751108697482518,0.6857908812887371,0.7139242231067943,0.0,0.0,0.0,0.0,0.0,1.0,0.0,0.0,0.0,0.0
8,0.4518168272132083,0.8043265397026651,0.6059968726975578,0.6762409970418393,0.7174084419313084,0.0,0.0,0.0,0.0,0.0,1.0,0.0,0.0,0.0,0.0
