epoch,train_loss,train_auc,val_loss,val_auc,val_accuracy,monotonicity_violation_rate,negative_gain_rate,bounds_violation_rate,mastery_correlation,gain_correlation,main_loss_share,constraint_loss_share,alignment_loss_share,lag_loss_share,retention_loss_share
1,0.5520839746921293,0.689309219421649,0.5158197818658291,0.7165145015131442,0.7511897926013879,0.0,0.0,0.0,0.015971230079211054,0.04341341830569792,0.9667689526631743,0.03323104872938643,-0.011191558269542632,0.0,0.0
2,0.5265914047918012,0.7227415836507483,0.5104761612720978,0.724794569345756,0.7544598974199263,0.0,0.0,0.0,0.007768748135661644,0.08690305557799458,0.978290692456066,0.021709309586366313,-0.0410388031421748,0.0,0.0
