{
  "experiment_name": "optimal_v1",
  "best_val_auc": 0.724794569345756,
  "final_consistency_metrics": {
    "monotonicity_violation_rate": 0.0,
    "negative_gain_rate": 0.0,
    "bounds_violation_rate": 0.0,
    "mastery_correlation": -0.025307960967453375,
    "gain_correlation": 0.03275068947971265
  },
  "train_history": {
    "train_loss": [
      0.5520839746921293,
      0.5265914047918012
    ],
    "train_auc": [
      0.689309219421649,
      0.7227415836507483
    ],
    "val_auc": [
      0.7165145015131442,
      0.724794569345756
    ],
    "consistency_metrics": [
      {
        "monotonicity_violation_rate": 0.0,
        "negative_gain_rate": 0.0,
        "bounds_violation_rate": 0.0,
        "mastery_correlation": 0.015971230079211054,
        "gain_correlation": 0.04341341830569792
      },
      {
        "monotonicity_violation_rate": 0.0,
        "negative_gain_rate": 0.0,
        "bounds_violation_rate": 0.0,
        "mastery_correlation": 0.007768748135661644,
        "gain_correlation": 0.08690305557799458
      }
    ],
    "semantic_trajectory": [
      {
        "epoch": 1,
        "mastery_correlation": 0.015971230079211054,
        "gain_correlation": 0.04341341830569792,
        "warmup_scale": 0.25,
        "alignment_corr_mastery": 0.1395842283964157,
        "alignment_corr_gain": 0.29186639189720154,
        "global_alignment_mastery_corr": 0.014971727017352048,
        "global_alignment_gain_corr": 0.02379535707955559,
        "effective_alignment_weight": 0.03125,
        "peak_mastery_corr": 0.014971727017352048,
        "retention_loss_value": 0.0,
        "mean_lag_corr": 0.0,
        "lag_corr_count": 0,
        "consistency_loss_weight_current": 0.3,
        "sparsity_loss_weight_current": 0.2,
        "loss_shares": {
          "main": 0.9667689526631743,
          "constraint_total": 0.03323104872938643,
          "alignment": -0.011191558269542632,
          "lag": 0.0,
          "retention": 0.0
        },
        "mean_mastery_variance": 0.015119491908098422,
        "min_mastery_variance": 0.010955221019685268,
        "max_mastery_variance": 0.03464465215802193,
        "per_lag_correlations": []
      },
      {
        "epoch": 2,
        "mastery_correlation": 0.007768748135661644,
        "gain_correlation": 0.08690305557799458,
        "warmup_scale": 0.5,
        "alignment_corr_mastery": 0.15336528420448303,
        "alignment_corr_gain": 0.33953383564949036,
        "global_alignment_mastery_corr": 0.006265460312618719,
        "global_alignment_gain_corr": 0.028170160026687274,
        "effective_alignment_weight": 0.0625,
        "peak_mastery_corr": 0.014971727017352048,
        "retention_loss_value": 0.0,
        "mean_lag_corr": 0.0,
        "lag_corr_count": 0,
        "consistency_loss_weight_current": 0.3,
        "sparsity_loss_weight_current": 0.2,
        "loss_shares": {
          "main": 0.978290692456066,
          "constraint_total": 0.021709309586366313,
          "alignment": -0.0410388031421748,
          "lag": 0.0,
          "retention": 0.0
        },
        "mean_mastery_variance": 0.015341134723876753,
        "min_mastery_variance": 0.011875779367983341,
        "max_mastery_variance": 0.02138080820441246,
        "per_lag_correlations": []
      }
    ]
  }
}