{
  "tail_metrics": {
    "epoch": 2.0,
    "train_loss": 0.5265914047918012,
    "train_auc": 0.7227415836507483,
    "val_loss": 0.5104761612720978,
    "val_auc": 0.724794569345756,
    "val_accuracy": 0.7544598974199263,
    "monotonicity_violation_rate": 0.0,
    "negative_gain_rate": 0.0,
    "bounds_violation_rate": 0.0,
    "mastery_correlation": 0.007768748135661644,
    "gain_correlation": 0.08690305557799458,
    "main_loss_share": 0.978290692456066,
    "constraint_loss_share": 0.021709309586366313,
    "alignment_loss_share": -0.0410388031421748,
    "lag_loss_share": 0.0,
    "retention_loss_share": 0.0
  },
  "best_summary": {
    "best_epoch": 2.0,
    "best_val_auc": 0.724794569345756,
    "best_val_accuracy": 0.7544598974199263,
    "mastery_corr": null,
    "gain_corr": null
  },
  "config_md5": "d18712658364b4440342f6117a45580e"
}