split,auc,acc
test,0.709978,0.741738
