epoch,train_loss,constraint_loss,val_auc,val_accuracy,mastery_corr,gain_corr,mastery_corr_macro,gain_corr_macro,monotonicity_violation_rate,retention_violation_rate,gain_future_alignment,peer_influence_share,alignment_share,sparsity_share,consistency_share,retention_share,lag_gain_share
1,0.5435356636739148,0.0,0.719085355051442,0.7550049148896826,0.19998510737410322,0.00386317320866463,0.6614080855022071,-0.00041053030072349633,0.5004784378502743,0.5004784378502743,-0.005817198094686236,0.6222913265228271,0.0,0.0,0.0,0.0,0.0
2,0.5091301653669288,0.0,0.7420042813384343,0.759880874753039,0.26244784777196384,0.0015142442469399996,0.6647912347112016,-0.0015537005804317533,0.5006537470749022,0.5006537470749022,-0.0048083690769438504,0.524166464805603,0.0,0.0,0.0,0.0,0.0
