{
  "experiment_id": "20251116_203019_gainakt3exp_phase2_bce0.6_741296",
  "dataset": "assist2015",
  "fold": 0,
  "train_auc": 0.6977449376258856,
  "train_acc": 0.7403368719436075,
  "valid_auc": 0.6894466602165656,
  "valid_acc": 0.7362504744571723,
  "test_auc": 0.6852701289863321,
  "test_acc": 0.7306006300523062,
  "train_encoder1_auc": 0.6977449376258856,
  "train_encoder1_acc": 0.7403368719436075,
  "valid_encoder1_auc": 0.6894466602165656,
  "valid_encoder1_acc": 0.7362504744571723,
  "test_encoder1_auc": 0.6852701289863321,
  "test_encoder1_acc": 0.7306006300523062,
  "train_encoder2_auc": 0.5355455729458938,
  "train_encoder2_acc": 0.5840326077774336,
  "valid_encoder2_auc": 0.5361137274714626,
  "valid_encoder2_acc": 0.5838402320217229,
  "test_encoder2_auc": 0.534962041966896,
  "test_encoder2_acc": 0.5854954232049453,
  "train_mastery_correlation": 0.0,
  "train_gain_correlation": 0.0,
  "train_correlation_students": 0,
  "test_mastery_correlation": 0.0,
  "test_gain_correlation": 0.0,
  "test_correlation_students": 0,
  "timestamp": "2025-11-16T20:36:11.742059Z"
}