epoch,train_loss,train_auc,train_acc,val_loss,val_auc,val_acc,train_bce_loss,train_im_loss,val_bce_loss,val_im_loss,train_encoder1_auc,train_encoder1_acc,val_encoder1_auc,val_encoder1_acc,train_encoder2_auc,train_encoder2_acc,val_encoder2_auc,val_encoder2_acc
1,0.580890,0.679679,0.734370,0.580890,0.674992,0.740241,0.563360,0.607185,0.563360,0.607185,0.679679,0.734370,0.674992,0.740241,0.529113,0.734370,0.529903,0.740241
2,0.575020,0.692321,0.734370,0.575020,0.685696,0.740241,0.554158,0.606312,0.554158,0.606312,0.692321,0.734370,0.685696,0.740241,0.532690,0.734370,0.533074,0.740241
3,0.573085,0.697745,0.734370,0.573085,0.689447,0.740241,0.551497,0.605467,0.551497,0.605467,0.697745,0.734370,0.689447,0.740241,0.535547,0.734370,0.536114,0.740241
4,0.571570,0.700062,0.734370,0.571570,0.688774,0.740241,0.549515,0.604651,0.549515,0.604651,0.700062,0.734370,0.688774,0.740241,0.539775,0.734370,0.540670,0.740241
5,0.570118,0.704178,0.734370,0.570118,0.689394,0.740241,0.547621,0.603865,0.547621,0.603865,0.704178,0.734370,0.689394,0.740241,0.543674,0.734370,0.544306,0.740241
6,0.568604,0.706310,0.734370,0.568604,0.687444,0.740241,0.545603,0.603105,0.545603,0.603105,0.706310,0.734370,0.687444,0.740241,0.545888,0.734370,0.546267,0.740241
7,0.567177,0.709414,0.734370,0.567177,0.686342,0.740241,0.543714,0.602371,0.543714,0.602371,0.709414,0.734370,0.686342,0.740241,0.547568,0.734370,0.547833,0.740241
