{
  "valid_auc": 0.7695779801175396,
  "valid_acc": 0.7411642214860388,
  "valid_metrics": {
    "l_sup": 0.5319713161828141,
    "l_reg": 0.001178847126235875,
    "l_ref": 0.013674774129564563,
    "l_init": 0.010190339479041863,
    "l_rate": 0.1721942305403381
  },
  "test_auc": 0.7638098671678835,
  "test_acc": 0.7293066683897648,
  "test_metrics": {
    "l_sup": 0.5474117386842695,
    "l_reg": 0.0011475643172161655,
    "l_ref": 0.01329626701772213,
    "l_init": 0.010207880227266297,
    "l_rate": 0.17404185058133467
  },
  "window_test_auc": 0.7656687531101727,
  "window_test_acc": 0.730174081237911,
  "window_metrics": {
    "l_sup": 0.5279119935473057,
    "l_reg": 0.001083087089194987,
    "l_ref": 0.0,
    "l_init": 0.010591279223919036,
    "l_rate": 0.16968567484854938
  },
  "checkpoint": "/workspaces/pykt-toolkit/experiments/20251221_134418_idkt_pareto_v2_l0.65_assist2009_354132/best_model.pt"
}