{
  "prediction_mse": 0.017813730984926224,
  "prediction_corr": 0.8206323034401645,
  "initmastery_mse": 0.01013205386698246,
  "initmastery_corr": 0.9878979804444998,
  "learning_rate_mse": 0.17132170498371124,
  "learning_rate_corr": 0.9983719570198863,
  "h2_functional_alignment": 0.2829793721385828,
  "h3_discriminant_overlap": -0.1015800310662614,
  "h3_latent_overlap": -0.033083864977999616
}