split,auc,acc,l_sup,l_ref,l_init,l_rate,l_reg
validation,0.769578,0.741164,0.531971,0.013675,0.010190,0.172194,0.001179
