split,auc,acc,l_sup,l_ref,l_init,l_rate,l_reg
test,0.763810,0.729307,0.547412,0.013296,0.010208,0.174042,0.001148
