{
  "valid_auc": 0.7695779801175396,
  "valid_acc": 0.7411642214860388,
  "valid_metrics": {
    "l_sup": 0.531800826201465,
    "l_reg": 0.0011856970668304712,
    "l_ref": 0.012081349501386285,
    "l_init": 0.009043730095980864,
    "l_rate": 0.16431070576174217
  },
  "test_auc": 0.7684161461966694,
  "test_acc": 0.7375863700899196,
  "test_metrics": {
    "l_sup": 0.531800826201465,
    "l_reg": 0.0011856970668304712,
    "l_ref": 0.012081349501386285,
    "l_init": 0.009043730095980864,
    "l_rate": 0.16431070576174217
  },
  "best_epoch": 14,
  "params": {
    "model_name": "idkt",
    "dataset_name": "assist2009",
    "fold": 0,
    "seed": 42,
    "emb_type": "qid",
    "save_dir": "/workspaces/pykt-toolkit/experiments/20251221_134418_idkt_pareto_v2_l0.65_assist2009_354132",
    "d_model": 256,
    "d_ff": 512,
    "num_attn_heads": 8,
    "n_blocks": 4,
    "dropout": 0.2,
    "final_fc_dim": 512,
    "learning_rate": 0.0001,
    "weight_decay": 0.0,
    "batch_size": 64,
    "num_epochs": 100,
    "optimizer": "Adam",
    "gradient_clip": 1.0,
    "patience": 10,
    "seq_len": 200,
    "l2": 1e-05,
    "lambda_student": 1e-05,
    "lambda_gap": 1e-05,
    "lambda_ref": 0.65,
    "lambda_initmastery": 0.65,
    "lambda_rate": 0.65,
    "theory_guided": 1,
    "calibrate": 1,
    "use_wandb": 0,
    "add_uuid": 0
  }
}