{
  "loss_per": 0.5998836247121104,
  "loss_ali": 0.7748192509685841,
  "auc_per": 0.6710031532234562,
  "acc_per": 0.7157831219768562,
  "auc_ali": 0.1654710268780047,
  "acc_ali": 0.8596241325139999,
  "auc": 0.6710031532234562,
  "acc": 0.7157831219768562,
  "theta_mean": -1.6381536722183228,
  "theta_std": 0.7836275696754456,
  "beta_mean": -1.9631599187850952,
  "beta_std": 0.7828779220581055,
  "theta_beta_ratio": 1.0009576082229614,
  "mastery_mean": 0.5778393149375916,
  "mastery_std": 0.10249051451683044,
  "num_samples": 102749
}