{
  "experiment_name": "optimal_v1",
  "best_val_auc": 0.7168719506470964,
  "final_consistency_metrics": {
    "monotonicity_violation_rate": 0.0,
    "negative_gain_rate": 0.0,
    "bounds_violation_rate": 0.0,
    "mastery_correlation": 0.07732975329753014,
    "gain_correlation": 0.015454406629913316
  },
  "train_history": {
    "train_loss": [
      0.5438212579396104
    ],
    "train_auc": [
      0.6900071983160052
    ],
    "val_auc": [
      0.7168719506470964
    ],
    "consistency_metrics": [
      {
        "monotonicity_violation_rate": 0.0,
        "negative_gain_rate": 0.0,
        "bounds_violation_rate": 0.0,
        "mastery_correlation": 0.13858795220755565,
        "gain_correlation": -0.005520401293805523
      }
    ],
    "semantic_trajectory": [
      {
        "epoch": 1,
        "mastery_correlation": 0.13858795220755565,
        "gain_correlation": -0.005520401293805523,
        "warmup_scale": 0.125,
        "alignment_corr_mastery": 0.02669268101453781,
        "alignment_corr_gain": 0.15764540433883667,
        "global_alignment_mastery_corr": 0.09266064851400188,
        "global_alignment_gain_corr": 0.02033636263537725,
        "effective_alignment_weight": 0.03125,
        "peak_mastery_corr": 0.09266064851400188,
        "retention_loss_value": 0.0,
        "mean_lag_corr": 0.0,
        "lag_corr_count": 0,
        "consistency_loss_weight_current": 0.3,
        "sparsity_loss_weight_current": 0.2,
        "loss_shares": {
          "main": 0.9808034528720073,
          "constraint_total": 0.01919654867611162,
          "alignment": -0.005155434280803646,
          "lag": 0.0,
          "retention": 0.0
        },
        "mean_mastery_variance": 0.014313388249108211,
        "min_mastery_variance": 0.00983967911452055,
        "max_mastery_variance": 0.04380036145448685,
        "per_lag_correlations": []
      }
    ]
  }
}