epoch,train_loss,train_auc,val_loss,val_auc,val_accuracy,monotonicity_violation_rate,negative_gain_rate,bounds_violation_rate,mastery_correlation,gain_correlation,main_loss_share,constraint_loss_share,alignment_loss_share,lag_loss_share,retention_loss_share
1,0.5381844561025886,0.6772300953150598,0.5215735684852211,0.7072536550732679,0.7474233325871784,0.0,0.0,0.0,0.13919126948117275,0.02199904096716732,0.9962522877226005,0.0037477155178796944,-0.0014373045963241352,0.0,0.0
2,0.51677728054437,0.7132521118046736,0.514430297272546,0.718169570061884,0.751695880251876,0.0,0.0,0.0,0.1567138642871377,0.02454121967420292,1.0077391609706043,-0.007739158592265778,-0.00864840866619892,0.0,0.0
3,0.5046134138663199,0.7255365001778098,0.5110448836063852,0.7227757829892769,0.7538662176760844,0.0,0.0,0.0,0.16947110662966874,0.018902757099133905,1.0169402994828771,-0.01694030259257292,-0.017832933415217956,0.0,0.0
4,0.49363548073126245,0.735287814438133,0.5103072073994851,0.7243451400901425,0.7539538097694382,0.0,0.0,0.0,0.15193568810419486,0.012294984805135979,1.0269341761609245,-0.026934176437691748,-0.02783278514393513,0.0,0.0
5,0.48137316957038917,0.7455195550243191,0.5139700222988518,0.722869133790661,0.7534769194834013,0.0,0.0,0.0,0.14320066004565857,0.019237745954452948,1.0387535387727407,-0.038753538467934306,-0.03970235878251672,0.0,0.0
6,0.46951389204652816,0.7534179948506066,0.5142520325524467,0.7193379184922261,0.7520462486252908,0.0,0.0,0.0,0.1438975462914868,0.042249434340133146,1.0532550077578449,-0.05325500858359079,-0.05427951549643815,0.0,0.0
