{
  "train": {
    "total_auc": 0.730538209076411,
    "total_acc": 0.7535597293010071,
    "bce_auc": 0.7354540392891907,
    "bce_acc": 0.7566431072189527,
    "mastery_auc": 0.7105362994248121,
    "mastery_acc": 0.7502886267000817
  },
  "valid": {
    "total_auc": 0.7037041660156246,
    "total_acc": 0.747364937858276,
    "bce_auc": 0.7095159130644919,
    "bce_acc": 0.7497785866529114,
    "mastery_auc": 0.6834955730443943,
    "mastery_acc": 0.7446982452383965
  },
  "test": {
    "total_auc": 0.6970093467870273,
    "total_acc": 0.74092070851165,
    "bce_auc": 0.703407768090173,
    "bce_acc": 0.7437514859724204,
    "mastery_auc": 0.6761695629468507,
    "mastery_acc": 0.7374732524964337
  },
  "checkpoint_epoch": 10,
  "checkpoint_val_auc": 0.7095159130644919
}