split,total_auc,bce_auc,mastery_auc,total_acc,bce_acc,mastery_acc
training,0.730538209076411,0.7354540392891907,0.7105362994248121,0.7535597293010071,0.7566431072189527,0.7502886267000817
validation,0.7037041660156246,0.7095159130644919,0.6834955730443943,0.747364937858276,0.7497785866529114,0.7446982452383965
test,0.6970093467870273,0.703407768090173,0.6761695629468507,0.74092070851165,0.7437514859724204,0.7374732524964337
