{
  "valid_auc": 0.7264476425887574,
  "valid_acc": 0.7546934763355361,
  "test_auc": 0.7189067703954071,
  "test_acc": 0.7477710413694721,
  "test_mastery_correlation": 0.0,
  "test_gain_correlation": 0.0,
  "test_correlation_students": 0,
  "timestamp": "2025-10-30T23:42:36.333745"
}