{
  "tail_metrics": {
    "epoch": 16.0,
    "train_loss": 0.22638815548992897,
    "train_auc": 0.9562234751150063,
    "val_loss": 1.201773833144795,
    "val_auc": 0.6161573499139816,
    "val_accuracy": 0.6972330630955046,
    "monotonicity_violation_rate": 0.0,
    "negative_gain_rate": 0.0,
    "bounds_violation_rate": 0.0,
    "mastery_correlation": 0.0,
    "gain_correlation": 0.0,
    "main_loss_share": 1.0,
    "constraint_loss_share": 0.0,
    "alignment_loss_share": 0.0,
    "lag_loss_share": 0.0,
    "retention_loss_share": 0.0
  },
  "best_summary": {
    "best_epoch": 16.0,
    "best_val_auc": 0.6161573499139816,
    "best_val_accuracy": 0.6972330630955046,
    "mastery_corr": null,
    "gain_corr": null
  },
  "config_md5": "97a20bd43905b5d5b20ff37eb3853768"
}