{
  "valid_auc": 0.789124794748929,
  "valid_acc": 0.7571793658305727,
  "valid_metrics": {
    "l_sup": 0.511815644402562,
    "l_reg": 0.0011845140494794275,
    "l_ref": 0.0,
    "l_init": 0.009397349888512397,
    "l_rate": 0.16704147305407202
  },
  "test_auc": 0.7828073709249938,
  "test_acc": 0.7425852933574567,
  "test_metrics": {
    "l_sup": 0.5294955369021987,
    "l_reg": 0.0011530700304623073,
    "l_ref": 0.0,
    "l_init": 0.009439111004170499,
    "l_rate": 0.1688486063564846
  },
  "window_test_auc": 0.784980196143944,
  "window_test_acc": 0.7424403610573823,
  "window_metrics": {
    "l_sup": 0.5071020758769399,
    "l_reg": 0.0011080936043944573,
    "l_ref": 0.0,
    "l_init": 0.00976100193462461,
    "l_rate": 0.16456603479548707
  },
  "checkpoint": "/workspaces/pykt-toolkit/experiments/20251221_101731_idkt_pareto_v2_l0.40_assist2009_687063/best_model.pt"
}