split,auc,acc,l_sup,l_ref,l_init,l_rate,l_reg
test,0.782807,0.742585,0.529496,0.000000,0.009439,0.168849,0.001153
