{
  "experiment_id": "20251101_162303_gainakt2exp_before_devcontainer",
  "dataset": "assist2015",
  "fold": 0,
  "valid_auc": 0.7234483997901671,
  "valid_acc": 0.7533990598448647,
  "test_auc": 0.7173535758646779,
  "test_acc": 0.7474441274369947,
  "test_mastery_correlation": 0.07724875337282135,
  "test_gain_correlation": 0.018992664927222146,
  "test_correlation_students": 262,
  "timestamp": "2025-11-01T16:25:11.389335"
}