epoch,train_loss,train_auc,val_loss,val_auc,val_accuracy,monotonicity_violation_rate,negative_gain_rate,bounds_violation_rate,mastery_correlation,gain_correlation,main_loss_share,constraint_loss_share,alignment_loss_share,lag_loss_share,retention_loss_share
1,0.5423166443029216,0.6916295171767337,0.5165978603217066,0.71639091792591,0.7495547401921187,0.0,0.0,0.0,0.09912542898172431,-0.004602403010440466,0.9813784898499994,0.018621508268640622,-0.005241875156573106,0.0,0.0
2,0.5190890585820291,0.7240753537244107,0.5109121702155288,0.7234483997901671,0.7533990598448647,0.0,0.0,0.0,0.09690259488407985,0.03198713660191125,0.9903333045264194,0.009666696110363738,-0.02225468793470346,0.0,0.0
