{
  "experiment_name": "optimal_v1",
  "best_val_auc": 0.7234483997901671,
  "final_consistency_metrics": {
    "monotonicity_violation_rate": 0.0,
    "negative_gain_rate": 0.0,
    "bounds_violation_rate": 0.0,
    "mastery_correlation": 0.07126751184259035,
    "gain_correlation": 0.024567335082805217
  },
  "train_history": {
    "train_loss": [
      0.5423166443029216,
      0.5190890585820291
    ],
    "train_auc": [
      0.6916295171767337,
      0.7240753537244107
    ],
    "val_auc": [
      0.71639091792591,
      0.7234483997901671
    ],
    "consistency_metrics": [
      {
        "monotonicity_violation_rate": 0.0,
        "negative_gain_rate": 0.0,
        "bounds_violation_rate": 0.0,
        "mastery_correlation": 0.09912542898172431,
        "gain_correlation": -0.004602403010440466
      },
      {
        "monotonicity_violation_rate": 0.0,
        "negative_gain_rate": 0.0,
        "bounds_violation_rate": 0.0,
        "mastery_correlation": 0.09690259488407985,
        "gain_correlation": 0.03198713660191125
      }
    ],
    "semantic_trajectory": [
      {
        "epoch": 1,
        "mastery_correlation": 0.09912542898172431,
        "gain_correlation": -0.004602403010440466,
        "warmup_scale": 0.125,
        "alignment_corr_mastery": 0.028538260608911514,
        "alignment_corr_gain": 0.12293912470340729,
        "global_alignment_mastery_corr": 0.08534167995133127,
        "global_alignment_gain_corr": 0.017653829451980223,
        "effective_alignment_weight": 0.03125,
        "peak_mastery_corr": 0.08534167995133127,
        "retention_loss_value": 0.0,
        "mean_lag_corr": 0.0,
        "lag_corr_count": 0,
        "consistency_loss_weight_current": 0.3,
        "sparsity_loss_weight_current": 0.2,
        "loss_shares": {
          "main": 0.9813784898499994,
          "constraint_total": 0.018621508268640622,
          "alignment": -0.005241875156573106,
          "lag": 0.0,
          "retention": 0.0
        },
        "mean_mastery_variance": 0.01491214346063415,
        "min_mastery_variance": 0.00982421264052391,
        "max_mastery_variance": 0.046677425503730774,
        "per_lag_correlations": []
      },
      {
        "epoch": 2,
        "mastery_correlation": 0.09690259488407985,
        "gain_correlation": 0.03198713660191125,
        "warmup_scale": 0.25,
        "alignment_corr_mastery": 0.055627450346946716,
        "alignment_corr_gain": 0.16899454593658447,
        "global_alignment_mastery_corr": 0.07234897252366257,
        "global_alignment_gain_corr": 0.03485274687312388,
        "effective_alignment_weight": 0.0625,
        "peak_mastery_corr": 0.08534167995133127,
        "retention_loss_value": 0.0,
        "mean_lag_corr": 0.0,
        "lag_corr_count": 0,
        "consistency_loss_weight_current": 0.3,
        "sparsity_loss_weight_current": 0.2,
        "loss_shares": {
          "main": 0.9903333045264194,
          "constraint_total": 0.009666696110363738,
          "alignment": -0.02225468793470346,
          "lag": 0.0,
          "retention": 0.0
        },
        "mean_mastery_variance": 0.009900594530675386,
        "min_mastery_variance": 0.009850606322288513,
        "max_mastery_variance": 0.010022039525210857,
        "per_lag_correlations": []
      }
    ]
  }
}