{
  "tail_metrics": {
    "epoch": 2.0,
    "train_loss": 0.5190890585820291,
    "train_auc": 0.7240753537244107,
    "val_loss": 0.5109121702155288,
    "val_auc": 0.7234483997901671,
    "val_accuracy": 0.7533990598448647,
    "monotonicity_violation_rate": 0.0,
    "negative_gain_rate": 0.0,
    "bounds_violation_rate": 0.0,
    "mastery_correlation": 0.09690259488407985,
    "gain_correlation": 0.03198713660191125,
    "main_loss_share": 0.9903333045264194,
    "constraint_loss_share": 0.009666696110363738,
    "alignment_loss_share": -0.02225468793470346,
    "lag_loss_share": 0.0,
    "retention_loss_share": 0.0
  },
  "best_summary": {
    "best_epoch": 2.0,
    "best_val_auc": 0.7234483997901671,
    "best_val_accuracy": 0.7533990598448647,
    "mastery_corr": null,
    "gain_corr": null
  },
  "config_md5": "bda92fe7038b4026d544744fa66c937a"
}