split,auc,acc,l_sup,l_ref,l_init,l_rate,l_reg
validation,0.844212,0.784382,0.456516,0.061242,0.000000,0.000000,0.000091
