split,auc,acc,l_sup,l_ref,l_init,l_rate,l_reg
test,0.835087,0.772034,0.479555,0.059653,0.000000,0.000000,0.000085
