{
  "r2_true": 0.636230682452424,
  "pearson_true": 0.7976806415287084,
  "r2_control": -0.01557174943009465,
  "pearson_control": -0.010591907751291419,
  "selectivity_r2": 0.6518024318825186
}