{
  "valid_auc": 0.8442119220047695,
  "valid_acc": 0.7843823946994795,
  "valid_metrics": {
    "l_sup": 0.48095415408445535,
    "l_reg": 0.00010406843648524955,
    "l_ref": 0.06345002818852663,
    "l_init": 6.341342714821772e-09,
    "l_rate": 1.927831689011641e-09
  },
  "test_auc": 0.8388531372614536,
  "test_acc": 0.7791954566966398,
  "test_metrics": {
    "l_sup": 0.48095415408445535,
    "l_reg": 0.00010406843648524955,
    "l_ref": 0.06345002818852663,
    "l_init": 6.341342714821772e-09,
    "l_rate": 1.927831689011641e-09
  },
  "best_epoch": 47,
  "params": {
    "model_name": "idkt",
    "dataset_name": "assist2009",
    "fold": 0,
    "seed": 42,
    "emb_type": "qid",
    "save_dir": "/workspaces/pykt-toolkit/experiments/20251226_112645_idkt_variancebugfix_563068",
    "d_model": 256,
    "d_ff": 512,
    "num_attn_heads": 8,
    "n_blocks": 4,
    "dropout": 0.2,
    "final_fc_dim": 512,
    "learning_rate": 0.0001,
    "weight_decay": 0.0,
    "batch_size": 64,
    "num_epochs": 200,
    "optimizer": "Adam",
    "gradient_clip": 1.0,
    "patience": 10,
    "seq_len": 200,
    "l2": 1e-05,
    "lambda_student": 1e-05,
    "lambda_gap": 1e-05,
    "lambda_ref": 0.1,
    "lambda_initmastery": 0.1,
    "lambda_rate": 0.1,
    "theory_guided": 1,
    "calibrate": 1,
    "use_wandb": 0,
    "add_uuid": 0
  }
}