epoch,train_loss,train_auc,train_acc,val_loss,val_auc,val_acc,train_bce_loss,train_im_loss,val_bce_loss,val_im_loss,train_encoder1_auc,train_encoder1_acc,val_encoder1_auc,val_encoder1_acc,train_encoder2_auc,train_encoder2_acc,val_encoder2_auc,val_encoder2_acc
1,0.598039,0.677991,0.734370,0.598039,0.673812,0.740241,0.563586,0.606652,0.563586,0.606652,0.677991,0.734370,0.673812,0.740241,0.523910,0.734370,0.525048,0.740241
2,0.595599,0.688848,0.734370,0.595599,0.683124,0.740241,0.554694,0.605826,0.554694,0.605826,0.688848,0.734370,0.683124,0.740241,0.529107,0.734370,0.529784,0.740241
3,0.594507,0.693580,0.734370,0.594507,0.686981,0.740241,0.552456,0.605019,0.552456,0.605019,0.693580,0.734370,0.686981,0.740241,0.531120,0.734370,0.531525,0.740241
4,0.593574,0.697427,0.734370,0.593574,0.689418,0.740241,0.550926,0.604236,0.550926,0.604236,0.697427,0.734370,0.689418,0.740241,0.532388,0.734370,0.532751,0.740241
5,0.592700,0.700160,0.734370,0.592700,0.690326,0.740241,0.549595,0.603476,0.549595,0.603476,0.700160,0.734370,0.690326,0.740241,0.533799,0.734370,0.534251,0.740241
6,0.591864,0.701890,0.734370,0.591864,0.689858,0.740241,0.548361,0.602740,0.548361,0.602740,0.701890,0.734370,0.689858,0.740241,0.535433,0.734370,0.535961,0.740241
