{
  "experiment_id": "20251116_183438_gainakt3exp_lc_b2.5_m0.8_g1.1_o1.5_312773",
  "dataset": "assist2015",
  "fold": 0,
  "train_auc": 0.7001608669308191,
  "train_acc": 0.7482025361604671,
  "valid_auc": 0.6903256444875713,
  "valid_acc": 0.7413600132361385,
  "test_auc": 0.6860181657407145,
  "test_acc": 0.7358758321445554,
  "train_encoder1_auc": 0.7001608669308191,
  "train_encoder1_acc": 0.7482025361604671,
  "valid_encoder1_auc": 0.6903256444875713,
  "valid_encoder1_acc": 0.7413600132361385,
  "test_encoder1_auc": 0.6860181657407145,
  "test_encoder1_acc": 0.7358758321445554,
  "train_encoder2_auc": 0.54283947244393,
  "train_encoder2_acc": 0.66141741521884,
  "valid_encoder2_auc": 0.5434517774996812,
  "valid_encoder2_acc": 0.6643665631782304,
  "test_encoder2_auc": 0.5420009578405922,
  "test_encoder2_acc": 0.6622458987161198,
  "train_mastery_correlation": 0.0,
  "train_gain_correlation": 0.0,
  "train_correlation_students": 0,
  "test_mastery_correlation": 0.0,
  "test_gain_correlation": 0.0,
  "test_correlation_students": 0,
  "timestamp": "2025-11-16T18:39:40.473280Z"
}