epoch,train_loss,train_auc,train_acc,val_loss,val_auc,val_acc,train_bce_loss,train_im_loss,val_bce_loss,val_im_loss,train_encoder1_auc,train_encoder1_acc,val_encoder1_auc,val_encoder1_acc,train_encoder2_auc,train_encoder2_acc,val_encoder2_auc,val_encoder2_acc
1,0.597305,0.677991,0.734370,0.597305,0.673812,0.740241,0.563586,0.605735,0.563586,0.605735,0.677991,0.734370,0.673812,0.740241,0.528680,0.734370,0.529517,0.740241
2,0.594832,0.688848,0.734370,0.594832,0.683124,0.740241,0.554694,0.604867,0.554694,0.604867,0.688848,0.734370,0.683124,0.740241,0.532653,0.734370,0.533024,0.740241
3,0.593707,0.693580,0.734370,0.593707,0.686981,0.740241,0.552456,0.604020,0.552456,0.604020,0.693580,0.734370,0.686981,0.740241,0.535159,0.734370,0.535541,0.740241
4,0.592744,0.697427,0.734370,0.592744,0.689418,0.740241,0.550926,0.603198,0.550926,0.603198,0.697427,0.734370,0.689418,0.740241,0.539309,0.734370,0.539990,0.740241
5,0.591840,0.700160,0.734370,0.591840,0.690326,0.740241,0.549595,0.602401,0.549595,0.602401,0.700160,0.734370,0.690326,0.740241,0.542842,0.734370,0.543456,0.740241
6,0.590976,0.701890,0.734370,0.590976,0.689858,0.740241,0.548361,0.601630,0.548361,0.601630,0.701890,0.734370,0.689858,0.740241,0.545757,0.734370,0.546199,0.740241
