split,total_auc,bce_auc,mastery_auc,total_acc,bce_acc,mastery_acc
training,0.7525067994916095,0.7525067994916095,N/A,0.7608692591445386,0.7608692591445386,N/A
validation,0.7235331464667071,0.7235331464667071,N/A,0.7533212002063281,0.7533212002063281,N/A
test,0.7180742448819237,0.7180742448819237,N/A,0.7470800641940085,0.7470800641940085,N/A
