epoch,train_loss,train_auc,train_acc,val_loss,val_auc,val_acc,train_bce_loss,train_im_loss,val_bce_loss,val_im_loss,train_encoder1_auc,train_encoder1_acc,val_encoder1_auc,val_encoder1_acc,train_encoder2_auc,train_encoder2_acc,val_encoder2_auc,val_encoder2_acc
1,0.568212,0.680382,0.734370,0.568212,0.675598,0.740241,0.563305,0.612374,0.563305,0.612374,0.680382,0.734370,0.675598,0.740241,0.498725,0.734370,0.501859,0.740241
2,0.559788,0.693518,0.734370,0.559788,0.686649,0.740241,0.553997,0.611915,0.553997,0.611915,0.693518,0.734370,0.686649,0.740241,0.499234,0.734370,0.502273,0.740241
3,0.557260,0.698830,0.734370,0.557260,0.689919,0.740241,0.551237,0.611467,0.551237,0.611467,0.698830,0.734370,0.689919,0.740241,0.499400,0.734370,0.502419,0.740241
4,0.555299,0.700914,0.734370,0.555299,0.688637,0.740241,0.549107,0.611024,0.549107,0.611024,0.700914,0.734370,0.688637,0.740241,0.499411,0.734370,0.502437,0.740241
5,0.553395,0.705300,0.734370,0.553395,0.689311,0.740241,0.547041,0.610587,0.547041,0.610587,0.705300,0.734370,0.689311,0.740241,0.499371,0.734370,0.502412,0.740241
6,0.551387,0.708423,0.734370,0.551387,0.688419,0.740241,0.544857,0.610153,0.544857,0.610153,0.708423,0.734370,0.688419,0.740241,0.499399,0.734370,0.502443,0.740241
