{
  "experiment_id": "20251120_224500_gainakt3exp_bugs_979277",
  "dataset": "assist2015",
  "fold": 0,
  "train_auc": 0.7501591537134316,
  "train_acc": 0.7611672720787693,
  "train_mastery_correlation": 0.03031365197035512,
  "train_gain_correlation": 0.03500769419090961,
  "train_correlation_students": 3314,
  "valid_auc": 0.7238681859108302,
  "valid_acc": 0.7542457834139505,
  "test_auc": 0.7183012691275205,
  "test_acc": 0.7482614122681883,
  "test_mastery_correlation": 0.025890998763391803,
  "test_gain_correlation": 0.03500054241092014,
  "test_correlation_students": 3156,
  "timestamp": "2025-11-20T23:08:26.135281Z"
}