epoch,train_loss,train_auc,val_loss,val_auc,val_accuracy,monotonicity_violation_rate,negative_gain_rate,bounds_violation_rate,bce_auc,im_auc,global_auc
1,0.5269247274942349,0.6787543167254689,0.5197245788817503,0.7084714132440941,0.7489902578127281,0.0,0.0,0.0,0.7084714132440941,0.5003476561014674,0.7095513480293943
2,0.5116674745638754,0.7150797398979578,0.5137445634725143,0.7185694711049655,0.751326046968827,0.0,0.0,0.0,0.7185694711049655,0.5067860261958397,0.7193908284536519
3,0.5040876451551606,0.7272201308162084,0.5113673319621962,0.7224769272731033,0.7532822703870597,0.0,0.0,0.0,0.7224769272731033,0.5114005464521979,0.7231062071959075
4,0.49847682275920335,0.7356304114393167,0.5105115759129427,0.7238681859108302,0.7542457834139505,0.0,0.0,0.0,0.7238681859108302,0.5146178507248355,0.7243389105786333
5,0.49311440272034757,0.7434354648636637,0.5112607947417668,0.7231773800791818,0.7538272878568161,0.0,0.0,0.0,0.7231773800791818,0.5161088207089889,0.7236121151062989
6,0.4879414905538213,0.7514515094203513,0.5135735838997121,0.7205068070664375,0.752951366923279,0.0,0.0,0.0,0.7205068070664375,0.5171059097891956,0.720873374853525
7,0.4821339811685789,0.7600729035978686,0.5181830196964498,0.7160580976775287,0.7512871171495586,0.0,0.0,0.0,0.7160580976775287,0.5170807813998549,0.716322328521452
