epoch,train_loss,train_auc,train_acc,val_loss,val_auc,val_acc,train_bce_loss,train_im_loss,val_bce_loss,val_im_loss,train_encoder1_auc,train_encoder1_acc,val_encoder1_auc,val_encoder1_acc,train_encoder2_auc,train_encoder2_acc,val_encoder2_auc,val_encoder2_acc
1,0.567523,0.680382,0.734370,0.567523,0.675598,0.740241,0.563305,0.605484,0.563305,0.605484,0.680382,0.734370,0.675598,0.740241,0.517096,0.734370,0.519243,0.740241
2,0.559093,0.693518,0.734370,0.559093,0.686649,0.740241,0.553997,0.604963,0.553997,0.604963,0.693518,0.734370,0.686649,0.740241,0.520839,0.734370,0.522736,0.740241
3,0.556560,0.698830,0.734370,0.556560,0.689919,0.740241,0.551237,0.604466,0.551237,0.604466,0.698830,0.734370,0.689919,0.740241,0.522509,0.734370,0.524313,0.740241
4,0.554595,0.700914,0.734370,0.554595,0.688637,0.740241,0.549107,0.603990,0.549107,0.603990,0.700914,0.734370,0.688637,0.740241,0.523252,0.734370,0.524991,0.740241
5,0.552691,0.705300,0.734370,0.552691,0.689311,0.740241,0.547041,0.603539,0.547041,0.603539,0.705300,0.734370,0.689311,0.740241,0.523615,0.734370,0.525378,0.740241
6,0.550683,0.708423,0.734370,0.550683,0.688419,0.740241,0.544857,0.603119,0.544857,0.603119,0.708423,0.734370,0.688419,0.740241,0.523893,0.734370,0.525699,0.740241
