epoch,train_loss,train_auc,val_loss,val_auc,val_accuracy,monotonicity_violation_rate,negative_gain_rate,bounds_violation_rate,mastery_correlation,gain_correlation,main_loss_share,constraint_loss_share,alignment_loss_share,lag_loss_share,retention_loss_share
1,0.535901772234724,0.6791995725491522,0.5203167838709695,0.708061800202423,0.7486690868037645,0.66,0.0,0.0,0.10198603247595844,0.017557579691608677,0.9989205647535175,0.0010794350801957072,-0.0025660413408989022,0.0,0.0
2,0.5140320581475688,0.7149428353581084,0.5136577462663456,0.7185501623778874,0.7517932048000467,0.72,0.0,0.0,0.11655413062486066,0.034574140755443676,1.011189584777758,-0.011189586317904196,-0.012225841875450774,0.0,0.0
