split,auc,acc
test,0.723452,0.748811
