{
  "train": {
    "total_auc": 0.7476879415013443,
    "total_acc": 0.7596326227954082,
    "bce_auc": 0.7476879415013443,
    "bce_acc": 0.7596326227954082,
    "mastery_auc": "N/A",
    "mastery_acc": "N/A"
  },
  "valid": {
    "total_auc": 0.7243506836460313,
    "total_acc": 0.753184945838889,
    "bce_auc": 0.7243506836460313,
    "bce_acc": 0.753184945838889,
    "mastery_auc": "N/A",
    "mastery_acc": "N/A"
  },
  "test": {
    "total_auc": 0.7179634750097177,
    "total_acc": 0.7467605801236329,
    "bce_auc": 0.7179634750097177,
    "bce_acc": 0.7467605801236329,
    "mastery_auc": "N/A",
    "mastery_acc": "N/A"
  },
  "checkpoint_epoch": 5,
  "checkpoint_val_auc": 0.724350700640982
}