lambda,test_auc,valid_auc,exp_id,dir,probe_pearson,probe_selectivity,pred_corr,init_corr,rate_corr,h2_functional,h3_discriminant,h3_latent,raw_mean_corr,fidelity
0.0,0.8358255861448227,0.8438664455390495,815003,20251226_165012_idkt_path2sweep_l0.0_815003,0.7515715150118795,0.5776528448274134,0.5001607250629969,-0.13823258825531234,-0.0066653104862389855,0.18697926799999745,-0.0853801554038629,0.14473214642611368,0.11842094210714853,0.7515715150118795
0.05,0.8309724746824225,0.8383226192160914,398839,20251226_165012_idkt_path2sweep_l0.05_398839,0.7871202575912484,0.6319247667564729,0.5466833849615557,0.3819816534470025,0.19372428219910415,0.2046715261664789,-0.1923377032477508,0.04870812425646553,0.37412977353588744,0.7871202575912484
0.1,0.8289954093707133,0.835543013313015,561717,20251226_165012_idkt_path2sweep_l0.1_561717,0.8204784423340998,0.6870650131266623,0.6202968151602793,0.5165564858996208,0.28638201119365714,0.21775984297429002,-0.2487723539310455,-0.054197486037354366,0.47441177075118574,0.8204784423340998
0.2,0.8096052991306667,0.816819166902024,634875,20251226_165012_idkt_path2sweep_l0.2_634875,0.8471565763925718,0.7295591135097815,0.7362768844637251,0.6027168633076699,0.35780849112060414,0.23531389906932215,-0.2923784090164983,-0.0909124910312345,0.565600746297333,0.8471565763925718
0.3,0.7916976378725145,0.7984536507412852,977091,20251226_165012_idkt_path2sweep_l0.3_977091,0.8759734266752358,0.7790754568758189,0.8033872053927945,0.6250147192661094,0.36997549034142446,0.24438777286235622,-0.31187760860151476,-0.07058281102062443,0.5994591383334428,0.8759734266752358
0.5,0.7685900899590641,0.7741708193139437,316042,20251226_165012_idkt_path2sweep_l0.5_316042,0.876204052416533,0.7846805166658337,0.8270557061019082,0.24560796792100967,0.10659098920133173,0.20765993342140732,-0.19498183717909626,0.2018926912252299,0.39308488774141653,0.876204052416533
