epoch,train_loss,train_auc,train_acc,val_loss,val_auc,val_acc,train_bce_loss,train_im_loss,val_bce_loss,val_im_loss,train_encoder1_auc,train_encoder1_acc,val_encoder1_auc,val_encoder1_acc,train_encoder2_auc,train_encoder2_acc,val_encoder2_auc,val_encoder2_acc
1,0.598667,0.677991,0.734370,0.598667,0.673812,0.740241,0.563586,0.607437,0.563586,0.607437,0.677991,0.734370,0.673812,0.740241,0.514058,0.734370,0.516019,0.740241
2,0.596230,0.688848,0.734370,0.596230,0.683124,0.740241,0.554694,0.606614,0.554694,0.606614,0.688848,0.734370,0.683124,0.740241,0.518183,0.734370,0.519769,0.740241
3,0.595138,0.693580,0.734370,0.595138,0.686981,0.740241,0.552456,0.605808,0.552456,0.605808,0.693580,0.734370,0.686981,0.740241,0.520332,0.734370,0.521722,0.740241
4,0.594204,0.697427,0.734370,0.594204,0.689418,0.740241,0.550926,0.605023,0.550926,0.605023,0.697427,0.734370,0.689418,0.740241,0.522336,0.734370,0.523722,0.740241
5,0.593326,0.700160,0.734370,0.593326,0.690326,0.740241,0.549595,0.604259,0.549595,0.604259,0.700160,0.734370,0.690326,0.740241,0.524405,0.734370,0.525789,0.740241
6,0.592485,0.701890,0.734370,0.592485,0.689858,0.740241,0.548361,0.603516,0.548361,0.603516,0.701890,0.734370,0.689858,0.740241,0.526455,0.734370,0.527819,0.740241
