{
  "valid_auc": 0.7164703267100956,
  "valid_acc": 0.7516764153422417,
  "valid_metrics": {
    "l_sup": 0.5156339963291295,
    "l_reg": 4.3379506945168234e-10,
    "l_ref": 0.014650161283052698,
    "l_init": 5.70736274511497e-08,
    "l_rate": 1.7823041629396474e-08
  },
  "test_auc": 0.7094286284778051,
  "test_acc": 0.744316155492154,
  "test_metrics": {
    "l_sup": 0.5254418076694173,
    "l_reg": 4.481462960289126e-10,
    "l_ref": 0.014692907572769727,
    "l_init": 5.707296308464825e-08,
    "l_rate": 1.7820043498414248e-08
  },
  "window_test_auc": 0.7096580278923726,
  "window_test_acc": 0.7444147355912062,
  "window_metrics": {
    "l_sup": 0.5326225095420613,
    "l_reg": 4.596790162779187e-10,
    "l_ref": 0.0,
    "l_init": 5.4407090221686265e-08,
    "l_rate": 1.8549972488897297e-08
  },
  "checkpoint": "/workspaces/pykt-toolkit/experiments/20251224_003047_idkt_test_331178/best_model.pt"
}