epoch,train_loss,valid_auc,valid_acc,train_l_sup,train_l_ref,train_l_init,train_l_rate,train_l_rasch,train_l_gap,train_l_student
1,0.5524892939432534,0.7083779316554806,0.7487956087163865,0.536415486146863,0.01331292591757416,2.3432202091779833e-07,7.996120098784678e-08,0.0,0.0,0.0
2,0.5384624556278749,0.7164703267100956,0.7516764153422417,0.5235483635387372,0.01236783149965841,7.720222763934556e-08,2.8515601968175957e-08,0.0,6.340257716966838e-05,6.0599446781504405e-05
