split,auc,acc,l_sup,l_ref,l_init,l_rate,l_reg
test,0.709429,0.744316,0.525442,0.014693,0.000000,0.000000,0.000000
