{
  "r2_true": 0.6418825610654012,
  "pearson_true": 0.8012674799363366,
  "r2_control": -0.005731196343133904,
  "pearson_control": 0.005219390362854904,
  "selectivity_r2": 0.6476137574085351
}