epoch,train_loss,train_auc,train_acc,val_loss,val_auc,val_acc,train_bce_loss,train_im_loss,val_bce_loss,val_im_loss,train_encoder1_auc,train_encoder1_acc,val_encoder1_auc,val_encoder1_acc,train_encoder2_auc,train_encoder2_acc,val_encoder2_auc,val_encoder2_acc
1,0.567798,0.680382,0.734370,0.567798,0.675598,0.740241,0.563305,0.608233,0.563305,0.608233,0.680382,0.734370,0.675598,0.740241,0.503022,0.734370,0.505918,0.740241
2,0.559378,0.693518,0.734370,0.559378,0.686649,0.740241,0.553997,0.607808,0.553997,0.607808,0.693518,0.734370,0.686649,0.740241,0.504473,0.734370,0.507276,0.740241
3,0.556853,0.698830,0.734370,0.556853,0.689919,0.740241,0.551237,0.607397,0.551237,0.607397,0.698830,0.734370,0.689919,0.740241,0.505219,0.734370,0.507974,0.740241
4,0.554896,0.700914,0.734370,0.554896,0.688637,0.740241,0.549107,0.606995,0.549107,0.606995,0.700914,0.734370,0.688637,0.740241,0.505579,0.734370,0.508316,0.740241
5,0.552997,0.705300,0.734370,0.552997,0.689311,0.740241,0.547041,0.606600,0.547041,0.606600,0.705300,0.734370,0.689311,0.740241,0.505745,0.734370,0.508503,0.740241
6,0.550993,0.708423,0.734370,0.550993,0.688419,0.740241,0.544857,0.606212,0.544857,0.606212,0.708423,0.734370,0.688419,0.740241,0.505885,0.734370,0.508684,0.740241
