{
  "train": {
    "total_auc": 0.7406284560311643,
    "total_acc": 0.7562911234383652,
    "bce_auc": 0.7417864019042494,
    "bce_acc": 0.7576263152460602,
    "mastery_auc": 0.6630965558943316,
    "mastery_acc": 0.7382226227015459
  },
  "valid": {
    "total_auc": 0.7119951665276356,
    "total_acc": 0.7504403935804728,
    "bce_auc": 0.7121640857469452,
    "bce_acc": 0.750839424227973,
    "mastery_auc": 0.65440547669726,
    "mastery_acc": 0.7376324830411974
  },
  "test": {
    "total_auc": 0.7070231278673698,
    "total_acc": 0.7452077389443652,
    "bce_auc": 0.7071800065652305,
    "bce_acc": 0.745891286257727,
    "mastery_auc": 0.6473272806697837,
    "mastery_acc": 0.7295678792201616
  },
  "checkpoint_epoch": 11,
  "checkpoint_val_auc": 0.7121640857469452
}