{
  "valid_auc": 0.7562289945395063,
  "valid_acc": 0.7333459536204449,
  "valid_metrics": {
    "l_sup": 0.5442187034991347,
    "l_reg": 0.0011784391244873405,
    "l_ref": 0.01358861941844225,
    "l_init": 0.010958377825211708,
    "l_rate": 0.17708089482524905
  },
  "test_auc": 0.7514056672824018,
  "test_acc": 0.7250096924269838,
  "test_metrics": {
    "l_sup": 0.5574963177607052,
    "l_reg": 0.0011472496233182028,
    "l_ref": 0.013516872314115365,
    "l_init": 0.01095111147820063,
    "l_rate": 0.17897097801684742
  },
  "window_test_auc": 0.7521813950421055,
  "window_test_acc": 0.7257092198581561,
  "window_metrics": {
    "l_sup": 0.5427174020498988,
    "l_reg": 0.001074839412530278,
    "l_ref": 0.0,
    "l_init": 0.011390786202057237,
    "l_rate": 0.17454129723116554
  },
  "checkpoint": "/workspaces/pykt-toolkit/experiments/20251221_145421_idkt_pareto_v2_l0.90_assist2009_699533/best_model.pt"
}