split,auc,acc,l_sup,l_ref,l_init,l_rate,l_reg
test,0.751406,0.725010,0.557496,0.013517,0.010951,0.178971,0.001147
