epoch,phase,lambda_penalty,epsilon,val_l1_bce,val_auc,val_accuracy,val_l2_mse,val_l2_mae,val_corr_rasch,val_penalty_loss,val_violation_rate,val_mean_violation,val_max_violation,val_total_loss,val_loss_ratio_l1,val_loss_ratio_penalty,train_l1_bce,train_auc,train_accuracy,train_l2_mse,train_l2_mae,train_corr_rasch,train_penalty_loss,train_violation_rate,train_mean_violation,train_max_violation,train_total_loss,train_loss_ratio_l1,train_loss_ratio_penalty
1,1,100.0,0.05,0.09029702279640704,0.6900685416708138,0.7441045654945547,2.6981861e-05,0.005171008,0.0,0.0,0.0,0.0,0.0,0.09029702279640704,1.0,0.0,0.11621153466596505,0.620241952356549,0.6967495471142023,0.042853925,0.08543403,0.0,0.0,0.19151911941431068,0.34192312,1.3814001,3.681240719332905,0.03156857796765442,0.0
2,1,100.0,0.05,0.0880965024841075,0.7093449874557806,0.7481824640629106,3.7018064e-05,0.006050652,0.0,0.0,0.0,0.0,0.0,0.0880965024841075,1.0,0.0,0.09328451874265399,0.6967880188381057,0.7439224133885244,0.00016503608,0.012588181,0.0,0.0,0.0,0.0,0.0,0.09328451874265399,1.0,0.0
