epoch,train_loss,valid_auc,valid_acc,train_l_sup,train_l_ref,train_l_init,train_l_rate,train_l_rasch,train_l_gap,train_l_student
1,0.5743780844001495,0.7782667321295431,0.7450828206341694,0.5743780710935974,0.0,0.0,0.0,0.0013306525459787129,1.3418077482452162e-09,1.3701940091796299e-09
2,0.5180392878496024,0.8053613035275593,0.7630667297681022,0.5180392277546456,0.0,0.0,0.0,0.005964094598311931,2.2726559810356168e-05,2.2674716035453457e-05
