split,auc,acc,l_sup,l_ref,l_init,l_rate,l_reg
test,0.797402,0.753215,0.508525,0.056720,0.000000,0.000000,0.000000
