epoch,train_loss,train_auc,train_acc,val_loss,val_auc,val_acc,train_bce_loss,train_im_loss,val_bce_loss,val_im_loss,train_encoder1_auc,train_encoder1_acc,val_encoder1_auc,val_encoder1_acc,train_encoder2_auc,train_encoder2_acc,val_encoder2_auc,val_encoder2_acc
1,0.568078,0.680382,0.734370,0.568078,0.675598,0.740241,0.563305,0.611036,0.563305,0.611036,0.680382,0.734370,0.675598,0.740241,0.504177,0.734370,0.506794,0.740241
2,0.559651,0.693518,0.734370,0.559651,0.686649,0.740241,0.553997,0.610539,0.553997,0.610539,0.693518,0.734370,0.686649,0.740241,0.505750,0.734370,0.508224,0.740241
3,0.557119,0.698830,0.734370,0.557119,0.689919,0.740241,0.551237,0.610060,0.551237,0.610060,0.698830,0.734370,0.689919,0.740241,0.506278,0.734370,0.508731,0.740241
4,0.555156,0.700914,0.734370,0.555156,0.688637,0.740241,0.549107,0.609596,0.549107,0.609596,0.700914,0.734370,0.688637,0.740241,0.506388,0.734370,0.508839,0.740241
5,0.553251,0.705300,0.734370,0.553251,0.689311,0.740241,0.547041,0.609145,0.547041,0.609145,0.705300,0.734370,0.689311,0.740241,0.506332,0.734370,0.508796,0.740241
6,0.551242,0.708423,0.734370,0.551242,0.688419,0.740241,0.544857,0.608707,0.544857,0.608707,0.708423,0.734370,0.688419,0.740241,0.506254,0.734370,0.508750,0.740241
