{
  "experiment_name": "optimal_v1",
  "best_val_auc": 0.7168875436375532,
  "final_consistency_metrics": {
    "monotonicity_violation_rate": 0.0,
    "negative_gain_rate": 0.0,
    "bounds_violation_rate": 0.0,
    "mastery_correlation": 0.07210226653546528,
    "gain_correlation": 0.02358373253286675
  },
  "train_history": {
    "train_loss": [
      0.5422143608794929
    ],
    "train_auc": [
      0.6910127244939027
    ],
    "val_auc": [
      0.7168875436375532
    ],
    "consistency_metrics": [
      {
        "monotonicity_violation_rate": 0.0,
        "negative_gain_rate": 0.0,
        "bounds_violation_rate": 0.0,
        "mastery_correlation": 0.10057446923047293,
        "gain_correlation": 0.009083522390848095
      }
    ],
    "semantic_trajectory": [
      {
        "epoch": 1,
        "mastery_correlation": 0.10057446923047293,
        "gain_correlation": 0.009083522390848095,
        "warmup_scale": 0.125,
        "alignment_corr_mastery": 0.028918346390128136,
        "alignment_corr_gain": 0.13915236294269562,
        "global_alignment_mastery_corr": 0.09389052588918276,
        "global_alignment_gain_corr": 0.020101063531522717,
        "effective_alignment_weight": 0.03125,
        "peak_mastery_corr": 0.09389052588918276,
        "retention_loss_value": 0.0,
        "mean_lag_corr": 0.0,
        "lag_corr_count": 0,
        "consistency_loss_weight_current": 0.3,
        "sparsity_loss_weight_current": 0.2,
        "loss_shares": {
          "main": 0.9826787240267632,
          "constraint_total": 0.017321276335409853,
          "alignment": -0.005367796987677514,
          "lag": 0.0,
          "retention": 0.0
        },
        "mean_mastery_variance": 0.015093552711096452,
        "min_mastery_variance": 0.00998599175363779,
        "max_mastery_variance": 0.04393164440989494,
        "per_lag_correlations": []
      }
    ]
  }
}