split,total_auc,bce_auc,mastery_auc,curve_r2,total_acc,bce_acc,mastery_acc,curve_acc,curve_mae,curve_rmse
training,0.6871581661961128,0.6936118220532881,0.5594016788087981,N/A,0.7387365190212035,0.7426599648954842,0.7170871699565418,N/A,N/A,N/A
validation,0.6847751056444314,0.6912431984298282,0.5585050221138546,N/A,0.7410972369560774,0.7451751355244334,0.720590954656493,N/A,N/A,N/A
test,0.6791091810511437,0.6854931820713834,0.5601284353582054,N/A,0.7360615786970994,0.73851343319068,0.713563956252972,N/A,N/A,N/A
