{
  "valid_auc": 0.7597053191897637,
  "valid_acc": 0.7413913866540464,
  "valid_metrics": {
    "l_sup": 0.5438353578463997,
    "l_reg": 2.8876747511693186e-08,
    "l_ref": 0.028322735180457432,
    "l_init": 2.3321715653352906e-07,
    "l_rate": 5.130876288743206e-08
  },
  "test_auc": 0.7563530528991902,
  "test_acc": 0.7320367019901783,
  "test_metrics": {
    "l_sup": 0.5549822176148109,
    "l_reg": 2.7022501954595176e-08,
    "l_ref": 0.028548062592744828,
    "l_init": 2.2299658951336143e-07,
    "l_rate": 4.984292234092942e-08
  },
  "window_test_auc": 0.7562828577007656,
  "window_test_acc": 0.7315764023210831,
  "window_metrics": {
    "l_sup": 0.5409552416819727,
    "l_reg": 7.944746046967736e-08,
    "l_ref": 0.0,
    "l_init": 2.0718614263831963e-07,
    "l_rate": 5.361327089298653e-08
  },
  "checkpoint": "/workspaces/pykt-toolkit/experiments/20251224_101700_idkt_test_variance_fix_662739/best_model.pt"
}