split,auc,acc,l_sup,l_ref,l_init,l_rate,l_reg
validation,0.759705,0.741391,0.543835,0.028323,0.000000,0.000000,0.000000
