split,auc,acc,l_sup,l_ref,l_init,l_rate,l_reg
test,0.756353,0.732037,0.554982,0.028548,0.000000,0.000000,0.000000
