{
  "r2_true": 0.5876550092085746,
  "pearson_true": 0.7667372723672995,
  "r2_control": -0.02064355677118801,
  "pearson_control": -0.0027595860660252075,
  "selectivity_r2": 0.6082985659797626
}