{
  "valid_auc": 0.835543013313015,
  "valid_acc": 0.7829436819687647,
  "valid_metrics": {
    "l_sup": 0.4578878350133102,
    "l_reg": 6.910508060779345e-05,
    "l_ref": 0.05233102384954691,
    "l_init": 0.03787707260138203,
    "l_rate": 0.14780890029237193
  },
  "test_auc": 0.8289954093707133,
  "test_acc": 0.7710325665546652,
  "test_metrics": {
    "l_sup": 0.47702384345702803,
    "l_reg": 6.683210455472969e-05,
    "l_ref": 0.05049387564261754,
    "l_init": 0.038010351900811576,
    "l_rate": 0.15093064914061055
  },
  "window_test_auc": 0.8302916801282664,
  "window_test_acc": 0.7721953578336557,
  "window_metrics": {
    "l_sup": 0.4477246414556613,
    "l_reg": 0.0002027352348479645,
    "l_ref": 0.0,
    "l_init": 0.040027555661284915,
    "l_rate": 0.1441464376169553
  },
  "checkpoint": "/workspaces/pykt-toolkit/experiments/20251226_144144_idkt_path2_autonomous_discovery_499377/best_model.pt"
}