{
  "0": {
    "r2": 0.5510848634873369,
    "pearson": 0.8114814245059551,
    "count": 805
  },
  "1": {
    "r2": 0.7354732821649332,
    "pearson": 0.8624669552749237,
    "count": 1775
  },
  "2": {
    "r2": 0.4942854551076291,
    "pearson": 0.7607337449114544,
    "count": 1014
  },
  "3": {
    "r2": 0.29487760797141227,
    "pearson": 0.6694687992170999,
    "count": 876
  },
  "4": {
    "r2": -0.09819605552070776,
    "pearson": 0.6640941298590556,
    "count": 708
  },
  "5": {
    "r2": 0.7575490149693884,
    "pearson": 0.8748211518392067,
    "count": 1810
  },
  "6": {
    "r2": -0.43509119644718,
    "pearson": 0.4553839455987646,
    "count": 149
  },
  "7": {
    "r2": 0.414689565262652,
    "pearson": 0.785266480134239,
    "count": 88
  },
  "8": {
    "r2": -0.6616612003902478,
    "pearson": 0.4516527188936577,
    "count": 574
  },
  "9": {
    "r2": 0.5070431117569505,
    "pearson": 0.7746048000717892,
    "count": 1063
  },
  "10": {
    "r2": -4.241920783188982,
    "pearson": 0.37127833176189157,
    "count": 344
  },
  "11": {
    "r2": 0.5091819343770243,
    "pearson": 0.7820459659827258,
    "count": 1022
  },
  "12": {
    "r2": 0.7038636428071361,
    "pearson": 0.8421090514876496,
    "count": 2696
  },
  "13": {
    "r2": -0.281325143742178,
    "pearson": 0.6310237910024749,
    "count": 219
  },
  "14": {
    "r2": -0.05883481791532663,
    "pearson": 0.6186073856369639,
    "count": 550
  },
  "15": {
    "r2": 0.7583141197241328,
    "pearson": 0.8754742951485528,
    "count": 1752
  },
  "16": {
    "r2": -5.469640823026072,
    "pearson": 0.07943098904600925,
    "count": 279
  },
  "17": {
    "r2": 0.23064336733014945,
    "pearson": 0.6618733901333366,
    "count": 671
  },
  "18": {
    "r2": -1.7421716226170112,
    "pearson": 0.6000758430048794,
    "count": 394
  },
  "19": {
    "r2": 0.25799967691452586,
    "pearson": 0.7244051582340223,
    "count": 529
  },
  "20": {
    "r2": 0.6603191664480492,
    "pearson": 0.8210896244823569,
    "count": 1426
  },
  "21": {
    "r2": -2.34564811430264,
    "pearson": 0.4434606345485784,
    "count": 413
  },
  "22": {
    "r2": 0.45792873572940573,
    "pearson": 0.7864246060845372,
    "count": 569
  },
  "23": {
    "r2": 0.6567742255487433,
    "pearson": 0.8340810327342963,
    "count": 1360
  },
  "24": {
    "r2": -2.9290880335504874,
    "pearson": 0.46038577267393505,
    "count": 278
  },
  "25": {
    "r2": 0.6752265006542078,
    "pearson": 0.8403851625260843,
    "count": 977
  },
  "26": {
    "r2": 0.311045878518468,
    "pearson": 0.7311088392742421,
    "count": 632
  },
  "27": {
    "r2": 0.3594700215591724,
    "pearson": 0.697807234799087,
    "count": 145
  },
  "28": {
    "r2": 0.5951653183321908,
    "pearson": 0.7855287362535935,
    "count": 1360
  },
  "29": {
    "r2": -8.465675658086864,
    "pearson": -0.3946845612298923,
    "count": 49
  },
  "30": {
    "r2": -2.389416786762551,
    "pearson": 0.4630351916116558,
    "count": 395
  },
  "31": {
    "r2": 0.6568522322170588,
    "pearson": 0.8177872417676211,
    "count": 1362
  },
  "32": {
    "r2": -0.5653398616823615,
    "pearson": 0.5152844523522689,
    "count": 282
  },
  "33": {
    "r2": -0.2860318692680617,
    "pearson": 0.2955088372153044,
    "count": 38
  },
  "34": {
    "r2": 0.3792468088568748,
    "pearson": 0.7142731305220592,
    "count": 1017
  },
  "35": {
    "r2": 0.5856946282912727,
    "pearson": 0.8690380426399174,
    "count": 66
  },
  "37": {
    "r2": 0.04107220701823966,
    "pearson": 0.5889050773218818,
    "count": 192
  },
  "38": {
    "r2": 0.2942674977400056,
    "pearson": 0.6936668301198229,
    "count": 936
  },
  "39": {
    "r2": 0.4585338204693825,
    "pearson": 0.817020394146934,
    "count": 166
  },
  "40": {
    "r2": 0.04058615423735312,
    "pearson": 0.6194640340346037,
    "count": 121
  },
  "41": {
    "r2": 0.10863250674742331,
    "pearson": 0.6364309708158296,
    "count": 79
  },
  "42": {
    "r2": -0.7206516089761419,
    "pearson": 0.39398369650557746,
    "count": 81
  },
  "43": {
    "r2": 0.3374006951276496,
    "pearson": 0.7120456459892032,
    "count": 87
  },
  "44": {
    "r2": -0.3906262179465354,
    "pearson": 0.6396735389875415,
    "count": 626
  },
  "45": {
    "r2": 0.37129097333012095,
    "pearson": 0.7131325863873517,
    "count": 960
  },
  "46": {
    "r2": 0.8113533146915084,
    "pearson": 0.9106241469970787,
    "count": 857
  },
  "47": {
    "r2": 0.7407960685493911,
    "pearson": 0.882533602963225,
    "count": 672
  },
  "48": {
    "r2": 0.6611954797150084,
    "pearson": 0.8285951849433801,
    "count": 1057
  },
  "49": {
    "r2": 0.47447000214606805,
    "pearson": 0.7984901545075902,
    "count": 645
  },
  "50": {
    "r2": -2.3209118503136916,
    "pearson": 0.5932747867339501,
    "count": 269
  },
  "51": {
    "r2": 0.5157726094009565,
    "pearson": 0.7622354280742838,
    "count": 1077
  },
  "52": {
    "r2": -1.012789749945874,
    "pearson": 0.43136368301158323,
    "count": 466
  },
  "53": {
    "r2": -0.6945604326659982,
    "pearson": 0.4749115087867932,
    "count": 628
  },
  "54": {
    "r2": -2.5049607950939023,
    "pearson": 0.26962345414188166,
    "count": 301
  },
  "55": {
    "r2": 0.6093356858956852,
    "pearson": 0.8059995499054292,
    "count": 1094
  },
  "56": {
    "r2": 0.6414236482374962,
    "pearson": 0.8425029690968635,
    "count": 1092
  },
  "57": {
    "r2": 0.6374311926048498,
    "pearson": 0.8126183979279393,
    "count": 1057
  },
  "58": {
    "r2": -7.055416340178159,
    "pearson": 0.39219578399183597,
    "count": 274
  },
  "59": {
    "r2": -0.018844925752575348,
    "pearson": 0.5716350208242346,
    "count": 98
  },
  "60": {
    "r2": 0.5340598297155388,
    "pearson": 0.8055019631016427,
    "count": 606
  },
  "61": {
    "r2": 0.6302763104800018,
    "pearson": 0.8210220671743056,
    "count": 1061
  },
  "62": {
    "r2": 0.727330389030646,
    "pearson": 0.8531310670433259,
    "count": 3423
  },
  "63": {
    "r2": 0.49456855430199853,
    "pearson": 0.7359559510053421,
    "count": 1331
  },
  "64": {
    "r2": 0.30123554613599146,
    "pearson": 0.7611569054954418,
    "count": 182
  },
  "65": {
    "r2": -0.4974000066687354,
    "pearson": 0.6945461371408579,
    "count": 178
  },
  "66": {
    "r2": -3.1201573545495247,
    "pearson": 0.4321450573132208,
    "count": 250
  },
  "67": {
    "r2": -0.01018899785893601,
    "pearson": 0.5763566216133451,
    "count": 370
  },
  "68": {
    "r2": -0.5094313466401668,
    "pearson": 0.5692958446377365,
    "count": 372
  },
  "69": {
    "r2": 0.47605975498807507,
    "pearson": 0.801435611944105,
    "count": 215
  },
  "70": {
    "r2": -0.5773894879583337,
    "pearson": 0.7281143977014471,
    "count": 161
  },
  "71": {
    "r2": 0.7459565783085558,
    "pearson": 0.8677894046390153,
    "count": 108
  },
  "72": {
    "r2": 0.5448216924909582,
    "pearson": 0.8182539171499352,
    "count": 827
  },
  "73": {
    "r2": 0.5262609727749197,
    "pearson": 0.7268576459155892,
    "count": 103
  },
  "74": {
    "r2": -0.395123311266828,
    "pearson": 0.6715739867427196,
    "count": 217
  },
  "75": {
    "r2": -1.0805920578888446,
    "pearson": 0.5031905701461608,
    "count": 129
  },
  "76": {
    "r2": 0.6585520207297371,
    "pearson": 0.900110153511194,
    "count": 188
  },
  "77": {
    "r2": 0.15860230557183252,
    "pearson": 0.7186319765793571,
    "count": 255
  },
  "78": {
    "r2": 0.09105666901421217,
    "pearson": 0.5167437792149174,
    "count": 103
  },
  "79": {
    "r2": 0.24706110143467652,
    "pearson": 0.6942545303576326,
    "count": 230
  },
  "80": {
    "r2": 0.5861768848909814,
    "pearson": 0.8363558728908953,
    "count": 74
  },
  "81": {
    "r2": -0.48041508492798424,
    "pearson": 0.5644950110008538,
    "count": 277
  },
  "82": {
    "r2": -1.1846035582650645,
    "pearson": 0.54939356584031,
    "count": 503
  },