{
  "experiment_id": "20251116_175354_gainakt3exp_lc_b1.5_m0.8_g0.9_o1.5_498523",
  "dataset": "assist2015",
  "fold": 0,
  "train_auc": 0.7001608669308191,
  "train_acc": 0.7482025361604671,
  "valid_auc": 0.6903256444875713,
  "valid_acc": 0.7413600132361385,
  "test_auc": 0.6860181657407145,
  "test_acc": 0.7358758321445554,
  "train_encoder1_auc": 0.7001608669308191,
  "train_encoder1_acc": 0.7482025361604671,
  "valid_encoder1_auc": 0.6903256444875713,
  "valid_encoder1_acc": 0.7413600132361385,
  "test_encoder1_auc": 0.6860181657407145,
  "test_encoder1_acc": 0.7358758321445554,
  "train_encoder2_auc": 0.5186301784337355,
  "train_encoder2_acc": 0.5518847558171186,
  "valid_encoder2_auc": 0.520604948719805,
  "valid_encoder2_acc": 0.5509348022851804,
  "test_encoder2_auc": 0.516937872638853,
  "test_encoder2_acc": 0.5546614954826439,
  "train_mastery_correlation": 0.0,
  "train_gain_correlation": 0.0,
  "train_correlation_students": 0,
  "test_mastery_correlation": 0.0,
  "test_gain_correlation": 0.0,
  "test_correlation_students": 0,
  "timestamp": "2025-11-16T17:59:04.086376Z"
}