{
  "experiment_id": "20251119_231825_gainakt3exp_test_265578",
  "dataset": "assist2015",
  "fold": 0,
  "train_auc": 0.7501634540955576,
  "train_acc": 0.7612822534470944,
  "train_mastery_correlation": 0.06065936190787957,
  "train_gain_correlation": 0.0028040794848592687,
  "train_correlation_students": 3334,
  "valid_auc": 0.7237943305346788,
  "valid_acc": 0.754060866772426,
  "test_auc": 0.7182887553065747,
  "test_acc": 0.7484768782691393,
  "test_mastery_correlation": 0.055364097387835494,
  "test_gain_correlation": 0.011642973972749684,
  "test_correlation_students": 3177,
  "timestamp": "2025-11-19T23:39:12.425300Z"
}