split,total_auc,bce_auc,mastery_auc,total_acc,bce_acc,mastery_acc
training,0.7482602636268493,0.7482602636268493,N/A,0.7597734163076432,0.7597734163076432,N/A
validation,0.7244844590313337,0.7244844590313337,N/A,0.7540024720435236,0.7540024720435236,N/A
test,0.7189874994466517,0.7189874994466517,N/A,0.7474366975748931,0.7474366975748931,N/A
