{
  "train": {
    "total_auc": 0.7520786207705644,
    "total_acc": 0.7608598729103896,
    "bce_auc": 0.7533726625966048,
    "bce_acc": 0.7623170857620214,
    "mastery_auc": 0.6478876259662959,
    "mastery_acc": 0.7355053079154112
  },
  "valid": {
    "total_auc": 0.7245931378004646,
    "total_acc": 0.7537688931279136,
    "bce_auc": 0.7252073998517972,
    "bce_acc": 0.7543139105976701,
    "mastery_auc": 0.6346059750966041,
    "mastery_acc": 0.7342942510389395
  },
  "test": {
    "total_auc": 0.7182913060075683,
    "total_acc": 0.7474292677127913,
    "bce_auc": 0.7189956741116182,
    "bce_acc": 0.7478601997146933,
    "mastery_auc": 0.6308860149752613,
    "mastery_acc": 0.7259792558250119
  },
  "checkpoint_epoch": 9,
  "checkpoint_val_auc": 0.7252073998517972
}