split,total_auc,bce_auc,mastery_auc,total_acc,bce_acc,mastery_acc
training,0.7520786207705644,0.7533726625966048,0.6478876259662959,0.7608598729103896,0.7623170857620214,0.7355053079154112
validation,0.7245931378004646,0.7252073998517972,0.6346059750966041,0.7537688931279136,0.7543139105976701,0.7342942510389395
test,0.7182913060075683,0.7189956741116182,0.6308860149752613,0.7474292677127913,0.7478601997146933,0.7259792558250119
