{
  "experiment_name": "optimal_v1",
  "best_val_auc": 0.7083706193931965,
  "final_consistency_metrics": {
    "monotonicity_violation_rate": 0.0,
    "negative_gain_rate": 0.0,
    "bounds_violation_rate": 0.0,
    "mastery_correlation": 0.001466463911997805,
    "gain_correlation": 0.0473951259997898
  },
  "train_history": {
    "train_loss": [
      0.7035095487851553
    ],
    "train_auc": [
      0.6792110722889841
    ],
    "val_auc": [
      0.7083706193931965
    ],
    "consistency_metrics": [
      {
        "monotonicity_violation_rate": 0.0,
        "negative_gain_rate": 0.0,
        "bounds_violation_rate": 0.0,
        "mastery_correlation": 0.0036862657143954267,
        "gain_correlation": 0.06647729209540601
      }
    ],
    "semantic_trajectory": [
      {
        "epoch": 1,
        "mastery_correlation": 0.0036862657143954267,
        "gain_correlation": 0.06647729209540601,
        "warmup_scale": 0.125,
        "alignment_corr_mastery": 0.006478853058069944,
        "alignment_corr_gain": 0.07244191318750381,
        "global_alignment_mastery_corr": 0.035700299588012664,
        "global_alignment_gain_corr": 0.04167930224721204,
        "effective_alignment_weight": 0.01875,
        "peak_mastery_corr": 0.035700299588012664,
        "retention_loss_value": 0.0,
        "mean_lag_corr": 0.0,
        "lag_corr_count": 0,
        "consistency_loss_weight_current": 0.0,
        "sparsity_loss_weight_current": 0.2,
        "loss_shares": {
          "main": 0.7609049059871535,
          "constraint_total": 0.23909509366509094,
          "alignment": -0.0013012943788206948,
          "lag": 0.0,
          "retention": 0.0
        },
        "mean_mastery_variance": 0.056723251104510077,
        "min_mastery_variance": 0.044082846492528915,
        "max_mastery_variance": 0.06720900535583496,
        "per_lag_correlations": []
      }
    ]
  },
  "correlation_sampling": {
    "deterministic": true,
    "epoch": 1,
    "local_mastery_corr": 0.0036862657143954267,
    "local_gain_corr": 0.06647729209540601,
    "global_mastery_corr": 0.035700299588012664,
    "global_gain_corr": 0.04167930224721204,
    "notes": "Deterministic stratified selection (sorted slice) applied; seeds fixed."
  }
}