epoch,train_loss,train_auc,train_acc,val_loss,val_auc,val_acc,train_bce_loss,train_im_loss,val_bce_loss,val_im_loss,train_encoder1_auc,train_encoder1_acc,val_encoder1_auc,val_encoder1_acc,train_encoder2_auc,train_encoder2_acc,val_encoder2_auc,val_encoder2_acc
1,0.567768,0.680382,0.734370,0.567768,0.675598,0.740241,0.563305,0.607934,0.563305,0.607934,0.680382,0.734370,0.675598,0.740241,0.507722,0.734370,0.510255,0.740241
2,0.559334,0.693518,0.734370,0.559334,0.686649,0.740241,0.553997,0.607376,0.553997,0.607376,0.693518,0.734370,0.686649,0.740241,0.510072,0.734370,0.512516,0.740241
3,0.556797,0.698830,0.734370,0.556797,0.689919,0.740241,0.551237,0.606835,0.551237,0.606835,0.698830,0.734370,0.689919,0.740241,0.511749,0.734370,0.514114,0.740241
4,0.554827,0.700914,0.734370,0.554827,0.688637,0.740241,0.549107,0.606309,0.549107,0.606309,0.700914,0.734370,0.688637,0.740241,0.512739,0.734370,0.515078,0.740241
5,0.552916,0.705300,0.734370,0.552916,0.689311,0.740241,0.547041,0.605797,0.547041,0.605797,0.705300,0.734370,0.689311,0.740241,0.513741,0.734370,0.516112,0.740241
6,0.550901,0.708423,0.734370,0.550901,0.688419,0.740241,0.544857,0.605298,0.544857,0.605298,0.708423,0.734370,0.688419,0.740241,0.514963,0.734370,0.517376,0.740241
