{
  "lambda_ref": 1.4358910629075101,
  "lambda_initmastery": 1.4269328784467643,
  "lambda_rate": 0.40718653410984385
}