{
  "r2_true": 0.6731230626903967,
  "pearson_true": 0.8204784423340998,
  "r2_control": -0.013941950436265671,
  "pearson_control": -0.010068114053487445,
  "selectivity_r2": 0.6870650131266623
}