{
  "valid_auc": 0.7302372629112623,
  "valid_acc": 0.7562117392870004,
  "valid_metrics": {
    "l_sup": 0.5089501405517558,
    "l_reg": 9.574581417953187e-07,
    "l_ref": 0.017468622581539105,
    "l_init": 4.009112320547042e-08,
    "l_rate": 7.637101811775996e-10
  },
  "test_auc": 0.7233665508173565,
  "test_acc": 0.75,
  "test_metrics": {
    "l_sup": 0.5189961502455207,
    "l_reg": 9.652540169271129e-07,
    "l_ref": 0.017482116222992294,
    "l_init": 3.926181905807291e-08,
    "l_rate": 7.593828020190063e-10
  },
  "window_test_auc": 0.723502886650871,
  "window_test_acc": 0.7500965537730243,
  "window_metrics": {
    "l_sup": 0.5271011972162369,
    "l_reg": 9.738290268993903e-07,
    "l_ref": 0.0,
    "l_init": 3.9990325689353844e-08,
    "l_rate": 8.301183993605338e-10
  },
  "checkpoint": "/workspaces/pykt-toolkit/experiments/20251221_215354_idkt_fixlowaucfix_assist2015_baseline_412640/best_model.pt"
}