{
  "prediction_mse": 0.017434610053896904,
  "prediction_corr": 0.6458916452947757,
  "initmastery_mse": 4.000021291972189e-08,
  "initmastery_corr": 0.9999993534099989,
  "learning_rate_mse": 7.66149421682627e-10,
  "learning_rate_corr": 0.9999999927071451,
  "h2_functional_alignment": 0.5909423430416738,
  "h3_discriminant_overlap": -0.273088816811039,
  "h3_latent_overlap": -0.05997357951212498
}