split,auc,acc,l_sup,l_ref,l_init,l_rate,l_reg
test,0.723367,0.750000,0.518996,0.017482,0.000000,0.000000,0.000001
