{
  "experiment_id": "20251116_203019_gainakt3exp_phase2_bce0.3_423788",
  "dataset": "assist2015",
  "fold": 0,
  "train_auc": 0.7018740591820289,
  "train_acc": 0.7495494607608482,
  "valid_auc": 0.6896505540592857,
  "valid_acc": 0.7413016185072361,
  "test_auc": 0.6853390327788583,
  "test_acc": 0.7349693889681408,
  "train_encoder1_auc": 0.7018740591820289,
  "train_encoder1_acc": 0.7495494607608482,
  "valid_encoder1_auc": 0.6896505540592857,
  "valid_encoder1_acc": 0.7413016185072361,
  "test_encoder1_auc": 0.6853390327788583,
  "test_encoder1_acc": 0.7349693889681408,
  "train_encoder2_auc": 0.5447584187203502,
  "train_encoder2_acc": 0.5879208552736557,
  "valid_encoder2_auc": 0.5452589333699951,
  "valid_encoder2_acc": 0.5881614419605057,
  "test_encoder2_auc": 0.5437688787656747,
  "test_encoder2_acc": 0.589552127912506,
  "train_mastery_correlation": 0.0,
  "train_gain_correlation": 0.0,
  "train_correlation_students": 0,
  "test_mastery_correlation": 0.0,
  "test_gain_correlation": 0.0,
  "test_correlation_students": 0,
  "timestamp": "2025-11-16T20:37:37.749939Z"
}