split,auc,acc
test,0.714768,0.745564
