split,total_auc,bce_auc,mastery_auc,total_acc,bce_acc,mastery_acc
training,0.7406875024360213,0.7418674304800725,0.6633085870355927,0.7562911234383652,0.7574972545265114,0.7384103473845258
validation,0.7120168318878832,0.7122127220940188,0.6541742697519665,0.7504014637612045,0.7512871171495586,0.7381093733272344
test,0.7070347917840165,0.707203314918904,0.6470935877597132,0.7455792320494532,0.7465674037089871,0.7302885758440323
