epoch,train_loss,train_auc,val_loss,val_auc,val_accuracy,monotonicity_violation_rate,negative_gain_rate,bounds_violation_rate,mastery_correlation,gain_correlation,main_loss_share,constraint_loss_share,alignment_loss_share,lag_loss_share,retention_loss_share
1,0.5423777047834248,0.6922663300454026,0.5163293426134148,0.7149619430590235,0.7510632706887659,0.0,0.0,0.0,0.10988337789676247,0.03517589077811163,0.9807495319326269,0.01925046929973918,-0.00489197517507512,0.0,0.0
2,0.5191185244315647,0.7242460652864106,0.5107428194308767,0.7233956122416472,0.7537786255827307,0.0,0.0,0.0,0.12339807167620322,0.024671687366618098,0.9899591317558045,0.010040871743979747,-0.021876197818595785,0.0,0.0
