{
  "experiment_name": "optimal_v1",
  "best_val_auc": 0.7233956122416472,
  "final_consistency_metrics": {
    "monotonicity_violation_rate": 0.0,
    "negative_gain_rate": 0.0,
    "bounds_violation_rate": 0.0,
    "mastery_correlation": 0.09139684872840309,
    "gain_correlation": 0.03214077533803873
  },
  "train_history": {
    "train_loss": [
      0.5423777047834248,
      0.5191185244315647
    ],
    "train_auc": [
      0.6922663300454026,
      0.7242460652864106
    ],
    "val_auc": [
      0.7149619430590235,
      0.7233956122416472
    ],
    "consistency_metrics": [
      {
        "monotonicity_violation_rate": 0.0,
        "negative_gain_rate": 0.0,
        "bounds_violation_rate": 0.0,
        "mastery_correlation": 0.10988337789676247,
        "gain_correlation": 0.03517589077811163
      },
      {
        "monotonicity_violation_rate": 0.0,
        "negative_gain_rate": 0.0,
        "bounds_violation_rate": 0.0,
        "mastery_correlation": 0.12339807167620322,
        "gain_correlation": 0.024671687366618098
      }
    ],
    "semantic_trajectory": [
      {
        "epoch": 1,
        "mastery_correlation": 0.10988337789676247,
        "gain_correlation": 0.03517589077811163,
        "warmup_scale": 0.125,
        "alignment_corr_mastery": 0.026061132550239563,
        "alignment_corr_gain": 0.11941861361265182,
        "global_alignment_mastery_corr": 0.09673062720702243,
        "global_alignment_gain_corr": 0.023460637709431468,
        "effective_alignment_weight": 0.03125,
        "peak_mastery_corr": 0.09673062720702243,
        "retention_loss_value": 0.0,
        "mean_lag_corr": 0.0,
        "lag_corr_count": 0,
        "consistency_loss_weight_current": 0.3,
        "sparsity_loss_weight_current": 0.2,
        "loss_shares": {
          "main": 0.9807495319326269,
          "constraint_total": 0.01925046929973918,
          "alignment": -0.00489197517507512,
          "lag": 0.0,
          "retention": 0.0
        },
        "mean_mastery_variance": 0.014143609890588825,
        "min_mastery_variance": 0.009890804998576641,
        "max_mastery_variance": 0.04481317102909088,
        "per_lag_correlations": []
      },
      {
        "epoch": 2,
        "mastery_correlation": 0.12339807167620322,
        "gain_correlation": 0.024671687366618098,
        "warmup_scale": 0.25,
        "alignment_corr_mastery": 0.0503026507794857,
        "alignment_corr_gain": 0.1731870025396347,
        "global_alignment_mastery_corr": 0.09425433529217116,
        "global_alignment_gain_corr": 0.028383698359102708,
        "effective_alignment_weight": 0.0625,
        "peak_mastery_corr": 0.09673062720702243,
        "retention_loss_value": 0.0,
        "mean_lag_corr": 0.0,
        "lag_corr_count": 0,
        "consistency_loss_weight_current": 0.3,
        "sparsity_loss_weight_current": 0.2,
        "loss_shares": {
          "main": 0.9899591317558045,
          "constraint_total": 0.010040871743979747,
          "alignment": -0.021876197818595785,
          "lag": 0.0,
          "retention": 0.0
        },
        "mean_mastery_variance": 0.009910729655831898,
        "min_mastery_variance": 0.00986709538847208,
        "max_mastery_variance": 0.009989161044359207,
        "per_lag_correlations": []
      }
    ]
  },
  "model_config": {
    "num_c": 100,
    "seq_len": 200,
    "d_model": 512,
    "n_heads": 8,
    "num_encoder_blocks": 6,
    "d_ff": 1024,
    "dropout": 0.2,
    "emb_type": "qid",
    "monitor_frequency": 50,
    "use_mastery_head": true,
    "use_gain_head": true,
    "non_negative_loss_weight": 0.0,
    "monotonicity_loss_weight": 0.1,
    "mastery_performance_loss_weight": 0.8,
    "gain_performance_loss_weight": 0.8,
    "sparsity_loss_weight": 0.2,
    "consistency_loss_weight": 0.3
  },
  "training_args": {
    "dataset_name": "assist2015",
    "num_epochs": 2,
    "batch_size": 64,
    "learning_rate": 0.000174,
    "weight_decay": 1.7571e-05,
    "enhanced_constraints": true,
    "fold": 0
  },
  "timestamp": "2025-10-31T01:11:29.686647"
}