{
  "experiment_name": "optimal_v1",
  "best_val_auc": 0.7162285971809534,
  "final_consistency_metrics": {
    "monotonicity_violation_rate": 0.0,
    "negative_gain_rate": 0.0,
    "bounds_violation_rate": 0.0,
    "mastery_correlation": 0.06666188030814907,
    "gain_correlation": 0.02262949311863341
  },
  "train_history": {
    "train_loss": [
      0.5421314380020675
    ],
    "train_auc": [
      0.6922666546459505
    ],
    "val_auc": [
      0.7162285971809534
    ],
    "consistency_metrics": [
      {
        "monotonicity_violation_rate": 0.0,
        "negative_gain_rate": 0.0,
        "bounds_violation_rate": 0.0,
        "mastery_correlation": 0.10588129924268111,
        "gain_correlation": 0.025637272074632577
      }
    ],
    "semantic_trajectory": [
      {
        "epoch": 1,
        "mastery_correlation": 0.10588129924268111,
        "gain_correlation": 0.025637272074632577,
        "warmup_scale": 0.125,
        "alignment_corr_mastery": 0.028789617121219635,
        "alignment_corr_gain": 0.13452455401420593,
        "global_alignment_mastery_corr": 0.0996505977968142,
        "global_alignment_gain_corr": 0.04161868037442522,
        "effective_alignment_weight": 0.03125,
        "peak_mastery_corr": 0.0996505977968142,
        "retention_loss_value": 0.0,
        "mean_lag_corr": 0.0,
        "lag_corr_count": 0,
        "consistency_loss_weight_current": 0.3,
        "sparsity_loss_weight_current": 0.2,
        "loss_shares": {
          "main": 0.981297052904404,
          "constraint_total": 0.018702945627802125,
          "alignment": -0.004889892098472786,
          "lag": 0.0,
          "retention": 0.0
        },
        "mean_mastery_variance": 0.014798297648139568,
        "min_mastery_variance": 0.009841992519795895,
        "max_mastery_variance": 0.044795189052820206,
        "per_lag_correlations": []
      }
    ]
  }
}