{
  "loss_per": 0.5483255084268,
  "loss_ali": 0.905047896076997,
  "auc_per": 0.6955684328514053,
  "acc_per": 0.7442894821360792,
  "auc_ali": 0.04563641727851713,
  "acc_ali": 0.8048001527786255,
  "auc": 0.6955684328514053,
  "acc": 0.7442894821360792,
  "theta_mean": -1.3080042600631714,
  "theta_std": 0.7971426248550415,
  "beta_mean": -1.9631599187850952,
  "beta_std": 0.7828779220581055,
  "theta_beta_ratio": 1.0182209014892578,
  "mastery_mean": 0.6488664746284485,
  "mastery_std": 0.12457863986492157,
  "num_samples": 102749
}