{
  "lambda_ref": 1.1558919478721148,
  "lambda_initmastery": 1.5592670343739858,
  "lambda_rate": 0.4186865534848515
}