{
  "valid_auc": 0.8476442588829282,
  "valid_acc": 0.7856318031235211,
  "valid_metrics": {
    "l_sup": 0.4440447471414594,
    "l_reg": 0.00010551627322759789,
    "l_ref": 0.061734327115118504,
    "l_init": 0.03171801895080408,
    "l_rate": 0.139215937755963
  },
  "test_auc": 0.8400538585055239,
  "test_acc": 0.7734879813905402,
  "test_metrics": {
    "l_sup": 0.4620309223962676,
    "l_reg": 0.00010088557319249958,
    "l_ref": 0.05992100487152736,
    "l_init": 0.03210231366753177,
    "l_rate": 0.1427328477486038
  },
  "window_test_auc": 0.8412655256865172,
  "window_test_acc": 0.7752417794970986,
  "window_metrics": {
    "l_sup": 0.42933414879939563,
    "l_reg": 0.00030493699371826404,
    "l_ref": 0.0,
    "l_init": 0.03315011748032737,
    "l_rate": 0.13591682760625023
  },
  "checkpoint": "/workspaces/pykt-toolkit/experiments/20251230_180505_idkt_bug_108434/best_model.pt"
}