split,auc,acc,l_sup,l_ref,l_init,l_rate,l_reg
test,0.840054,0.773488,0.462031,0.059921,0.032102,0.142733,0.000101
