{
  "valid_auc": 0.6806333280215491,
  "valid_acc": 0.7412724211427848,
  "valid_metrics": {
    "l_sup": 0.5337958048297861,
    "l_reg": 1.3931405638171486e-07,
    "l_ref": 0.004007170124131502,
    "l_init": 0.029506479595271216,
    "l_rate": 0.07883431329547308
  },
  "test_auc": 0.6723581986665123,
  "test_acc": 0.7334314075130766,
  "test_metrics": {
    "l_sup": 0.5435981121875416,
    "l_reg": 1.4106897024658627e-07,
    "l_ref": 0.003918311024298434,
    "l_init": 0.029211103143504422,
    "l_rate": 0.07895278931571016
  },
  "window_test_auc": 0.6726092323467128,
  "window_test_acc": 0.7335561497326203,
  "window_metrics": {
    "l_sup": 0.5499073064609301,
    "l_reg": 1.373521938454377e-07,
    "l_ref": 0.0,
    "l_init": 0.02794395257084142,
    "l_rate": 0.0813891290892723
  },
  "checkpoint": "/workspaces/pykt-toolkit/experiments/20251226_190425_idkt_assist2015_hr_sweep_l1.0_508423/best_model.pt"
}