{
  "prediction_mse": 0.004010033328086138,
  "prediction_corr": 0.9084423356277654,
  "initmastery_mse": 0.02956617809832096,
  "initmastery_corr": 0.768789779264995,
  "learning_rate_mse": 0.07886457443237305,
  "learning_rate_corr": 0.7431014578638168,
  "h2_functional_alignment": 0.1437746202579097,
  "h3_discriminant_overlap": -0.21321331303060956,
  "h3_latent_overlap": -0.4421374199359845
}