split,auc,acc,l_sup,l_ref,l_init,l_rate,l_reg
test,0.672358,0.733431,0.543598,0.003918,0.029211,0.078953,0.000000
