{
  "0": {
    "r2": 0.9016798363810394,
    "pearson": 0.9497655006428619,
    "count": 2262
  },
  "1": {
    "r2": 0.7382526233757246,
    "pearson": 0.8633914686706596,
    "count": 1336
  },
  "2": {
    "r2": 0.8892411646698569,
    "pearson": 0.9464604888871809,
    "count": 3192
  },
  "3": {
    "r2": 0.7992807484433297,
    "pearson": 0.910920339731438,
    "count": 967
  },
  "4": {
    "r2": 0.6724568025065487,
    "pearson": 0.8433941797743952,
    "count": 908
  },
  "5": {
    "r2": 0.8566680244463689,
    "pearson": 0.925811045480824,
    "count": 2132
  },
  "6": {
    "r2": 0.8718318879930032,
    "pearson": 0.936101277985713,
    "count": 2013
  },
  "7": {
    "r2": 0.8435836752321093,
    "pearson": 0.9192498915407189,
    "count": 2139
  },
  "8": {
    "r2": 0.8238852824170599,
    "pearson": 0.9097416071212854,
    "count": 1357
  },
  "9": {
    "r2": 0.8338517231644379,
    "pearson": 0.9199092029190091,
    "count": 1304
  },
  "10": {
    "r2": 0.8572412576462431,
    "pearson": 0.9270111978669989,
    "count": 2515
  },
  "11": {
    "r2": 0.8476361570505601,
    "pearson": 0.9219514264029628,
    "count": 1494
  },
  "12": {
    "r2": 0.7673656012103411,
    "pearson": 0.8931517835874224,
    "count": 1428
  },
  "13": {
    "r2": 0.7920731372843837,
    "pearson": 0.8932810700706743,
    "count": 1440
  },
  "14": {
    "r2": 0.8235862079621654,
    "pearson": 0.908528815897741,
    "count": 1595
  },
  "15": {
    "r2": 0.6115918155750246,
    "pearson": 0.8156179236034721,
    "count": 552
  },
  "16": {
    "r2": -0.2171057758078212,
    "pearson": 0.5823337378278215,
    "count": 563
  },
  "17": {
    "r2": 0.798965313107005,
    "pearson": 0.9033522210831744,
    "count": 1351
  },
  "18": {
    "r2": 0.6983521801864148,
    "pearson": 0.8749022243131657,
    "count": 950
  },
  "19": {
    "r2": 0.8815090252331249,
    "pearson": 0.9392536562371799,
    "count": 2349
  },
  "20": {
    "r2": 0.8433037913254186,
    "pearson": 0.9206026825749867,
    "count": 1747
  },
  "21": {
    "r2": 0.8690980750636684,
    "pearson": 0.9324770615203188,
    "count": 2071
  },
  "22": {
    "r2": 0.811840165870492,
    "pearson": 0.9036327764515676,
    "count": 1213
  },
  "23": {
    "r2": 0.32132812602495586,
    "pearson": 0.766362836025608,
    "count": 421
  },
  "24": {
    "r2": 0.8494716449163806,
    "pearson": 0.9232110645871212,
    "count": 1886
  },
  "25": {
    "r2": 0.920939617311236,
    "pearson": 0.9599685824042968,
    "count": 1406
  },
  "26": {
    "r2": 0.714022394901715,
    "pearson": 0.855782001313037,
    "count": 919
  },
  "27": {
    "r2": 0.9269754416951762,
    "pearson": 0.9632829029742703,
    "count": 1332
  },
  "28": {
    "r2": 0.8656174901207295,
    "pearson": 0.9321285895894094,
    "count": 1449
  },
  "29": {
    "r2": 0.9297676198076563,
    "pearson": 0.9670532064845071,
    "count": 1308
  },
  "30": {
    "r2": 0.787083483001692,
    "pearson": 0.8922656657325486,
    "count": 1238
  },
  "31": {
    "r2": 0.609326909795302,
    "pearson": 0.8247902689493348,
    "count": 805
  },
  "32": {
    "r2": -0.16522176410747358,
    "pearson": 0.6574842725027975,
    "count": 1266
  },
  "33": {
    "r2": 0.8870018133078293,
    "pearson": 0.9419086096328262,
    "count": 2148
  },
  "34": {
    "r2": 0.8665221682011071,
    "pearson": 0.9325957940618956,
    "count": 1600
  },
  "35": {
    "r2": -2.7262195824894735,
    "pearson": 0.1929243007387092,
    "count": 376
  },
  "36": {
    "r2": 0.7922924410300272,
    "pearson": 0.8946148854580787,
    "count": 1371
  },
  "37": {
    "r2": 0.8361726314459016,
    "pearson": 0.9152999763118747,
    "count": 1947
  },
  "38": {
    "r2": 0.6342258890472152,
    "pearson": 0.8496211831213082,
    "count": 164
  },
  "39": {
    "r2": -40.774032614357196,
    "pearson": -0.4744563589131411,
    "count": 316
  },
  "40": {
    "r2": 0.789750864839612,
    "pearson": 0.8941369724123861,
    "count": 1059
  },
  "41": {
    "r2": 0.5546545176667101,
    "pearson": 0.8335795299740835,
    "count": 778
  },
  "42": {
    "r2": 0.2803867686877267,
    "pearson": 0.7148218554940361,
    "count": 602
  },
  "43": {
    "r2": -1.5886547545779388,
    "pearson": 0.25706243768002446,
    "count": 384
  },
  "44": {
    "r2": -2.4084250299237913,
    "pearson": 0.5058615830101315,
    "count": 408
  },
  "45": {
    "r2": 0.8182958952297043,
    "pearson": 0.9062903317444384,
    "count": 1574
  },
  "46": {
    "r2": -4.619867965589542,
    "pearson": 0.06035353035119262,
    "count": 144
  },
  "47": {
    "r2": 0.7218605695154185,
    "pearson": 0.8530837477068285,
    "count": 741
  },
  "48": {
    "r2": 0.8575552919090264,
    "pearson": 0.9299869567827841,
    "count": 109
  },
  "49": {
    "r2": 0.8902479446345719,
    "pearson": 0.9445290352560068,
    "count": 584
  },
  "50": {
    "r2": 0.8419780864094047,
    "pearson": 0.918896466742922,
    "count": 1239
  },
  "51": {
    "r2": 0.8914873626719403,
    "pearson": 0.9449325144450549,
    "count": 1502
  },
  "52": {
    "r2": 0.8016910646286447,
    "pearson": 0.8991895016143819,
    "count": 1305
  },
  "53": {
    "r2": 0.6237529372148289,
    "pearson": 0.8291028452827433,
    "count": 688
  },
  "54": {
    "r2": 0.5251619673143456,
    "pearson": 0.802993809608373,
    "count": 235
  },
  "55": {
    "r2": 0.14484591178906936,
    "pearson": 0.6481386999903787,
    "count": 187
  },
  "56": {
    "r2": 0.5094365800922913,
    "pearson": 0.8124651769354045,
    "count": 941
  },
  "57": {
    "r2": 0.8529741298790255,
    "pearson": 0.9249710724488671,
    "count": 1210
  },
  "58": {
    "r2": 0.7250419915173434,
    "pearson": 0.872233335877661,
    "count": 608
  },
  "59": {
    "r2": -2.776032462019092,
    "pearson": 0.4604407597596551,
    "count": 395
  },
  "60": {
    "r2": 0.8780434495745059,
    "pearson": 0.9372916702203066,
    "count": 2003
  },
  "61": {
    "r2": 0.8366834082042026,
    "pearson": 0.9188933719273116,
    "count": 1372
  },
  "62": {
    "r2": 0.7072959815222678,
    "pearson": 0.8642348057037175,
    "count": 1032
  },
  "63": {
    "r2": 0.6147938588554169,
    "pearson": 0.8169582373304453,
    "count": 751
  },
  "64": {
    "r2": 0.6531443580328793,
    "pearson": 0.8254639837563791,
    "count": 1205
  },
  "65": {
    "r2": 0.5232666110101367,
    "pearson": 0.8122987875973701,
    "count": 659
  },
  "66": {
    "r2": 0.8052271367356791,
    "pearson": 0.8997980991183248,
    "count": 1332
  },
  "67": {
    "r2": 0.6803876449156876,
    "pearson": 0.8451015564522607,
    "count": 1061
  },
  "68": {
    "r2": 0.9235630504527038,
    "pearson": 0.9639740641271235,
    "count": 180
  },
  "69": {
    "r2": 0.9204497975255794,
    "pearson": 0.9599585293750788,
    "count": 2035
  },
  "70": {
    "r2": -0.2842035430140535,
    "pearson": 0.5987432977616085,
    "count": 406
  },
  "71": {
    "r2": 0.6309537277583648,
    "pearson": 0.8295357940980833,
    "count": 681
  },
  "72": {
    "r2": 0.5943180324308617,
    "pearson": 0.8246052099380304,
    "count": 48
  },
  "73": {
    "r2": 0.5930090935998733,
    "pearson": 0.8164730196731536,
    "count": 885
  },
  "74": {
    "r2": 0.6872440355399713,
    "pearson": 0.839284130314164,
    "count": 1199
  },
  "75": {
    "r2": 0.8170730438561292,
    "pearson": 0.9103938875074247,
    "count": 1351
  },
  "76": {
    "r2": 0.7901630135893569,
    "pearson": 0.8921921200395989,
    "count": 1525
  },
  "77": {
    "r2": 0.8678077814774012,
    "pearson": 0.9399035355323435,
    "count": 1455
  },
  "78": {
    "r2": -0.12750385841522882,
    "pearson": 0.6355751381030584,
    "count": 755
  },
  "79": {
    "r2": 0.7927263753936611,
    "pearson": 0.9005064412039734,
    "count": 831
  },
  "80": {
    "r2": 0.8735613658081186,
    "pearson": 0.9638471274111828,
    "count": 68
  },
  "81": {
    "r2": 0.6621396261347626,
    "pearson": 0.8241458461531297,
    "count": 973
  },