{
  "r2_true": 0.8754972803390484,
  "pearson_true": 0.9356848286444881,
  "r2_control": -0.004568976755839893,
  "pearson_control": 0.003685181277221507,
  "selectivity_r2": 0.8800662570948883
}