{
  "valid_auc": 0.6806333280215491,
  "valid_acc": 0.7412724211427848,
  "valid_metrics": {
    "l_sup": 0.5350210840125726,
    "l_reg": 8.503535628752077e-07,
    "l_ref": 0.002547082260764223,
    "l_init": 0.019783159091961034,
    "l_rate": 0.05978057345565097
  },
  "test_auc": 0.6765149911155077,
  "test_acc": 0.7420899473474194,
  "test_metrics": {
    "l_sup": 0.5350210840125726,
    "l_reg": 8.503535628752077e-07,
    "l_ref": 0.002547082260764223,
    "l_init": 0.019783159091961034,
    "l_rate": 0.05978057345565097
  },
  "best_epoch": 8,
  "params": {
    "model_name": "idkt",
    "dataset_name": "assist2015",
    "fold": 0,
    "seed": 42,
    "emb_type": "qid",
    "save_dir": "/workspaces/pykt-toolkit/experiments/20251226_190425_idkt_assist2015_hr_sweep_l1.0_508423",
    "d_model": 256,
    "d_ff": 512,
    "num_attn_heads": 8,
    "n_blocks": 4,
    "dropout": 0.2,
    "final_fc_dim": 512,
    "learning_rate": 0.0001,
    "weight_decay": 0.0,
    "batch_size": 64,
    "num_epochs": 100,
    "optimizer": "Adam",
    "gradient_clip": 1.0,
    "patience": 10,
    "seq_len": 200,
    "l2": 1e-05,
    "lambda_student": 1e-05,
    "lambda_gap": 1e-05,
    "lambda_ref": 1.0,
    "lambda_initmastery": 1.0,
    "lambda_rate": 1.0,
    "theory_guided": 1,
    "calibrate": 1,
    "use_wandb": 0,
    "add_uuid": 0
  }
}