split,auc,acc
test,0.759581,0.726803
