{
  "experiment_id": "20251116_181419_gainakt3exp_lc_b2.0_m0.8_g1.0_o1.5_677223",
  "dataset": "assist2015",
  "fold": 0,
  "train_auc": 0.7001608669308191,
  "train_acc": 0.7482025361604671,
  "valid_auc": 0.6903256444875713,
  "valid_acc": 0.7413600132361385,
  "test_auc": 0.6860181657407145,
  "test_acc": 0.7358758321445554,
  "train_encoder1_auc": 0.7001608669308191,
  "train_encoder1_acc": 0.7482025361604671,
  "valid_encoder1_auc": 0.6903256444875713,
  "valid_encoder1_acc": 0.7413600132361385,
  "test_encoder1_auc": 0.6860181657407145,
  "test_encoder1_acc": 0.7358758321445554,
  "train_encoder2_auc": 0.5287397742288656,
  "train_encoder2_acc": 0.5840326077774336,
  "valid_encoder2_auc": 0.5297665926765625,
  "valid_encoder2_acc": 0.5838402320217229,
  "test_encoder2_auc": 0.52763156628933,
  "test_encoder2_acc": 0.5854954232049453,
  "train_mastery_correlation": 0.0,
  "train_gain_correlation": 0.0,
  "train_correlation_students": 0,
  "test_mastery_correlation": 0.0,
  "test_gain_correlation": 0.0,
  "test_correlation_students": 0,
  "timestamp": "2025-11-16T18:19:20.884961Z"
}