epoch,train_loss,train_auc,train_acc,val_loss,val_auc,val_acc,train_bce_loss,train_im_loss,val_bce_loss,val_im_loss,train_encoder1_auc,train_encoder1_acc,val_encoder1_auc,val_encoder1_acc,train_encoder2_auc,train_encoder2_acc,val_encoder2_auc,val_encoder2_acc
1,0.598303,0.677991,0.734370,0.598303,0.673812,0.740241,0.563586,0.606982,0.563586,0.606982,0.677991,0.734370,0.673812,0.740241,0.517659,0.734370,0.519367,0.740241
2,0.595847,0.688848,0.734370,0.595847,0.683124,0.740241,0.554694,0.606136,0.554694,0.606136,0.688848,0.734370,0.683124,0.740241,0.521240,0.734370,0.522540,0.740241
3,0.594736,0.693580,0.734370,0.594736,0.686981,0.740241,0.552456,0.605306,0.552456,0.605306,0.693580,0.734370,0.686981,0.740241,0.524251,0.734370,0.525418,0.740241
4,0.593783,0.697427,0.734370,0.593783,0.689418,0.740241,0.550926,0.604498,0.550926,0.604498,0.697427,0.734370,0.689418,0.740241,0.526693,0.734370,0.527780,0.740241
5,0.592888,0.700160,0.734370,0.592888,0.690326,0.740241,0.549595,0.603711,0.549595,0.603711,0.700160,0.734370,0.690326,0.740241,0.528740,0.734370,0.529767,0.740241
6,0.592029,0.701890,0.734370,0.592029,0.689858,0.740241,0.548361,0.602946,0.548361,0.602946,0.701890,0.734370,0.689858,0.740241,0.530633,0.734370,0.531624,0.740241
