{
  "experiment_name": "optimal_v1",
  "best_val_auc": 0.7158483743204008,
  "final_consistency_metrics": {
    "monotonicity_violation_rate": 0.0,
    "negative_gain_rate": 0.0,
    "bounds_violation_rate": 0.0,
    "mastery_correlation": 0.07938873127784066,
    "gain_correlation": 0.02878151299423225
  },
  "train_history": {
    "train_loss": [
      0.5425848509981225
    ],
    "train_auc": [
      0.6903517870821837
    ],
    "val_auc": [
      0.7158483743204008
    ],
    "consistency_metrics": [
      {
        "monotonicity_violation_rate": 0.0,
        "negative_gain_rate": 0.0,
        "bounds_violation_rate": 0.0,
        "mastery_correlation": 0.1120993104205146,
        "gain_correlation": 0.02116575687586215
      }
    ],
    "semantic_trajectory": [
      {
        "epoch": 1,
        "mastery_correlation": 0.1120993104205146,
        "gain_correlation": 0.02116575687586215,
        "warmup_scale": 0.125,
        "alignment_corr_mastery": 0.029917486011981964,
        "alignment_corr_gain": 0.13664856553077698,
        "global_alignment_mastery_corr": 0.10595436257048277,
        "global_alignment_gain_corr": 0.02420187851622662,
        "effective_alignment_weight": 0.03125,
        "peak_mastery_corr": 0.10595436257048277,
        "retention_loss_value": 0.0,
        "mean_lag_corr": 0.0,
        "lag_corr_count": 0,
        "consistency_loss_weight_current": 0.3,
        "sparsity_loss_weight_current": 0.2,
        "loss_shares": {
          "main": 0.9825989475639734,
          "constraint_total": 0.01740105568314512,
          "alignment": -0.005407321349194581,
          "lag": 0.0,
          "retention": 0.0
        },
        "mean_mastery_variance": 0.014225174388196801,
        "min_mastery_variance": 0.009878979064524174,
        "max_mastery_variance": 0.044542115181684494,
        "per_lag_correlations": []
      }
    ]
  }
}