{
  "tail_metrics": {
    "epoch": 1.0,
    "train_loss": 0.5425848509981225,
    "train_auc": 0.6903517870821837,
    "val_loss": 0.5160479138092119,
    "val_auc": 0.7158483743204008,
    "val_accuracy": 0.7507031698605339,
    "monotonicity_violation_rate": 0.0,
    "negative_gain_rate": 0.0,
    "bounds_violation_rate": 0.0,
    "mastery_correlation": 0.1120993104205146,
    "gain_correlation": 0.02116575687586215,
    "main_loss_share": 0.9825989475639734,
    "constraint_loss_share": 0.01740105568314512,
    "alignment_loss_share": -0.005407321349194581,
    "lag_loss_share": 0.0,
    "retention_loss_share": 0.0
  },
  "best_summary": {
    "best_epoch": 1.0,
    "best_val_auc": 0.7158483743204008,
    "best_val_accuracy": 0.7507031698605339,
    "mastery_corr": null,
    "gain_corr": null
  },
  "config_md5": "8dd36ebc42e2ae11680bcdc23c5725ff"
}