{
  "experiment_id": "20251116_222733_gainakt3exp_p1bce09_b1.5_m0.9_g1.1_o1.5_943708",
  "dataset": "assist2015",
  "fold": 0,
  "train_auc": 0.6988300596151721,
  "train_acc": 0.7410337998291705,
  "valid_auc": 0.689919021572016,
  "valid_acc": 0.7362115446379041,
  "test_auc": 0.6857817397552349,
  "test_acc": 0.7304000237755587,
  "train_encoder1_auc": 0.6988300596151721,
  "train_encoder1_acc": 0.7410337998291705,
  "valid_encoder1_auc": 0.689919021572016,
  "valid_encoder1_acc": 0.7362115446379041,
  "test_encoder1_auc": 0.6857817397552349,
  "test_encoder1_acc": 0.7304000237755587,
  "train_encoder2_auc": 0.5100018415248609,
  "train_encoder2_acc": 0.5431907564366101,
  "valid_encoder2_auc": 0.5125262449452891,
  "valid_encoder2_acc": 0.5425162288684074,
  "test_encoder2_auc": 0.5090373891141394,
  "test_encoder2_acc": 0.5463846291012838,
  "train_mastery_correlation": 0.0,
  "train_gain_correlation": 0.0,
  "train_correlation_students": 0,
  "test_mastery_correlation": 0.0,
  "test_gain_correlation": 0.0,
  "test_correlation_students": 0,
  "timestamp": "2025-11-16T22:32:47.798368Z"
}