epoch,train_loss,train_auc,train_acc,val_loss,val_auc,val_acc,train_bce_loss,train_im_loss,val_bce_loss,val_im_loss,train_encoder1_auc,train_encoder1_acc,val_encoder1_auc,val_encoder1_acc,train_encoder2_auc,train_encoder2_acc,val_encoder2_auc,val_encoder2_acc
1,0.567652,0.680382,0.734370,0.567652,0.675598,0.740241,0.563305,0.606774,0.563305,0.606774,0.680382,0.734370,0.675598,0.740241,0.506389,0.734370,0.509061,0.740241
2,0.559225,0.693518,0.734370,0.559225,0.686649,0.740241,0.553997,0.606283,0.553997,0.606283,0.693518,0.734370,0.686649,0.740241,0.508563,0.734370,0.511149,0.740241
3,0.556694,0.698830,0.734370,0.556694,0.689919,0.740241,0.551237,0.605807,0.551237,0.605807,0.698830,0.734370,0.689919,0.740241,0.510002,0.734370,0.512526,0.740241
4,0.554730,0.700914,0.734370,0.554730,0.688637,0.740241,0.549107,0.605343,0.549107,0.605343,0.700914,0.734370,0.688637,0.740241,0.510965,0.734370,0.513473,0.740241
5,0.552826,0.705300,0.734370,0.552826,0.689311,0.740241,0.547041,0.604891,0.547041,0.604891,0.705300,0.734370,0.689311,0.740241,0.511645,0.734370,0.514149,0.740241
6,0.550817,0.708423,0.734370,0.550817,0.688419,0.740241,0.544857,0.604453,0.544857,0.604453,0.708423,0.734370,0.688419,0.740241,0.512549,0.734370,0.515100,0.740241
