{
  "lambda_ref": 7.641280728202169,
  "lambda_initmastery": 12.856531162770413,
  "lambda_rate": 5.926893977465615
}