{
  "valid_auc": 0.6868185718713339,
  "valid_acc": 0.7416519868806509,
  "valid_metrics": {
    "l_sup": 0.5309689184287574,
    "l_reg": 1.3656136379537126e-07,
    "l_ref": 0.004745865639831338,
    "l_init": 0.02955747569386227,
    "l_rate": 0.07890197905779799
  },
  "test_auc": 0.6785058736401937,
  "test_acc": 0.7341446742748454,
  "test_metrics": {
    "l_sup": 0.5408919610899616,
    "l_reg": 1.3831934551467756e-07,
    "l_ref": 0.004639951233584128,
    "l_init": 0.029261829663394363,
    "l_rate": 0.07901989147149648
  },
  "window_test_auc": 0.6787526697205188,
  "window_test_acc": 0.7342840166369579,
  "window_metrics": {
    "l_sup": 0.5474154103624151,
    "l_reg": 1.3435963762871891e-07,
    "l_ref": 0.0,
    "l_init": 0.02799455062693888,
    "l_rate": 0.08145664739694543
  },
  "checkpoint": "/workspaces/pykt-toolkit/experiments/20251226_190425_idkt_assist2015_hr_sweep_l0.8_535812/best_model.pt"
}