{
  "prediction_mse": 0.0047506424598395824,
  "prediction_corr": 0.8938058088480908,
  "initmastery_mse": 0.029617181047797203,
  "initmastery_corr": 0.770609591947392,
  "learning_rate_mse": 0.07893218845129013,
  "learning_rate_corr": 0.7431907194844503,
  "h2_functional_alignment": 0.1435798339396058,
  "h3_discriminant_overlap": -0.21237599545294106,
  "h3_latent_overlap": -0.43517857837059787
}