split,auc,acc,l_sup,l_ref,l_init,l_rate,l_reg
test,0.678506,0.734145,0.540892,0.004640,0.029262,0.079020,0.000000
