{
  "0": {
    "r2": 0.8791859026837855,
    "pearson": 0.9379837023803516,
    "count": 2262
  },
  "1": {
    "r2": 0.6373933768258067,
    "pearson": 0.8169249259456829,
    "count": 1336
  },
  "2": {
    "r2": 0.8844916279007424,
    "pearson": 0.9426558051600031,
    "count": 3192
  },
  "3": {
    "r2": 0.850972783322986,
    "pearson": 0.9333053866753921,
    "count": 967
  },
  "4": {
    "r2": 0.6944889128473767,
    "pearson": 0.8465774093361186,
    "count": 908
  },
  "5": {
    "r2": 0.8267829929207213,
    "pearson": 0.9099234548774798,
    "count": 2132
  },
  "6": {
    "r2": 0.8766151904162127,
    "pearson": 0.9367093530395597,
    "count": 2013
  },
  "7": {
    "r2": 0.8345462208029959,
    "pearson": 0.9139306688097562,
    "count": 2139
  },
  "8": {
    "r2": 0.7621652406443332,
    "pearson": 0.8795187528084649,
    "count": 1357
  },
  "9": {
    "r2": 0.8277550438225432,
    "pearson": 0.9198540343501644,
    "count": 1304
  },
  "10": {
    "r2": 0.8684421047648097,
    "pearson": 0.9325881259081762,
    "count": 2515
  },
  "11": {
    "r2": 0.7879819659562981,
    "pearson": 0.8957228292019528,
    "count": 1494
  },
  "12": {
    "r2": 0.7723109835799913,
    "pearson": 0.8894464382121992,
    "count": 1428
  },
  "13": {
    "r2": 0.8397388095850084,
    "pearson": 0.9177523350346978,
    "count": 1440
  },
  "14": {
    "r2": 0.8231370116789747,
    "pearson": 0.9080297673595692,
    "count": 1595
  },
  "15": {
    "r2": 0.6048402048892794,
    "pearson": 0.8080612520050141,
    "count": 552
  },
  "16": {
    "r2": 0.08317675468017993,
    "pearson": 0.6130673347215168,
    "count": 563
  },
  "17": {
    "r2": 0.7850511294673057,
    "pearson": 0.8921352276096944,
    "count": 1351
  },
  "18": {
    "r2": 0.8190111664622862,
    "pearson": 0.9127015229877619,
    "count": 950
  },
  "19": {
    "r2": 0.8740952020869793,
    "pearson": 0.9354141071061006,
    "count": 2349
  },
  "20": {
    "r2": 0.8246169573445474,
    "pearson": 0.9100540961567868,
    "count": 1747
  },
  "21": {
    "r2": 0.8438687859839475,
    "pearson": 0.9189360164936646,
    "count": 2071
  },
  "22": {
    "r2": 0.8285983767911138,
    "pearson": 0.9120230840190574,
    "count": 1213
  },
  "23": {
    "r2": -0.14843428343653575,
    "pearson": 0.6369932266993984,
    "count": 421
  },
  "24": {
    "r2": 0.8382989085840782,
    "pearson": 0.9169546655376071,
    "count": 1886
  },
  "25": {
    "r2": 0.9220932368545505,
    "pearson": 0.9604718108262279,
    "count": 1406
  },
  "26": {
    "r2": 0.710637494759174,
    "pearson": 0.8604305992548843,
    "count": 919
  },
  "27": {
    "r2": 0.9178051980885488,
    "pearson": 0.9590785324391793,
    "count": 1332
  },
  "28": {
    "r2": 0.8401988749344942,
    "pearson": 0.9186785947380307,
    "count": 1449
  },
  "29": {
    "r2": 0.9278188031307046,
    "pearson": 0.9646108302874028,
    "count": 1308
  },
  "30": {
    "r2": 0.8082736311700767,
    "pearson": 0.9043318339710542,
    "count": 1238
  },
  "31": {
    "r2": 0.627612253781831,
    "pearson": 0.8219688733235639,
    "count": 805
  },
  "32": {
    "r2": 0.6842791189845118,
    "pearson": 0.8651010976205634,
    "count": 1266
  },
  "33": {
    "r2": 0.8892021291746238,
    "pearson": 0.9433080310189003,
    "count": 2148
  },
  "34": {
    "r2": 0.858765613928405,
    "pearson": 0.927791501218301,
    "count": 1600
  },
  "35": {
    "r2": -6.338867726568203,
    "pearson": 0.3981469156697991,
    "count": 376
  },
  "36": {
    "r2": 0.8053103609152704,
    "pearson": 0.9003756650228136,
    "count": 1371
  },
  "37": {
    "r2": 0.8501038362936884,
    "pearson": 0.9228074033362933,
    "count": 1947
  },
  "38": {
    "r2": 0.4844428862917586,
    "pearson": 0.7579525632057956,
    "count": 164
  },
  "39": {
    "r2": -87.49856409539225,
    "pearson": -0.026607008799150678,
    "count": 316
  },
  "40": {
    "r2": 0.8020292440919476,
    "pearson": 0.8994622877271455,
    "count": 1059
  },
  "41": {
    "r2": 0.5299779392777162,
    "pearson": 0.8052372332413638,
    "count": 778
  },
  "42": {
    "r2": 0.33506016638783886,
    "pearson": 0.713255131638785,
    "count": 602
  },
  "43": {
    "r2": -15.465405476047593,
    "pearson": 0.008048866268922277,
    "count": 384
  },
  "44": {
    "r2": -9.682285851909112,
    "pearson": 0.36571085198921327,
    "count": 408
  },
  "45": {
    "r2": 0.8212438677262364,
    "pearson": 0.9074568172367151,
    "count": 1574
  },
  "46": {
    "r2": -7.458882011442238,
    "pearson": -0.008287209908406465,
    "count": 144
  },
  "47": {
    "r2": 0.628250424297266,
    "pearson": 0.8152270641984395,
    "count": 741
  },
  "48": {
    "r2": 0.822914777099164,
    "pearson": 0.9107722001563949,
    "count": 109
  },
  "49": {
    "r2": 0.880071378063984,
    "pearson": 0.9397011655582885,
    "count": 584
  },
  "50": {
    "r2": 0.8572053324983582,
    "pearson": 0.9260230263943073,
    "count": 1239
  },
  "51": {
    "r2": 0.8761435088460836,
    "pearson": 0.9361601457386826,
    "count": 1502
  },
  "52": {
    "r2": 0.8118554676275482,
    "pearson": 0.9036230511863523,
    "count": 1305
  },
  "53": {
    "r2": 0.5601805290007448,
    "pearson": 0.8205304653733274,
    "count": 688
  },
  "54": {
    "r2": 0.4427952071294248,
    "pearson": 0.8050272983273391,
    "count": 235
  },
  "55": {
    "r2": 0.3194964355643517,
    "pearson": 0.6563482079136272,
    "count": 187
  },
  "56": {
    "r2": 0.5539187916772641,
    "pearson": 0.7949340044514761,
    "count": 941
  },
  "57": {
    "r2": 0.869452432668588,
    "pearson": 0.9335023620119913,
    "count": 1210
  },
  "58": {
    "r2": 0.7233923917798466,
    "pearson": 0.8881445484767864,
    "count": 608
  },
  "59": {
    "r2": -1.674628368223761,
    "pearson": 0.5120954533864494,
    "count": 395
  },
  "60": {
    "r2": 0.8814962169746281,
    "pearson": 0.93908996863953,
    "count": 2003
  },
  "61": {
    "r2": 0.8442840985055773,
    "pearson": 0.9205233088172391,
    "count": 1372
  },
  "62": {
    "r2": 0.7203433455335952,
    "pearson": 0.8595787522002506,
    "count": 1032
  },
  "63": {
    "r2": 0.04396394969783457,
    "pearson": 0.6836591976340366,
    "count": 751
  },
  "64": {
    "r2": 0.6730160398974621,
    "pearson": 0.8334845043655922,
    "count": 1205
  },
  "65": {
    "r2": 0.567405744746443,
    "pearson": 0.8386836412168086,
    "count": 659
  },
  "66": {
    "r2": 0.7825844450742507,
    "pearson": 0.8875201706516211,
    "count": 1332
  },
  "67": {
    "r2": 0.6032551712552636,
    "pearson": 0.8166831210394527,
    "count": 1061
  },
  "68": {
    "r2": 0.9235687224883307,
    "pearson": 0.9729832946772184,
    "count": 180
  },
  "69": {
    "r2": 0.9142330407442296,
    "pearson": 0.956337481583121,
    "count": 2035
  },
  "70": {
    "r2": -1.6294216060581137,
    "pearson": 0.6440938724280013,
    "count": 406
  },
  "71": {
    "r2": 0.541291775879428,
    "pearson": 0.7864501498047511,
    "count": 681
  },
  "72": {
    "r2": 0.5653150001066467,
    "pearson": 0.8004349687395658,
    "count": 48
  },
  "73": {
    "r2": 0.6623959156790782,
    "pearson": 0.8314851902608293,
    "count": 885
  },
  "74": {
    "r2": 0.6842208747003715,
    "pearson": 0.836113813794172,
    "count": 1199
  },
  "75": {
    "r2": 0.7737655071775431,
    "pearson": 0.8930842559046963,
    "count": 1351
  },
  "76": {
    "r2": 0.7678730230409647,
    "pearson": 0.8832379820091978,
    "count": 1525
  },
  "77": {
    "r2": 0.8569279537509386,
    "pearson": 0.9297569298892717,
    "count": 1455
  },
  "78": {
    "r2": 0.42203911455191867,
    "pearson": 0.7599643751912056,
    "count": 755
  },
  "79": {
    "r2": 0.7333900461441171,
    "pearson": 0.8601231759373881,
    "count": 831
  },
  "80": {
    "r2": 0.8909334060873361,
    "pearson": 0.9519686868667572,
    "count": 68
  },
  "81": {
    "r2": 0.6096203873431478,
    "pearson": 0.7964136171381565,
    "count": 973
  },