{
  "experiment_name": "v1",
  "best_val_auc": 0.7243296542417665,
  "final_consistency_metrics": {
    "monotonicity_violation_rate": 0.0,
    "negative_gain_rate": 0.0,
    "bounds_violation_rate": 0.0,
    "mastery_correlation": 0.015881451674241053,
    "gain_correlation": 0.015199091563421807
  },
  "train_history": {
    "train_loss": [
      0.6132227397456611,
      0.5773335277419729,
      0.5699969265878815,
      0.5634115024940255,
      0.5564320320935593,
      0.5484900271769652,
      0.5398661620223645,
      0.5295066968681886,
      0.5189309138612649,
      0.4974158123596427,
      0.4867582570031746,
      0.4771120158052936,
      0.46822006585671727,
      0.4597552971741588,
      0.4515223235813613,
      0.43661434011361033,
      0.4302058711494367,
      0.4243272060586005,
      0.41946519865203147,
      0.41456340637403666
    ],
    "train_auc": [
      0.6842721661399741,
      0.7213779838890187,
      0.731336224231072,
      0.7393263778751995,
      0.747085408138522,
      0.7560033205059545,
      0.7657772808871358,
      0.7774787025542645,
      0.7889983715550255,
      0.8121989012431646,
      0.8227212383703834,
      0.8316923935547313,
      0.839586941702865,
      0.8469047722030445,
      0.8537751219992226,
      0.8659419619132045,
      0.8707164194064558,
      0.8750084877983502,
      0.878620075296375,
      0.8819584603630481
    ],
    "val_auc": [
      0.7167340228288297,
      0.7229667355464631,
      0.7243296542417665,
      0.7232536770632564,
      0.7194843910761612,
      0.7141471206383525,
      0.7078117847727321,
      0.7012402245104914,
      0.6948048467589676,
      0.6857241049253282,
      0.6799534607805873,
      0.6755664632597662,
      0.6716515500028075,
      0.6683814840435318,
      0.6652849562356127,
      0.663016320211788,
      0.661471373032563,
      0.6595687979029472,
      0.6577223245835495,
      0.6568847079930766
    ],
    "consistency_metrics": [
      {
        "monotonicity_violation_rate": 0.0,
        "negative_gain_rate": 0.0,
        "bounds_violation_rate": 0.0,
        "mastery_correlation": 0.024391552191424318,
        "gain_correlation": -0.014059751466354718
      },
      {
        "monotonicity_violation_rate": 0.0,
        "negative_gain_rate": 0.0,
        "bounds_violation_rate": 0.0,
        "mastery_correlation": 0.03371344261895673,
        "gain_correlation": 0.023668134857434853
      },
      {
        "monotonicity_violation_rate": 0.0,
        "negative_gain_rate": 0.0,
        "bounds_violation_rate": 0.0,
        "mastery_correlation": 0.006907864449918651,
        "gain_correlation": 0.011858458398343
      },
      {
        "monotonicity_violation_rate": 0.0,
        "negative_gain_rate": 0.0,
        "bounds_violation_rate": 0.0,
        "mastery_correlation": 0.010615271823765642,
        "gain_correlation": 0.01740307153121301
      },
      {
        "monotonicity_violation_rate": 0.0,
        "negative_gain_rate": 0.0,
        "bounds_violation_rate": 0.0,
        "mastery_correlation": 0.014923392882685717,
        "gain_correlation": 0.016818048731030485
      },
      {
        "monotonicity_violation_rate": 0.0,
        "negative_gain_rate": 0.0,
        "bounds_violation_rate": 0.0,
        "mastery_correlation": 0.02765315899041275,
        "gain_correlation": 0.0278957864885183
      },
      {
        "monotonicity_violation_rate": 0.0,
        "negative_gain_rate": 0.0,
        "bounds_violation_rate": 0.0,
        "mastery_correlation": 0.033752884687036494,
        "gain_correlation": 0.03315947599092954
      },
      {
        "monotonicity_violation_rate": 0.0,
        "negative_gain_rate": 0.0,
        "bounds_violation_rate": 0.0,
        "mastery_correlation": 0.03867516666344421,
        "gain_correlation": 0.048764346469839334
      },
      {
        "monotonicity_violation_rate": 0.0,
        "negative_gain_rate": 0.0,
        "bounds_violation_rate": 0.0,
        "mastery_correlation": 0.034074098653632305,
        "gain_correlation": 0.05913120511374317
      },
      {
        "monotonicity_violation_rate": 0.0,
        "negative_gain_rate": 0.0,
        "bounds_violation_rate": 0.0,
        "mastery_correlation": 0.013151543491305373,
        "gain_correlation": 0.06303019093678167
      },
      {
        "monotonicity_violation_rate": 0.0,
        "negative_gain_rate": 0.0,
        "bounds_violation_rate": 0.0,
        "mastery_correlation": 0.03334724909934286,
        "gain_correlation": 0.07228987005606793
      },
      {
        "monotonicity_violation_rate": 0.0,
        "negative_gain_rate": 0.0,
        "bounds_violation_rate": 0.0,
        "mastery_correlation": 0.03486109177880959,
        "gain_correlation": 0.079474797703128
      },
      {
        "monotonicity_violation_rate": 0.0,
        "negative_gain_rate": 0.0,
        "bounds_violation_rate": 0.0,
        "mastery_correlation": 0.03581123577166531,
        "gain_correlation": 0.07669692797894923
      },
      {
        "monotonicity_violation_rate": 0.0,
        "negative_gain_rate": 0.0,
        "bounds_violation_rate": 0.0,
        "mastery_correlation": 0.03624513788166398,
        "gain_correlation": 0.08454859279889973
      },
      {
        "monotonicity_violation_rate": 0.0,
        "negative_gain_rate": 0.0,
        "bounds_violation_rate": 0.0,
        "mastery_correlation": 0.03598443395338333,
        "gain_correlation": 0.09312284841263489
      },
      {
        "monotonicity_violation_rate": 0.0,
        "negative_gain_rate": 0.0,
        "bounds_violation_rate": 0.0,
        "mastery_correlation": 0.03305373577375341,
        "gain_correlation": 0.08767160760985958
      },
      {
        "monotonicity_violation_rate": 0.0,
        "negative_gain_rate": 0.0,
        "bounds_violation_rate": 0.0,
        "mastery_correlation": 0.03212502383125832,
        "gain_correlation": 0.08063547474733439
      },
      {
        "monotonicity_violation_rate": 0.0,
        "negative_gain_rate": 0.0,
        "bounds_violation_rate": 0.0,
        "mastery_correlation": 0.03527629614728418,
        "gain_correlation": 0.08892781208406642
      },
      {
        "monotonicity_violation_rate": 0.0,
        "negative_gain_rate": 0.0,
        "bounds_violation_rate": 0.0,
        "mastery_correlation": 0.036122205231953725,
        "gain_correlation": 0.1025067359918907
      },
      {
        "monotonicity_violation_rate": 0.0,
        "negative_gain_rate": 0.0,
        "bounds_violation_rate": 0.0,
        "mastery_correlation": 0.038926108684728615,
        "gain_correlation": 0.09832518742737097
      }
    ]
  },
  "model_config": {
    "num_c": 100,
    "seq_len": 200,
    "d_model": 512,
    "n_heads": 8,
    "num_encoder_blocks": 6,
    "d_ff": 1024,
    "dropout": 0.2,
    "emb_type": "qid",
    "monitor_frequency": 50,
    "non_negative_loss_weight": 0.0,
    "monotonicity_loss_weight": 0.1,
    "mastery_performance_loss_weight": 0.8,
    "gain_performance_loss_weight": 0.8,
    "sparsity_loss_weight": 0.2,
    "consistency_loss_weight": 0.3
  },
  "training_args": {
    "dataset_name": "assist2015",
    "num_epochs": 20,
    "batch_size": 128,
    "learning_rate": 0.0004524,
    "weight_decay": 9.956900000000001e-05,
    "enhanced_constraints": true,
    "fold": 0
  },
  "timestamp": "2025-10-08T02:20:58.157453"
}