{
  "experiment_name": "v1",
  "best_val_auc": 0.7227505270146539,
  "final_consistency_metrics": {
    "monotonicity_violation_rate": 0.0,
    "negative_gain_rate": 0.0,
    "bounds_violation_rate": 0.0,
    "mastery_correlation": 0.018657999979748645,
    "gain_correlation": 0.018266286234420517
  },
  "train_history": {
    "train_loss": [
      0.6033463317495553,
      0.5762804527356835,
      0.5681694594689601,
      0.5598790898841898,
      0.549951564153859,
      0.538301427284053,
      0.5250571235782742,
      0.5117740436539131,
      0.4864954360099654,
      0.47407952522366775,
      0.463605751027715,
      0.4542199439644196,
      0.4449656494540872,
      0.43598448072072754,
      0.4217689414098473,
      0.4147762691727574,
      0.4086649786931863,
      0.40298052356033126,
      0.3977644953085351,
      0.39216329041540315
    ],
    "train_auc": [
      0.6922535953134359,
      0.722633955712037,
      0.7337226174971841,
      0.7439427499900978,
      0.7556984758511758,
      0.7689478559387907,
      0.7836418790704138,
      0.7974166830460638,
      0.823232281899482,
      0.8346933526612104,
      0.8438031032043837,
      0.8515688707179825,
      0.8589741158394251,
      0.8658386629932782,
      0.8767789271859167,
      0.8817701851437182,
      0.8860761559911987,
      0.889948847024048,
      0.8933308691363924,
      0.8969724613744685
    ],
    "val_auc": [
      0.7171762408066491,
      0.7227505270146539,
      0.7224842173680603,
      0.719104080531515,
      0.7128567120087519,
      0.7053986729485324,
      0.6973898822142033,
      0.6909122897439497,
      0.6870691983803408,
      0.6851981309041844,
      0.6818066357755603,
      0.6779851915457302,
      0.6746617355792461,
      0.6718624021694897,
      0.6663713392500491,
      0.66087093649681,
      0.6551641702143134,
      0.6507734985821851,
      0.6461809818609638,
      0.642334212198886
    ],
    "consistency_metrics": [
      {
        "monotonicity_violation_rate": 0.0,
        "negative_gain_rate": 0.0,
        "bounds_violation_rate": 0.0,
        "mastery_correlation": 0.015179526029064852,
        "gain_correlation": -0.04256350637475598
      },
      {
        "monotonicity_violation_rate": 0.0,
        "negative_gain_rate": 0.0,
        "bounds_violation_rate": 0.0,
        "mastery_correlation": -0.0005553065685005854,
        "gain_correlation": 0.004198084966703944
      },
      {
        "monotonicity_violation_rate": 0.0,
        "negative_gain_rate": 0.0,
        "bounds_violation_rate": 0.0,
        "mastery_correlation": -0.00948362964133946,
        "gain_correlation": 0.014591854762719526
      },
      {
        "monotonicity_violation_rate": 0.0,
        "negative_gain_rate": 0.0,
        "bounds_violation_rate": 0.0,
        "mastery_correlation": -0.011177729202295794,
        "gain_correlation": 0.00475667501794501
      },
      {
        "monotonicity_violation_rate": 0.0,
        "negative_gain_rate": 0.0,
        "bounds_violation_rate": 0.0,
        "mastery_correlation": 0.03295353205014415,
        "gain_correlation": 0.02574080372349801
      },
      {
        "monotonicity_violation_rate": 0.0,
        "negative_gain_rate": 0.0,
        "bounds_violation_rate": 0.0,
        "mastery_correlation": 0.03926959422628873,
        "gain_correlation": 0.058740230390351686
      },
      {
        "monotonicity_violation_rate": 0.0,
        "negative_gain_rate": 0.0,
        "bounds_violation_rate": 0.0,
        "mastery_correlation": 0.04019035056901707,
        "gain_correlation": 0.04624325467771926
      },
      {
        "monotonicity_violation_rate": 0.0,
        "negative_gain_rate": 0.0,
        "bounds_violation_rate": 0.0,
        "mastery_correlation": 0.04719760290514101,
        "gain_correlation": 0.05186508236975031
      },
      {
        "monotonicity_violation_rate": 0.0,
        "negative_gain_rate": 0.0,
        "bounds_violation_rate": 0.0,
        "mastery_correlation": 0.05021988577957951,
        "gain_correlation": 0.05684301280672395
      },
      {
        "monotonicity_violation_rate": 0.0,
        "negative_gain_rate": 0.0,
        "bounds_violation_rate": 0.0,
        "mastery_correlation": 0.0520603377621374,
        "gain_correlation": 0.05357825187852229
      },
      {
        "monotonicity_violation_rate": 0.0,
        "negative_gain_rate": 0.0,
        "bounds_violation_rate": 0.0,
        "mastery_correlation": 0.054328895764049125,
        "gain_correlation": 0.05943688049767547
      },
      {
        "monotonicity_violation_rate": 0.0,
        "negative_gain_rate": 0.0,
        "bounds_violation_rate": 0.0,
        "mastery_correlation": 0.05260427186880322,
        "gain_correlation": 0.06571547542604347
      },
      {
        "monotonicity_violation_rate": 0.0,
        "negative_gain_rate": 0.0,
        "bounds_violation_rate": 0.0,
        "mastery_correlation": 0.05031956664990321,
        "gain_correlation": 0.07390143248554792
      },
      {
        "monotonicity_violation_rate": 0.0,
        "negative_gain_rate": 0.0,
        "bounds_violation_rate": 0.0,
        "mastery_correlation": 0.050385220531283054,
        "gain_correlation": 0.07352922350357934
      },
      {
        "monotonicity_violation_rate": 0.0,
        "negative_gain_rate": 0.0,
        "bounds_violation_rate": 0.0,
        "mastery_correlation": 0.04399295390527526,
        "gain_correlation": 0.0734251625089941
      },
      {
        "monotonicity_violation_rate": 0.0,
        "negative_gain_rate": 0.0,
        "bounds_violation_rate": 0.0,
        "mastery_correlation": 0.04538909018278879,
        "gain_correlation": 0.06986391280588676
      },
      {
        "monotonicity_violation_rate": 0.0,
        "negative_gain_rate": 0.0,
        "bounds_violation_rate": 0.0,
        "mastery_correlation": 0.04901746460080623,
        "gain_correlation": 0.07375951613252099
      },
      {
        "monotonicity_violation_rate": 0.0,
        "negative_gain_rate": 0.0,
        "bounds_violation_rate": 0.0,
        "mastery_correlation": 0.048326441623798906,
        "gain_correlation": 0.07342222334974204
      },
      {
        "monotonicity_violation_rate": 0.0,
        "negative_gain_rate": 0.0,
        "bounds_violation_rate": 0.0,
        "mastery_correlation": 0.051785419001704254,
        "gain_correlation": 0.07919345983635631
      },
      {
        "monotonicity_violation_rate": 0.0,
        "negative_gain_rate": 0.0,
        "bounds_violation_rate": 0.0,
        "mastery_correlation": 0.028900363984872696,
        "gain_correlation": 0.07489932499042387
      }
    ]
  },
  "model_config": {
    "num_c": 100,
    "seq_len": 200,
    "d_model": 512,
    "n_heads": 8,
    "num_encoder_blocks": 6,
    "d_ff": 1024,
    "dropout": 0.2,
    "emb_type": "qid",
    "monitor_frequency": 50,
    "non_negative_loss_weight": 0.0,
    "monotonicity_loss_weight": 0.1,
    "mastery_performance_loss_weight": 0.8,
    "gain_performance_loss_weight": 0.8,
    "sparsity_loss_weight": 0.2,
    "consistency_loss_weight": 0.3
  },
  "training_args": {
    "dataset_name": "assist2015",
    "num_epochs": 20,
    "batch_size": 64,
    "learning_rate": 0.000348,
    "weight_decay": 5.857e-05,
    "enhanced_constraints": true,
    "fold": 0
  },
  "timestamp": "2025-10-08T02:49:20.524352"
}