{
  "experiment_name": "v1",
  "best_val_auc": 0.7252625095509775,
  "final_consistency_metrics": {
    "monotonicity_violation_rate": 0.0,
    "negative_gain_rate": 0.0,
    "bounds_violation_rate": 0.0,
    "mastery_correlation": 0.014639311108866997,
    "gain_correlation": 0.006759862679995824
  },
  "train_history": {
    "train_loss": [
      0.6214174480782342,
      0.577925126577161,
      0.5699663475616691,
      0.5631194225291616,
      0.555471624295736,
      0.5455410541947355,
      0.5325984251253384,
      0.5183193788086016,
      0.5033641875404673,
      0.4789298692929376,
      0.46576217585003254,
      0.45419399977959307,
      0.443329713086492,
      0.432363997415169,
      0.42248800949952037,
      0.4113016607835121,
      0.40255050806655096,
      0.39374940112694023,
      0.38605007867223207,
      0.37890610590423507
    ],
    "train_auc": [
      0.6804518364823252,
      0.7212216248820039,
      0.7328857990773221,
      0.7426306282282787,
      0.7530668751620533,
      0.7657626218676831,
      0.7811753531790582,
      0.7967104528139677,
      0.8116641618176199,
      0.8350972568248904,
      0.846251217375549,
      0.8553660474607185,
      0.8634185539076221,
      0.8712095903156348,
      0.8777605055946178,
      0.885624288176502,
      0.8914222446888186,
      0.89673205560919,
      0.9012430923411399,
      0.9052725994525608
    ],
    "val_auc": [
      0.714748965045677,
      0.7229432305443738,
      0.7252625095509775,
      0.7238402223203594,
      0.7176553735416036,
      0.7095018547919782,
      0.7007906400835884,
      0.6920161782965603,
      0.6851968112093139,
      0.6803737513310926,
      0.6729681680483981,
      0.6682932511853572,
      0.6642939523329858,
      0.6610254422737656,
      0.6585252293565893,
      0.652749113822924,
      0.649462786405129,
      0.6476141899484068,
      0.6463351804972881,
      0.6448658640508078
    ],
    "consistency_metrics": [
      {
        "monotonicity_violation_rate": 0.0,
        "negative_gain_rate": 0.0,
        "bounds_violation_rate": 0.0,
        "mastery_correlation": 0.01814547661446199,
        "gain_correlation": -0.021211818427387494
      },
      {
        "monotonicity_violation_rate": 0.0,
        "negative_gain_rate": 0.0,
        "bounds_violation_rate": 0.0,
        "mastery_correlation": 0.04037556720092143,
        "gain_correlation": -0.0067852124919966375
      },
      {
        "monotonicity_violation_rate": 0.0,
        "negative_gain_rate": 0.0,
        "bounds_violation_rate": 0.0,
        "mastery_correlation": 0.027285698701674133,
        "gain_correlation": 0.0071918024108610585
      },
      {
        "monotonicity_violation_rate": 0.0,
        "negative_gain_rate": 0.0,
        "bounds_violation_rate": 0.0,
        "mastery_correlation": 0.009787115827569505,
        "gain_correlation": 0.010700323060076174
      },
      {
        "monotonicity_violation_rate": 0.0,
        "negative_gain_rate": 0.0,
        "bounds_violation_rate": 0.0,
        "mastery_correlation": 0.0038840017738106664,
        "gain_correlation": 0.0018828446884991963
      },
      {
        "monotonicity_violation_rate": 0.0,
        "negative_gain_rate": 0.0,
        "bounds_violation_rate": 0.0,
        "mastery_correlation": 0.007655265541239735,
        "gain_correlation": -0.0006918787856569129
      },
      {
        "monotonicity_violation_rate": 0.0,
        "negative_gain_rate": 0.0,
        "bounds_violation_rate": 0.0,
        "mastery_correlation": 0.011781844121490206,
        "gain_correlation": 0.0050651723028085
      },
      {
        "monotonicity_violation_rate": 0.0,
        "negative_gain_rate": 0.0,
        "bounds_violation_rate": 0.0,
        "mastery_correlation": 0.02564043585309627,
        "gain_correlation": -0.008172291857064907
      },
      {
        "monotonicity_violation_rate": 0.0,
        "negative_gain_rate": 0.0,
        "bounds_violation_rate": 0.0,
        "mastery_correlation": 0.011708445592405567,
        "gain_correlation": -0.007649584050147359
      },
      {
        "monotonicity_violation_rate": 0.0,
        "negative_gain_rate": 0.0,
        "bounds_violation_rate": 0.0,
        "mastery_correlation": 0.008958115712440866,
        "gain_correlation": -0.01011331626591614
      },
      {
        "monotonicity_violation_rate": 0.0,
        "negative_gain_rate": 0.0,
        "bounds_violation_rate": 0.0,
        "mastery_correlation": 0.008531843856372956,
        "gain_correlation": 0.0006625533212769614
      },
      {
        "monotonicity_violation_rate": 0.0,
        "negative_gain_rate": 0.0,
        "bounds_violation_rate": 0.0,
        "mastery_correlation": 0.004032480794061828,
        "gain_correlation": -0.001650266714452812
      },
      {
        "monotonicity_violation_rate": 0.0,
        "negative_gain_rate": 0.0,
        "bounds_violation_rate": 0.0,
        "mastery_correlation": 0.008810282280321755,
        "gain_correlation": -0.0011926559230978125
      },
      {
        "monotonicity_violation_rate": 0.0,
        "negative_gain_rate": 0.0,
        "bounds_violation_rate": 0.0,
        "mastery_correlation": 0.01613435569376903,
        "gain_correlation": 0.00455276197653969
      },
      {
        "monotonicity_violation_rate": 0.0,
        "negative_gain_rate": 0.0,
        "bounds_violation_rate": 0.0,
        "mastery_correlation": 0.017885546001046686,
        "gain_correlation": 0.005596605424692869
      },
      {
        "monotonicity_violation_rate": 0.0,
        "negative_gain_rate": 0.0,
        "bounds_violation_rate": 0.0,
        "mastery_correlation": 0.024615144637688456,
        "gain_correlation": 0.005483460541652132
      },
      {
        "monotonicity_violation_rate": 0.0,
        "negative_gain_rate": 0.0,
        "bounds_violation_rate": 0.0,
        "mastery_correlation": 0.02624367976324094,
        "gain_correlation": 0.008480924229164345
      },
      {
        "monotonicity_violation_rate": 0.0,
        "negative_gain_rate": 0.0,
        "bounds_violation_rate": 0.0,
        "mastery_correlation": 0.026432260838222817,
        "gain_correlation": 0.00921098564194219
      },
      {
        "monotonicity_violation_rate": 0.0,
        "negative_gain_rate": 0.0,
        "bounds_violation_rate": 0.0,
        "mastery_correlation": 0.02751700495727223,
        "gain_correlation": 0.014045185876388833
      },
      {
        "monotonicity_violation_rate": 0.0,
        "negative_gain_rate": 0.0,
        "bounds_violation_rate": 0.0,
        "mastery_correlation": 0.029787313897150773,
        "gain_correlation": 0.018628679713441995
      }
    ]
  },
  "model_config": {
    "num_c": 100,
    "seq_len": 200,
    "d_model": 512,
    "n_heads": 8,
    "num_encoder_blocks": 6,
    "d_ff": 1024,
    "dropout": 0.2,
    "emb_type": "qid",
    "monitor_frequency": 50,
    "non_negative_loss_weight": 0.0,
    "monotonicity_loss_weight": 0.1,
    "mastery_performance_loss_weight": 0.8,
    "gain_performance_loss_weight": 0.8,
    "sparsity_loss_weight": 0.2,
    "consistency_loss_weight": 0.3
  },
  "training_args": {
    "epochs": 20,
    "batch_size": 128,
    "lr": 0.0003,
    "weight_decay": 5.9e-05,
    "patience": 20,
    "enhanced_constraints": true,
    "monitor_freq": 50,
    "dataset": "assist2015",
    "fold": 0,
    "experiment_suffix": "v1",
    "use_wandb": false
  },
  "log_file": "logs/gainakt2exp_full_v1_20251007_205112.log",
  "timestamp": "2025-10-07T21:10:05.303166"
}