{
  "experiment_name": "v1",
  "best_val_auc": 0.7234919137605658,
  "final_consistency_metrics": {
    "monotonicity_violation_rate": 0.0,
    "negative_gain_rate": 0.0,
    "bounds_violation_rate": 0.0,
    "mastery_correlation": 0.014378051663301698,
    "gain_correlation": 0.01473205975085859
  },
  "train_history": {
    "train_loss": [
      0.6131580130074376,
      0.5786229713942653,
      0.5712109087973603,
      0.5646873860396155,
      0.5586085541303768,
      0.5530382963114007,
      0.5478241917236831,
      0.5430589258208756,
      0.5384577016035715,
      0.5254929389140403,
      0.5199553446714268,
      0.5149697069973909,
      0.5104497361552808,
      0.5058144587416982,
      0.5011515656644984,
      0.48968166043592054,
      0.4851114553536556,
      0.4810518834942071,
      0.4773795657841734,
      0.4741989997930305
    ],
    "train_auc": [
      0.6800247950699173,
      0.7185999069451143,
      0.7282063028187571,
      0.7351590437960843,
      0.740849698226355,
      0.7463227075588404,
      0.7520266096828117,
      0.7577598631963166,
      0.7634502021858186,
      0.7799212925178026,
      0.7864192514875932,
      0.7922378638094826,
      0.7972985985634216,
      0.8023305972419743,
      0.8073788488261957,
      0.8194831694947622,
      0.8240585491290684,
      0.8278526618763553,
      0.8313293045896968,
      0.8342703876891532
    ],
    "val_auc": [
      0.7152498823518377,
      0.7223894872663263,
      0.7234919137605658,
      0.7225411164631412,
      0.7205575315757194,
      0.7181084372536395,
      0.7151832739675074,
      0.7120896941677827,
      0.7084653191995836,
      0.7037753608199224,
      0.7002323768875547,
      0.6972296183508937,
      0.6936724645704662,
      0.6904629880736184,
      0.6870126460807764,
      0.6815664178118197,
      0.678918846356537,
      0.6770807141097022,
      0.6746978427067654,
      0.6727791864128906
    ],
    "consistency_metrics": [
      {
        "monotonicity_violation_rate": 0.0,
        "negative_gain_rate": 0.0,
        "bounds_violation_rate": 0.0,
        "mastery_correlation": 0.027718014766308408,
        "gain_correlation": -0.015736773829853435
      },
      {
        "monotonicity_violation_rate": 0.0,
        "negative_gain_rate": 0.0,
        "bounds_violation_rate": 0.0,
        "mastery_correlation": 0.036453624157619186,
        "gain_correlation": 0.0010002842875869494
      },
      {
        "monotonicity_violation_rate": 0.0,
        "negative_gain_rate": 0.0,
        "bounds_violation_rate": 0.0,
        "mastery_correlation": 0.006859219553083558,
        "gain_correlation": 0.03066527310765818
      },
      {
        "monotonicity_violation_rate": 0.0,
        "negative_gain_rate": 0.0,
        "bounds_violation_rate": 0.0,
        "mastery_correlation": 0.013507183593637978,
        "gain_correlation": 0.023274486791809847
      },
      {
        "monotonicity_violation_rate": 0.0,
        "negative_gain_rate": 0.0,
        "bounds_violation_rate": 0.0,
        "mastery_correlation": 0.02935512552415029,
        "gain_correlation": 0.025845226255914726
      },
      {
        "monotonicity_violation_rate": 0.0,
        "negative_gain_rate": 0.0,
        "bounds_violation_rate": 0.0,
        "mastery_correlation": 0.03586157949034466,
        "gain_correlation": 0.04237585968885682
      },
      {
        "monotonicity_violation_rate": 0.0,
        "negative_gain_rate": 0.0,
        "bounds_violation_rate": 0.0,
        "mastery_correlation": 0.04754473008270701,
        "gain_correlation": 0.05817185697004016
      },
      {
        "monotonicity_violation_rate": 0.0,
        "negative_gain_rate": 0.0,
        "bounds_violation_rate": 0.0,
        "mastery_correlation": 0.03419119551120951,
        "gain_correlation": 0.09511874148846815
      },
      {
        "monotonicity_violation_rate": 0.0,
        "negative_gain_rate": 0.0,
        "bounds_violation_rate": 0.0,
        "mastery_correlation": 0.03830756959231152,
        "gain_correlation": 0.09979059610953842
      },
      {
        "monotonicity_violation_rate": 0.0,
        "negative_gain_rate": 0.0,
        "bounds_violation_rate": 0.0,
        "mastery_correlation": 0.040916321852425906,
        "gain_correlation": 0.1024040148886353
      },
      {
        "monotonicity_violation_rate": 0.0,
        "negative_gain_rate": 0.0,
        "bounds_violation_rate": 0.0,
        "mastery_correlation": 0.04322862101977935,
        "gain_correlation": 0.10743231759947926
      },
      {
        "monotonicity_violation_rate": 0.0,
        "negative_gain_rate": 0.0,
        "bounds_violation_rate": 0.0,
        "mastery_correlation": 0.04487548763336095,
        "gain_correlation": 0.1089563294085339
      },
      {
        "monotonicity_violation_rate": 0.0,
        "negative_gain_rate": 0.0,
        "bounds_violation_rate": 0.0,
        "mastery_correlation": 0.04811121005941806,
        "gain_correlation": 0.10777398349208558
      },
      {
        "monotonicity_violation_rate": 0.0,
        "negative_gain_rate": 0.0,
        "bounds_violation_rate": 0.0,
        "mastery_correlation": 0.04291932906722363,
        "gain_correlation": 0.10747358357430097
      },
      {
        "monotonicity_violation_rate": 0.0,
        "negative_gain_rate": 0.0,
        "bounds_violation_rate": 0.0,
        "mastery_correlation": 0.039816157765514115,
        "gain_correlation": 0.10410208989432049
      },
      {
        "monotonicity_violation_rate": 0.0,
        "negative_gain_rate": 0.0,
        "bounds_violation_rate": 0.0,
        "mastery_correlation": 0.04041393209596383,
        "gain_correlation": 0.10526942675000717
      },
      {
        "monotonicity_violation_rate": 0.0,
        "negative_gain_rate": 0.0,
        "bounds_violation_rate": 0.0,
        "mastery_correlation": 0.03891112319857612,
        "gain_correlation": 0.10383365960968666
      },
      {
        "monotonicity_violation_rate": 0.0,
        "negative_gain_rate": 0.0,
        "bounds_violation_rate": 0.0,
        "mastery_correlation": 0.03933833799883158,
        "gain_correlation": 0.10251403491845379
      },
      {
        "monotonicity_violation_rate": 0.0,
        "negative_gain_rate": 0.0,
        "bounds_violation_rate": 0.0,
        "mastery_correlation": 0.038893089334067106,
        "gain_correlation": 0.10167815097198159
      },
      {
        "monotonicity_violation_rate": 0.0,
        "negative_gain_rate": 0.0,
        "bounds_violation_rate": 0.0,
        "mastery_correlation": 0.04035552486917413,
        "gain_correlation": 0.10052016349050391
      }
    ]
  },
  "model_config": {
    "num_c": 100,
    "seq_len": 200,
    "d_model": 512,
    "n_heads": 8,
    "num_encoder_blocks": 6,
    "d_ff": 1024,
    "dropout": 0.2,
    "emb_type": "qid",
    "monitor_frequency": 50,
    "non_negative_loss_weight": 0.0,
    "monotonicity_loss_weight": 0.1,
    "mastery_performance_loss_weight": 0.8,
    "gain_performance_loss_weight": 0.8,
    "sparsity_loss_weight": 0.2,
    "consistency_loss_weight": 0.3
  },
  "training_args": {
    "dataset_name": "assist2015",
    "num_epochs": 20,
    "batch_size": 96,
    "learning_rate": 0.000522,
    "weight_decay": 0.00011714,
    "enhanced_constraints": true,
    "fold": 0
  },
  "timestamp": "2025-10-08T02:49:28.235811"
}