{
  "experiment_name": "v1",
  "best_val_auc": 0.7236664504268543,
  "final_consistency_metrics": {
    "monotonicity_violation_rate": 0.0,
    "negative_gain_rate": 0.0,
    "bounds_violation_rate": 0.0,
    "mastery_correlation": 0.014856917562979645,
    "gain_correlation": 0.008376045198059703
  },
  "train_history": {
    "train_loss": [
      0.6066469697989234,
      0.5774538872777953,
      0.5700469663900922,
      0.5629187734552132,
      0.5554911970168122,
      0.5476145901421244,
      0.5393070047215898,
      0.5307149693023326,
      0.5220102776390637,
      0.5017754172169885,
      0.49216861017914704,
      0.484042437501656,
      0.4764992359072663,
      0.46909306123275163,
      0.4620991051197052,
      0.44859191844629687,
      0.44255092763161474,
      0.43733562840971835,
      0.4328895010227381,
      0.4286259040814038
    ],
    "train_auc": [
      0.690372441706207,
      0.720755881018418,
      0.7304933377893422,
      0.7388718780142588,
      0.7465741605538244,
      0.7550478436141601,
      0.7643089948306443,
      0.7743607437426601,
      0.7843244541240335,
      0.8070005694757347,
      0.8167203898474173,
      0.8246657456944128,
      0.8317752532959735,
      0.8384976880887353,
      0.8446536106386352,
      0.8564558751629339,
      0.8614071782497382,
      0.8654826270862449,
      0.8689545216327048,
      0.8721978455962853
    ],
    "val_auc": [
      0.7166905322572762,
      0.7227893929891769,
      0.7236664504268543,
      0.7224137397999445,
      0.7191544272110224,
      0.7143631776934267,
      0.7089173718352021,
      0.7035431738324694,
      0.6974981050753075,
      0.6903973833765964,
      0.6852573223471864,
      0.6809754201239261,
      0.6763224851213023,
      0.6725598769183303,
      0.6693066302953046,
      0.6622519597407253,
      0.6582958645161738,
      0.6558622912638894,
      0.653590506248105,
      0.6518786570763322
    ],
    "consistency_metrics": [
      {
        "monotonicity_violation_rate": 0.0,
        "negative_gain_rate": 0.0,
        "bounds_violation_rate": 0.0,
        "mastery_correlation": 0.015830347668421875,
        "gain_correlation": -0.01416554459295325
      },
      {
        "monotonicity_violation_rate": 0.0,
        "negative_gain_rate": 0.0,
        "bounds_violation_rate": 0.0,
        "mastery_correlation": 0.015146375820565442,
        "gain_correlation": -0.014054790862830215
      },
      {
        "monotonicity_violation_rate": 0.0,
        "negative_gain_rate": 0.0,
        "bounds_violation_rate": 0.0,
        "mastery_correlation": 0.00874174014932532,
        "gain_correlation": 0.01675489192768552
      },
      {
        "monotonicity_violation_rate": 0.0,
        "negative_gain_rate": 0.0,
        "bounds_violation_rate": 0.0,
        "mastery_correlation": 0.0015669575911426911,
        "gain_correlation": 0.036214859012804065
      },
      {
        "monotonicity_violation_rate": 0.0,
        "negative_gain_rate": 0.0,
        "bounds_violation_rate": 0.0,
        "mastery_correlation": 0.02848433870921792,
        "gain_correlation": 0.027802487964828024
      },
      {
        "monotonicity_violation_rate": 0.0,
        "negative_gain_rate": 0.0,
        "bounds_violation_rate": 0.0,
        "mastery_correlation": 0.02657689970697844,
        "gain_correlation": 0.022163342930533528
      },
      {
        "monotonicity_violation_rate": 0.0,
        "negative_gain_rate": 0.0,
        "bounds_violation_rate": 0.0,
        "mastery_correlation": 0.046758640533520024,
        "gain_correlation": 0.04662918282952232
      },
      {
        "monotonicity_violation_rate": 0.0,
        "negative_gain_rate": 0.0,
        "bounds_violation_rate": 0.0,
        "mastery_correlation": 0.038258098047721685,
        "gain_correlation": 0.05803284217867995
      },
      {
        "monotonicity_violation_rate": 0.0,
        "negative_gain_rate": 0.0,
        "bounds_violation_rate": 0.0,
        "mastery_correlation": 0.04368780992792867,
        "gain_correlation": 0.056567381807689276
      },
      {
        "monotonicity_violation_rate": 0.0,
        "negative_gain_rate": 0.0,
        "bounds_violation_rate": 0.0,
        "mastery_correlation": 0.048401515853779664,
        "gain_correlation": 0.06321500450142721
      },
      {
        "monotonicity_violation_rate": 0.0,
        "negative_gain_rate": 0.0,
        "bounds_violation_rate": 0.0,
        "mastery_correlation": 0.03677397026238915,
        "gain_correlation": 0.07607522208090677
      },
      {
        "monotonicity_violation_rate": 0.0,
        "negative_gain_rate": 0.0,
        "bounds_violation_rate": 0.0,
        "mastery_correlation": 0.044693455360945544,
        "gain_correlation": 0.07116967520475109
      },
      {
        "monotonicity_violation_rate": 0.0,
        "negative_gain_rate": 0.0,
        "bounds_violation_rate": 0.0,
        "mastery_correlation": 0.04628305704889636,
        "gain_correlation": 0.06465624489443779
      },
      {
        "monotonicity_violation_rate": 0.0,
        "negative_gain_rate": 0.0,
        "bounds_violation_rate": 0.0,
        "mastery_correlation": 0.04232049740175965,
        "gain_correlation": 0.06030136748281703
      },
      {
        "monotonicity_violation_rate": 0.0,
        "negative_gain_rate": 0.0,
        "bounds_violation_rate": 0.0,
        "mastery_correlation": 0.03687858054313387,
        "gain_correlation": 0.06345082366821471
      },
      {
        "monotonicity_violation_rate": 0.0,
        "negative_gain_rate": 0.0,
        "bounds_violation_rate": 0.0,
        "mastery_correlation": 0.03620455940197822,
        "gain_correlation": 0.06454945087524333
      },
      {
        "monotonicity_violation_rate": 0.0,
        "negative_gain_rate": 0.0,
        "bounds_violation_rate": 0.0,
        "mastery_correlation": 0.03590737171342047,
        "gain_correlation": 0.06437825540012095
      },
      {
        "monotonicity_violation_rate": 0.0,
        "negative_gain_rate": 0.0,
        "bounds_violation_rate": 0.0,
        "mastery_correlation": 0.04131461787408591,
        "gain_correlation": 0.06364556786446407
      },
      {
        "monotonicity_violation_rate": 0.0,
        "negative_gain_rate": 0.0,
        "bounds_violation_rate": 0.0,
        "mastery_correlation": 0.03713872335563578,
        "gain_correlation": 0.0648927005208448
      },
      {
        "monotonicity_violation_rate": 0.0,
        "negative_gain_rate": 0.0,
        "bounds_violation_rate": 0.0,
        "mastery_correlation": 0.03725208799943467,
        "gain_correlation": 0.06442269793123188
      }
    ]
  },
  "model_config": {
    "num_c": 100,
    "seq_len": 200,
    "d_model": 512,
    "n_heads": 8,
    "num_encoder_blocks": 6,
    "d_ff": 1024,
    "dropout": 0.2,
    "emb_type": "qid",
    "monitor_frequency": 50,
    "non_negative_loss_weight": 0.0,
    "monotonicity_loss_weight": 0.1,
    "mastery_performance_loss_weight": 0.8,
    "gain_performance_loss_weight": 0.8,
    "sparsity_loss_weight": 0.2,
    "consistency_loss_weight": 0.3
  },
  "training_args": {
    "dataset_name": "assist2015",
    "num_epochs": 20,
    "batch_size": 96,
    "learning_rate": 0.0004524,
    "weight_decay": 9.956900000000001e-05,
    "enhanced_constraints": true,
    "fold": 0
  },
  "timestamp": "2025-10-08T02:46:22.084661"
}