{
  "experiment_name": "v1",
  "best_val_auc": 0.7260371465485588,
  "final_consistency_metrics": {
    "monotonicity_violation_rate": 0.0,
    "negative_gain_rate": 0.0,
    "bounds_violation_rate": 0.0,
    "mastery_correlation": 0.02062602460113501,
    "gain_correlation": 0.00553886327773186
  },
  "train_history": {
    "train_loss": [
      0.6170134059218473,
      0.5789951155352038,
      0.5695300328639127,
      0.5614131037579027,
      0.5522430400515712,
      0.539405090402263,
      0.520906868600106,
      0.49721689487612525,
      0.4689267552638239,
      0.42763656285382057,
      0.39943038031112316,
      0.37387162654898887,
      0.35002601862877836,
      0.332113329061242,
      0.31519175499908686,
      0.2944056905748308,
      0.2722481839185537,
      0.257005636197652,
      0.2460486089536386,
      0.23677857289480608
    ],
    "train_auc": [
      0.6815586333454027,
      0.7201555797201219,
      0.7334460317906937,
      0.7446945580824714,
      0.7568085125661667,
      0.7730363881434105,
      0.7942945941903483,
      0.8186063191149778,
      0.8442441599253705,
      0.8770302657471759,
      0.8965394477720866,
      0.9119516319242791,
      0.924893353089137,
      0.9338205640294348,
      0.9417210711994781,
      0.950903922282824,
      0.9594205757714527,
      0.9647396546097744,
      0.9683476014273471,
      0.9711222570315148
    ],
    "val_auc": [
      0.7151583953300517,
      0.7235933987394603,
      0.7260371465485588,
      0.7240831956828531,
      0.7178150647489643,
      0.7076972040759251,
      0.6951702955886463,
      0.6849662488406303,
      0.6798852548708871,
      0.665663355217756,
      0.642535455075594,
      0.6275417701283553,
      0.6206962837722492,
      0.6192675246673459,
      0.6202184517667855,
      0.6181705114343728,
      0.6130975888347134,
      0.6103119792171359,
      0.6084924564413624,
      0.6073482489690925
    ],
    "consistency_metrics": [
      {
        "monotonicity_violation_rate": 0.0,
        "negative_gain_rate": 0.0,
        "bounds_violation_rate": 0.0,
        "mastery_correlation": 0.02187767581992238,
        "gain_correlation": -0.052996838628456125
      },
      {
        "monotonicity_violation_rate": 0.0,
        "negative_gain_rate": 0.0,
        "bounds_violation_rate": 0.0,
        "mastery_correlation": 0.022808478260844624,
        "gain_correlation": -0.043354754455342176
      },
      {
        "monotonicity_violation_rate": 0.0,
        "negative_gain_rate": 0.0,
        "bounds_violation_rate": 0.0,
        "mastery_correlation": 0.01272739731788426,
        "gain_correlation": -0.03238409387080275
      },
      {
        "monotonicity_violation_rate": 0.0,
        "negative_gain_rate": 0.0,
        "bounds_violation_rate": 0.0,
        "mastery_correlation": 0.00640940504416206,
        "gain_correlation": -0.030153061287462084
      },
      {
        "monotonicity_violation_rate": 0.0,
        "negative_gain_rate": 0.0,
        "bounds_violation_rate": 0.0,
        "mastery_correlation": 0.003261826949130338,
        "gain_correlation": -0.034405755628551686
      },
      {
        "monotonicity_violation_rate": 0.0,
        "negative_gain_rate": 0.0,
        "bounds_violation_rate": 0.0,
        "mastery_correlation": 0.02519109560045249,
        "gain_correlation": -0.03441990500686664
      },
      {
        "monotonicity_violation_rate": 0.0,
        "negative_gain_rate": 0.0,
        "bounds_violation_rate": 0.0,
        "mastery_correlation": 0.023146264220057215,
        "gain_correlation": -0.035035205907375105
      },
      {
        "monotonicity_violation_rate": 0.0,
        "negative_gain_rate": 0.0,
        "bounds_violation_rate": 0.0,
        "mastery_correlation": 0.040592712270200476,
        "gain_correlation": -0.035109133586469846
      },
      {
        "monotonicity_violation_rate": 0.0,
        "negative_gain_rate": 0.0,
        "bounds_violation_rate": 0.0,
        "mastery_correlation": 0.041037913864135966,
        "gain_correlation": -0.022847771841733533
      },
      {
        "monotonicity_violation_rate": 0.0,
        "negative_gain_rate": 0.0,
        "bounds_violation_rate": 0.0,
        "mastery_correlation": 0.031473208296008,
        "gain_correlation": -0.0018984619699738796
      },
      {
        "monotonicity_violation_rate": 0.0,
        "negative_gain_rate": 0.0,
        "bounds_violation_rate": 0.0,
        "mastery_correlation": 0.031628527066638115,
        "gain_correlation": -0.002857512469625626
      },
      {
        "monotonicity_violation_rate": 0.0,
        "negative_gain_rate": 0.0,
        "bounds_violation_rate": 0.0,
        "mastery_correlation": 0.027112914580840537,
        "gain_correlation": -0.008355846803074909
      },
      {
        "monotonicity_violation_rate": 0.0,
        "negative_gain_rate": 0.0,
        "bounds_violation_rate": 0.0,
        "mastery_correlation": 0.035329936423175876,
        "gain_correlation": -0.002044444448483111
      },
      {
        "monotonicity_violation_rate": 0.0,
        "negative_gain_rate": 0.0,
        "bounds_violation_rate": 0.0,
        "mastery_correlation": 0.031194190001025177,
        "gain_correlation": 0.004823081560527444
      },
      {
        "monotonicity_violation_rate": 0.0,
        "negative_gain_rate": 0.0,
        "bounds_violation_rate": 0.0,
        "mastery_correlation": 0.026402669895021193,
        "gain_correlation": 0.017713502416883013
      },
      {
        "monotonicity_violation_rate": 0.0,
        "negative_gain_rate": 0.0,
        "bounds_violation_rate": 0.0,
        "mastery_correlation": 0.03039002937906069,
        "gain_correlation": 0.014102211237287629
      },
      {
        "monotonicity_violation_rate": 0.0,
        "negative_gain_rate": 0.0,
        "bounds_violation_rate": 0.0,
        "mastery_correlation": 0.024270254990194064,
        "gain_correlation": 0.01996447944420024
      },
      {
        "monotonicity_violation_rate": 0.0,
        "negative_gain_rate": 0.0,
        "bounds_violation_rate": 0.0,
        "mastery_correlation": 0.027287872341543926,
        "gain_correlation": 0.018520595900121468
      },
      {
        "monotonicity_violation_rate": 0.0,
        "negative_gain_rate": 0.0,
        "bounds_violation_rate": 0.0,
        "mastery_correlation": 0.020988028171181804,
        "gain_correlation": 0.0210381924640244
      },
      {
        "monotonicity_violation_rate": 0.0,
        "negative_gain_rate": 0.0,
        "bounds_violation_rate": 0.0,
        "mastery_correlation": 0.0063361579874746604,
        "gain_correlation": 0.018218138368922374
      }
    ]
  },
  "model_config": {
    "num_c": 100,
    "seq_len": 200,
    "d_model": 512,
    "n_heads": 8,
    "num_encoder_blocks": 6,
    "d_ff": 1024,
    "dropout": 0.2,
    "emb_type": "qid",
    "monitor_frequency": 50,
    "non_negative_loss_weight": 0.0,
    "monotonicity_loss_weight": 0.1,
    "mastery_performance_loss_weight": 0.8,
    "gain_performance_loss_weight": 0.8,
    "sparsity_loss_weight": 0.2,
    "consistency_loss_weight": 0.3
  },
  "training_args": {
    "dataset_name": "assist2015",
    "num_epochs": 20,
    "batch_size": 96,
    "learning_rate": 0.000174,
    "weight_decay": 1.7571e-05,
    "enhanced_constraints": true,
    "fold": 0
  },
  "timestamp": "2025-10-08T02:48:16.116536"
}