{
  "experiment_name": "improved_sweep_run_7",
  "best_val_auc": 0.723727757371768,
  "final_consistency_metrics": {
    "monotonicity_violation_rate": 0.0,
    "negative_gain_rate": 0.0,
    "bounds_violation_rate": 0.0,
    "mastery_correlation": 0.014774476815343692,
    "gain_correlation": 0.009315892212662213
  },
  "train_history": {
    "train_loss": [
      0.6089643203010855,
      0.5761994396069253,
      0.5675693547078805,
      0.5581447828647702,
      0.5466512748899386,
      0.5321518196616062,
      0.5153067823528319,
      0.4981661390426547,
      0.48105359169863915,
      0.453539464362832,
      0.4374247752418814,
      0.42377741738807323,
      0.41100802948308546,
      0.40016601875770924,
      0.3908830051736314
    ],
    "train_auc": [
      0.6866447862600449,
      0.7228846780558728,
      0.7348018265880703,
      0.7468826429534093,
      0.7606123054214555,
      0.7772757128628294,
      0.7954775804996939,
      0.8126793204980733,
      0.8285039132805536,
      0.8531378597509525,
      0.8657608405235576,
      0.8757228737762253,
      0.8847159120393854,
      0.891788750999418,
      0.8976315697942749
    ],
    "val_auc": [
      0.7169487128987356,
      0.7233927053661596,
      0.723727757371768,
      0.7184735969228518,
      0.710574164016772,
      0.7012719501426666,
      0.6920324542869938,
      0.6845557390074282,
      0.6778615515549639,
      0.6728943823761749,
      0.6680346375421093,
      0.664921436455995,
      0.6583680558649745,
      0.6514420102404086,
      0.6418526578066028
    ],
    "consistency_metrics": [
      {
        "monotonicity_violation_rate": 0.0,
        "negative_gain_rate": 0.0,
        "bounds_violation_rate": 0.0,
        "mastery_correlation": 0.018253067946976332,
        "gain_correlation": 0.00022080860174080865
      },
      {
        "monotonicity_violation_rate": 0.0,
        "negative_gain_rate": 0.0,
        "bounds_violation_rate": 0.0,
        "mastery_correlation": 0.013714303265961255,
        "gain_correlation": 0.032014438019382224
      },
      {
        "monotonicity_violation_rate": 0.0,
        "negative_gain_rate": 0.0,
        "bounds_violation_rate": 0.0,
        "mastery_correlation": 0.01418085704382568,
        "gain_correlation": 0.030569507220860007
      },
      {
        "monotonicity_violation_rate": 0.0,
        "negative_gain_rate": 0.0,
        "bounds_violation_rate": 0.0,
        "mastery_correlation": 0.004979124282911675,
        "gain_correlation": 0.024037143985582113
      },
      {
        "monotonicity_violation_rate": 0.0,
        "negative_gain_rate": 0.0,
        "bounds_violation_rate": 0.0,
        "mastery_correlation": 0.006941312715826493,
        "gain_correlation": 0.03772773822791786
      },
      {
        "monotonicity_violation_rate": 0.0,
        "negative_gain_rate": 0.0,
        "bounds_violation_rate": 0.0,
        "mastery_correlation": 0.03394582572491319,
        "gain_correlation": 0.024963781857814487
      },
      {
        "monotonicity_violation_rate": 0.0,
        "negative_gain_rate": 0.0,
        "bounds_violation_rate": 0.0,
        "mastery_correlation": 0.04375710795976649,
        "gain_correlation": 0.04775608997837399
      },
      {
        "monotonicity_violation_rate": 0.0,
        "negative_gain_rate": 0.0,
        "bounds_violation_rate": 0.0,
        "mastery_correlation": 0.0444434785859334,
        "gain_correlation": 0.051778811086331436
      },
      {
        "monotonicity_violation_rate": 0.0,
        "negative_gain_rate": 0.0,
        "bounds_violation_rate": 0.0,
        "mastery_correlation": 0.052047305133478765,
        "gain_correlation": 0.05477476846947032
      },
      {
        "monotonicity_violation_rate": 0.0,
        "negative_gain_rate": 0.0,
        "bounds_violation_rate": 0.0,
        "mastery_correlation": 0.04437631829252949,
        "gain_correlation": 0.05091665241462415
      },
      {
        "monotonicity_violation_rate": 0.0,
        "negative_gain_rate": 0.0,
        "bounds_violation_rate": 0.0,
        "mastery_correlation": 0.02037988686133873,
        "gain_correlation": 0.05035494551052294
      },
      {
        "monotonicity_violation_rate": 0.0,
        "negative_gain_rate": 0.0,
        "bounds_violation_rate": 0.0,
        "mastery_correlation": 0.022643272297171804,
        "gain_correlation": 0.05623080748984555
      },
      {
        "monotonicity_violation_rate": 0.0,
        "negative_gain_rate": 0.0,
        "bounds_violation_rate": 0.0,
        "mastery_correlation": 0.03648875195707087,
        "gain_correlation": 0.06526610819944273
      },
      {
        "monotonicity_violation_rate": 0.0,
        "negative_gain_rate": 0.0,
        "bounds_violation_rate": 0.0,
        "mastery_correlation": 0.03438285249897308,
        "gain_correlation": 0.06634312201922699
      },
      {
        "monotonicity_violation_rate": 0.0,
        "negative_gain_rate": 0.0,
        "bounds_violation_rate": 0.0,
        "mastery_correlation": 0.03884351002527141,
        "gain_correlation": 0.06830245220450684
      }
    ]
  },
  "model_config": {
    "num_c": 100,
    "seq_len": 200,
    "d_model": 512,
    "n_heads": 8,
    "num_encoder_blocks": 6,
    "d_ff": 1024,
    "dropout": 0.2,
    "emb_type": "qid",
    "monitor_frequency": 50,
    "non_negative_loss_weight": 0.0,
    "monotonicity_loss_weight": 0.1,
    "mastery_performance_loss_weight": 0.8,
    "gain_performance_loss_weight": 0.8,
    "sparsity_loss_weight": 0.2,
    "consistency_loss_weight": 0.3
  },
  "training_args": {
    "dataset_name": "assist2015",
    "num_epochs": 15,
    "batch_size": 96,
    "learning_rate": 0.0004001510865185277,
    "weight_decay": 4.100143764734773e-05,
    "enhanced_constraints": true,
    "fold": 0
  },
  "timestamp": "2025-10-07T23:54:08.234688"
}