{
  "experiment_name": "v1",
  "best_val_auc": 0.7223641522282367,
  "final_consistency_metrics": {
    "monotonicity_violation_rate": 0.0,
    "negative_gain_rate": 0.0,
    "bounds_violation_rate": 0.0,
    "mastery_correlation": 0.02037857612171842,
    "gain_correlation": 0.008963689331198675
  },
  "train_history": {
    "train_loss": [
      0.6069193380484309,
      0.5783347626424207,
      0.5718155958800736,
      0.5656940727036234,
      0.5599638421300779,
      0.555635214932842,
      0.552324982041522,
      0.5496350596296973,
      0.5473741123095696,
      0.5451413738912869,
      0.5359965144352592,
      0.5329193653529172,
      0.530426378077176,
      0.5282149268555517,
      0.5259341358211992,
      0.5239371851935906,
      0.5158682996744937,
      0.5132001530321151,
      0.5110770131948699,
      0.5092538144304345
    ],
    "train_auc": [
      0.6851180484927559,
      0.7187825192616742,
      0.7265046253976162,
      0.7318283797597034,
      0.7368405410951547,
      0.7412191857838921,
      0.7453689507295689,
      0.7488212588318334,
      0.7518686448917484,
      0.7550211460623936,
      0.7672118952857911,
      0.7709866807160645,
      0.7739662813492517,
      0.7766427698807906,
      0.7792174163206633,
      0.7816398936960939,
      0.7912917548734089,
      0.7942115425595,
      0.7965053214279052,
      0.7983939356821268
    ],
    "val_auc": [
      0.7150225160191082,
      0.7204942665169161,
      0.722142751369521,
      0.7223641522282367,
      0.7211321818451256,
      0.719475537445736,
      0.7175343882114037,
      0.71638365270762,
      0.7150940834808039,
      0.7135980943211983,
      0.7121075982252365,
      0.71025537938097,
      0.7083051361238657,
      0.7066649526889389,
      0.7050473897797519,
      0.7035482124659087,
      0.7008057833236095,
      0.69932747334624,
      0.697854886726412,
      0.69649752193175
    ],
    "consistency_metrics": [
      {
        "monotonicity_violation_rate": 0.0,
        "negative_gain_rate": 0.0,
        "bounds_violation_rate": 0.0,
        "mastery_correlation": 0.013590564684442674,
        "gain_correlation": 0.012002810735308891
      },
      {
        "monotonicity_violation_rate": 0.0,
        "negative_gain_rate": 0.0,
        "bounds_violation_rate": 0.0,
        "mastery_correlation": -0.0006511462254828329,
        "gain_correlation": 0.019162534065131367
      },
      {
        "monotonicity_violation_rate": 0.0,
        "negative_gain_rate": 0.0,
        "bounds_violation_rate": 0.0,
        "mastery_correlation": 0.019613452311178912,
        "gain_correlation": 0.021218601471818477
      },
      {
        "monotonicity_violation_rate": 0.0,
        "negative_gain_rate": 0.0,
        "bounds_violation_rate": 0.0,
        "mastery_correlation": 0.03315800160827818,
        "gain_correlation": 0.043363989136889956
      },
      {
        "monotonicity_violation_rate": 0.0,
        "negative_gain_rate": 0.0,
        "bounds_violation_rate": 0.0,
        "mastery_correlation": 0.033951750202427314,
        "gain_correlation": 0.05394217686544434
      },
      {
        "monotonicity_violation_rate": 0.0,
        "negative_gain_rate": 0.0,
        "bounds_violation_rate": 0.0,
        "mastery_correlation": 0.03955758198366055,
        "gain_correlation": 0.08637056085036436
      },
      {
        "monotonicity_violation_rate": 0.0,
        "negative_gain_rate": 0.0,
        "bounds_violation_rate": 0.0,
        "mastery_correlation": 0.04042179884160869,
        "gain_correlation": 0.1002088928742172
      },
      {
        "monotonicity_violation_rate": 0.0,
        "negative_gain_rate": 0.0,
        "bounds_violation_rate": 0.0,
        "mastery_correlation": 0.044517956481500476,
        "gain_correlation": 0.10175376585736863
      },
      {
        "monotonicity_violation_rate": 0.0,
        "negative_gain_rate": 0.0,
        "bounds_violation_rate": 0.0,
        "mastery_correlation": 0.04619247261335863,
        "gain_correlation": 0.10195694757806413
      },
      {
        "monotonicity_violation_rate": 0.0,
        "negative_gain_rate": 0.0,
        "bounds_violation_rate": 0.0,
        "mastery_correlation": 0.04744852850734377,
        "gain_correlation": 0.09837263053074062
      },
      {
        "monotonicity_violation_rate": 0.0,
        "negative_gain_rate": 0.0,
        "bounds_violation_rate": 0.0,
        "mastery_correlation": 0.058666446883111914,
        "gain_correlation": 0.0977423871356484
      },
      {
        "monotonicity_violation_rate": 0.0,
        "negative_gain_rate": 0.0,
        "bounds_violation_rate": 0.0,
        "mastery_correlation": 0.05601526848759012,
        "gain_correlation": 0.09564709085513613
      },
      {
        "monotonicity_violation_rate": 0.0,
        "negative_gain_rate": 0.0,
        "bounds_violation_rate": 0.0,
        "mastery_correlation": 0.05642912925220176,
        "gain_correlation": 0.09817372542117267
      },
      {
        "monotonicity_violation_rate": 0.0,
        "negative_gain_rate": 0.0,
        "bounds_violation_rate": 0.0,
        "mastery_correlation": 0.05240383442223724,
        "gain_correlation": 0.09711721910556355
      },
      {
        "monotonicity_violation_rate": 0.0,
        "negative_gain_rate": 0.0,
        "bounds_violation_rate": 0.0,
        "mastery_correlation": 0.0497659976638496,
        "gain_correlation": 0.09190665245035229
      },
      {
        "monotonicity_violation_rate": 0.0,
        "negative_gain_rate": 0.0,
        "bounds_violation_rate": 0.0,
        "mastery_correlation": 0.04084834620514386,
        "gain_correlation": 0.06720354984952867
      },
      {
        "monotonicity_violation_rate": 0.0,
        "negative_gain_rate": 0.0,
        "bounds_violation_rate": 0.0,
        "mastery_correlation": 0.06328157894716228,
        "gain_correlation": 0.06489758956523001
      },
      {
        "monotonicity_violation_rate": 0.0,
        "negative_gain_rate": 0.0,
        "bounds_violation_rate": 0.0,
        "mastery_correlation": 0.06328802126875542,
        "gain_correlation": 0.06629237354802234
      },
      {
        "monotonicity_violation_rate": 0.0,
        "negative_gain_rate": 0.0,
        "bounds_violation_rate": 0.0,
        "mastery_correlation": 0.059333141583087876,
        "gain_correlation": 0.06635119856894706
      },
      {
        "monotonicity_violation_rate": 0.0,
        "negative_gain_rate": 0.0,
        "bounds_violation_rate": 0.0,
        "mastery_correlation": 0.06138668963869408,
        "gain_correlation": 0.06727106584336257
      }
    ]
  },
  "model_config": {
    "num_c": 100,
    "seq_len": 200,
    "d_model": 512,
    "n_heads": 8,
    "num_encoder_blocks": 6,
    "d_ff": 1024,
    "dropout": 0.2,
    "emb_type": "qid",
    "monitor_frequency": 50,
    "non_negative_loss_weight": 0.0,
    "monotonicity_loss_weight": 0.1,
    "mastery_performance_loss_weight": 0.8,
    "gain_performance_loss_weight": 0.8,
    "sparsity_loss_weight": 0.2,
    "consistency_loss_weight": 0.3
  },
  "training_args": {
    "dataset_name": "assist2015",
    "num_epochs": 20,
    "batch_size": 64,
    "learning_rate": 0.000522,
    "weight_decay": 0.00011714,
    "enhanced_constraints": true,
    "fold": 0
  },
  "timestamp": "2025-10-08T02:56:37.517529"
}