{
  "experiment_name": "v1",
  "best_val_auc": 0.7248898191481579,
  "final_consistency_metrics": {
    "monotonicity_violation_rate": 0.0,
    "negative_gain_rate": 0.0,
    "bounds_violation_rate": 0.0,
    "mastery_correlation": 0.02040692478177901,
    "gain_correlation": 0.004869777162587688
  },
  "train_history": {
    "train_loss": [
      0.6163386813144094,
      0.5775353601298381,
      0.5693611668557236,
      0.5621289248319016,
      0.5538697181288729,
      0.5431075627656327,
      0.5299076818928277,
      0.5146039122158719,
      0.49886417911224756,
      0.4730045054991221,
      0.45895541359468833,
      0.44611339501498903,
      0.4341577512701762,
      0.4232080695555382,
      0.41314081463617147,
      0.4009362124290663,
      0.3920165131387022,
      0.38276319282571064,
      0.37487821880075123,
      0.36890824093032126
    ],
    "train_auc": [
      0.6817608342373241,
      0.7218810237754779,
      0.7333983817880088,
      0.743162910631337,
      0.7537104443203546,
      0.7670376653807259,
      0.7824507087032453,
      0.7988403846901655,
      0.8143639783160568,
      0.8387614666318484,
      0.850389002501825,
      0.8604363704284828,
      0.8693313673577975,
      0.8769619524687808,
      0.8837868740520405,
      0.8923634171815074,
      0.8979168976558736,
      0.9035233574870729,
      0.908126184293081,
      0.9115545157213308
    ],
    "val_auc": [
      0.7155956650678654,
      0.7234232657358429,
      0.7248898191481579,
      0.7232508881672095,
      0.7177710542304396,
      0.7081572633037718,
      0.6977886913932757,
      0.6870808478033147,
      0.6783937427724354,
      0.6726998874801257,
      0.6661009547561357,
      0.6597137264094013,
      0.6544472648180958,
      0.6492723262089071,
      0.6448734011883096,
      0.6483122085356712,
      0.6465078794921639,
      0.6439839770914764,
      0.6414784248041238,
      0.6407396084829355
    ],
    "consistency_metrics": [
      {
        "monotonicity_violation_rate": 0.0,
        "negative_gain_rate": 0.0,
        "bounds_violation_rate": 0.0,
        "mastery_correlation": 0.017707930888462346,
        "gain_correlation": -0.03983478243758358
      },
      {
        "monotonicity_violation_rate": 0.0,
        "negative_gain_rate": 0.0,
        "bounds_violation_rate": 0.0,
        "mastery_correlation": 0.03832597924021711,
        "gain_correlation": -0.003820973765337922
      },
      {
        "monotonicity_violation_rate": 0.0,
        "negative_gain_rate": 0.0,
        "bounds_violation_rate": 0.0,
        "mastery_correlation": 0.025471814539661713,
        "gain_correlation": 0.008937070727646969
      },
      {
        "monotonicity_violation_rate": 0.0,
        "negative_gain_rate": 0.0,
        "bounds_violation_rate": 0.0,
        "mastery_correlation": 0.021056859164152245,
        "gain_correlation": -0.007548330041359134
      },
      {
        "monotonicity_violation_rate": 0.0,
        "negative_gain_rate": 0.0,
        "bounds_violation_rate": 0.0,
        "mastery_correlation": 0.02471546630645733,
        "gain_correlation": -0.01940759886775373
      },
      {
        "monotonicity_violation_rate": 0.0,
        "negative_gain_rate": 0.0,
        "bounds_violation_rate": 0.0,
        "mastery_correlation": 0.028017614796341527,
        "gain_correlation": -0.0005528820226119585
      },
      {
        "monotonicity_violation_rate": 0.0,
        "negative_gain_rate": 0.0,
        "bounds_violation_rate": 0.0,
        "mastery_correlation": 0.03332126440205461,
        "gain_correlation": 0.018589092944919016
      },
      {
        "monotonicity_violation_rate": 0.0,
        "negative_gain_rate": 0.0,
        "bounds_violation_rate": 0.0,
        "mastery_correlation": 0.03261145328148568,
        "gain_correlation": 0.028555128667773846
      },
      {
        "monotonicity_violation_rate": 0.0,
        "negative_gain_rate": 0.0,
        "bounds_violation_rate": 0.0,
        "mastery_correlation": 0.025462393091666806,
        "gain_correlation": 0.023911204054475752
      },
      {
        "monotonicity_violation_rate": 0.0,
        "negative_gain_rate": 0.0,
        "bounds_violation_rate": 0.0,
        "mastery_correlation": 0.042494612905120244,
        "gain_correlation": 0.01842616433404119
      },
      {
        "monotonicity_violation_rate": 0.0,
        "negative_gain_rate": 0.0,
        "bounds_violation_rate": 0.0,
        "mastery_correlation": 0.04080417566652521,
        "gain_correlation": 0.027912354745391683
      },
      {
        "monotonicity_violation_rate": 0.0,
        "negative_gain_rate": 0.0,
        "bounds_violation_rate": 0.0,
        "mastery_correlation": 0.03825467749145273,
        "gain_correlation": 0.028176359380708494
      },
      {
        "monotonicity_violation_rate": 0.0,
        "negative_gain_rate": 0.0,
        "bounds_violation_rate": 0.0,
        "mastery_correlation": 0.03962883129943548,
        "gain_correlation": 0.034171940067679
      },
      {
        "monotonicity_violation_rate": 0.0,
        "negative_gain_rate": 0.0,
        "bounds_violation_rate": 0.0,
        "mastery_correlation": 0.04264828506215571,
        "gain_correlation": 0.04254246950342557
      },
      {
        "monotonicity_violation_rate": 0.0,
        "negative_gain_rate": 0.0,
        "bounds_violation_rate": 0.0,
        "mastery_correlation": 0.04942438496953146,
        "gain_correlation": 0.05013884290002328
      },
      {
        "monotonicity_violation_rate": 0.0,
        "negative_gain_rate": 0.0,
        "bounds_violation_rate": 0.0,
        "mastery_correlation": 0.044985201706507646,
        "gain_correlation": 0.05309588548643815
      },
      {
        "monotonicity_violation_rate": 0.0,
        "negative_gain_rate": 0.0,
        "bounds_violation_rate": 0.0,
        "mastery_correlation": 0.046846646358886634,
        "gain_correlation": 0.05613840948220765
      },
      {
        "monotonicity_violation_rate": 0.0,
        "negative_gain_rate": 0.0,
        "bounds_violation_rate": 0.0,
        "mastery_correlation": 0.04675052253587514,
        "gain_correlation": 0.05528736000775733
      },
      {
        "monotonicity_violation_rate": 0.0,
        "negative_gain_rate": 0.0,
        "bounds_violation_rate": 0.0,
        "mastery_correlation": 0.044870743298847555,
        "gain_correlation": 0.05376604935720605
      },
      {
        "monotonicity_violation_rate": 0.0,
        "negative_gain_rate": 0.0,
        "bounds_violation_rate": 0.0,
        "mastery_correlation": 0.04163697186919451,
        "gain_correlation": 0.0583696732194046
      }
    ]
  },
  "model_config": {
    "num_c": 100,
    "seq_len": 200,
    "d_model": 512,
    "n_heads": 8,
    "num_encoder_blocks": 6,
    "d_ff": 1024,
    "dropout": 0.2,
    "emb_type": "qid",
    "monitor_frequency": 50,
    "non_negative_loss_weight": 0.0,
    "monotonicity_loss_weight": 0.1,
    "mastery_performance_loss_weight": 0.8,
    "gain_performance_loss_weight": 0.8,
    "sparsity_loss_weight": 0.2,
    "consistency_loss_weight": 0.3
  },
  "training_args": {
    "epochs": 20,
    "batch_size": 128,
    "lr": 0.0003,
    "weight_decay": 5.9e-05,
    "patience": 20,
    "enhanced_constraints": true,
    "monitor_freq": 50,
    "dataset": "assist2015",
    "fold": 0,
    "experiment_suffix": "v1",
    "use_wandb": 0
  },
  "log_file": "logs/gainakt2exp_full_v1_20251007_220020.log",
  "timestamp": "2025-10-07T22:20:28.526680"
}