epoch,train_loss,train_auc,val_loss,val_auc,val_accuracy,monotonicity_violation_rate,negative_gain_rate,bounds_violation_rate,mastery_correlation,gain_correlation,bce_loss_share,incremental_mastery_loss_share
1,0.5503110930400809,0.6787524556040601,0.5197528643267495,0.7084035021598438,0.7488345385356548,0.0,0.0,0.0,0.0,0.0,0.9730286350567117,1.2427425476904956
2,0.534184767020181,0.7150798267394366,0.5137600771018437,0.7185311718751043,0.7514331039718148,0.0,0.0,0.0,0.0,0.0,0.9729438600596544,1.2435054915854002
3,0.5251788663740603,0.7271958221601907,0.5113620733728215,0.7224734359190925,0.7533114677515109,0.0,0.0,0.0,0.0,0.0,0.9752158993958134,1.2230570871456736
