epoch,train_loss,train_auc,train_acc,val_loss,val_auc,val_acc,train_bce_loss,train_im_loss,val_bce_loss,val_im_loss,train_encoder1_auc,train_encoder1_acc,val_encoder1_auc,val_encoder1_acc,train_encoder2_auc,train_encoder2_acc,val_encoder2_auc,val_encoder2_acc
1,0.597290,0.677991,0.734370,0.597290,0.673812,0.740241,0.563586,0.605716,0.563586,0.605716,0.677991,0.734370,0.673812,0.740241,0.517111,0.734370,0.518916,0.740241
2,0.594856,0.688848,0.734370,0.594856,0.683124,0.740241,0.554694,0.604897,0.554694,0.604897,0.688848,0.734370,0.683124,0.740241,0.520804,0.734370,0.522159,0.740241
3,0.593767,0.693580,0.734370,0.593767,0.686981,0.740241,0.552456,0.604094,0.552456,0.604094,0.693580,0.734370,0.686981,0.740241,0.523445,0.734370,0.524678,0.740241
4,0.592838,0.697427,0.734370,0.592838,0.689418,0.740241,0.550926,0.603316,0.550926,0.603316,0.697427,0.734370,0.689418,0.740241,0.525690,0.734370,0.526813,0.740241
5,0.591996,0.700160,0.734370,0.591996,0.690326,0.740241,0.549595,0.602596,0.549595,0.602596,0.700160,0.734370,0.690326,0.740241,0.527474,0.734370,0.528583,0.740241
6,0.591219,0.701890,0.734370,0.591219,0.689858,0.740241,0.548361,0.601934,0.548361,0.601934,0.701890,0.734370,0.689858,0.740241,0.528942,0.734370,0.529944,0.740241
