split,total_auc,bce_auc,mastery_auc,total_acc,bce_acc,mastery_acc
training,0.7436037324865592,0.7436037324159908,0.5,0.7582903913121016,0.7582997775462507,0.2656304264166174
validation,0.711206949579198,0.7112069473624651,0.5,0.7506934374057168,0.7506837049508998,0.25975921906782545
test,0.7063992266866316,0.7063992304978617,0.5,0.7457426890156919,0.7457352591535901,0.26662803138373753
