{
  "prediction_mse": 0.05202297121286392,
  "prediction_corr": 0.6225802565152545,
  "initmastery_mse": 0.03195652738213539,
  "initmastery_corr": 0.5601360096153681,
  "learning_rate_mse": 0.13799482583999634,
  "learning_rate_corr": 0.3172413203677809,
  "h2_functional_alignment": 0.2762862003520247,
  "h3_discriminant_overlap": 0.017332225428161742,
  "h3_latent_overlap": 0.09084802601948205
}