split,auc,acc,l_sup,l_ref,l_init,l_rate,l_reg
test,0.825530,0.759574,0.489059,0.049006,0.032929,0.141841,0.000028
