{
  "0": {
    "r2": -2738.7815110564925,
    "pearson": -0.06602263709223301,
    "count": 214
  },
  "1": {
    "r2": -59.09400125215109,
    "pearson": 0.1328076557503035,
    "count": 556
  },
  "2": {
    "r2": 0.9450603431763289,
    "pearson": 0.9752527657596339,
    "count": 199
  },
  "3": {
    "r2": -1.5193893189794898,
    "pearson": 0.4779452870207387,
    "count": 109
  },
  "4": {
    "r2": -1.3419847467290067,
    "pearson": 0.19240297474080334,
    "count": 125
  },
  "5": {
    "r2": -242.73342658220383,
    "pearson": -0.10359351218439661,
    "count": 394
  },
  "8": {
    "r2": -56311.87191848424,
    "pearson": -0.2391847467815506,
    "count": 146
  },
  "9": {
    "r2": -57.41874514287106,
    "pearson": 0.33252837527570817,
    "count": 177
  },
  "10": {
    "r2": -29.458333483472803,
    "pearson": 0.1162426733156944,
    "count": 61
  },
  "11": {
    "r2": -33.61479611938159,
    "pearson": 0.0946803273293635,
    "count": 459
  },
  "12": {
    "r2": -165.7746554648987,
    "pearson": 0.0763067951649697,
    "count": 416
  },
  "14": {
    "r2": -252.44190356485296,
    "pearson": -0.38669132943725293,
    "count": 60
  },
  "15": {
    "r2": -18036.073398955195,
    "pearson": 0.010589090285901513,
    "count": 332
  },
  "16": {
    "r2": 0.8358815803629613,
    "pearson": 0.9845149261546735,
    "count": 35
  },
  "17": {
    "r2": 0.7639689805661817,
    "pearson": 0.8829912171485466,
    "count": 58
  },
  "18": {
    "r2": -0.4878428172427489,
    "pearson": 0.45757779857389985,
    "count": 65
  },
  "19": {
    "r2": -0.06804677107958312,
    "pearson": 0.8297382608216524,
    "count": 42
  },
  "20": {
    "r2": -0.7639811384985495,
    "pearson": 0.3209704418007835,
    "count": 178
  },
  "21": {
    "r2": 0.4013080042443786,
    "pearson": 0.7433880641679953,
    "count": 63
  },
  "22": {
    "r2": 0.9226682042546933,
    "pearson": 0.9690784850897635,
    "count": 64
  },
  "23": {
    "r2": -19.605473537358883,
    "pearson": 0.31102075846504074,
    "count": 262
  },
  "24": {
    "r2": 0.6184052802038094,
    "pearson": 0.8327949504779192,
    "count": 70
  },
  "25": {
    "r2": -112.70588452082282,
    "pearson": -0.053790708431891626,
    "count": 258
  },
  "26": {
    "r2": -0.8744166611027238,
    "pearson": 0.6073435959009993,
    "count": 128
  },
  "27": {
    "r2": 0.5999160253214937,
    "pearson": 0.9547692142164486,
    "count": 42
  },
  "28": {
    "r2": -2856.501452430343,
    "pearson": -0.29305365836033714,
    "count": 164
  },
  "30": {
    "r2": -410.7422719733561,
    "pearson": 0.3648161138307311,
    "count": 80
  },
  "31": {
    "r2": 0.3086564509915103,
    "pearson": 0.7733868062193663,
    "count": 88
  },
  "32": {
    "r2": -0.2648713121800901,
    "pearson": 0.8788395161583213,
    "count": 31
  },
  "37": {
    "r2": 0.35161117632397754,
    "pearson": 0.9445496978867977,
    "count": 25
  },
  "38": {
    "r2": -5.10431150056062,
    "pearson": 0.5546710112262287,
    "count": 47
  },
  "44": {
    "r2": 0.9444395056366709,
    "pearson": 0.9746810074840906,
    "count": 81
  },
  "45": {
    "r2": -35.45237414655733,
    "pearson": 0.1787361076240837,
    "count": 275
  },
  "46": {
    "r2": 0.4823024298394636,
    "pearson": 0.7995269568922164,
    "count": 274
  },
  "47": {
    "r2": 0.6875115583019833,
    "pearson": 0.8585069652969342,
    "count": 211
  },
  "48": {
    "r2": -0.08940071533317795,
    "pearson": 0.6928085055451617,
    "count": 115
  },
  "49": {
    "r2": 0.6327618804037818,
    "pearson": 0.8014195301065988,
    "count": 35
  },
  "51": {
    "r2": 0.17707429424994225,
    "pearson": 0.48685218016430587,
    "count": 72
  },
  "52": {
    "r2": -5.1715622243304535,
    "pearson": 0.39105134309235545,
    "count": 120
  },
  "53": {
    "r2": -3.994977991708324,
    "pearson": 0.22995147936439445,
    "count": 153
  },
  "54": {
    "r2": -2.712121380841055,
    "pearson": 0.4270177344477937,
    "count": 98
  },
  "55": {
    "r2": -3.3127459632537537,
    "pearson": 0.34827504487690875,
    "count": 79
  },
  "56": {
    "r2": -1.0086160818262653,
    "pearson": 0.4226195644597651,
    "count": 86
  },
  "57": {
    "r2": -2387.78249525732,
    "pearson": 0.18374755929267586,
    "count": 290
  },
  "58": {
    "r2": -81.09952248146662,
    "pearson": 0.5088144086131728,
    "count": 24
  },
  "60": {
    "r2": 0.2903871120529047,
    "pearson": 0.7555780746245028,
    "count": 49
  },
  "61": {
    "r2": 0.805249573753914,
    "pearson": 0.9186019721834706,
    "count": 88
  },
  "62": {
    "r2": -25265.797263612905,
    "pearson": 0.000703605788548653,
    "count": 318
  },
  "63": {
    "r2": -82.54160539697236,
    "pearson": 0.11559385555677067,
    "count": 118
  },
  "65": {
    "r2": -0.9292704609835218,
    "pearson": 0.9552728190810508,
    "count": 23
  },
  "68": {
    "r2": -75.96859977211274,
    "pearson": -0.06012543297836205,
    "count": 63
  },
  "72": {
    "r2": 0.4708234902090933,
    "pearson": 0.7235750080447925,
    "count": 77
  },
  "75": {
    "r2": -56.51874199379969,
    "pearson": 0.9295078799729382,
    "count": 29
  },
  "80": {
    "r2": -1.2827074424344285,
    "pearson": 0.4470549798526999,
    "count": 24
  },
  "86": {
    "r2": 0.532536535747598,
    "pearson": 0.8492397109020579,
    "count": 37
  },
  "91": {
    "r2": -663161.417329299,
    "pearson": 0.11478079012781241,
    "count": 21
  }
}