{
  "r2_true": -5551.1238537933405,
  "pearson_true": -0.014215290888314974,
  "r2_control": -6.535063304325975,
  "pearson_control": 0.025786462991895867,
  "selectivity_r2": -5544.588790489014
}