{
  "valid_auc": 0.8332175586630471,
  "valid_acc": 0.7661035747803089,
  "valid_metrics": {
    "l_sup": 0.49310739542888066,
    "l_reg": 3.904858992124597e-05,
    "l_ref": 0.0602608033352428,
    "l_init": 0.030471844652070104,
    "l_rate": 0.1351800689679358
  },
  "test_auc": 0.8295320279204471,
  "test_acc": 0.7614111423939937,
  "test_metrics": {
    "l_sup": 0.49310739542888066,
    "l_reg": 3.904858992124597e-05,
    "l_ref": 0.0602608033352428,
    "l_init": 0.030471844652070104,
    "l_rate": 0.1351800689679358
  },
  "best_epoch": 38,
  "params": {
    "model_name": "idkt",
    "dataset_name": "assist2009_S",
    "fold": 0,
    "seed": 42,
    "emb_type": "qid",
    "save_dir": "/workspaces/pykt-toolkit/experiments/20251231_000317_idkt_assist2009_S_hr_sweep_l0.1_704357",
    "d_model": 256,
    "d_ff": 512,
    "num_attn_heads": 8,
    "n_blocks": 4,
    "dropout": 0.2,
    "final_fc_dim": 512,
    "learning_rate": 0.0001,
    "weight_decay": 0.0,
    "batch_size": 64,
    "num_epochs": 100,
    "optimizer": "Adam",
    "gradient_clip": 1.0,
    "patience": 10,
    "seq_len": 200,
    "l2": 1e-05,
    "lambda_student": 1e-05,
    "lambda_gap": 1e-05,
    "lambda_ref": 0.1,
    "lambda_initmastery": 0.1,
    "lambda_rate": 0.1,
    "theory_guided": 1,
    "calibrate": 1,
    "use_wandb": 0,
    "add_uuid": 0
  }
}