epoch,train_loss,train_auc,train_acc,val_loss,val_auc,val_acc,train_bce_loss,train_im_loss,val_bce_loss,val_im_loss,train_encoder1_auc,train_encoder1_acc,val_encoder1_auc,val_encoder1_acc,train_encoder2_auc,train_encoder2_acc,val_encoder2_auc,val_encoder2_acc
1,0.601450,0.677991,0.734370,0.601450,0.673812,0.740241,0.563586,0.610916,0.563586,0.610916,0.677991,0.734370,0.673812,0.740241,0.509404,0.734370,0.511800,0.740241
2,0.599069,0.688848,0.734370,0.599069,0.683124,0.740241,0.554694,0.610163,0.554694,0.610163,0.688848,0.734370,0.683124,0.740241,0.511949,0.734370,0.513952,0.740241
3,0.598031,0.693580,0.734370,0.598031,0.686981,0.740241,0.552456,0.609425,0.552456,0.609425,0.693580,0.734370,0.686981,0.740241,0.513283,0.734370,0.515151,0.740241
4,0.597150,0.697427,0.734370,0.597150,0.689418,0.740241,0.550926,0.608706,0.550926,0.608706,0.697427,0.734370,0.689418,0.740241,0.514389,0.734370,0.516176,0.740241
5,0.596323,0.700160,0.734370,0.596323,0.690326,0.740241,0.549595,0.608005,0.549595,0.608005,0.700160,0.734370,0.690326,0.740241,0.515314,0.734370,0.517070,0.740241
6,0.595532,0.701890,0.734370,0.595532,0.689858,0.740241,0.548361,0.607324,0.548361,0.607324,0.701890,0.734370,0.689858,0.740241,0.516275,0.734370,0.518037,0.740241
