{
  "valid_auc": 0.8397649409373837,
  "valid_acc": 0.7802176999526739,
  "valid_metrics": {
    "l_sup": 0.4540355341152993,
    "l_reg": 0.0012441934425927077,
    "l_ref": 0.0,
    "l_init": 0.007906094420422057,
    "l_rate": 0.16424687901638882
  },
  "test_auc": 0.8322239427903813,
  "test_acc": 0.7669779012664771,
  "test_metrics": {
    "l_sup": 0.4762917507683227,
    "l_reg": 0.0012102051230613142,
    "l_ref": 0.0,
    "l_init": 0.007982069097912705,
    "l_rate": 0.16594086844848832
  },
  "window_test_auc": 0.8334423655658411,
  "window_test_acc": 0.7678433268858801,
  "window_metrics": {
    "l_sup": 0.4426645028017553,
    "l_reg": 0.0013140326948908705,
    "l_ref": 0.0,
    "l_init": 0.008192906074113496,
    "l_rate": 0.16167524429632005
  },
  "checkpoint": "/workspaces/pykt-toolkit/experiments/20251221_101701_idkt_pareto_v2_l0.10_assist2009_839009/best_model.pt"
}