{
  "prediction_mse": 0.05741460993885994,
  "prediction_corr": 0.5697993125839751,
  "initmastery_mse": 0.007923589088022709,
  "initmastery_corr": 0.9729516768442414,
  "learning_rate_mse": 0.16383406519889832,
  "learning_rate_corr": 0.9062699674671016,
  "h2_functional_alignment": 0.29331495195075513,
  "h3_discriminant_overlap": -0.11592878633668048,
  "h3_latent_overlap": -0.032989868530566374
}