split,auc,acc,l_sup,l_ref,l_init,l_rate,l_reg
test,0.832224,0.766978,0.476292,0.000000,0.007982,0.165941,0.001210
