{
  "valid_auc": 0.8397649409373837,
  "valid_acc": 0.7802176999526739,
  "valid_metrics": {
    "l_sup": 0.4551930962047012,
    "l_reg": 0.0012585989995083462,
    "l_ref": 0.06115783657878637,
    "l_init": 0.007297712413553759,
    "l_rate": 0.1614375839768429
  },
  "test_auc": 0.8388605268291833,
  "test_acc": 0.7801987695220066,
  "test_metrics": {
    "l_sup": 0.4551930962047012,
    "l_reg": 0.0012585989995083462,
    "l_ref": 0.06115783657878637,
    "l_init": 0.007297712413553759,
    "l_rate": 0.1614375839768429
  },
  "best_epoch": 43,
  "params": {
    "model_name": "idkt",
    "dataset_name": "assist2009",
    "fold": 0,
    "seed": 42,
    "emb_type": "qid",
    "save_dir": "/workspaces/pykt-toolkit/experiments/20251221_101701_idkt_pareto_v2_l0.10_assist2009_839009",
    "d_model": 256,
    "d_ff": 512,
    "num_attn_heads": 8,
    "n_blocks": 4,
    "dropout": 0.2,
    "final_fc_dim": 512,
    "learning_rate": 0.0001,
    "weight_decay": 0.0,
    "batch_size": 64,
    "num_epochs": 100,
    "optimizer": "Adam",
    "gradient_clip": 1.0,
    "patience": 10,
    "seq_len": 200,
    "l2": 1e-05,
    "lambda_student": 1e-05,
    "lambda_gap": 1e-05,
    "lambda_ref": 0.1,
    "lambda_initmastery": 0.1,
    "lambda_rate": 0.1,
    "theory_guided": 1,
    "calibrate": 1,
    "use_wandb": 0,
    "add_uuid": 0
  }
}