split,auc,acc,l_sup,l_ref,l_init,l_rate,l_reg
test,0.725223,0.750498,0.519795,0.027286,0.039269,0.096996,0.000000
