{
  "r2_true": 0.6516328047556144,
  "pearson_true": 0.8073460370769635,
  "r2_control": -0.01943866868820332,
  "pearson_control": -0.018617335667985735,
  "selectivity_r2": 0.6710714734438177
}