{
  "0": {
    "r2": 0.12865451169452813,
    "pearson": 0.6645979522936514,
    "count": 996
  },
  "1": {
    "r2": -3.6116862457049956,
    "pearson": 0.2718129535402021,
    "count": 619
  },
  "2": {
    "r2": 0.5478844095766501,
    "pearson": 0.7901124582071989,
    "count": 879
  },
  "3": {
    "r2": -0.4437590703549299,
    "pearson": 0.7367191265835612,
    "count": 574
  },
  "4": {
    "r2": -343.6265749477695,
    "pearson": 0.04855220245449839,
    "count": 321
  },
  "5": {
    "r2": -5.213533963590992,
    "pearson": 0.2952631637496057,
    "count": 446
  },
  "6": {
    "r2": -6.144574307923392,
    "pearson": 0.3518445291474022,
    "count": 394
  },
  "7": {
    "r2": 0.634121369716287,
    "pearson": 0.8142167155045114,
    "count": 1388
  },
  "8": {
    "r2": 0.1544884704681707,
    "pearson": 0.5070770524243421,
    "count": 846
  },
  "9": {
    "r2": -0.05024450241969136,
    "pearson": 0.43117921335612514,
    "count": 722
  },
  "10": {
    "r2": 0.43939694160516485,
    "pearson": 0.7407955167779723,
    "count": 1199
  },
  "11": {
    "r2": -12.187549488713323,
    "pearson": 0.23615508839774813,
    "count": 465
  },
  "12": {
    "r2": -3.024552430537244,
    "pearson": 0.22847359207618947,
    "count": 499
  },
  "13": {
    "r2": -1.05960572647749,
    "pearson": 0.5165308464689159,
    "count": 521
  },
  "14": {
    "r2": -0.9619627958657415,
    "pearson": 0.41403246862522064,
    "count": 633
  },
  "15": {
    "r2": -2.734593777496329,
    "pearson": 0.10479856970466778,
    "count": 224
  },
  "16": {
    "r2": -11.989265565691817,
    "pearson": 0.14020940168211857,
    "count": 406
  },
  "17": {
    "r2": -2.0812932441364866,
    "pearson": 0.38960739670100863,
    "count": 520
  },
  "18": {
    "r2": -8.704167733819888,
    "pearson": 0.3189467324283326,
    "count": 212
  },
  "19": {
    "r2": -0.17942523768460195,
    "pearson": 0.6038136577107844,
    "count": 978
  },
  "20": {
    "r2": -2.7691544833229167,
    "pearson": 0.3238164500178196,
    "count": 561
  },
  "21": {
    "r2": -0.9194948868339958,
    "pearson": 0.4898120474689386,
    "count": 685
  },
  "22": {
    "r2": -43.43316926269091,
    "pearson": 0.2297532326671949,
    "count": 309
  },
  "23": {
    "r2": -1.9527389580118912,
    "pearson": 0.15201833080551824,
    "count": 163
  },
  "24": {
    "r2": 0.1643375835875318,
    "pearson": 0.6962092333411182,
    "count": 681
  },
  "25": {
    "r2": -2.643387968143969,
    "pearson": 0.33197873505326597,
    "count": 436
  },
  "26": {
    "r2": -58.95877399749733,
    "pearson": 0.04261123738540353,
    "count": 304
  },
  "27": {
    "r2": -12.975121972445491,
    "pearson": 0.5244949683349169,
    "count": 431
  },
  "28": {
    "r2": -13.334873438495842,
    "pearson": 0.14153349690745828,
    "count": 345
  },
  "29": {
    "r2": -2.8572466686070523,
    "pearson": 0.48511832228031715,
    "count": 257
  },
  "30": {
    "r2": -8.265968843049182,
    "pearson": 0.23348490901478108,
    "count": 412
  },
  "31": {
    "r2": -2.9242906819704633,
    "pearson": 0.36195562897542555,
    "count": 203
  },
  "32": {
    "r2": -1.6216469218701892,
    "pearson": 0.3827513205739635,
    "count": 517
  },
  "33": {
    "r2": -0.14533872673844495,
    "pearson": 0.5138967526260251,
    "count": 514
  },
  "34": {
    "r2": -13.43974973662871,
    "pearson": 0.18252879183327883,
    "count": 408
  },
  "35": {
    "r2": -0.2516678973163502,
    "pearson": 0.5883750823948447,
    "count": 197
  },
  "36": {
    "r2": -0.639405751841474,
    "pearson": 0.4557242452799465,
    "count": 639
  },
  "37": {
    "r2": -0.09584415703394256,
    "pearson": 0.5776813724887256,
    "count": 806
  },
  "38": {
    "r2": -16.578155341289882,
    "pearson": 0.5843542649822626,
    "count": 48
  },
  "39": {
    "r2": -0.6385013742665255,
    "pearson": 0.422148925036648,
    "count": 137
  },
  "40": {
    "r2": -22.292977944961237,
    "pearson": 0.04528675391358856,
    "count": 279
  },
  "41": {
    "r2": -71.49206479730314,
    "pearson": 0.3590570535460326,
    "count": 284
  },
  "42": {
    "r2": -2.2001630904865603,
    "pearson": 0.5608367014352303,
    "count": 245
  },
  "43": {
    "r2": -98.19583535653348,
    "pearson": -0.09078917721313402,
    "count": 248
  },
  "44": {
    "r2": 0.7874066107202153,
    "pearson": 0.900136776453679,
    "count": 178
  },
  "45": {
    "r2": -0.02816293395124525,
    "pearson": 0.4821920651446784,
    "count": 711
  },
  "46": {
    "r2": -1.215932000558682,
    "pearson": 0.4920837208698212,
    "count": 74
  },
  "47": {
    "r2": -1072.1161703297187,
    "pearson": 0.17658485677441071,
    "count": 265
  },
  "48": {
    "r2": 0.3445733751098301,
    "pearson": 0.6334758316538642,
    "count": 72
  },
  "49": {
    "r2": -0.8529839501694565,
    "pearson": 0.7197003406826399,
    "count": 174
  },
  "50": {
    "r2": -28.66468458030654,
    "pearson": 0.15107858633710586,
    "count": 302
  },
  "51": {
    "r2": -80.07204207142492,
    "pearson": 0.08005225943658136,
    "count": 322
  },
  "52": {
    "r2": -31.097572459093982,
    "pearson": 0.2841805623325683,
    "count": 319
  },
  "53": {
    "r2": -44.81230900788217,
    "pearson": 0.4077846348253492,
    "count": 325
  },
  "54": {
    "r2": 0.7997183491760884,
    "pearson": 0.913233674091155,
    "count": 150
  },
  "55": {
    "r2": -1.1060575226781322,
    "pearson": 0.6194235063829338,
    "count": 83
  },
  "56": {
    "r2": -234.98921972010302,
    "pearson": 0.05247512849831967,
    "count": 313
  },
  "57": {
    "r2": -33.581591778177426,
    "pearson": 0.11392760837019376,
    "count": 312
  },
  "58": {
    "r2": -1.0012401342760078,
    "pearson": 0.5917883031532186,
    "count": 190
  },
  "59": {
    "r2": -0.9575188951159346,
    "pearson": 0.408118628583925,
    "count": 182
  },
  "60": {
    "r2": -1.2143957372794283,
    "pearson": 0.4758081946716298,
    "count": 528
  },
  "61": {
    "r2": -38.93326917207712,
    "pearson": 0.18117011489749124,
    "count": 456
  },
  "62": {
    "r2": -0.9063754281201932,
    "pearson": 0.44189183434114476,
    "count": 480
  },
  "63": {
    "r2": 0.36392188251759683,
    "pearson": 0.6279556565415534,
    "count": 437
  },
  "64": {
    "r2": -139.21128560275645,
    "pearson": 0.32925735795970623,
    "count": 355
  },
  "65": {
    "r2": -3.4283314687479436,
    "pearson": 0.08067462687964884,
    "count": 187
  },
  "66": {
    "r2": -146.06686269201424,
    "pearson": 0.3326082981322834,
    "count": 325
  },
  "67": {
    "r2": -302.48630874392603,
    "pearson": 0.21644761195042642,
    "count": 420
  },
  "68": {
    "r2": -0.8709497317291457,
    "pearson": 0.18735147617429504,
    "count": 33
  },
  "69": {
    "r2": -1.7036012996790673,
    "pearson": 0.48216326237032575,
    "count": 591
  },
  "70": {
    "r2": -0.31096604519435367,
    "pearson": 0.6955561952991515,
    "count": 173
  },
  "71": {
    "r2": -0.7074478466133072,
    "pearson": 0.4680793301897631,
    "count": 206
  },
  "73": {
    "r2": -166.0601957340876,
    "pearson": 0.2099736892312078,
    "count": 364
  },
  "74": {
    "r2": -9.22060962124641,
    "pearson": 0.2474853314305199,
    "count": 390
  },
  "75": {
    "r2": -3.340751905490441,
    "pearson": 0.5633447787936106,
    "count": 401
  },
  "76": {
    "r2": -13.845766450432324,
    "pearson": 0.1358322502659883,
    "count": 504
  },
  "77": {
    "r2": -1.6933037414885987,
    "pearson": 0.4122757068362482,
    "count": 752
  },
  "78": {
    "r2": -0.7571091084896466,
    "pearson": 0.4821271742102138,
    "count": 398
  },
  "79": {
    "r2": -67.86999006613125,
    "pearson": -0.1033342352611779,
    "count": 323
  },
  "81": {
    "r2": -10.139767421426575,
    "pearson": 0.3010899155435353,
    "count": 430
  },
  "82": {
    "r2": -0.9929802498239957,
    "pearson": 0.24284477203659907,
    "count": 111
  },
  "83": {
    "r2": -2.1687726333609536,