{
  "valid_auc": 0.732249665816461,
  "valid_acc": 0.758138765340782,
  "valid_metrics": {
    "l_sup": 0.5265986755398042,
    "l_reg": 1.3073205431218021e-06,
    "l_ref": 0.03003775811164963,
    "l_init": 0.03961432087363239,
    "l_rate": 0.09686218962227891
  },
  "test_auc": 0.7205189316091212,
  "test_acc": 0.754430700055475,
  "test_metrics": {
    "l_sup": 0.5265986755398042,
    "l_reg": 1.3073205431218021e-06,
    "l_ref": 0.03003775811164963,
    "l_init": 0.03961432087363239,
    "l_rate": 0.09686218962227891
  },
  "best_epoch": 16,
  "params": {
    "model_name": "idkt",
    "dataset_name": "assist2015",
    "fold": 0,
    "seed": 42,
    "emb_type": "qid",
    "save_dir": "/workspaces/pykt-toolkit/experiments/20251229_014557_idkt_assist2015-lambda00_482071",
    "d_model": 256,
    "d_ff": 512,
    "num_attn_heads": 8,
    "n_blocks": 4,
    "dropout": 0.2,
    "final_fc_dim": 512,
    "learning_rate": 0.0001,
    "weight_decay": 0.0,
    "batch_size": 64,
    "num_epochs": 200,
    "optimizer": "Adam",
    "gradient_clip": 1.0,
    "patience": 10,
    "seq_len": 200,
    "l2": 1e-05,
    "lambda_student": 1e-05,
    "lambda_gap": 1e-05,
    "lambda_ref": 0.0,
    "lambda_initmastery": 0.0,
    "lambda_rate": 0.0,
    "theory_guided": 1,
    "calibrate": 1,
    "use_wandb": 0,
    "add_uuid": 0
  }
}