{
  "experiment_id": "20251116_222148_gainakt3exp_p1bce09_b1.5_m0.8_g1.1_o2.0_872697",
  "dataset": "assist2015",
  "fold": 0,
  "train_auc": 0.6988300596151721,
  "train_acc": 0.7410337998291705,
  "valid_auc": 0.689919021572016,
  "valid_acc": 0.7362115446379041,
  "test_auc": 0.6857817397552349,
  "test_acc": 0.7304000237755587,
  "train_encoder1_auc": 0.6988300596151721,
  "train_encoder1_acc": 0.7410337998291705,
  "valid_encoder1_auc": 0.689919021572016,
  "valid_encoder1_acc": 0.7362115446379041,
  "test_encoder1_auc": 0.6857817397552349,
  "test_encoder1_acc": 0.7304000237755587,
  "train_encoder2_auc": 0.5067995767713562,
  "train_encoder2_acc": 0.45944208224218364,
  "valid_encoder2_auc": 0.5093667643915744,
  "valid_encoder2_acc": 0.45507985479177415,
  "test_encoder2_auc": 0.5055821297945975,
  "test_encoder2_acc": 0.46240489776509747,
  "train_mastery_correlation": 0.0,
  "train_gain_correlation": 0.0,
  "train_correlation_students": 0,
  "test_mastery_correlation": 0.0,
  "test_gain_correlation": 0.0,
  "test_correlation_students": 0,
  "timestamp": "2025-11-16T22:27:30.897733Z"
}