epoch,train_loss,train_auc,train_acc,val_loss,val_auc,val_acc,train_bce_loss,train_im_loss,val_bce_loss,val_im_loss,train_encoder1_auc,train_encoder1_acc,val_encoder1_auc,val_encoder1_acc,train_encoder2_auc,train_encoder2_acc,val_encoder2_auc,val_encoder2_acc
1,0.567900,0.680382,0.734370,0.567900,0.675598,0.740241,0.563305,0.609250,0.563305,0.609250,0.680382,0.734370,0.675598,0.740241,0.504269,0.734370,0.507010,0.740241
2,0.559473,0.693518,0.734370,0.559473,0.686649,0.740241,0.553997,0.608760,0.553997,0.608760,0.693518,0.734370,0.686649,0.740241,0.505994,0.734370,0.508590,0.740241
3,0.556942,0.698830,0.734370,0.556942,0.689919,0.740241,0.551237,0.608285,0.551237,0.608285,0.698830,0.734370,0.689919,0.740241,0.506798,0.734370,0.509366,0.740241
4,0.554978,0.700914,0.734370,0.554978,0.688637,0.740241,0.549107,0.607823,0.549107,0.607823,0.700914,0.734370,0.688637,0.740241,0.507251,0.734370,0.509809,0.740241
5,0.553074,0.705300,0.734370,0.553074,0.689311,0.740241,0.547041,0.607370,0.547041,0.607370,0.705300,0.734370,0.689311,0.740241,0.507577,0.734370,0.510153,0.740241
6,0.551064,0.708423,0.734370,0.551064,0.688419,0.740241,0.544857,0.606928,0.544857,0.606928,0.708423,0.734370,0.688419,0.740241,0.507903,0.734370,0.510517,0.740241
