{
  "experiment_id": "20251109_105231_gainakt2exp_intrinsic_seed123_307506",
  "dataset": "assist2015",
  "fold": 0,
  "train_auc": 0.753539291635257,
  "train_acc": 0.7630351326744197,
  "train_mastery_correlation": 0.04388433573380599,
  "train_gain_correlation": 0.007621812238724927,
  "train_correlation_students": 267,
  "valid_auc": 0.7205907180347476,
  "valid_acc": 0.7520267837156566,
  "test_auc": 0.7132758447168197,
  "test_acc": 0.7466119828815977,
  "test_mastery_correlation": 0.031156473741845724,
  "test_gain_correlation": -0.03622003993648315,
  "test_correlation_students": 262,
  "timestamp": "2025-11-09T17:28:11.024126Z"
}