{
  "trajectory": [
    {
      "epoch": 1,
      "train_loss": 0.5348775449187256,
      "train_auc": 0.6865983117293902,
      "val_auc": 0.7170843939352538,
      "global_alignment_mastery_corr": 0.05289077735092003,
      "global_alignment_gain_corr": 0.002117096846071685,
      "constraint_scale": 0.0,
      "current_corr_target": 0.08,
      "mastery_variance_mean": 0.011246197213450167,
      "mastery_variance_std": 0.007092522132336088,
      "promote_counter": 0,
      "regression_patience": 0,
      "counts": {
        "acc_mastery_count": 2857,
        "acc_gain_count": 2857,
        "strat_mastery_count": 600,
        "strat_gain_count": 600,
        "final_mastery_count": 3457,
        "final_gain_count": 3457
      }
    },
    {
      "epoch": 2,
      "train_loss": 0.5142655897048093,
      "train_auc": 0.7238978718296664,
      "val_auc": 0.7246368751682593,
      "global_alignment_mastery_corr": 0.053714442672686984,
      "global_alignment_gain_corr": 0.007274033950942572,
      "constraint_scale": 0.0,
      "current_corr_target": 0.08,
      "mastery_variance_mean": 0.011041492115074889,
      "mastery_variance_std": 0.007159959243176272,
      "promote_counter": 0,
      "regression_patience": 0,
      "counts": {
        "acc_mastery_count": 2857,
        "acc_gain_count": 2857,
        "strat_mastery_count": 600,
        "strat_gain_count": 600,
        "final_mastery_count": 3457,
        "final_gain_count": 3457
      }
    },
    {
      "epoch": 3,
      "train_loss": 0.5058244614638099,
      "train_auc": 0.7368622282478482,
      "val_auc": 0.7258755910689928,
      "global_alignment_mastery_corr": 0.053331821267429254,
      "global_alignment_gain_corr": -0.0025889807068347464,
      "constraint_scale": 0.0,
      "current_corr_target": 0.08,
      "mastery_variance_mean": 0.010908528991528804,
      "mastery_variance_std": 0.007122926801783584,
      "promote_counter": 0,
      "regression_patience": 0,
      "counts": {
        "acc_mastery_count": 2857,
        "acc_gain_count": 2857,
        "strat_mastery_count": 600,
        "strat_gain_count": 600,
        "final_mastery_count": 3457,
        "final_gain_count": 3457
      }
    },
    {
      "epoch": 4,
      "train_loss": 0.523624890303427,
      "train_auc": 0.747383757070446,
      "val_auc": 0.7222453779657587,
      "global_alignment_mastery_corr": 0.04028137642788747,
      "global_alignment_gain_corr": -0.030486324892192315,
      "constraint_scale": 0.125,
      "current_corr_target": 0.08,
      "mastery_variance_mean": 0.0018646916308055247,
      "mastery_variance_std": 0.002805010990063921,
      "promote_counter": 0,
      "regression_patience": 1,
      "counts": {
        "acc_mastery_count": 2857,
        "acc_gain_count": 2857,
        "strat_mastery_count": 600,
        "strat_gain_count": 600,
        "final_mastery_count": 3457,
        "final_gain_count": 3457
      }
    },
    {
      "epoch": 5,
      "train_loss": 0.5173422423906104,
      "train_auc": 0.7614363125426318,
      "val_auc": 0.7143060845110822,
      "global_alignment_mastery_corr": 0.04573700190178163,
      "global_alignment_gain_corr": 0.006078277719361846,
      "constraint_scale": 0.25,
      "current_corr_target": 0.08,
      "mastery_variance_mean": 0.00010518788033596234,
      "mastery_variance_std": 8.85413443761102e-05,
      "promote_counter": 0,
      "regression_patience": 0,
      "counts": {
        "acc_mastery_count": 2857,
        "acc_gain_count": 2857,
        "strat_mastery_count": 600,
        "strat_gain_count": 600,
        "final_mastery_count": 3457,
        "final_gain_count": 3457
      }
    },
    {
      "epoch": 6,
      "train_loss": 0.5089506493058316,
      "train_auc": 0.7799019592589294,
      "val_auc": 0.703079291479617,
      "global_alignment_mastery_corr": 0.04793344994405904,
      "global_alignment_gain_corr": 0.01923132348237173,
      "constraint_scale": 0.375,
      "current_corr_target": 0.08,
      "mastery_variance_mean": 1.5114896254284474e-05,
      "mastery_variance_std": 1.2675981275894758e-05,
      "promote_counter": 0,
      "regression_patience": 0,
      "counts": {
        "acc_mastery_count": 2857,
        "acc_gain_count": 2857,
        "strat_mastery_count": 600,
        "strat_gain_count": 600,
        "final_mastery_count": 3457,
        "final_gain_count": 3457
      }
    },
    {
      "epoch": 7,
      "train_loss": 0.49607088861539383,
      "train_auc": 0.8032267630268259,
      "val_auc": 0.6882215163849724,
      "global_alignment_mastery_corr": 0.043740152255668914,
      "global_alignment_gain_corr": 0.03211907917779643,
      "constraint_scale": 0.5,
      "current_corr_target": 0.08,
      "mastery_variance_mean": 8.623527090501627e-06,
      "mastery_variance_std": 1.321923831085515e-05,
      "promote_counter": 0,
      "regression_patience": 1,
      "counts": {
        "acc_mastery_count": 2857,
        "acc_gain_count": 2857,
        "strat_mastery_count": 600,
        "strat_gain_count": 600,
        "final_mastery_count": 3457,
        "final_gain_count": 3457
      }
    },
    {
      "epoch": 8,
      "train_loss": 0.4782844368339509,
      "train_auc": 0.8295167740843868,
      "val_auc": 0.6751280156979749,
      "global_alignment_mastery_corr": 0.04115948018548453,
      "global_alignment_gain_corr": 0.021731271758167296,
      "constraint_scale": 0.625,
      "current_corr_target": 0.08,
      "mastery_variance_mean": 1.5151646078296156e-05,
      "mastery_variance_std": 3.176030183629e-05,
      "promote_counter": 0,
      "regression_patience": 2,
      "counts": {
        "acc_mastery_count": 2857,
        "acc_gain_count": 2857,
        "strat_mastery_count": 600,
        "strat_gain_count": 600,
        "final_mastery_count": 3457,
        "final_gain_count": 3457
      }
    },
    {
      "epoch": 9,
      "train_loss": 0.45765033595321714,
      "train_auc": 0.8538696622228067,
      "val_auc": 0.6700169051976967,
      "global_alignment_mastery_corr": 0.03680830880192319,
      "global_alignment_gain_corr": 0.015408014342115584,
      "constraint_scale": 0.75,
      "current_corr_target": 0.08,
      "mastery_variance_mean": 4.0310298923146495e-05,
      "mastery_variance_std": 8.082873597959905e-05,
      "promote_counter": 0,
      "regression_patience": 3,
      "counts": {
        "acc_mastery_count": 2857,
        "acc_gain_count": 2857,
        "strat_mastery_count": 600,
        "strat_gain_count": 600,
        "final_mastery_count": 3457,
        "final_gain_count": 3457
      },
      "early_stop": true
    }
  ],
  "corr_targets": [
    0.08,
    0.09,
    0.1
  ]
}