{
  "experiment_id": "20251116_222149_gainakt3exp_p1bce09_b1.5_m0.8_g1.1_o2.5_560136",
  "dataset": "assist2015",
  "fold": 0,
  "train_auc": 0.6988300596151721,
  "train_acc": 0.7410337998291705,
  "valid_auc": 0.689919021572016,
  "valid_acc": 0.7362115446379041,
  "test_auc": 0.6857817397552349,
  "test_acc": 0.7304000237755587,
  "train_encoder1_auc": 0.6988300596151721,
  "train_encoder1_acc": 0.7410337998291705,
  "valid_encoder1_auc": 0.689919021572016,
  "valid_encoder1_acc": 0.7362115446379041,
  "test_encoder1_auc": 0.6857817397552349,
  "test_encoder1_acc": 0.7304000237755587,
  "train_encoder2_auc": 0.5022077331612834,
  "train_encoder2_acc": 0.4246074207567182,
  "valid_encoder2_auc": 0.5049854111648284,
  "valid_encoder2_acc": 0.41955639470943756,
  "test_encoder2_auc": 0.5008887818096989,
  "test_encoder2_acc": 0.4273879576795055,
  "train_mastery_correlation": 0.0,
  "train_gain_correlation": 0.0,
  "train_correlation_students": 0,
  "test_mastery_correlation": 0.0,
  "test_gain_correlation": 0.0,
  "test_correlation_students": 0,
  "timestamp": "2025-11-16T22:27:00.027733Z"
}