epoch,train_loss,train_auc,train_acc,val_loss,val_auc,val_acc,train_bce_loss,train_im_loss,val_bce_loss,val_im_loss,train_encoder1_auc,train_encoder1_acc,val_encoder1_auc,val_encoder1_acc,train_encoder2_auc,train_encoder2_acc,val_encoder2_auc,val_encoder2_acc
1,0.568029,0.680382,0.734370,0.568029,0.675598,0.740241,0.563305,0.610544,0.563305,0.610544,0.680382,0.734370,0.675598,0.740241,0.500980,0.734370,0.503888,0.740241
2,0.559608,0.693518,0.734370,0.559608,0.686649,0.740241,0.553997,0.610110,0.553997,0.610110,0.693518,0.734370,0.686649,0.740241,0.501861,0.734370,0.504655,0.740241
3,0.557082,0.698830,0.734370,0.557082,0.689919,0.740241,0.551237,0.609689,0.551237,0.609689,0.698830,0.734370,0.689919,0.740241,0.502211,0.734370,0.504989,0.740241
4,0.555124,0.700914,0.734370,0.555124,0.688637,0.740241,0.549107,0.609277,0.549107,0.609277,0.700914,0.734370,0.688637,0.740241,0.502350,0.734370,0.505110,0.740241
5,0.553224,0.705300,0.734370,0.553224,0.689311,0.740241,0.547041,0.608871,0.547041,0.608871,0.705300,0.734370,0.689311,0.740241,0.502334,0.734370,0.505119,0.740241
6,0.551218,0.708423,0.734370,0.551218,0.688419,0.740241,0.544857,0.608470,0.544857,0.608470,0.708423,0.734370,0.688419,0.740241,0.502238,0.734370,0.505057,0.740241
