split,total_auc,bce_auc,mastery_auc,total_acc,bce_acc,mastery_acc
training,0.7519747598862043,0.7519747598862043,N/A,0.7615896526154742,0.7615896526154742,N/A
validation,0.7254872101394773,0.7254872101394773,N/A,0.7538954150405357,0.7538954150405357,N/A
test,0.7192596677120764,0.7192596677120764,N/A,0.7475035663338089,0.7475035663338089,N/A
