{
  "train": {
    "total_auc": 0.7547440744783234,
    "total_acc": 0.7624766517425544,
    "bce_auc": 0.7552232648832604,
    "bce_acc": 0.7631571537183567,
    "mastery_auc": 0.6332572193199852,
    "mastery_acc": 0.7343085630614141
  },
  "valid": {
    "total_auc": 0.7248783010050208,
    "total_acc": 0.7542360509591334,
    "bce_auc": 0.725094566679273,
    "bce_acc": 0.7541581913205968,
    "mastery_auc": 0.6188838249846969,
    "mastery_acc": 0.7356957245325989
  },
  "test": {
    "total_auc": 0.7187274271784352,
    "total_acc": 0.7475184260580123,
    "bce_auc": 0.7189099630769276,
    "bce_acc": 0.7476150142653353,
    "mastery_auc": 0.6179731582442283,
    "mastery_acc": 0.7263656086543033
  },
  "checkpoint_epoch": 9,
  "checkpoint_val_auc": 0.725094566679273
}