split,total_auc,bce_auc,mastery_auc,total_acc,bce_acc,mastery_acc
training,0.7547440744783234,0.7552232648832604,0.6332572193199852,0.7624766517425544,0.7631571537183567,0.7343085630614141
validation,0.7248783010050208,0.725094566679273,0.6188838249846969,0.7542360509591334,0.7541581913205968,0.7356957245325989
test,0.7187274271784352,0.7189099630769276,0.6179731582442283,0.7475184260580123,0.7476150142653353,0.7263656086543033
