{
  "valid_auc": 0.7984536507412852,
  "valid_acc": 0.7571225745385708,
  "valid_metrics": {
    "l_sup": 0.5047808199081235,
    "l_reg": 6.303172722255113e-05,
    "l_ref": 0.020833701826632023,
    "l_init": 0.031689382423528735,
    "l_rate": 0.13351970126648968
  },
  "test_auc": 0.7916976378725145,
  "test_acc": 0.7449760920134402,
  "test_metrics": {
    "l_sup": 0.5226726372368025,
    "l_reg": 6.122596120500627e-05,
    "l_ref": 0.020363054424524307,
    "l_init": 0.03183223030066085,
    "l_rate": 0.13648549880433292
  },
  "window_test_auc": 0.7940916977283479,
  "window_test_acc": 0.7465828497743391,
  "window_metrics": {
    "l_sup": 0.4980512113422939,
    "l_reg": 0.0001848519589323795,
    "l_ref": 0.0,
    "l_init": 0.033577204000712346,
    "l_rate": 0.1300520241398685
  },
  "checkpoint": "/workspaces/pykt-toolkit/experiments/20251226_181543_idkt_assist2009_hr_sweep_l0.3_548303/best_model.pt"
}