{
  "prediction_mse": 0.02059520222246647,
  "prediction_corr": 0.8033872053927945,
  "initmastery_mse": 0.031852807849645615,
  "initmastery_corr": 0.6250147192661094,
  "learning_rate_mse": 0.13312935829162598,
  "learning_rate_corr": 0.36997549034142446,
  "h2_functional_alignment": 0.24438777286235622,
  "h3_discriminant_overlap": -0.31187760860151476,
  "h3_latent_overlap": -0.07058281102062443
}