split,auc,acc,l_sup,l_ref,l_init,l_rate,l_reg
test,0.791698,0.744976,0.522673,0.020363,0.031832,0.136485,0.000061
