{
  "experiment_id": "20251117_154349_gainakt3exp_fixed-per-skill-gains_995130",
  "dataset": "assist2015",
  "fold": 0,
  "train_auc": 0.6982017743172061,
  "train_acc": 0.7405809140314814,
  "valid_auc": 0.6896812006352406,
  "valid_acc": 0.7361239525445503,
  "test_auc": 0.6854892128870315,
  "test_acc": 0.7304074536376605,
  "train_encoder1_auc": 0.6982017743172061,
  "train_encoder1_acc": 0.7405809140314814,
  "valid_encoder1_auc": 0.6896812006352406,
  "valid_encoder1_acc": 0.7361239525445503,
  "test_encoder1_auc": 0.6854892128870315,
  "test_encoder1_acc": 0.7304074536376605,
  "train_encoder2_auc": 0.5871187066870891,
  "train_encoder2_acc": 0.6979603713194229,
  "valid_encoder2_auc": 0.5868122359566548,
  "valid_encoder2_acc": 0.7000944048117257,
  "test_encoder2_auc": 0.5835437509203909,
  "test_encoder2_acc": 0.6962003685211603,
  "train_mastery_correlation": 0.0350842151343315,
  "train_gain_correlation": -0.010107445867350517,
  "train_correlation_students": 3334,
  "test_mastery_correlation": 0.037222342801435604,
  "test_gain_correlation": -0.00818577819126402,
  "test_correlation_students": 3177,
  "timestamp": "2025-11-17T15:51:32.638079Z"
}