{
  "train": {
    "total_auc": 0.7531836610307991,
    "total_acc": 0.7611109546738752,
    "bce_auc": 0.754297255748299,
    "bce_acc": 0.7623992153108251,
    "mastery_auc": 0.6480844251291131,
    "mastery_acc": 0.7354489905105173
  },
  "valid": {
    "total_auc": 0.7240874239773367,
    "total_acc": 0.753691033489377,
    "bce_auc": 0.7245286498441187,
    "bce_acc": 0.7542068535946822,
    "mastery_auc": 0.6353715567410839,
    "mastery_acc": 0.7345570273190006
  },
  "test": {
    "total_auc": 0.7181560067765093,
    "total_acc": 0.7471246433666191,
    "bce_auc": 0.718681222366246,
    "bce_acc": 0.7469834759866857,
    "mastery_auc": 0.63141330937925,
    "mastery_acc": 0.7262170114122682
  },
  "checkpoint_epoch": 9,
  "checkpoint_val_auc": 0.7245286498441187
}