{
  "experiment_id": "20251110_125956_gainakt2exp_headsbaseline_459660",
  "dataset": "assist2015",
  "fold": 0,
  "train_auc": 0.7533301928793703,
  "train_acc": 0.762303006410798,
  "train_mastery_correlation": 0.1001818061947506,
  "train_gain_correlation": 0.07008854191933273,
  "train_correlation_students": 267,
  "valid_auc": 0.7255450151393238,
  "valid_acc": 0.753691033489377,
  "test_auc": 0.7191454389368737,
  "test_acc": 0.7473252496433667,
  "test_mastery_correlation": 0.08740947748240646,
  "test_gain_correlation": 0.023662727092243024,
  "test_correlation_students": 262,
  "timestamp": "2025-11-10T13:35:43.462538Z"
}