{
  "valid_auc": 0.7800310748962235,
  "valid_acc": 0.7504969238050165,
  "valid_metrics": {
    "l_sup": 0.5217468938524691,
    "l_reg": 0.0011788446233064558,
    "l_ref": 0.016306067428862054,
    "l_init": 0.010203008886778506,
    "l_rate": 0.17231301680615274
  },
  "test_auc": 0.7739728168082775,
  "test_acc": 0.7375775394158698,
  "test_metrics": {
    "l_sup": 0.538079615849797,
    "l_reg": 0.0011475921657014018,
    "l_ref": 0.0,
    "l_init": 0.010220316281358558,
    "l_rate": 0.17416326533721982
  },
  "window_test_auc": 0.7758283582215372,
  "window_test_acc": 0.7377337201805287,
  "window_metrics": {
    "l_sup": 0.5173141301263823,
    "l_reg": 0.0010835575171240692,
    "l_ref": 0.0,
    "l_init": 0.010603899094771116,
    "l_rate": 0.16980325755848605
  },
  "checkpoint": "/workspaces/pykt-toolkit/experiments/20251221_125357_idkt_pareto_v2_l0.50_assist2009_531545/best_model.pt"
}