{
  "prediction_mse": 0.0196037869900465,
  "prediction_corr": 0.798611167346707,
  "initmastery_mse": 0.010143947787582874,
  "initmastery_corr": 0.9884266169549252,
  "learning_rate_mse": 0.17144085466861725,
  "learning_rate_corr": 0.9983510873191317,
  "h2_functional_alignment": 0.28283240000242077,
  "h3_discriminant_overlap": -0.10205973679576265,
  "h3_latent_overlap": -0.033079373797021146
}