split,auc,acc,l_sup,l_ref,l_init,l_rate,l_reg
test,0.773973,0.737578,0.538080,0.000000,0.010220,0.174163,0.001148
