{
  "valid_auc": 0.7800310748962235,
  "valid_acc": 0.7504969238050165,
  "valid_metrics": {
    "l_sup": 0.5217780220354219,
    "l_reg": 0.0011870232362222548,
    "l_ref": 0.01503359122822682,
    "l_init": 0.009057762515461315,
    "l_rate": 0.1645279930784601
  },
  "test_auc": 0.7788277077303875,
  "test_acc": 0.7465404637955514,
  "test_metrics": {
    "l_sup": 0.5217780220354219,
    "l_reg": 0.0011870232362222548,
    "l_ref": 0.01503359122822682,
    "l_init": 0.009057762515461315,
    "l_rate": 0.1645279930784601
  },
  "best_epoch": 14,
  "params": {
    "model_name": "idkt",
    "dataset_name": "assist2009",
    "fold": 0,
    "seed": 42,
    "emb_type": "qid",
    "save_dir": "/workspaces/pykt-toolkit/experiments/20251221_125357_idkt_pareto_v2_l0.50_assist2009_531545",
    "d_model": 256,
    "d_ff": 512,
    "num_attn_heads": 8,
    "n_blocks": 4,
    "dropout": 0.2,
    "final_fc_dim": 512,
    "learning_rate": 0.0001,
    "weight_decay": 0.0,
    "batch_size": 64,
    "num_epochs": 100,
    "optimizer": "Adam",
    "gradient_clip": 1.0,
    "patience": 10,
    "seq_len": 200,
    "l2": 1e-05,
    "lambda_student": 1e-05,
    "lambda_gap": 1e-05,
    "lambda_ref": 0.5,
    "lambda_initmastery": 0.5,
    "lambda_rate": 0.5,
    "theory_guided": 1,
    "calibrate": 1,
    "use_wandb": 0,
    "add_uuid": 0
  }
}