split,auc,acc
test,0.845444,0.779837
