epoch,train_loss,train_auc,train_acc,val_loss,val_auc,val_acc,train_bce_loss,train_im_loss,val_bce_loss,val_im_loss,train_encoder1_auc,train_encoder1_acc,val_encoder1_auc,val_encoder1_acc,train_encoder2_auc,train_encoder2_acc,val_encoder2_auc,val_encoder2_acc
1,0.597984,0.677991,0.734370,0.597984,0.673812,0.740241,0.563586,0.606583,0.563586,0.606583,0.677991,0.734370,0.673812,0.740241,0.520372,0.734370,0.521774,0.740241
2,0.595512,0.688848,0.734370,0.595512,0.683124,0.740241,0.554694,0.605717,0.554694,0.605717,0.688848,0.734370,0.683124,0.740241,0.524993,0.734370,0.526153,0.740241
3,0.594385,0.693580,0.734370,0.594385,0.686981,0.740241,0.552456,0.604868,0.552456,0.604868,0.693580,0.734370,0.686981,0.740241,0.528183,0.734370,0.529025,0.740241
4,0.593417,0.697427,0.734370,0.593417,0.689418,0.740241,0.550926,0.604040,0.550926,0.604040,0.697427,0.734370,0.689418,0.740241,0.530433,0.734370,0.531229,0.740241
5,0.592507,0.700160,0.734370,0.592507,0.690326,0.740241,0.549595,0.603235,0.549595,0.603235,0.700160,0.734370,0.690326,0.740241,0.532536,0.734370,0.533291,0.740241
6,0.591634,0.701890,0.734370,0.591634,0.689858,0.740241,0.548361,0.602452,0.548361,0.602452,0.701890,0.734370,0.689858,0.740241,0.535157,0.734370,0.536041,0.740241
