epoch,train_loss,train_auc,val_loss,val_auc,val_accuracy,monotonicity_violation_rate,negative_gain_rate,bounds_violation_rate,mastery_correlation,gain_correlation,bce_loss_share,incremental_mastery_loss_share
1,1.2183396217118891,0.6789334789451513,0.5196912124448893,0.7085102686275608,0.7489026657193744,0.0,0.0,0.0,0.0,0.0,0.43944330188750913,0.5605566983659771
2,1.181610019095821,0.7152333643369504,0.5137220517713197,0.7186144239811937,0.7514331039718148,0.0,0.0,0.0,0.0,0.0,0.43977007202092966,0.5602299309847762
3,1.1511551802640134,0.7273728776947477,0.5113024164219292,0.7225955150837307,0.7531460160196206,0.0,0.0,0.0,0.0,0.0,0.44480697125338753,0.555193027673491
4,1.1241340075132142,0.7358646278474125,0.5105844498897085,0.7237766513524426,0.7542165860494993,0.0,0.0,0.0,0.0,0.0,0.4505808794123254,0.5494191185272062
5,1.0988005276171038,0.7438382039147557,0.5114516384747564,0.7229902082827765,0.7535158493026696,0.0,0.0,0.0,0.0,0.0,0.45605174252836894,0.54394825915801
6,1.079805242582924,0.7520007654441946,0.5141572368388273,0.7199279932804034,0.7523771520890714,0.0,0.0,0.0,0.0,0.0,0.4588298661442922,0.5411701397188606
