{
  "experiment_id": "20251116_225911_gainakt3exp_p1bce09_b2.0_m0.9_g1.1_o2.0_228239",
  "dataset": "assist2015",
  "fold": 0,
  "train_auc": 0.6988300596151721,
  "train_acc": 0.7410337998291705,
  "valid_auc": 0.689919021572016,
  "valid_acc": 0.7362115446379041,
  "test_auc": 0.6857817397552349,
  "test_acc": 0.7304000237755587,
  "train_encoder1_auc": 0.6988300596151721,
  "train_encoder1_acc": 0.7410337998291705,
  "valid_encoder1_auc": 0.689919021572016,
  "valid_encoder1_acc": 0.7362115446379041,
  "test_encoder1_auc": 0.6857817397552349,
  "test_encoder1_acc": 0.7304000237755587,
  "train_encoder2_auc": 0.5139896531955835,
  "train_encoder2_acc": 0.5641854156693793,
  "valid_encoder2_auc": 0.5162493847150498,
  "valid_encoder2_acc": 0.5633047523576872,
  "test_encoder2_auc": 0.5132820988606219,
  "test_encoder2_acc": 0.5655016642891108,
  "train_mastery_correlation": 0.0,
  "train_gain_correlation": 0.0,
  "train_correlation_students": 0,
  "test_mastery_correlation": 0.0,
  "test_gain_correlation": 0.0,
  "test_correlation_students": 0,
  "timestamp": "2025-11-16T23:04:26.189818Z"
}