epoch,train_loss,train_auc,train_acc,val_loss,val_auc,val_acc,train_bce_loss,train_im_loss,val_bce_loss,val_im_loss,train_encoder1_auc,train_encoder1_acc,val_encoder1_auc,val_encoder1_acc,train_encoder2_auc,train_encoder2_acc,val_encoder2_auc,val_encoder2_acc
1,0.567640,0.680382,0.734370,0.567640,0.675598,0.740241,0.563305,0.606654,0.563305,0.606654,0.680382,0.734370,0.675598,0.740241,0.510482,0.734370,0.512834,0.740241
2,0.559215,0.693518,0.734370,0.559215,0.686649,0.740241,0.553997,0.606180,0.553997,0.606180,0.693518,0.734370,0.686649,0.740241,0.513007,0.734370,0.515290,0.740241
3,0.556686,0.698830,0.734370,0.556686,0.689919,0.740241,0.551237,0.605727,0.551237,0.605727,0.698830,0.734370,0.689919,0.740241,0.513991,0.734370,0.516249,0.740241
4,0.554725,0.700914,0.734370,0.554725,0.688637,0.740241,0.549107,0.605289,0.549107,0.605289,0.700914,0.734370,0.688637,0.740241,0.514545,0.734370,0.516840,0.740241
5,0.552823,0.705300,0.734370,0.552823,0.689311,0.740241,0.547041,0.604867,0.547041,0.604867,0.705300,0.734370,0.689311,0.740241,0.514884,0.734370,0.517180,0.740241
6,0.550818,0.708423,0.734370,0.550818,0.688419,0.740241,0.544857,0.604464,0.544857,0.604464,0.708423,0.734370,0.688419,0.740241,0.514974,0.734370,0.517294,0.740241
