split,auc,acc
test,0.721735,0.748663
