{
  "bkt_correlation": 0.2937432246616959,
  "p_value": 2.4277044072266412e-32,
  "mse": 0.08067112780782744,
  "mae": 0.2046880425008471,
  "num_interactions": 1556,
  "num_students": 14,
  "num_skills": 71,
  "supplementary_correlations": {
    "time_lagged": {
      "correlation": 0.3650735453156146,
      "p_value": 1.3307506286253373e-29,
      "num_interactions": 895,
      "min_attempt": 3,
      "operator": ">",
      "description": "Correlation after initialization (attempt > 3, optimal threshold)"
    },
    "trajectory_slopes": {
      "correlation": -0.08344146915927339,
      "p_value": 0.21661917244600723,
      "num_trajectories": 221,
      "description": "Correlation of learning rates (removes initialization bias)"
    }
  },
  "model_mastery_stats": {
    "mean": 0.7937987242930591,
    "std": 0.22516451262579837,
    "min": 0.009707,
    "max": 0.999998
  },
  "bkt_mastery_stats": {
    "mean": 0.7741105562167285,
    "std": 0.2504202788444135,
    "min": 0.06542774144667213,
    "max": 1.0
  },
  "metadata": {
    "experiment_dir": "/workspaces/pykt-toolkit/experiments/20251201_205818_ikt2_test_601503",
    "dataset": "assist2015",
    "bkt_targets_file": "data/assist2015/bkt_targets.pkl",
    "bkt_metadata": {
      "dataset": "assist2015",
      "num_students": 15275,
      "num_skills": 100,
      "method": "BKT (Bayesian Knowledge Tracing)",
      "model": "pyBKT",
      "monotonic": false
    },
    "validation_passed": true
  }
}