{
  "difficulty_fidelity": 0.9280170428834541,
  "p_value": 2.649444201259367e-31,
  "num_skills": 71,
  "mse": 1.9808041833529035,
  "mae": 0.5001887488340492,
  "model_beta_stats": {
    "mean": -5.553640183098592,
    "std": 3.5477322452189934,
    "min": -12.998701,
    "max": 2.391754
  },
  "rasch_beta_stats": {
    "mean": -5.3848714017847055,
    "std": 3.745704797852785,
    "min": -13.220438957214355,
    "max": 2.591738700866699
  },
  "metadata": {
    "experiment_dir": "/workspaces/pykt-toolkit/experiments/20251201_205818_ikt2_test_601503",
    "dataset": "assist2015",
    "rasch_file": "{'dataset': 'assist2015', 'num_students': 15275, 'num_skills': 100, 'num_calibrated_skills': 100, 'max_iterations': 300, 'seed': 42, 'dynamic': False, 'learning_rate': None, 'use_final_ability': False, 'calibration_method': 'averaged_ability'}"
  }
}