epoch,train_loss,train_auc,val_loss,val_auc,val_accuracy,monotonicity_violation_rate,negative_gain_rate,bounds_violation_rate,mastery_correlation,gain_correlation,main_loss_share,constraint_loss_share,alignment_loss_share,lag_loss_share,retention_loss_share
1,0.5283654923574912,0.6933753193837564,0.514927648768133,0.7177356239453063,0.7512579197851074,0.0,0.0,0.0,0.156703318845904,-0.004140419729379364,1.0006680248094115,-0.0006680261816286966,-0.0029488204151907507,0.0,0.0
2,0.5081007394148278,0.7249692217596648,0.510657719203404,0.7245721820409863,0.7537688931279136,0.0,0.0,0.0,0.15394387755988992,-0.0008526096365852441,1.0109058554043298,-0.010905852332300738,-0.011774117244170785,0.0,0.0
3,0.4948894123648115,0.7378165857836076,0.5106370138878725,0.7253668115045334,0.7532822703870597,0.0,0.0,0.0,0.1569331122554533,0.03579164749187058,1.0209373169247487,-0.020937313152456342,-0.02189962789772436,0.0,0.0
4,0.48136806009346955,0.7490339462451443,0.5124772957393101,0.7224949988170284,0.7517153451615101,0.0,0.0,0.0,0.14143262753846425,0.026872965582621415,1.033593015180565,-0.03359301467824028,-0.03458962389377057,0.0,0.0
