epoch,train_loss,train_auc,train_acc,val_loss,val_auc,val_acc,train_bce_loss,train_im_loss,val_bce_loss,val_im_loss,train_encoder1_auc,train_encoder1_acc,val_encoder1_auc,val_encoder1_acc,train_encoder2_auc,train_encoder2_acc,val_encoder2_auc,val_encoder2_acc
1,0.567733,0.680382,0.734370,0.567733,0.675598,0.740241,0.563305,0.607578,0.563305,0.607578,0.680382,0.734370,0.675598,0.740241,0.521626,0.734370,0.523332,0.740241
2,0.559285,0.693518,0.734370,0.559285,0.686649,0.740241,0.553997,0.606882,0.553997,0.606882,0.693518,0.734370,0.686649,0.740241,0.526035,0.734370,0.527377,0.740241
3,0.556734,0.698830,0.734370,0.556734,0.689919,0.740241,0.551237,0.606210,0.551237,0.606210,0.698830,0.734370,0.689919,0.740241,0.527891,0.734370,0.529216,0.740241
4,0.554752,0.700914,0.734370,0.554752,0.688637,0.740241,0.549107,0.605562,0.549107,0.605562,0.700914,0.734370,0.688637,0.740241,0.529828,0.734370,0.531215,0.740241
5,0.552830,0.705300,0.734370,0.552830,0.689311,0.740241,0.547041,0.604938,0.547041,0.604938,0.705300,0.734370,0.689311,0.740241,0.532224,0.734370,0.533800,0.740241
6,0.550805,0.708423,0.734370,0.550805,0.688419,0.740241,0.544857,0.604337,0.544857,0.604337,0.708423,0.734370,0.688419,0.740241,0.534741,0.734370,0.536376,0.740241
