{
  "lambda_ref": 4.449079398882538,
  "lambda_initmastery": 8.103817658801596,
  "lambda_rate": 4.372160553993349
}