{
  "valid_auc": 0.7048947490695345,
  "valid_acc": 0.7470689745332846,
  "valid_metrics": {
    "l_sup": 0.5202035119448266,
    "l_reg": 2.3409013275947169e-07,
    "l_ref": 0.006923422615121429,
    "l_init": 0.030814372500548037,
    "l_rate": 0.06213136912259501
  },
  "test_auc": 0.6974955135268266,
  "test_acc": 0.7410307065681325,
  "test_metrics": {
    "l_sup": 0.5296638756379762,
    "l_reg": 2.3675898900156595e-07,
    "l_ref": 0.006887157155611253,
    "l_init": 0.03045070165860115,
    "l_rate": 0.061435933577322015
  },
  "window_test_auc": 0.6974955135268266,
  "window_test_acc": 0.7410307065681325,
  "window_metrics": {
    "l_sup": 0.5296638756379762,
    "l_reg": 2.3675898900156595e-07,
    "l_ref": 0.0,
    "l_init": 0.03045070165860115,
    "l_rate": 0.061435933577322015
  },
  "checkpoint": "/workspaces/pykt-toolkit/experiments/20251231_010610_idkt_assist2015_S_hr_sweep_l0.5_906745/best_model.pt"
}