split,auc,acc,l_sup,l_ref,l_init,l_rate,l_reg
test,0.697496,0.741031,0.529664,0.006887,0.030451,0.061436,0.000000
