{
  "r2_true": 0.3680948172102896,
  "pearson_true": 0.6070965463403515,
  "r2_control": -0.01583980202765134,
  "pearson_control": 0.0007774144971086954,
  "selectivity_r2": 0.3839346192379409
}