{
  "0": {
    "r2": -0.2924824948739415,
    "pearson": 0.2797678199221548,
    "count": 971
  },
  "1": {
    "r2": -6.555802479508066,
    "pearson": -0.0344093922083523,
    "count": 675
  },
  "2": {
    "r2": -0.24657245381520965,
    "pearson": 0.31550917665905126,
    "count": 920
  },
  "3": {
    "r2": -16.616765130162072,
    "pearson": 0.06038690664703865,
    "count": 614
  },
  "4": {
    "r2": -188791.35455979468,
    "pearson": -0.022708069213914883,
    "count": 313
  },
  "5": {
    "r2": -1.180303655914603,
    "pearson": 0.3822595670585759,
    "count": 462
  },
  "6": {
    "r2": -228.8104697904591,
    "pearson": 0.19188706145814585,
    "count": 377
  },
  "7": {
    "r2": -0.5189107272206219,
    "pearson": 0.12046850961121126,
    "count": 1353
  },
  "8": {
    "r2": -8.3380740348617,
    "pearson": 0.04414517610012531,
    "count": 747
  },
  "9": {
    "r2": -3.3233898937125277,
    "pearson": -0.09421416207427549,
    "count": 810
  },
  "10": {
    "r2": 0.005960483656416882,
    "pearson": 0.34033180686713893,
    "count": 1249
  },
  "11": {
    "r2": -10.36710121900285,
    "pearson": -0.13047380997383717,
    "count": 557
  },
  "12": {
    "r2": -6.887656874579057,
    "pearson": 0.35660521326005057,
    "count": 512
  },
  "13": {
    "r2": -10.95135017262274,
    "pearson": 0.2612654280438468,
    "count": 600
  },
  "14": {
    "r2": -0.9302483293295241,
    "pearson": 0.1770517304254488,
    "count": 684
  },
  "15": {
    "r2": -226940.18691448006,
    "pearson": 0.11983469078021486,
    "count": 229
  },
  "16": {
    "r2": -46463804.61651552,
    "pearson": 0.03260182412870681,
    "count": 357
  },
  "17": {
    "r2": -7.710947667370444,
    "pearson": 0.07022736740216239,
    "count": 508
  },
  "18": {
    "r2": -25.39664328689857,
    "pearson": 0.007481846032490669,
    "count": 265
  },
  "19": {
    "r2": -0.7260314224907376,
    "pearson": 0.21665993598649153,
    "count": 941
  },
  "20": {
    "r2": -2.999796267871599,
    "pearson": 0.2250364177921252,
    "count": 634
  },
  "21": {
    "r2": -0.8292853360759267,
    "pearson": 0.30821878123669866,
    "count": 647
  },
  "22": {
    "r2": -9087.936456757865,
    "pearson": 0.039353615875096296,
    "count": 370
  },
  "23": {
    "r2": -546.9247051428114,
    "pearson": 0.007288456905188184,
    "count": 208
  },
  "24": {
    "r2": -1.19030554441062,
    "pearson": 0.23005292172466746,
    "count": 673
  },
  "25": {
    "r2": -0.017003719421466057,
    "pearson": 0.5833761474970623,
    "count": 588
  },
  "26": {
    "r2": -260099172.75453776,
    "pearson": -0.009940127574893353,
    "count": 329
  },
  "27": {
    "r2": -12.231772884419469,
    "pearson": 0.1495251805832282,
    "count": 560
  },
  "28": {
    "r2": -174.47194876926918,
    "pearson": 0.12004371726185949,
    "count": 382
  },
  "29": {
    "r2": -76.4492571066441,
    "pearson": 0.13824149535688549,
    "count": 339
  },
  "30": {
    "r2": -4.101689757951426,
    "pearson": 0.2632988860718433,
    "count": 446
  },
  "31": {
    "r2": -27.937997650485496,
    "pearson": -0.06834596452335373,
    "count": 217
  },
  "32": {
    "r2": -2.948210139976817,
    "pearson": 0.038547091138152745,
    "count": 654
  },
  "33": {
    "r2": -2.52113841105266,
    "pearson": 0.38608229274362205,
    "count": 646
  },
  "34": {
    "r2": -11.013854540118569,
    "pearson": 0.2845643497411859,
    "count": 470
  },
  "35": {
    "r2": -6094.746755775563,
    "pearson": 0.5988594130778003,
    "count": 214
  },
  "36": {
    "r2": -2.3777959786297047,
    "pearson": 0.11405211040790522,
    "count": 600
  },
  "37": {
    "r2": -0.12764555929223542,
    "pearson": 0.45927603411520196,
    "count": 818
  },
  "38": {
    "r2": 0.7692622197296685,
    "pearson": 0.8846735347299853,
    "count": 65
  },
  "39": {
    "r2": -1.4900311794195509,
    "pearson": 0.056885506759794785,
    "count": 182
  },
  "40": {
    "r2": -27267016.88746961,
    "pearson": 0.19107065538755041,
    "count": 295
  },
  "41": {
    "r2": -1369.040040954791,
    "pearson": 0.0893003356806123,
    "count": 311
  },
  "42": {
    "r2": -200175143.10355753,
    "pearson": -0.14012963952381452,
    "count": 227
  },
  "43": {
    "r2": -87240096671.0029,
    "pearson": 0.03259499972624681,
    "count": 214
  },
  "44": {
    "r2": -33857.027035115425,
    "pearson": 0.3112007941731535,
    "count": 175
  },
  "45": {
    "r2": -5.732136684216798,
    "pearson": 0.08554231150827495,
    "count": 666
  },
  "46": {
    "r2": 0.8689937938597684,
    "pearson": 0.9621945193883749,
    "count": 71
  },
  "47": {
    "r2": -26587629.229230262,
    "pearson": -0.04296501636413804,
    "count": 312
  },
  "48": {
    "r2": -425595.4717818092,
    "pearson": -0.05922991313765807,
    "count": 75
  },
  "49": {
    "r2": -1.4365553343670698,
    "pearson": 0.22050273226982653,
    "count": 209
  },
  "50": {
    "r2": -77.56117435662344,
    "pearson": -0.11719604725921529,
    "count": 374
  },
  "51": {
    "r2": -3.9519324030685414,
    "pearson": 0.26640774963453295,
    "count": 445
  },
  "52": {
    "r2": -15977119.379127724,
    "pearson": 0.04226357132035547,
    "count": 331
  },
  "53": {
    "r2": -12467275.23938065,
    "pearson": -0.021913586913389287,
    "count": 339
  },
  "54": {
    "r2": -199695712.58249617,
    "pearson": -0.18810370328277767,
    "count": 142
  },
  "55": {
    "r2": 0.008356064068175129,
    "pearson": 0.7239202253304238,
    "count": 77
  },
  "56": {
    "r2": -94.08555692941164,
    "pearson": 0.09264514559056261,
    "count": 301
  },
  "57": {
    "r2": -158377.03148038095,
    "pearson": -0.06497547285594765,
    "count": 294
  },
  "58": {
    "r2": 0.415718902105493,
    "pearson": 0.6485629607279424,
    "count": 187
  },
  "59": {
    "r2": -3.2312614131088413,
    "pearson": 0.3744850259172534,
    "count": 207
  },
  "60": {
    "r2": -2.674339629344544,
    "pearson": 0.23385193499908974,
    "count": 567
  },
  "61": {
    "r2": -18.700192747010895,
    "pearson": 0.1569149314558408,
    "count": 485
  },
  "62": {
    "r2": -25.813820005982656,
    "pearson": -0.037384185532198584,
    "count": 476
  },
  "63": {
    "r2": -17.29362151446052,
    "pearson": 0.20435219159631768,
    "count": 414
  },
  "64": {
    "r2": -85.35275345928385,
    "pearson": -0.12536430165013257,
    "count": 418
  },
  "65": {
    "r2": -126.93765239820193,
    "pearson": 0.2618936289063456,
    "count": 202
  },
  "66": {
    "r2": -12.651088129268535,
    "pearson": 0.13808407427681338,
    "count": 423
  },
  "67": {
    "r2": -601.1932221670073,
    "pearson": 0.1536699860518173,
    "count": 461
  },
  "68": {
    "r2": -1.4922975859164715,
    "pearson": 0.6545475236385939,
    "count": 43
  },
  "69": {
    "r2": -0.33035471193578325,
    "pearson": 0.4998679077441234,
    "count": 788
  },
  "70": {
    "r2": -2045.6001072129131,
    "pearson": -0.06728982076305585,
    "count": 151
  },
  "71": {
    "r2": -291.769049933347,
    "pearson": 0.03219112102329869,
    "count": 227
  },
  "72": {
    "r2": -1897.2029799830343,
    "pearson": -0.17410180099491607,
    "count": 31
  },
  "73": {
    "r2": -239.14137105823264,
    "pearson": -0.03874758188938168,
    "count": 394
  },
  "74": {
    "r2": -18832.77916808659,
    "pearson": -0.10544777757247256,
    "count": 418
  },
  "75": {
    "r2": -9.274558927747291,
    "pearson": 0.11697659697719787,
    "count": 445
  },
  "76": {
    "r2": -4.362326991752264,
    "pearson": 0.06341059728940586,
    "count": 598
  },
  "77": {
    "r2": -0.6358869663906854,
    "pearson": 0.13883496693589262,
    "count": 859
  },
  "78": {
    "r2": -2503978.8475948675,
    "pearson": 0.008117644935538283,
    "count": 337
  },
  "79": {
    "r2": -94919430.72263435,
    "pearson": -0.14570498944884716,
    "count": 326
  },
  "81": {
    "r2": -54.615166852589844,
    "pearson": 0.1303497469236874,
    "count": 476
  },