{
  "valid_auc": 0.7048947490695345,
  "valid_acc": 0.7470689745332846,
  "valid_metrics": {
    "l_sup": 0.5195094668944201,
    "l_reg": 8.658298220609595e-07,
    "l_ref": 0.005760093161370605,
    "l_init": 0.021040532430342304,
    "l_rate": 0.04609914368045411
  },
  "test_auc": 0.7047789578012886,
  "test_acc": 0.7479265805574439,
  "test_metrics": {
    "l_sup": 0.5195094668944201,
    "l_reg": 8.658298220609595e-07,
    "l_ref": 0.005760093161370605,
    "l_init": 0.021040532430342304,
    "l_rate": 0.04609914368045411
  },
  "best_epoch": 11,
  "params": {
    "model_name": "idkt",
    "dataset_name": "assist2015_S",
    "fold": 0,
    "seed": 42,
    "emb_type": "qid",
    "save_dir": "/workspaces/pykt-toolkit/experiments/20251231_010610_idkt_assist2015_S_hr_sweep_l0.5_906745",
    "d_model": 256,
    "d_ff": 512,
    "num_attn_heads": 8,
    "n_blocks": 4,
    "dropout": 0.2,
    "final_fc_dim": 512,
    "learning_rate": 0.0001,
    "weight_decay": 0.0,
    "batch_size": 64,
    "num_epochs": 100,
    "optimizer": "Adam",
    "gradient_clip": 1.0,
    "patience": 10,
    "seq_len": 200,
    "l2": 1e-05,
    "lambda_student": 1e-05,
    "lambda_gap": 1e-05,
    "lambda_ref": 0.5,
    "lambda_initmastery": 0.5,
    "lambda_rate": 0.5,
    "theory_guided": 1,
    "calibrate": 1,
    "use_wandb": 0,
    "add_uuid": 0
  }
}