{
  "train": {
    "total_auc": 0.7005625969807471,
    "total_acc": 0.726513295600672,
    "bce_auc": 0.7146306582226735,
    "bce_acc": 0.7484301523385802,
    "mastery_auc": 0.524036610329444,
    "mastery_acc": 0.7254479580247609
  },
  "valid": {
    "total_auc": 0.6935723367245945,
    "total_acc": 0.7303039445639373,
    "bce_auc": 0.7076194965109391,
    "bce_acc": 0.7485328324363254,
    "mastery_auc": 0.5176744256202951,
    "mastery_acc": 0.729642137636376
  },
  "test": {
    "total_auc": 0.6864267977797104,
    "total_acc": 0.7205554564907275,
    "bce_auc": 0.7035205498683703,
    "bce_acc": 0.7431719567284831,
    "mastery_auc": 0.5264874920585116,
    "mastery_acc": 0.7193815382786496
  },
  "checkpoint_epoch": 5,
  "checkpoint_val_auc": 0.7076197026670806
}