split,total_auc,bce_auc,mastery_auc,total_acc,bce_acc,mastery_acc
training,0.7005625969807471,0.7146306582226735,0.524036610329444,0.726513295600672,0.7484301523385802,0.7254479580247609
validation,0.6935723367245945,0.7076194965109391,0.5176744256202951,0.7303039445639373,0.7485328324363254,0.729642137636376
test,0.6864267977797104,0.7035205498683703,0.5264874920585116,0.7205554564907275,0.7431719567284831,0.7193815382786496
