epoch,train_loss,train_auc,train_acc,val_loss,val_auc,val_acc,train_bce_loss,train_im_loss,val_bce_loss,val_im_loss,train_encoder1_auc,train_encoder1_acc,val_encoder1_auc,val_encoder1_acc,train_encoder2_auc,train_encoder2_acc,val_encoder2_auc,val_encoder2_acc
1,0.567651,0.680382,0.734370,0.567651,0.675598,0.740241,0.563305,0.606761,0.563305,0.606761,0.680382,0.734370,0.675598,0.740241,0.518790,0.734370,0.520701,0.740241
2,0.559214,0.693518,0.734370,0.559214,0.686649,0.740241,0.553997,0.606169,0.553997,0.606169,0.693518,0.734370,0.686649,0.740241,0.522933,0.734370,0.524561,0.740241
3,0.556674,0.698830,0.734370,0.556674,0.689919,0.740241,0.551237,0.605604,0.551237,0.605604,0.698830,0.734370,0.689919,0.740241,0.524757,0.734370,0.526289,0.740241
4,0.554702,0.700914,0.734370,0.554702,0.688637,0.740241,0.549107,0.605061,0.549107,0.605061,0.700914,0.734370,0.688637,0.740241,0.525388,0.734370,0.526949,0.740241
5,0.552791,0.705300,0.734370,0.552791,0.689311,0.740241,0.547041,0.604539,0.547041,0.604539,0.705300,0.734370,0.689311,0.740241,0.525897,0.734370,0.527521,0.740241
6,0.550775,0.708423,0.734370,0.550775,0.688419,0.740241,0.544857,0.604037,0.544857,0.604037,0.708423,0.734370,0.688419,0.740241,0.526425,0.734370,0.528111,0.740241
