epoch,train_loss,train_auc,train_acc,val_loss,val_auc,val_acc,train_bce_loss,train_im_loss,val_bce_loss,val_im_loss,train_encoder1_auc,train_encoder1_acc,val_encoder1_auc,val_encoder1_acc,train_encoder2_auc,train_encoder2_acc,val_encoder2_auc,val_encoder2_acc
1,0.567877,0.680382,0.734370,0.567877,0.675598,0.740241,0.563305,0.609023,0.563305,0.609023,0.680382,0.734370,0.675598,0.740241,0.513802,0.734370,0.515825,0.740241
2,0.559438,0.693518,0.734370,0.559438,0.686649,0.740241,0.553997,0.608410,0.553997,0.608410,0.693518,0.734370,0.686649,0.740241,0.516213,0.734370,0.518164,0.740241
3,0.556896,0.698830,0.734370,0.556896,0.689919,0.740241,0.551237,0.607821,0.551237,0.607821,0.698830,0.734370,0.689919,0.740241,0.517522,0.734370,0.519447,0.740241
4,0.554921,0.700914,0.734370,0.554921,0.688637,0.740241,0.549107,0.607253,0.549107,0.607253,0.700914,0.734370,0.688637,0.740241,0.518599,0.734370,0.520505,0.740241
5,0.553007,0.705300,0.734370,0.553007,0.689311,0.740241,0.547041,0.606704,0.547041,0.606704,0.705300,0.734370,0.689311,0.740241,0.519335,0.734370,0.521168,0.740241
6,0.550989,0.708423,0.734370,0.550989,0.688419,0.740241,0.544857,0.606173,0.544857,0.606173,0.708423,0.734370,0.688419,0.740241,0.520154,0.734370,0.522019,0.740241
