split,auc,acc
test,0.841357,0.777042
