{
  "r2_true": -80.59199805481768,
  "pearson_true": 0.07515579286045884,
  "r2_control": -1.0731999686552838,
  "pearson_control": 0.034728404130334956,
  "selectivity_r2": -79.51879808616239
}