{
  "0": {
    "r2": -14.292910138178906,
    "pearson": -0.08343820607743326,
    "count": 294
  },
  "1": {
    "r2": -1.6056583245477247,
    "pearson": 0.5383255686107795,
    "count": 544
  },
  "2": {
    "r2": -0.8634363342618196,
    "pearson": 0.567814433843738,
    "count": 272
  },
  "3": {
    "r2": -1.028302017601106,
    "pearson": 0.2509867423515801,
    "count": 140
  },
  "4": {
    "r2": -1.040170359025344,
    "pearson": 0.5602967251966837,
    "count": 254
  },
  "5": {
    "r2": -1.8155101749247828,
    "pearson": 0.3823393623025669,
    "count": 441
  },
  "7": {
    "r2": -11.247574557917744,
    "pearson": 0.4139344275066666,
    "count": 24
  },
  "8": {
    "r2": -5.396077379478365,
    "pearson": 0.05409937849772638,
    "count": 170
  },
  "9": {
    "r2": -8.206644631703103,
    "pearson": 0.36913571205659196,
    "count": 297
  },
  "10": {
    "r2": -0.40494445027237,
    "pearson": 0.6580142717617891,
    "count": 93
  },
  "11": {
    "r2": -0.3565997716794236,
    "pearson": 0.4694255212040124,
    "count": 679
  },
  "12": {
    "r2": -0.6995430780181122,
    "pearson": 0.38241625335475227,
    "count": 526
  },
  "13": {
    "r2": -0.2797523777142683,
    "pearson": 0.6154337872037376,
    "count": 33
  },
  "14": {
    "r2": 0.3301333375698535,
    "pearson": 0.6622202058394904,
    "count": 101
  },
  "15": {
    "r2": 0.7597676132528881,
    "pearson": 0.8868042413099059,
    "count": 886
  },
  "16": {
    "r2": 0.18406762491825035,
    "pearson": 0.7096888083430238,
    "count": 53
  },
  "17": {
    "r2": -0.1285075651819294,
    "pearson": 0.5785127197765474,
    "count": 77
  },
  "18": {
    "r2": -0.7061103669593569,
    "pearson": 0.6104586803348577,
    "count": 75
  },
  "19": {
    "r2": 0.8355175461956055,
    "pearson": 0.9174600540575544,
    "count": 111
  },
  "20": {
    "r2": -7.718329200724867,
    "pearson": 0.16387737194558563,
    "count": 411
  },
  "21": {
    "r2": -2.2119059123510496,
    "pearson": 0.5385490137502924,
    "count": 86
  },
  "22": {
    "r2": 0.7695574886647779,
    "pearson": 0.8924765601758018,
    "count": 77
  },
  "23": {
    "r2": -0.49067033789401004,
    "pearson": 0.6520465063615506,
    "count": 636
  },
  "24": {
    "r2": 0.2054074094219277,
    "pearson": 0.8317557145558998,
    "count": 213
  },
  "25": {
    "r2": 0.06191695369919592,
    "pearson": 0.5777597198715495,
    "count": 573
  },
  "26": {
    "r2": 0.14460167521970502,
    "pearson": 0.7714800703814682,
    "count": 133
  },
  "27": {
    "r2": 0.7521286964328089,
    "pearson": 0.8902679863985196,
    "count": 46
  },
  "28": {
    "r2": -7.279477111289198,
    "pearson": 0.2720973650393366,
    "count": 276
  },
  "30": {
    "r2": 0.7408748152027176,
    "pearson": 0.883315585330378,
    "count": 135
  },
  "31": {
    "r2": -0.26808173899620336,
    "pearson": 0.4361855739018257,
    "count": 172
  },
  "32": {
    "r2": -0.09204749032603932,
    "pearson": 0.5575395578363936,
    "count": 62
  },
  "33": {
    "r2": -1.5185432646988843,
    "pearson": 0.8575944642041973,
    "count": 28
  },
  "34": {
    "r2": 0.04290664966939295,
    "pearson": 0.47615512222800016,
    "count": 125
  },
  "35": {
    "r2": 0.7283469546277357,
    "pearson": 0.9233986777889167,
    "count": 22
  },
  "37": {
    "r2": -0.1525038673143575,
    "pearson": 0.5526244554176158,
    "count": 31
  },
  "38": {
    "r2": -2.516299091062718,
    "pearson": 0.4857018550517294,
    "count": 255
  },
  "40": {
    "r2": 0.8655422718758534,
    "pearson": 0.9595145168860588,
    "count": 43
  },
  "41": {
    "r2": 0.8260212342196055,
    "pearson": 0.9234827139255223,
    "count": 22
  },
  "44": {
    "r2": -0.9145862875725892,
    "pearson": 0.5845817615424325,
    "count": 164
  },
  "45": {
    "r2": 0.3468386893705917,
    "pearson": 0.7167145272799783,
    "count": 628
  },
  "46": {
    "r2": 0.5885422742268387,
    "pearson": 0.8186929385407083,
    "count": 649
  },
  "47": {
    "r2": -0.02698724458858437,
    "pearson": 0.6969492430291145,
    "count": 519
  },
  "48": {
    "r2": -0.9348224815667892,
    "pearson": 0.3224304299871763,
    "count": 424
  },
  "49": {
    "r2": 0.038230233832522664,
    "pearson": 0.7641330440468728,
    "count": 94
  },
  "50": {
    "r2": 0.627778085845534,
    "pearson": 0.8807251576313282,
    "count": 43
  },
  "51": {
    "r2": 0.11313299445857361,
    "pearson": 0.7003019050354556,
    "count": 201
  },
  "52": {
    "r2": -3.7827957105395953,
    "pearson": 0.3346680877938368,
    "count": 271
  },
  "53": {
    "r2": -0.7048569765234955,
    "pearson": 0.5518653425710147,
    "count": 446
  },
  "54": {
    "r2": -1.06712964987039,
    "pearson": 0.43832919681365823,
    "count": 276
  },
  "55": {
    "r2": 0.3541880249924986,
    "pearson": 0.7457063089542041,
    "count": 230
  },
  "56": {
    "r2": 0.08282849334778142,
    "pearson": 0.6505017935443395,
    "count": 660
  },
  "57": {
    "r2": 0.5445094241076924,
    "pearson": 0.8110449491566161,
    "count": 430
  },
  "58": {
    "r2": 0.3439423194935437,
    "pearson": 0.7210348744652414,
    "count": 74
  },
  "59": {
    "r2": 0.09114735563355947,
    "pearson": 0.621287323621853,
    "count": 36
  },
  "60": {
    "r2": 0.18313572938619438,
    "pearson": 0.6676655695619355,
    "count": 90
  },
  "61": {
    "r2": 0.3024068996721858,
    "pearson": 0.7372602526363083,
    "count": 159
  },
  "62": {
    "r2": 0.5261954850134062,
    "pearson": 0.8199381323118882,
    "count": 581
  },
  "63": {
    "r2": -2.413056767359311,
    "pearson": 0.4272665033544974,
    "count": 530
  },
  "64": {
    "r2": 0.5901573130373994,
    "pearson": 0.805089330792814,
    "count": 37
  },
  "65": {
    "r2": -10.188159125611874,
    "pearson": 0.30957582544997925,
    "count": 27
  },
  "66": {
    "r2": -0.05505669695458626,
    "pearson": 0.789148438841399,
    "count": 27
  },
  "67": {
    "r2": -0.9261776470292968,
    "pearson": 0.8123410795082915,
    "count": 44
  },
  "68": {
    "r2": -0.9140575445094232,
    "pearson": 0.4725344700700775,
    "count": 242
  },
  "69": {
    "r2": 0.12486677984029826,
    "pearson": 0.7016083191619253,
    "count": 112
  },
  "70": {
    "r2": -11.058622803666601,
    "pearson": 0.5563113529333638,
    "count": 22
  },
  "72": {
    "r2": 0.8758471086869536,
    "pearson": 0.9408140779821962,
    "count": 141
  },
  "75": {
    "r2": 0.8247614981362699,
    "pearson": 0.9117589178690363,
    "count": 49
  },
  "76": {
    "r2": -2.6655006882672585,
    "pearson": -0.43244374269316566,
    "count": 40
  },
  "77": {
    "r2": 0.8885037636921622,
    "pearson": 0.9626798103995696,
    "count": 30
  },
  "79": {
    "r2": -1.637949810984201,
    "pearson": 0.21618508973951842,
    "count": 29
  },
  "80": {
    "r2": 0.4022935293637351,
    "pearson": 0.6711714856310844,
    "count": 23
  },
  "81": {
    "r2": 0.8883728043520538,
    "pearson": 0.9660726381037282,
    "count": 40
  },
  "82": {
    "r2": -3.7288799788930564,
    "pearson": 0.31292718872458114,
    "count": 72
  },
  "84": {
    "r2": 0.25824519671607404,
    "pearson": 0.6836271721303092,
    "count": 43
  },
  "86": {
    "r2": 0.8205831918008788,
    "pearson": 0.9084473837504093,
    "count": 85
  },
  "91": {
    "r2": -0.2584799089106611,
    "pearson": 0.19730758719999872,
    "count": 34
  }
}