{
  "valid_auc": 0.8476442588829282,
  "valid_acc": 0.7856318031235211,
  "valid_metrics": {
    "l_sup": 0.448863719382307,
    "l_reg": 0.00011947213048794462,
    "l_ref": 0.05933627672493458,
    "l_init": 0.030396555987032225,
    "l_rate": 0.13485510756940297
  },
  "test_auc": 0.8459356544349854,
  "test_acc": 0.7866351159488878,
  "test_metrics": {
    "l_sup": 0.448863719382307,
    "l_reg": 0.00011947213048794462,
    "l_ref": 0.05933627672493458,
    "l_init": 0.030396555987032225,
    "l_rate": 0.13485510756940297
  },
  "best_epoch": 47,
  "params": {
    "model_name": "idkt",
    "dataset_name": "assist2009",
    "fold": 0,
    "seed": 42,
    "emb_type": "qid",
    "save_dir": "/workspaces/pykt-toolkit/experiments/20251230_200527_idkt_testsplit_302231",
    "d_model": 256,
    "d_ff": 512,
    "num_attn_heads": 8,
    "n_blocks": 4,
    "dropout": 0.2,
    "final_fc_dim": 512,
    "learning_rate": 0.0001,
    "weight_decay": 0.0,
    "batch_size": 64,
    "num_epochs": 200,
    "optimizer": "Adam",
    "gradient_clip": 1.0,
    "patience": 10,
    "seq_len": 200,
    "l2": 1e-05,
    "lambda_student": 1e-05,
    "lambda_gap": 1e-05,
    "lambda_ref": 0.1,
    "lambda_initmastery": 0.1,
    "lambda_rate": 0.1,
    "theory_guided": 1,
    "calibrate": 1,
    "use_wandb": 0,
    "add_uuid": 0
  }
}