epoch,train_loss,train_auc,train_acc,val_loss,val_auc,val_acc,train_bce_loss,train_im_loss,val_bce_loss,val_im_loss,train_encoder1_auc,train_encoder1_acc,val_encoder1_auc,val_encoder1_acc,train_encoder2_auc,train_encoder2_acc,val_encoder2_auc,val_encoder2_acc
1,0.601038,0.677991,0.734370,0.601038,0.673812,0.740241,0.563586,0.610401,0.563586,0.610401,0.677991,0.734370,0.673812,0.740241,0.512161,0.734370,0.514189,0.740241
2,0.598633,0.688848,0.734370,0.598633,0.683124,0.740241,0.554694,0.609617,0.554694,0.609617,0.688848,0.734370,0.683124,0.740241,0.514953,0.734370,0.516713,0.740241
3,0.597570,0.693580,0.734370,0.597570,0.686981,0.740241,0.552456,0.608849,0.552456,0.608849,0.693580,0.734370,0.686981,0.740241,0.516879,0.734370,0.518441,0.740241
4,0.596664,0.697427,0.734370,0.596664,0.689418,0.740241,0.550926,0.608098,0.550926,0.608098,0.697427,0.734370,0.689418,0.740241,0.518028,0.734370,0.519463,0.740241
5,0.595813,0.700160,0.734370,0.595813,0.690326,0.740241,0.549595,0.607367,0.549595,0.607367,0.700160,0.734370,0.690326,0.740241,0.518999,0.734370,0.520356,0.740241
6,0.594997,0.701890,0.734370,0.594997,0.689858,0.740241,0.548361,0.606655,0.548361,0.606655,0.701890,0.734370,0.689858,0.740241,0.519993,0.734370,0.521384,0.740241
