epoch,train_loss,train_auc,train_acc,val_loss,val_auc,val_acc,train_bce_loss,train_im_loss,val_bce_loss,val_im_loss,train_encoder1_auc,train_encoder1_acc,val_encoder1_auc,val_encoder1_acc,train_encoder2_auc,train_encoder2_acc,val_encoder2_auc,val_encoder2_acc
1,0.568134,0.680382,0.734370,0.568134,0.675598,0.740241,0.563305,0.611589,0.563305,0.611589,0.680382,0.734370,0.675598,0.740241,0.497542,0.734370,0.500717,0.740241
2,0.559716,0.693518,0.734370,0.559716,0.686649,0.740241,0.553997,0.611194,0.553997,0.611194,0.693518,0.734370,0.686649,0.740241,0.498023,0.734370,0.501168,0.740241
3,0.557194,0.698830,0.734370,0.557194,0.689919,0.740241,0.551237,0.610806,0.551237,0.610806,0.698830,0.734370,0.689919,0.740241,0.498129,0.734370,0.501255,0.740241
4,0.555238,0.700914,0.734370,0.555238,0.688637,0.740241,0.549107,0.610421,0.549107,0.610421,0.700914,0.734370,0.688637,0.740241,0.498099,0.734370,0.501226,0.740241
5,0.553340,0.705300,0.734370,0.553340,0.689311,0.740241,0.547041,0.610036,0.547041,0.610036,0.705300,0.734370,0.689311,0.740241,0.498042,0.734370,0.501199,0.740241
6,0.551337,0.708423,0.734370,0.551337,0.688419,0.740241,0.544857,0.609651,0.544857,0.609651,0.708423,0.734370,0.688419,0.740241,0.497934,0.734370,0.501090,0.740241
