split,total_auc,git status,mastery_auc,total_acc,bce_acc,mastery_acc
training,0.7446278513784911,0.7446278517736742,0.5,0.7594167394099813,0.7594143928514441,0.2656304264166174
validation,0.710729931114637,0.7107299316072444,0.5,0.7509367487761438,0.7509367487761438,0.25975921906782545
test,0.7063447421889147,0.7063447430358548,0.5,0.7459432952924394,0.7459581550166429,0.26662803138373753
