{
  "experiment_id": "20251116_230402_gainakt3exp_p1bce09_b2.5_m0.7_g0.9_o2.5_382766",
  "dataset": "assist2015",
  "fold": 0,
  "train_auc": 0.6988300596151721,
  "train_acc": 0.7410337998291705,
  "valid_auc": 0.689919021572016,
  "valid_acc": 0.7362115446379041,
  "test_auc": 0.6857817397552349,
  "test_acc": 0.7304000237755587,
  "train_encoder1_auc": 0.6988300596151721,
  "train_encoder1_acc": 0.7410337998291705,
  "valid_encoder1_auc": 0.689919021572016,
  "valid_encoder1_acc": 0.7362115446379041,
  "test_encoder1_auc": 0.6857817397552349,
  "test_encoder1_acc": 0.7304000237755587,
  "train_encoder2_auc": 0.5132663645335934,
  "train_encoder2_acc": 0.4628704042651048,
  "valid_encoder2_auc": 0.5152694511755533,
  "valid_encoder2_acc": 0.45877818762226397,
  "test_encoder2_auc": 0.5122616513336591,
  "test_encoder2_acc": 0.4663130052306229,
  "train_mastery_correlation": 0.0,
  "train_gain_correlation": 0.0,
  "train_correlation_students": 0,
  "test_mastery_correlation": 0.0,
  "test_gain_correlation": 0.0,
  "test_correlation_students": 0,
  "timestamp": "2025-11-16T23:09:16.324404Z"
}