epoch,train_loss,train_auc,train_acc,val_loss,val_auc,val_acc,train_bce_loss,train_im_loss,val_bce_loss,val_im_loss,train_encoder1_auc,train_encoder1_acc,val_encoder1_auc,val_encoder1_acc,train_encoder2_auc,train_encoder2_acc,val_encoder2_auc,val_encoder2_acc
1,0.567970,0.680382,0.734370,0.567970,0.675598,0.740241,0.563305,0.609952,0.563305,0.609952,0.680382,0.734370,0.675598,0.740241,0.510129,0.734370,0.512249,0.740241
2,0.559538,0.693518,0.734370,0.559538,0.686649,0.740241,0.553997,0.609416,0.553997,0.609416,0.693518,0.734370,0.686649,0.740241,0.512555,0.734370,0.514605,0.740241
3,0.557004,0.698830,0.734370,0.557004,0.689919,0.740241,0.551237,0.608905,0.551237,0.608905,0.698830,0.734370,0.689919,0.740241,0.513265,0.734370,0.515267,0.740241
4,0.555037,0.700914,0.734370,0.555037,0.688637,0.740241,0.549107,0.608413,0.549107,0.608413,0.700914,0.734370,0.688637,0.740241,0.513612,0.734370,0.515608,0.740241
5,0.553131,0.705300,0.734370,0.553131,0.689311,0.740241,0.547041,0.607941,0.547041,0.607941,0.705300,0.734370,0.689311,0.740241,0.513609,0.734370,0.515621,0.740241
6,0.551120,0.708423,0.734370,0.551120,0.688419,0.740241,0.544857,0.607485,0.544857,0.607485,0.708423,0.734370,0.688419,0.740241,0.513416,0.734370,0.515461,0.740241
