{
  "valid_auc": 0.8523152767765427,
  "valid_acc": 0.7889635589209655,
  "valid_metrics": {
    "l_sup": 0.4425212477213109,
    "l_reg": 0.00011402511639365305,
    "l_ref": 0.06549716337273519,
    "l_init": 1.4552537721918878e-06,
    "l_rate": 2.149298724481285e-07
  },
  "test_auc": 0.8465278889771785,
  "test_acc": 0.779917291289739,
  "test_metrics": {
    "l_sup": 0.46011393419835506,
    "l_reg": 0.00010959094264156496,
    "l_ref": 0.06310196047027906,
    "l_init": 1.8595509330459506e-06,
    "l_rate": 2.4920679857868314e-07
  },
  "window_test_auc": 0.8476776994937837,
  "window_test_acc": 0.7802869116698904,
  "window_metrics": {
    "l_sup": 0.4255816811904696,
    "l_reg": 0.00033682399759376366,
    "l_ref": 0.0,
    "l_init": 1.3716187560125157e-06,
    "l_rate": 1.298313406608577e-07
  },
  "checkpoint": "/workspaces/pykt-toolkit/experiments/20251224_090601_idkt_merge_assist2009_240583/best_model.pt"
}