split,auc,acc,l_sup,l_ref,l_init,l_rate,l_reg
test,0.846528,0.779917,0.460114,0.063102,0.000002,0.000000,0.000110
