{
  "r2_true": 0.630465100666117,
  "pearson_true": 0.7940937600087022,
  "r2_control": -0.012848432204739302,
  "pearson_control": -0.0010508034887475996,
  "selectivity_r2": 0.6433135328708564
}