{
  "prediction_mse": 0.028180349618196487,
  "prediction_corr": 0.6256437784353975,
  "initmastery_mse": 2.303617065990693e-07,
  "initmastery_corr": 0.9999947632352773,
  "learning_rate_mse": 5.213317777474913e-08,
  "learning_rate_corr": 0.9999976993177081,
  "h2_functional_alignment": 0.6582983622763843,
  "h3_discriminant_overlap": -0.10726025929111432,
  "h3_latent_overlap": -0.04589205384648931
}