{
  "valid_auc": 0.7597053191897637,
  "valid_acc": 0.7413913866540464,
  "valid_metrics": {
    "l_sup": 0.5438353578463997,
    "l_reg": 2.8876747511693186e-08,
    "l_ref": 0.028322735180457432,
    "l_init": 2.3321715653352906e-07,
    "l_rate": 5.130876288743206e-08
  },
  "test_auc": 0.7597053191897637,
  "test_acc": 0.7413913866540464,
  "test_metrics": {
    "l_sup": 0.5438353578463997,
    "l_reg": 2.8876747511693186e-08,
    "l_ref": 0.028322735180457432,
    "l_init": 2.3321715653352906e-07,
    "l_rate": 5.130876288743206e-08
  },
  "best_epoch": 1,
  "params": {
    "model_name": "idkt",
    "dataset_name": "assist2009",
    "fold": 0,
    "seed": 42,
    "emb_type": "qid",
    "save_dir": "/workspaces/pykt-toolkit/experiments/20251224_100641_idkt_test_442823",
    "d_model": 256,
    "d_ff": 512,
    "num_attn_heads": 8,
    "n_blocks": 4,
    "dropout": 0.2,
    "final_fc_dim": 512,
    "learning_rate": 0.0001,
    "weight_decay": 0.0,
    "batch_size": 64,
    "num_epochs": 1,
    "optimizer": "Adam",
    "gradient_clip": 1.0,
    "patience": 10,
    "seq_len": 200,
    "l2": 1e-05,
    "lambda_student": 1e-05,
    "lambda_gap": 1e-05,
    "lambda_ref": 0.1,
    "lambda_initmastery": 0.1,
    "lambda_rate": 0.1,
    "theory_guided": 1,
    "calibrate": 1,
    "use_wandb": 0,
    "add_uuid": 0
  }
}