split,auc,acc
test,0.774167,0.738240
