{
  "valid_auc": 0.6992094426744326,
  "valid_acc": 0.7437249997566886,
  "test_auc": 0.6910923131985645,
  "test_acc": 0.7352220042796006,
  "window_test_auc": 0.6913659023878549,
  "window_test_acc": 0.7353832442067736,
  "checkpoint": "/workspaces/pykt-toolkit/experiments/20251219_094339_idkt_guidance_titration_198276/best_model.pt"
}