split,auc,acc
test,0.691092,0.735222
