epoch,train_loss,train_auc,train_acc,val_loss,val_auc,val_acc,train_bce_loss,train_im_loss,val_bce_loss,val_im_loss,train_encoder1_auc,train_encoder1_acc,val_encoder1_auc,val_encoder1_acc,train_encoder2_auc,train_encoder2_acc,val_encoder2_auc,val_encoder2_acc
1,0.601008,0.677991,0.734370,0.601008,0.673812,0.740241,0.563586,0.610364,0.563586,0.610364,0.677991,0.734370,0.673812,0.740241,0.508084,0.734370,0.510641,0.740241
2,0.598583,0.688848,0.734370,0.598583,0.683124,0.740241,0.554694,0.609556,0.554694,0.609556,0.688848,0.734370,0.683124,0.740241,0.510519,0.734370,0.512749,0.740241
3,0.597499,0.693580,0.734370,0.597499,0.686981,0.740241,0.552456,0.608759,0.552456,0.608759,0.693580,0.734370,0.686981,0.740241,0.512189,0.734370,0.514168,0.740241
4,0.596568,0.697427,0.734370,0.596568,0.689418,0.740241,0.550926,0.607979,0.550926,0.607979,0.697427,0.734370,0.689418,0.740241,0.513608,0.734370,0.515442,0.740241
5,0.595691,0.700160,0.734370,0.595691,0.690326,0.740241,0.549595,0.607215,0.549595,0.607215,0.700160,0.734370,0.690326,0.740241,0.515119,0.734370,0.516917,0.740241
6,0.594848,0.701890,0.734370,0.594848,0.689858,0.740241,0.548361,0.606469,0.548361,0.606469,0.701890,0.734370,0.689858,0.740241,0.516746,0.734370,0.518554,0.740241
