{
  "train": {
    "total_auc": 0.7541863702732323,
    "total_acc": 0.7619697950985085,
    "bce_auc": 0.7541863702732323,
    "bce_acc": 0.7619697950985085,
    "mastery_auc": "N/A",
    "mastery_acc": "N/A"
  },
  "valid": {
    "total_auc": 0.7244858678881199,
    "total_acc": 0.7530486914714498,
    "bce_auc": 0.7244858678881199,
    "bce_acc": 0.7530486914714498,
    "mastery_auc": "N/A",
    "mastery_acc": "N/A"
  },
  "test": {
    "total_auc": 0.7183411690359695,
    "total_acc": 0.7471989419876367,
    "bce_auc": 0.7183411690359695,
    "bce_acc": 0.7471989419876367,
    "mastery_auc": "N/A",
    "mastery_acc": "N/A"
  },
  "checkpoint_epoch": 11,
  "checkpoint_val_auc": 0.7244858804496052
}