split,total_auc,bce_auc,mastery_auc,total_acc,bce_acc,mastery_acc
training,0.7541863702732323,0.7541863702732323,N/A,0.7619697950985085,0.7619697950985085,N/A
validation,0.7244858678881199,0.7244858678881199,N/A,0.7530486914714498,0.7530486914714498,N/A
test,0.7183411690359695,0.7183411690359695,N/A,0.7471989419876367,0.7471989419876367,N/A
