{
  "valid_auc": 0.7840842047605499,
  "valid_acc": 0.7578987221959299,
  "valid_metrics": {
    "l_sup": 0.5166472493324054,
    "l_reg": 7.46309562297635e-08,
    "l_ref": 0.0329107828438282,
    "l_init": 1.3307394360146417e-07,
    "l_rate": 2.2377136704531303e-08
  },
  "test_auc": 0.7788278047561421,
  "test_acc": 0.7467530369604549,
  "test_metrics": {
    "l_sup": 0.5316910535593321,
    "l_reg": 6.94276118077634e-08,
    "l_ref": 0.03280045166611671,
    "l_init": 1.2601851680729586e-07,
    "l_rate": 2.2619940710787315e-08
  },
  "window_test_auc": 0.7805089377012286,
  "window_test_acc": 0.7472275950999355,
  "window_metrics": {
    "l_sup": 0.50841799577271,
    "l_reg": 2.106401844226802e-07,
    "l_ref": 0.0,
    "l_init": 1.1716550763627276e-07,
    "l_rate": 2.3887335378837016e-08
  },
  "checkpoint": "/workspaces/pykt-toolkit/experiments/20251224_014644_idkt_test_884318/best_model.pt"
}