{
  "prediction_mse": 0.03271126374602318,
  "prediction_corr": 0.6465029483761525,
  "initmastery_mse": 1.3156318345863838e-07,
  "initmastery_corr": 0.9999970172560537,
  "learning_rate_mse": 2.2503986230049122e-08,
  "learning_rate_corr": 0.9999989743616876,
  "h2_functional_alignment": 0.6919609798337786,
  "h3_discriminant_overlap": -0.1073231058387288,
  "h3_latent_overlap": -0.16523444080682914
}