split,auc,acc,l_sup,l_ref,l_init,l_rate,l_reg
test,0.778828,0.746753,0.531691,0.032800,0.000000,0.000000,0.000000
