epoch,train_loss,valid_auc,valid_acc,train_l_sup,train_l_ref,train_l_init,train_l_rate,train_l_rasch,train_l_gap,train_l_student
1,0.6233297389301381,0.7596441009049317,0.7413724562233791,0.5909665215509369,0.024430969535994034,3.067874875228729e-07,8.982154381565667e-08,0.0013144455618506374,1.3048358504796909e-09,1.3058973763468984e-09
2,0.5698226331391697,0.7840842047605499,0.7578987221959299,0.5408352659548293,0.021894048278530438,1.6867681893224136e-07,3.395592062776382e-08,0.004943637281636863,1.8637188513063545e-05,1.537163067647877e-05
