{
  "valid_auc": 0.7840842047605499,
  "valid_acc": 0.7578987221959299,
  "valid_metrics": {
    "l_sup": 0.5166472493324054,
    "l_reg": 7.46309562297635e-08,
    "l_ref": 0.0329107828438282,
    "l_init": 1.3307394360146417e-07,
    "l_rate": 2.2377136704531303e-08
  },
  "test_auc": 0.7840842047605499,
  "test_acc": 0.7578987221959299,
  "test_metrics": {
    "l_sup": 0.5166472493324054,
    "l_reg": 7.46309562297635e-08,
    "l_ref": 0.0329107828438282,
    "l_init": 1.3307394360146417e-07,
    "l_rate": 2.2377136704531303e-08
  },
  "best_epoch": 2,
  "params": {
    "model_name": "idkt",
    "dataset_name": "assist2009",
    "fold": 0,
    "seed": 42,
    "emb_type": "qid",
    "save_dir": "/workspaces/pykt-toolkit/experiments/20251224_014644_idkt_test_884318",
    "d_model": 256,
    "d_ff": 512,
    "num_attn_heads": 8,
    "n_blocks": 4,
    "dropout": 0.2,
    "final_fc_dim": 512,
    "learning_rate": 0.0001,
    "weight_decay": 0.0,
    "batch_size": 64,
    "num_epochs": 2,
    "optimizer": "Adam",
    "gradient_clip": 1.0,
    "patience": 10,
    "seq_len": 200,
    "l2": 1e-05,
    "lambda_student": 1e-05,
    "lambda_gap": 1e-05,
    "lambda_ref": 0.1,
    "lambda_initmastery": 0.1,
    "lambda_rate": 0.1,
    "theory_guided": 1,
    "calibrate": 1,
    "use_wandb": 0,
    "add_uuid": 0
  }
}