{
  "experiment_name": "optimal_v1",
  "best_val_auc": 0.7185694711049655,
  "final_consistency_metrics": {
    "monotonicity_violation_rate": 0.0,
    "negative_gain_rate": 0.0,
    "bounds_violation_rate": 0.0,
    "mastery_correlation": 0.014550680961147814,
    "gain_correlation": -0.019101653650869656
  },
  "train_history": {
    "train_loss": [
      0.5269247274942349,
      0.5116674745638754
    ],
    "train_auc": [
      0.6787543167254689,
      0.7150797398979578
    ],
    "val_auc": [
      0.7084714132440941,
      0.7185694711049655
    ],
    "consistency_metrics": [
      {
        "monotonicity_violation_rate": 0.0,
        "negative_gain_rate": 0.0,
        "bounds_violation_rate": 0.0,
        "mastery_correlation": 0.05662277535942972,
        "gain_correlation": -0.11745463340329051
      },
      {
        "monotonicity_violation_rate": 0.0,
        "negative_gain_rate": 0.0,
        "bounds_violation_rate": 0.0,
        "mastery_correlation": 0.0636691528631991,
        "gain_correlation": -0.03676594460905545
      }
    ],
    "semantic_trajectory": [
      {
        "epoch": 1,
        "mastery_correlation": 0.05662277535942972,
        "gain_correlation": -0.11745463340329051,
        "warmup_scale": 1.0,
        "loss_shares": {
          "bce": 1.0162142964203846,
          "incremental_mastery": 0.8540715792591063
        },
        "mean_mastery_variance": null,
        "min_mastery_variance": null,
        "max_mastery_variance": null
      },
      {
        "epoch": 2,
        "mastery_correlation": 0.0636691528631991,
        "gain_correlation": -0.03676594460905545,
        "warmup_scale": 1.0,
        "loss_shares": {
          "bce": 1.0157578671467082,
          "incremental_mastery": 0.8581794482779385
        },
        "mean_mastery_variance": null,
        "min_mastery_variance": null,
        "max_mastery_variance": null
      }
    ]
  },
  "correlation_sampling": {
    "deterministic": true,
    "epoch": 2,
    "local_mastery_corr": 0.0636691528631991,
    "local_gain_corr": -0.03676594460905545,
    "global_mastery_corr": null,
    "global_gain_corr": null,
    "notes": "Deterministic stratified selection (sorted slice) applied; seeds fixed."
  }
}