split,auc,acc
test,0.779911,0.732214
