{
  "valid_auc": 0.8422271741985576,
  "valid_acc": 0.7832276384287743,
  "valid_metrics": {
    "l_sup": 0.45555901438704255,
    "l_reg": 5.693817638530163e-05,
    "l_ref": 0.07853553692499797,
    "l_init": 4.1748850468664513e-07,
    "l_rate": 1.4602324654122814e-07
  },
  "test_auc": 0.8330295107569037,
  "test_acc": 0.7711456448694753,
  "test_metrics": {
    "l_sup": 0.4796800101078594,
    "l_reg": 5.4765075583418364e-05,
    "l_ref": 0.07758843501408895,
    "l_init": 4.065442681751076e-07,
    "l_rate": 1.4073620414679573e-07
  },
  "window_test_auc": 0.8343766897624649,
  "window_test_acc": 0.773033526756931,
  "window_metrics": {
    "l_sup": 0.4452912249621277,
    "l_reg": 0.00016451433966551042,
    "l_ref": 0.0,
    "l_init": 3.8043286834766896e-07,
    "l_rate": 1.5762770355335675e-07
  },
  "checkpoint": "/workspaces/pykt-toolkit/experiments/20251226_133205_idkt_path1bugfix_532518/best_model.pt"
}