{
  "prediction_mse": 0.07811789959669113,
  "prediction_corr": 0.5038297391509153,
  "initmastery_mse": 4.137629048273084e-07,
  "initmastery_corr": 0.9999903406364417,
  "learning_rate_mse": 1.4842217410659941e-07,
  "learning_rate_corr": 0.9999936179984207,
  "h2_functional_alignment": 0.6583070466751912,
  "h3_discriminant_overlap": -0.10698835421372037,
  "h3_latent_overlap": -0.4405210192407156
}