split,auc,acc,l_sup,l_ref,l_init,l_rate,l_reg
test,0.833030,0.771146,0.479680,0.077588,0.000000,0.000000,0.000055
