{
  "r2_true": 0.5658926529480472,
  "pearson_true": 0.7523856154598573,
  "r2_control": -0.016955662427502682,
  "pearson_control": -0.019981378791385996,
  "selectivity_r2": 0.5828483153755499
}