{
  "valid_auc": 0.8422271741985576,
  "valid_acc": 0.7832276384287743,
  "valid_metrics": {
    "l_sup": 0.4671637494725318,
    "l_reg": 7.650517485065696e-05,
    "l_ref": 0.0821540883431832,
    "l_init": 4.074383238273063e-07,
    "l_rate": 1.4619281727432085e-07
  },
  "test_auc": 0.8404421518242315,
  "test_acc": 0.7831140558447705,
  "test_metrics": {
    "l_sup": 0.4671637494725318,
    "l_reg": 7.650517485065696e-05,
    "l_ref": 0.0821540883431832,
    "l_init": 4.074383238273063e-07,
    "l_rate": 1.4619281727432085e-07
  },
  "best_epoch": 34,
  "params": {
    "model_name": "idkt",
    "dataset_name": "assist2009",
    "fold": 0,
    "seed": 42,
    "emb_type": "qid",
    "save_dir": "/workspaces/pykt-toolkit/experiments/20251226_133205_idkt_path1bugfix_532518",
    "d_model": 256,
    "d_ff": 512,
    "num_attn_heads": 8,
    "n_blocks": 4,
    "dropout": 0.2,
    "final_fc_dim": 512,
    "learning_rate": 0.0001,
    "weight_decay": 0.0,
    "batch_size": 64,
    "num_epochs": 200,
    "optimizer": "Adam",
    "gradient_clip": 1.0,
    "patience": 10,
    "seq_len": 200,
    "l2": 1e-05,
    "lambda_student": 1e-05,
    "lambda_gap": 1e-05,
    "lambda_ref": 0.1,
    "lambda_initmastery": 0.1,
    "lambda_rate": 0.1,
    "theory_guided": 1,
    "calibrate": 0,
    "use_wandb": 0,
    "add_uuid": 0
  }
}