epoch,train_loss,train_auc,train_acc,val_loss,val_auc,val_acc,train_bce_loss,train_im_loss,val_bce_loss,val_im_loss,train_encoder1_auc,train_encoder1_acc,val_encoder1_auc,val_encoder1_acc,train_encoder2_auc,train_encoder2_acc,val_encoder2_auc,val_encoder2_acc
1,0.599913,0.677991,0.734370,0.599913,0.673812,0.740241,0.563586,0.608995,0.563586,0.608995,0.677991,0.734370,0.673812,0.740241,0.512996,0.734370,0.515046,0.740241
2,0.597407,0.688848,0.734370,0.597407,0.683124,0.740241,0.554694,0.608085,0.554694,0.608085,0.688848,0.734370,0.683124,0.740241,0.517387,0.734370,0.519069,0.740241
3,0.596243,0.693580,0.734370,0.596243,0.686981,0.740241,0.552456,0.607190,0.552456,0.607190,0.693580,0.734370,0.686981,0.740241,0.520141,0.734370,0.521583,0.740241
4,0.595236,0.697427,0.734370,0.595236,0.689418,0.740241,0.550926,0.606313,0.550926,0.606313,0.697427,0.734370,0.689418,0.740241,0.523295,0.734370,0.524802,0.740241
5,0.594284,0.700160,0.734370,0.594284,0.690326,0.740241,0.549595,0.605457,0.549595,0.605457,0.700160,0.734370,0.690326,0.740241,0.526463,0.734370,0.527841,0.740241
6,0.593369,0.701890,0.734370,0.593369,0.689858,0.740241,0.548361,0.604621,0.548361,0.604621,0.701890,0.734370,0.689858,0.740241,0.529533,0.734370,0.530746,0.740241
