epoch,train_loss,train_auc,val_loss,val_auc,val_accuracy,monotonicity_violation_rate,negative_gain_rate,bounds_violation_rate,mastery_correlation,gain_correlation,bce_loss_share,incremental_mastery_loss_share
1,0.5503110930400809,0.6787524556040601,0.5197528643267495,0.7084035021598438,0.7488345385356548,0.0,0.0,0.0,0.0,0.0,0.9730286350567117,1.2427425476904956
2,0.534184767020181,0.7150798267394366,0.5137600771018437,0.7185311718751043,0.7514331039718148,0.0,0.0,0.0,0.0,0.0,0.9729438600596544,1.2435054915854002
3,0.5251788663740603,0.7271958221601907,0.5113620733728215,0.7224734359190925,0.7533114677515109,0.0,0.0,0.0,0.0,0.0,0.9752158993958134,1.2230570871456736
4,0.5181916156889861,0.7355980213742778,0.5105557095031349,0.7237943305346788,0.754060866772426,0.0,0.0,0.0,0.0,0.0,0.9778154968456576,1.199660701819553
5,0.5114916601638102,0.7434663939933619,0.5112890370038091,0.7231650811535253,0.7537007659441941,0.0,0.0,0.0,0.0,0.0,0.9802267050067931,1.1779598707929533
6,0.5052528279432978,0.751425473348583,0.5136916850294385,0.7204514276647779,0.7525134064565105,0.0,0.0,0.0,0.0,0.0,0.9813868679159645,1.1675184023858192
7,0.4984656402484123,0.7600886960446963,0.5185051852343033,0.7159072120713844,0.7513844416977294,0.0,0.0,0.0,0.0,0.0,0.9819258800781347,1.1626672704328949
