epoch,train_loss,train_auc,train_acc,val_loss,val_auc,val_acc,train_bce_loss,train_im_loss,val_bce_loss,val_im_loss,train_encoder1_auc,train_encoder1_acc,val_encoder1_auc,val_encoder1_acc,train_encoder2_auc,train_encoder2_acc,val_encoder2_auc,val_encoder2_acc
1,0.597991,0.677991,0.734370,0.597991,0.673812,0.740241,0.563586,0.606592,0.563586,0.606592,0.677991,0.734370,0.673812,0.740241,0.512319,0.734370,0.514492,0.740241
2,0.595516,0.688848,0.734370,0.595516,0.683124,0.740241,0.554694,0.605722,0.554694,0.605722,0.688848,0.734370,0.683124,0.740241,0.516106,0.734370,0.517978,0.740241
3,0.594385,0.693580,0.734370,0.594385,0.686981,0.740241,0.552456,0.604867,0.552456,0.604867,0.693580,0.734370,0.686981,0.740241,0.519027,0.734370,0.520569,0.740241
4,0.593412,0.697427,0.734370,0.593412,0.689418,0.740241,0.550926,0.604034,0.550926,0.604034,0.697427,0.734370,0.689418,0.740241,0.521149,0.734370,0.522650,0.740241
5,0.592518,0.700160,0.734370,0.592518,0.690326,0.740241,0.549595,0.603249,0.549595,0.603249,0.700160,0.734370,0.690326,0.740241,0.523764,0.734370,0.525298,0.740241
6,0.591687,0.701890,0.734370,0.591687,0.689858,0.740241,0.548361,0.602518,0.548361,0.602518,0.701890,0.734370,0.689858,0.740241,0.526351,0.734370,0.527712,0.740241
