{
  "prediction_mse": 0.01656493730843067,
  "prediction_corr": 0.8314876383643256,
  "initmastery_mse": 0.010126523673534393,
  "initmastery_corr": 0.9876779759653868,
  "learning_rate_mse": 0.17127594351768494,
  "learning_rate_corr": 0.9983750247725689,
  "h2_functional_alignment": 0.2830350708128802,
  "h3_discriminant_overlap": -0.10142273248331768,
  "h3_latent_overlap": -0.03306785878390821
}