split,auc,acc,l_sup,l_ref,l_init,l_rate,l_reg
test,0.757862,0.724380,0.552291,0.012314,0.010202,0.173996,0.001147
