{
  "valid_auc": 0.7634859146460451,
  "valid_acc": 0.7366966398485566,
  "valid_metrics": {
    "l_sup": 0.5378172652682989,
    "l_reg": 0.0011850705098671217,
    "l_ref": 0.010679812481005987,
    "l_init": 0.009037410955610973,
    "l_rate": 0.1642274899157799
  },
  "test_auc": 0.7615354105250728,
  "test_acc": 0.7323805016564127,
  "test_metrics": {
    "l_sup": 0.5378172652682989,
    "l_reg": 0.0011850705098671217,
    "l_ref": 0.010679812481005987,
    "l_init": 0.009037410955610973,
    "l_rate": 0.1642274899157799
  },
  "best_epoch": 14,
  "params": {
    "model_name": "idkt",
    "dataset_name": "assist2009",
    "fold": 0,
    "seed": 42,
    "emb_type": "qid",
    "save_dir": "/workspaces/pykt-toolkit/experiments/20251221_134728_idkt_pareto_v2_l0.75_assist2009_817607",
    "d_model": 256,
    "d_ff": 512,
    "num_attn_heads": 8,
    "n_blocks": 4,
    "dropout": 0.2,
    "final_fc_dim": 512,
    "learning_rate": 0.0001,
    "weight_decay": 0.0,
    "batch_size": 64,
    "num_epochs": 100,
    "optimizer": "Adam",
    "gradient_clip": 1.0,
    "patience": 10,
    "seq_len": 200,
    "l2": 1e-05,
    "lambda_student": 1e-05,
    "lambda_gap": 1e-05,
    "lambda_ref": 0.75,
    "lambda_initmastery": 0.75,
    "lambda_rate": 0.75,
    "theory_guided": 1,
    "calibrate": 1,
    "use_wandb": 0,
    "add_uuid": 0
  }
}