{
  "train": {
    "total_auc": 0.7587153770236139,
    "total_acc": 0.7639831423234684,
    "bce_auc": 0.7587153770236139,
    "bce_acc": 0.7639831423234684,
    "mastery_auc": "N/A",
    "mastery_acc": "N/A"
  },
  "valid": {
    "total_auc": 0.7251088899744966,
    "total_acc": 0.7534963843930355,
    "bce_auc": 0.7251088899744966,
    "bce_acc": 0.7534963843930355,
    "mastery_auc": "N/A",
    "mastery_acc": "N/A"
  },
  "test": {
    "total_auc": 0.7185285557833632,
    "total_acc": 0.7465896932952925,
    "bce_auc": 0.7185285557833632,
    "bce_acc": 0.7465896932952925,
    "mastery_auc": "N/A",
    "mastery_acc": "N/A"
  },
  "checkpoint_epoch": 12,
  "checkpoint_val_auc": 0.7251088934227476
}