{
  "experiment_id": "20251116_203019_gainakt3exp_phase2_bce0.7_106625",
  "dataset": "assist2015",
  "fold": 0,
  "train_auc": 0.6982017743172061,
  "train_acc": 0.7405809140314814,
  "valid_auc": 0.6896812006352406,
  "valid_acc": 0.7361239525445503,
  "test_auc": 0.6854892128870315,
  "test_acc": 0.7304074536376605,
  "train_encoder1_auc": 0.6982017743172061,
  "train_encoder1_acc": 0.7405809140314814,
  "valid_encoder1_auc": 0.6896812006352406,
  "valid_encoder1_acc": 0.7361239525445503,
  "test_encoder1_auc": 0.6854892128870315,
  "test_encoder1_acc": 0.7304074536376605,
  "train_encoder2_auc": 0.5352805730754009,
  "train_encoder2_acc": 0.5840326077774336,
  "valid_encoder2_auc": 0.5359044358846049,
  "valid_encoder2_acc": 0.5838402320217229,
  "test_encoder2_auc": 0.5347284841437568,
  "test_encoder2_acc": 0.5854954232049453,
  "train_mastery_correlation": 0.0,
  "train_gain_correlation": 0.0,
  "train_correlation_students": 0,
  "test_mastery_correlation": 0.0,
  "test_gain_correlation": 0.0,
  "test_correlation_students": 0,
  "timestamp": "2025-11-16T20:36:06.572651Z"
}