epoch,train_loss,train_auc,train_acc,val_loss,val_auc,val_acc,train_bce_loss,train_im_loss,val_bce_loss,val_im_loss,train_encoder1_auc,train_encoder1_acc,val_encoder1_auc,val_encoder1_acc,train_encoder2_auc,train_encoder2_acc,val_encoder2_auc,val_encoder2_acc
1,0.576495,0.679942,0.734370,0.576495,0.675209,0.740241,0.563339,0.607192,0.563339,0.607192,0.679942,0.734370,0.675209,0.740241,0.528892,0.734370,0.529714,0.740241
2,0.569764,0.692802,0.734370,0.569764,0.686070,0.740241,0.554091,0.606334,0.554091,0.606334,0.692802,0.734370,0.686070,0.740241,0.532495,0.734370,0.532943,0.740241
3,0.567625,0.698201,0.734370,0.567625,0.689680,0.740241,0.551390,0.605506,0.551390,0.605506,0.698201,0.734370,0.689680,0.740241,0.535281,0.734370,0.535906,0.740241
4,0.565957,0.700378,0.734370,0.565957,0.688708,0.740241,0.549350,0.604708,0.549350,0.604708,0.700378,0.734370,0.688708,0.740241,0.539345,0.734370,0.540311,0.740241
5,0.564359,0.704545,0.734370,0.564359,0.689359,0.740241,0.547396,0.603938,0.547396,0.603938,0.704545,0.734370,0.689359,0.740241,0.543226,0.734370,0.543915,0.740241
6,0.562672,0.707083,0.734370,0.562672,0.687856,0.740241,0.545305,0.603194,0.545305,0.603194,0.707083,0.734370,0.687856,0.740241,0.545430,0.734370,0.545908,0.740241
7,0.561096,0.710454,0.734370,0.561096,0.687085,0.740241,0.543361,0.602476,0.543361,0.602476,0.710454,0.734370,0.687085,0.740241,0.547225,0.734370,0.547624,0.740241
