{
  "trajectory": [
    {
      "epoch": 1,
      "train_loss": 0.5340567122596179,
      "train_auc": 0.6879068716780063,
      "val_auc": 0.7171803166391834,
      "global_alignment_mastery_corr": 0.05541576825748298,
      "global_alignment_gain_corr": -0.006728240509526853,
      "constraint_scale": 0.0,
      "current_corr_target": 0.08,
      "mastery_variance_mean": 0.010045090442583757,
      "mastery_variance_std": 0.006195733169708705,
      "promote_counter": 0,
      "adaptive_corr_weight": 0.3,
      "boost_applied": false,
      "variance_floor_penalty": 0.0,
      "counts": {
        "acc_mastery_count": 2857,
        "acc_gain_count": 2857,
        "strat_mastery_count": 600,
        "strat_gain_count": 600,
        "final_mastery_count": 3457,
        "final_gain_count": 3457
      }
    },
    {
      "epoch": 2,
      "train_loss": 0.5139815366083338,
      "train_auc": 0.724283499651584,
      "val_auc": 0.7242592884955006,
      "global_alignment_mastery_corr": 0.05540629071469237,
      "global_alignment_gain_corr": -0.0082838148066078,
      "constraint_scale": 0.0,
      "current_corr_target": 0.08,
      "mastery_variance_mean": 0.009907657260899627,
      "mastery_variance_std": 0.006035234996244055,
      "promote_counter": 0,
      "adaptive_corr_weight": 0.3,
      "boost_applied": false,
      "variance_floor_penalty": 0.0,
      "counts": {
        "acc_mastery_count": 2857,
        "acc_gain_count": 2857,
        "strat_mastery_count": 600,
        "strat_gain_count": 600,
        "final_mastery_count": 3457,
        "final_gain_count": 3457
      }
    },
    {
      "epoch": 3,
      "train_loss": 0.5055091642132101,
      "train_auc": 0.7373175491157224,
      "val_auc": 0.7251409190527491,
      "global_alignment_mastery_corr": 0.0551857163085718,
      "global_alignment_gain_corr": -0.011370962489042777,
      "constraint_scale": 0.0,
      "current_corr_target": 0.08,
      "mastery_variance_mean": 0.009917558823441511,
      "mastery_variance_std": 0.006049277508468043,
      "promote_counter": 0,
      "adaptive_corr_weight": 0.3,
      "boost_applied": false,
      "variance_floor_penalty": 0.0,
      "counts": {
        "acc_mastery_count": 2857,
        "acc_gain_count": 2857,
        "strat_mastery_count": 600,
        "strat_gain_count": 600,
        "final_mastery_count": 3457,
        "final_gain_count": 3457
      }
    },
    {
      "epoch": 4,
      "train_loss": 0.5230666814848434,
      "train_auc": 0.7476885270779663,
      "val_auc": 0.7224370344587305,
      "global_alignment_mastery_corr": 0.04491375558052056,
      "global_alignment_gain_corr": -0.029548786354551184,
      "constraint_scale": 0.125,
      "current_corr_target": 0.08,
      "mastery_variance_mean": 0.0016588095344023523,
      "mastery_variance_std": 0.002551072919301917,
      "promote_counter": 0,
      "adaptive_corr_weight": 0.3,
      "boost_applied": false,
      "variance_floor_penalty": 0.0,
      "counts": {
        "acc_mastery_count": 2857,
        "acc_gain_count": 2857,
        "strat_mastery_count": 600,
        "strat_gain_count": 600,
        "final_mastery_count": 3457,
        "final_gain_count": 3457
      }
    },
    {
      "epoch": 5,
      "train_loss": 0.5162302703820458,
      "train_auc": 0.7620190949521934,
      "val_auc": 0.714403397845329,
      "global_alignment_mastery_corr": 0.051799341275262485,
      "global_alignment_gain_corr": 0.0002716541092261713,
      "constraint_scale": 0.25,
      "current_corr_target": 0.08,
      "mastery_variance_mean": 9.551438930055838e-05,
      "mastery_variance_std": 7.513032612198232e-05,
      "promote_counter": 0,
      "adaptive_corr_weight": 0.3,
      "boost_applied": false,
      "variance_floor_penalty": 4.522428053497208e-05,
      "counts": {
        "acc_mastery_count": 2857,
        "acc_gain_count": 2857,
        "strat_mastery_count": 600,
        "strat_gain_count": 600,
        "final_mastery_count": 3457,
        "final_gain_count": 3457
      }
    },
    {
      "epoch": 6,
      "train_loss": 0.5073097165702849,
      "train_auc": 0.7801890732915322,
      "val_auc": 0.7032410661694171,
      "global_alignment_mastery_corr": 0.05645217552618712,
      "global_alignment_gain_corr": 0.022599397993738207,
      "constraint_scale": 0.375,
      "current_corr_target": 0.08,
      "mastery_variance_mean": 1.4905965164000754e-05,
      "mastery_variance_std": 1.2196261336853564e-05,
      "promote_counter": 0,
      "adaptive_corr_weight": 0.3,
      "boost_applied": false,
      "variance_floor_penalty": 4.925470174179996e-05,
      "counts": {
        "acc_mastery_count": 2857,
        "acc_gain_count": 2857,
        "strat_mastery_count": 600,
        "strat_gain_count": 600,
        "final_mastery_count": 3457,
        "final_gain_count": 3457
      }
    },
    {
      "epoch": 7,
      "train_loss": 0.49528932917949764,
      "train_auc": 0.8024939868380101,
      "val_auc": 0.6888418946481427,
      "global_alignment_mastery_corr": 0.04906877460105558,
      "global_alignment_gain_corr": 0.030367838227016514,
      "constraint_scale": 0.5,
      "current_corr_target": 0.08,
      "mastery_variance_mean": 8.736785424225824e-06,
      "mastery_variance_std": 1.3818486668542948e-05,
      "promote_counter": 0,
      "adaptive_corr_weight": 0.3,
      "boost_applied": false,
      "variance_floor_penalty": 4.956316072878872e-05,
      "counts": {
        "acc_mastery_count": 2857,
        "acc_gain_count": 2857,
        "strat_mastery_count": 600,
        "strat_gain_count": 600,
        "final_mastery_count": 3457,
        "final_gain_count": 3457
      }
    },
    {
      "epoch": 8,
      "train_loss": 0.47714302960292315,
      "train_auc": 0.8288034743377376,
      "val_auc": 0.6764576072948753,
      "global_alignment_mastery_corr": 0.044077177993084304,
      "global_alignment_gain_corr": 0.026448023513764598,
      "constraint_scale": 0.625,
      "current_corr_target": 0.08,
      "mastery_variance_mean": 1.586927927318776e-05,
      "mastery_variance_std": 3.306063373168963e-05,
      "promote_counter": 0,
      "adaptive_corr_weight": 0.42,
      "boost_applied": true,
      "variance_floor_penalty": 4.920653603634061e-05,
      "counts": {
        "acc_mastery_count": 2857,
        "acc_gain_count": 2857,
        "strat_mastery_count": 600,
        "strat_gain_count": 600,
        "final_mastery_count": 3457,
        "final_gain_count": 3457
      }
    },
    {
      "epoch": 9,
      "train_loss": 0.453355274690214,
      "train_auc": 0.8560454132891122,
      "val_auc": 0.6619208554897615,
      "global_alignment_mastery_corr": 0.03903916869118464,
      "global_alignment_gain_corr": 0.020064837569731108,
      "constraint_scale": 0.75,
      "current_corr_target": 0.08,
      "mastery_variance_mean": 3.534997291547648e-05,
      "mastery_variance_std": 7.268660949700093e-05,
      "promote_counter": 0,
      "adaptive_corr_weight": 0.3,
      "boost_applied": false,
      "variance_floor_penalty": 4.823250135422618e-05,
      "counts": {
        "acc_mastery_count": 2857,
        "acc_gain_count": 2857,
        "strat_mastery_count": 600,
        "strat_gain_count": 600,
        "final_mastery_count": 3457,
        "final_gain_count": 3457
      }
    },
    {
      "epoch": 10,
      "train_loss": 0.43224641403486563,
      "train_auc": 0.8768528194330212,
      "val_auc": 0.6674364657682702,
      "global_alignment_mastery_corr": 0.03786524042544822,
      "global_alignment_gain_corr": 0.015564088551850225,
      "constraint_scale": 0.875,
      "current_corr_target": 0.08,
      "mastery_variance_mean": 7.180876783930561e-05,
      "mastery_variance_std": 0.0001488209396209642,
      "promote_counter": 0,
      "adaptive_corr_weight": 0.42,
      "boost_applied": true,
      "variance_floor_penalty": 4.6409561608034724e-05,
      "counts": {
        "acc_mastery_count": 2857,
        "acc_gain_count": 2857,