{
  "lambda_ref": 1.2882341962594483,
  "lambda_initmastery": 1.6827873436138159,
  "lambda_rate": 0.44862255262674267
}