{
  "valid_auc": 0.8332175586630471,
  "valid_acc": 0.7661035747803089,
  "valid_metrics": {
    "l_sup": 0.47559281088957955,
    "l_reg": 2.598038877800314e-05,
    "l_ref": 0.05202988742126359,
    "l_init": 0.03175900214971108,
    "l_rate": 0.1381302897921409
  },
  "test_auc": 0.8255301408414961,
  "test_acc": 0.7595741026962047,
  "test_metrics": {
    "l_sup": 0.48905860224073705,
    "l_reg": 2.8042407641557723e-05,
    "l_ref": 0.049005753276022995,
    "l_init": 0.03292854360165781,
    "l_rate": 0.1418414766367669
  },
  "window_test_auc": 0.8255301408414961,
  "window_test_acc": 0.7595741026962047,
  "window_metrics": {
    "l_sup": 0.48905860224073705,
    "l_reg": 2.8042407641557723e-05,
    "l_ref": 0.0,
    "l_init": 0.03292854360165781,
    "l_rate": 0.1418414766367669
  },
  "checkpoint": "/workspaces/pykt-toolkit/experiments/20251230_224907_idkt_setS-pure_364494/best_model.pt"
}