{
  "prediction_mse": 0.049076810479164124,
  "prediction_corr": 0.6249942460831973,
  "initmastery_mse": 0.03289220482110977,
  "initmastery_corr": 0.5409224963654793,
  "learning_rate_mse": 0.1416614055633545,
  "learning_rate_corr": 0.3131145286832639,
  "h2_functional_alignment": 0.305601076675212,
  "h3_discriminant_overlap": -0.03252994418201506,
  "h3_latent_overlap": 0.09084802601948205
}