{
  "0": {
    "r2": -14.66941650893263,
    "pearson": 0.29634126145902967,
    "count": 214
  },
  "1": {
    "r2": -2.2194219768420282,
    "pearson": 0.5330842218737017,
    "count": 556
  },
  "2": {
    "r2": 0.19041556802633797,
    "pearson": 0.6790542091365321,
    "count": 199
  },
  "3": {
    "r2": -11.687689302395825,
    "pearson": -0.1246748879975233,
    "count": 109
  },
  "4": {
    "r2": 0.42476979731811726,
    "pearson": 0.7816023746054943,
    "count": 125
  },
  "5": {
    "r2": -14.721293848378748,
    "pearson": -0.0080570764723076,
    "count": 394
  },
  "8": {
    "r2": -199.10525370536882,
    "pearson": -0.6726342690521581,
    "count": 146
  },
  "9": {
    "r2": -10.504829276289374,
    "pearson": 0.44044674405428463,
    "count": 177
  },
  "10": {
    "r2": -1.125515552965437,
    "pearson": 0.5067998460261653,
    "count": 61
  },
  "11": {
    "r2": -2.668228605031822,
    "pearson": 0.3690510927322945,
    "count": 459
  },
  "12": {
    "r2": -10.7276466103629,
    "pearson": 0.10986679308869922,
    "count": 416
  },
  "14": {
    "r2": -0.030871403953279808,
    "pearson": 0.7112128046760122,
    "count": 60
  },
  "15": {
    "r2": -18.970544709690714,
    "pearson": 0.25770075097695,
    "count": 332
  },
  "16": {
    "r2": -1.3870147212047446,
    "pearson": 0.1946641233490163,
    "count": 35
  },
  "17": {
    "r2": -0.26506907390777257,
    "pearson": 0.371113033782724,
    "count": 58
  },
  "18": {
    "r2": -6.757619011653014,
    "pearson": 0.4953468059158217,
    "count": 65
  },
  "19": {
    "r2": 0.5463034338291025,
    "pearson": 0.766440081715752,
    "count": 42
  },
  "20": {
    "r2": -0.11432131169911974,
    "pearson": 0.4953669891948725,
    "count": 178
  },
  "21": {
    "r2": -15.738984925562125,
    "pearson": -0.4046935569803633,
    "count": 63
  },
  "22": {
    "r2": 0.2780744830933576,
    "pearson": 0.7460073960621939,
    "count": 64
  },
  "23": {
    "r2": -5.890281391928674,
    "pearson": 0.22940587590757444,
    "count": 262
  },
  "24": {
    "r2": 0.3910222747701281,
    "pearson": 0.7196208200115705,
    "count": 70
  },
  "25": {
    "r2": -84.13304341781783,
    "pearson": -0.1135972231216907,
    "count": 258
  },
  "26": {
    "r2": -0.3737700845017977,
    "pearson": 0.5673384661048302,
    "count": 128
  },
  "27": {
    "r2": 0.9502286164212445,
    "pearson": 0.9876919855166476,
    "count": 42
  },
  "28": {
    "r2": -14.256540144375213,
    "pearson": 0.12966549407778494,
    "count": 164
  },
  "30": {
    "r2": -0.6704471321984549,
    "pearson": 0.7699124713450539,
    "count": 80
  },
  "31": {
    "r2": 0.10949819300813357,
    "pearson": 0.804292454723057,
    "count": 88
  },
  "32": {
    "r2": -157.0616023088915,
    "pearson": -0.2635903195262672,
    "count": 31
  },
  "37": {
    "r2": -2.612117305164833,
    "pearson": -0.07414732124181614,
    "count": 25
  },
  "38": {
    "r2": -0.1297214439028449,
    "pearson": 0.5504838751156436,
    "count": 47
  },
  "44": {
    "r2": -0.09270486207502193,
    "pearson": 0.7001084264143294,
    "count": 81
  },
  "45": {
    "r2": -4.790943265154695,
    "pearson": 0.3367636563115282,
    "count": 275
  },
  "46": {
    "r2": 0.5095262576480986,
    "pearson": 0.8209483980168547,
    "count": 274
  },
  "47": {
    "r2": 0.509590960863152,
    "pearson": 0.8002004602798276,
    "count": 211
  },
  "48": {
    "r2": 0.8342410764251617,
    "pearson": 0.9149988859641712,
    "count": 115
  },
  "49": {
    "r2": 0.6893031436835195,
    "pearson": 0.927147119788252,
    "count": 35
  },
  "51": {
    "r2": -0.31700166227996807,
    "pearson": 0.4088415999294293,
    "count": 72
  },
  "52": {
    "r2": 0.3286181027527134,
    "pearson": 0.8039741359400272,
    "count": 120
  },
  "53": {
    "r2": 0.7771397547534488,
    "pearson": 0.8886082083699338,
    "count": 153
  },
  "54": {
    "r2": 0.8554455428489738,
    "pearson": 0.9516919596009965,
    "count": 98
  },
  "55": {
    "r2": -1.117758678074364,
    "pearson": 0.5640732731746875,
    "count": 79
  },
  "56": {
    "r2": 0.4459160973334826,
    "pearson": 0.7845314727821538,
    "count": 86
  },
  "57": {
    "r2": -14.362754708742441,
    "pearson": 0.0035389477178787276,
    "count": 290
  },
  "58": {
    "r2": 0.11981940559158266,
    "pearson": 0.834846074648266,
    "count": 24
  },
  "60": {
    "r2": 0.27963256175441487,
    "pearson": 0.73866343530238,
    "count": 49
  },
  "61": {
    "r2": 0.76980006715321,
    "pearson": 0.8981975531677558,
    "count": 88
  },
  "62": {
    "r2": -72.36584203650928,
    "pearson": 0.061138606366140436,
    "count": 318
  },
  "63": {
    "r2": -1.2217802230977868,
    "pearson": 0.5134423220067024,
    "count": 118
  },
  "65": {
    "r2": 0.39453011305984165,
    "pearson": 0.6386601709720726,
    "count": 23
  },
  "68": {
    "r2": 0.9870867630157255,
    "pearson": 0.9936741687373282,
    "count": 63
  },
  "72": {
    "r2": 0.7407496150546493,
    "pearson": 0.8722728295847635,
    "count": 77
  },
  "75": {
    "r2": 0.5568651756767846,
    "pearson": 0.7490303864299462,
    "count": 29
  },
  "80": {
    "r2": 0.7453068281924317,
    "pearson": 0.9403040698399687,
    "count": 24
  },
  "86": {
    "r2": 0.9878294892215038,
    "pearson": 0.993965745127468,
    "count": 37
  },
  "91": {
    "r2": -0.7721520006334228,
    "pearson": 0.9334921240550462,
    "count": 21
  }
}