{
  "r2_true": -1945.4853461732205,
  "pearson_true": -0.008269648622073437,
  "r2_control": -299.54356718542283,
  "pearson_control": -0.02429216574202193,
  "selectivity_r2": -1645.9417789877975
}