{
  "experiment_id": "20251109_105217_gainakt2exp_intrinsic_seed7_619213",
  "dataset": "assist2015",
  "fold": 0,
  "train_auc": 0.7382739232706687,
  "train_acc": 0.7563990651310788,
  "train_mastery_correlation": 0.046392119195780984,
  "train_gain_correlation": -0.0020675886211618108,
  "train_correlation_students": 267,
  "valid_auc": 0.7204651073686063,
  "valid_acc": 0.7517153451615101,
  "test_auc": 0.7146036524193029,
  "test_acc": 0.745646100808369,
  "test_mastery_correlation": 0.033183339870821255,
  "test_gain_correlation": 0.008406103063933284,
  "test_correlation_students": 262,
  "timestamp": "2025-11-09T17:26:48.203826Z"
}