epoch,train_loss,train_auc,val_loss,val_auc,val_accuracy,monotonicity_violation_rate,negative_gain_rate,bounds_violation_rate,mastery_correlation,gain_correlation,main_loss_share,constraint_loss_share,alignment_loss_share,lag_loss_share,retention_loss_share
1,0.541685642356082,0.6921411119720958,0.5150272396146035,0.7173955909413089,0.7512189899658391,0.0,0.0,0.0,0.11302022209385743,0.02194747333924866,0.9824606420186768,0.017539355833723718,-0.00532919402945211,0.0,0.0
2,0.5181753982842895,0.7249675451955064,0.510127417287048,0.7241793161686005,0.7538370203116332,0.0,0.0,0.0,0.10566103634965991,0.037062886974952136,0.9911572631453471,0.008842733273998787,-0.022915265072602824,0.0,0.0
