{
  "experiment_name": "optimal_v1",
  "best_val_auc": 0.7241793161686005,
  "final_consistency_metrics": {
    "monotonicity_violation_rate": 0.0,
    "negative_gain_rate": 0.0,
    "bounds_violation_rate": 0.0,
    "mastery_correlation": 0.09518338266915605,
    "gain_correlation": 0.039317039958773635
  },
  "train_history": {
    "train_loss": [
      0.541685642356082,
      0.5181753982842895
    ],
    "train_auc": [
      0.6921411119720958,
      0.7249675451955064
    ],
    "val_auc": [
      0.7173955909413089,
      0.7241793161686005
    ],
    "consistency_metrics": [
      {
        "monotonicity_violation_rate": 0.0,
        "negative_gain_rate": 0.0,
        "bounds_violation_rate": 0.0,
        "mastery_correlation": 0.11302022209385743,
        "gain_correlation": 0.02194747333924866
      },
      {
        "monotonicity_violation_rate": 0.0,
        "negative_gain_rate": 0.0,
        "bounds_violation_rate": 0.0,
        "mastery_correlation": 0.10566103634965991,
        "gain_correlation": 0.037062886974952136
      }
    ],
    "semantic_trajectory": [
      {
        "epoch": 1,
        "mastery_correlation": 0.11302022209385743,
        "gain_correlation": 0.02194747333924866,
        "warmup_scale": 0.125,
        "alignment_corr_mastery": 0.03256702795624733,
        "alignment_corr_gain": 0.1399163007736206,
        "global_alignment_mastery_corr": 0.09306670316339781,
        "global_alignment_gain_corr": 0.035563857529195955,
        "effective_alignment_weight": 0.03125,
        "peak_mastery_corr": 0.09306670316339781,
        "retention_loss_value": 0.0,
        "mean_lag_corr": 0.0,
        "lag_corr_count": 0,
        "consistency_loss_weight_current": 0.3,
        "sparsity_loss_weight_current": 0.2,
        "loss_shares": {
          "main": 0.9824606420186768,
          "constraint_total": 0.017539355833723718,
          "alignment": -0.00532919402945211,
          "lag": 0.0,
          "retention": 0.0
        },
        "mean_mastery_variance": 0.01380654748702914,
        "min_mastery_variance": 0.009826257824897766,
        "max_mastery_variance": 0.04298754781484604,
        "per_lag_correlations": []
      },
      {
        "epoch": 2,
        "mastery_correlation": 0.10566103634965991,
        "gain_correlation": 0.037062886974952136,
        "warmup_scale": 0.25,
        "alignment_corr_mastery": 0.055795952677726746,
        "alignment_corr_gain": 0.176299586892128,
        "global_alignment_mastery_corr": 0.0918009334670205,
        "global_alignment_gain_corr": 0.02472175750954193,
        "effective_alignment_weight": 0.0625,
        "peak_mastery_corr": 0.09306670316339781,
        "retention_loss_value": 0.0,
        "mean_lag_corr": 0.0,
        "lag_corr_count": 0,
        "consistency_loss_weight_current": 0.3,
        "sparsity_loss_weight_current": 0.2,
        "loss_shares": {
          "main": 0.9911572631453471,
          "constraint_total": 0.008842733273998787,
          "alignment": -0.022915265072602824,
          "lag": 0.0,
          "retention": 0.0
        },
        "mean_mastery_variance": 0.00991074373183164,
        "min_mastery_variance": 0.009856795892119408,
        "max_mastery_variance": 0.00998672004789114,
        "per_lag_correlations": []
      }
    ]
  }
}