{
  "experiment_id": "20251119_171533_gainakt3exp_sigmoid_fix_v5_281602",
  "dataset": "assist2015",
  "fold": 0,
  "train_auc": 0.6925938589985465,
  "train_acc": 0.7467687888942077,
  "valid_auc": 0.6809642729140619,
  "valid_acc": 0.746381959921751,
  "test_auc": 0.6750946926076351,
  "test_acc": 0.7406903827864955,
  "train_encoder1_auc": 0.6925938589985465,
  "train_encoder1_acc": 0.7467687888942077,
  "valid_encoder1_auc": 0.6809642729140619,
  "valid_encoder1_acc": 0.746381959921751,
  "test_encoder1_auc": 0.6750946926076351,
  "test_encoder1_acc": 0.7406903827864955,
  "train_encoder2_auc": 0.553755712046607,
  "train_encoder2_acc": 0.2656304264166174,
  "valid_encoder2_auc": 0.5580805113968854,
  "valid_encoder2_acc": 0.25975921906782545,
  "test_encoder2_auc": 0.5474502630216803,
  "test_encoder2_acc": 0.26662803138373753,
  "train_mastery_correlation": 0.005691995714004496,
  "train_gain_correlation": 0.001964891509203861,
  "train_correlation_students": 3334,
  "test_mastery_correlation": 0.0011620036144215072,
  "test_gain_correlation": 0.009682006159982505,
  "test_correlation_students": 3177,
  "timestamp": "2025-11-19T17:22:11.109334Z"
}