{
  "experiment_id": "20251111_214733_gainakt2exp_alignment_sweep_0.25_724276",
  "dataset": "assist2015",
  "fold": 0,
  "train_auc": 0.7546335252758185,
  "train_acc": 0.7630445189085687,
  "train_mastery_correlation": 0.11494601230452203,
  "train_gain_correlation": 0.05457813144686024,
  "train_correlation_students": 3334,
  "valid_auc": 0.7258193678310834,
  "valid_acc": 0.7530292265618157,
  "test_auc": 0.7192823778437902,
  "test_acc": 0.7469834759866857,
  "test_mastery_correlation": 0.1118642123581969,
  "test_gain_correlation": 0.040741030806992325,
  "test_correlation_students": 3177,
  "timestamp": "2025-11-11T22:03:29.208919Z"
}