epoch,train_loss,train_auc,val_loss,val_auc,val_accuracy,monotonicity_violation_rate,negative_gain_rate,bounds_violation_rate,mastery_correlation,gain_correlation,main_loss_share,constraint_loss_share,alignment_loss_share,lag_loss_share,retention_loss_share
1,0.5272763430145738,0.693062172936185,0.5148008198154216,0.7178739978194543,0.7509854110502292,0.0,0.0,0.0,0.14134189125241517,0.020486654300251924,1.003038564982862,-0.003038568817448692,-0.005652619891599448,0.0,0.0
2,0.5036069015764819,0.7250007834363151,0.5106307182993207,0.7246544041052787,0.7537688931279136,0.0,0.0,0.0,0.1511975253431035,0.04771035712324098,1.0198905187006957,-0.01989052054580805,-0.021141216927409313,0.0,0.0
3,0.486229954451477,0.7372848240201256,0.5102596599228528,0.7258193678310834,0.7530292265618157,0.0,0.0,0.0,0.13873415330042035,0.03288562925949748,1.0397661606137263,-0.039766158782377554,-0.04123666379040691,0.0,0.0
4,0.46657091780647714,0.7474400179286653,0.5116204996498264,0.7235805259263368,0.7523966169987056,0.0,0.0,0.0,0.1208054692630144,0.022759988361123112,1.0688637249317658,-0.0688637243981579,-0.07056442714557506,0.0,0.0
