{
  "valid_auc": 0.7844534469076505,
  "valid_acc": 0.7557027922385234,
  "valid_metrics": {
    "l_sup": 0.5173031460414595,
    "l_reg": 9.534392593953574e-08,
    "l_ref": 0.033149541821330786,
    "l_init": 1.4173843867501874e-07,
    "l_rate": 2.3017127301802717e-08
  },
  "test_auc": 0.7785845871145095,
  "test_acc": 0.7460099508917033,
  "test_metrics": {
    "l_sup": 0.5326399649114809,
    "l_reg": 9.038209919746502e-08,
    "l_ref": 0.03305966680248578,
    "l_init": 1.3490164155709536e-07,
    "l_rate": 2.3256381616672625e-08
  },
  "window_test_auc": 0.77966805505294,
  "window_test_acc": 0.7463894261766603,
  "window_metrics": {
    "l_sup": 0.5097424162011358,
    "l_reg": 2.938011529806416e-07,
    "l_ref": 0.0,
    "l_init": 1.318833832305787e-07,
    "l_rate": 2.4874524024978896e-08
  },
  "checkpoint": "/workspaces/pykt-toolkit/experiments/20251224_004140_idkt_test_993712/best_model.pt"
}