{
  "prediction_mse": 0.03293391317129135,
  "prediction_corr": 0.6407062548465446,
  "initmastery_mse": 1.4028339023752778e-07,
  "initmastery_corr": 0.9999968378703462,
  "learning_rate_mse": 2.3201017995688744e-08,
  "learning_rate_corr": 0.9999989816157132,
  "h2_functional_alignment": 0.6583053440710749,
  "h3_discriminant_overlap": -0.1072828638454491,
  "h3_latent_overlap": -0.029399777645689424
}