split,auc,acc,l_sup,l_ref,l_init,l_rate,l_reg
test,0.778585,0.746010,0.532640,0.033060,0.000000,0.000000,0.000000
