epoch,train_loss,valid_auc,valid_acc,train_l_sup,train_l_ref,train_l_init,train_l_rate,train_l_rasch,train_l_gap,train_l_student
1,0.6277810648711776,0.7576906414293463,0.7385139611926171,0.597767669883512,0.025509479533260066,3.0917535314152565e-07,9.143295625814128e-08,0.0013260892992548179,1.3744050064712354e-09,1.349471090428267e-09
2,0.5675800810439785,0.7844534469076505,0.7557027922385234,0.5413074926702403,0.022343142695414524,1.646567652827149e-07,3.147041497374085e-08,0.006052563675135995,2.267062032501599e-05,2.176148764002998e-05
