{
  "r2_true": 0.5682361602286776,
  "pearson_true": 0.7544353499608302,
  "r2_control": -0.01585940054708379,
  "pearson_control": -0.009932551602602773,
  "selectivity_r2": 0.5840955607757614
}