{
  "valid_auc": 0.7844534469076505,
  "valid_acc": 0.7557027922385234,
  "valid_metrics": {
    "l_sup": 0.5173031460414595,
    "l_reg": 9.534392593953574e-08,
    "l_ref": 0.033149541821330786,
    "l_init": 1.4173843867501874e-07,
    "l_rate": 2.3017127301802717e-08
  },
  "test_auc": 0.7844534469076505,
  "test_acc": 0.7557027922385234,
  "test_metrics": {
    "l_sup": 0.5173031460414595,
    "l_reg": 9.534392593953574e-08,
    "l_ref": 0.033149541821330786,
    "l_init": 1.4173843867501874e-07,
    "l_rate": 2.3017127301802717e-08
  },
  "best_epoch": 2,
  "params": {
    "model_name": "idkt",
    "dataset_name": "assist2009",
    "fold": 0,
    "seed": 42,
    "emb_type": "qid",
    "save_dir": "/workspaces/pykt-toolkit/experiments/20251224_004140_idkt_test_993712",
    "d_model": 256,
    "d_ff": 512,
    "num_attn_heads": 8,
    "n_blocks": 4,
    "dropout": 0.2,
    "final_fc_dim": 512,
    "learning_rate": 0.0001,
    "weight_decay": 0.0,
    "batch_size": 64,
    "num_epochs": 2,
    "optimizer": "Adam",
    "gradient_clip": 1.0,
    "patience": 10,
    "seq_len": 200,
    "l2": 1e-05,
    "lambda_student": 1e-05,
    "lambda_gap": 1e-05,
    "lambda_ref": 0.1,
    "lambda_initmastery": 0.1,
    "lambda_rate": 0.1,
    "theory_guided": 1,
    "calibrate": 1,
    "use_wandb": 0,
    "add_uuid": 0
  }
}