split,auc,acc
test,0.835562,0.774748
