{
  "train": {
    "total_auc": 0.7552327172105658,
    "total_acc": 0.7626033659035658,
    "bce_auc": 0.7552327172105658,
    "bce_acc": 0.7626033659035658,
    "mastery_auc": "N/A",
    "mastery_acc": "N/A"
  },
  "valid": {
    "total_auc": 0.7231988434704496,
    "total_acc": 0.752075445989742,
    "bce_auc": 0.7231988434704496,
    "bce_acc": 0.752075445989742,
    "mastery_auc": "N/A",
    "mastery_acc": "N/A"
  },
  "test": {
    "total_auc": 0.7171292095991426,
    "total_acc": 0.7462107703281027,
    "bce_auc": 0.7171292095991426,
    "bce_acc": 0.7462107703281027,
    "mastery_auc": "N/A",
    "mastery_acc": "N/A"
  },
  "checkpoint_epoch": 8,
  "checkpoint_val_auc": 0.7231989121891633
}