{
  "lambda_ref": 2.5764683925188967,
  "lambda_initmastery": 3.3655746872276318,
  "lambda_rate": 0.8972451052534853
}