{
  "valid_auc": 0.8167467240116516,
  "valid_acc": 0.7563774421977647,
  "valid_metrics": {
    "l_sup": 0.5020218876296714,
    "l_reg": 2.1941047937919695e-05,
    "l_ref": 0.03428196472426256,
    "l_init": 0.030448524573320812,
    "l_rate": 0.1339944560436613
  },
  "test_auc": 0.8109985625498445,
  "test_acc": 0.7511591962905718,
  "test_metrics": {
    "l_sup": 0.5114756548573772,
    "l_reg": 2.341993686885954e-05,
    "l_ref": 0.033182882111180916,
    "l_init": 0.031606849003396255,
    "l_rate": 0.1376091584826948
  },
  "window_test_auc": 0.8109985625498445,
  "window_test_acc": 0.7511591962905718,
  "window_metrics": {
    "l_sup": 0.5114756548573772,
    "l_reg": 2.341993686885954e-05,
    "l_ref": 0.0,
    "l_init": 0.031606849003396255,
    "l_rate": 0.1376091584826948
  },
  "checkpoint": "/workspaces/pykt-toolkit/experiments/20251231_000319_idkt_assist2009_S_hr_sweep_l0.2_540486/best_model.pt"
}