{
  "prediction_mse": 0.03422858938574791,
  "prediction_corr": 0.7407645585396996,
  "initmastery_mse": 0.030645981431007385,
  "initmastery_corr": 0.6348551480332931,
  "learning_rate_mse": 0.13385158777236938,
  "learning_rate_corr": 0.36351143696869526,
  "h2_functional_alignment": 0.2827171306779739,
  "h3_discriminant_overlap": -0.0027855774818343546,
  "h3_latent_overlap": -0.022837869776350488
}