split,auc,acc,l_sup,l_ref,l_init,l_rate,l_reg
test,0.810999,0.751159,0.511476,0.033183,0.031607,0.137609,0.000023
