{
  "0": {
    "r2": -3259.7369683130746,
    "pearson": -0.14291650551194093,
    "count": 221
  },
  "1": {
    "r2": -51.365537170803236,
    "pearson": 0.11991746762786482,
    "count": 552
  },
  "2": {
    "r2": 0.6877079595613944,
    "pearson": 0.8395542122107423,
    "count": 199
  },
  "3": {
    "r2": -1.2659922840256517,
    "pearson": 0.44911583081662654,
    "count": 100
  },
  "4": {
    "r2": -1.0799901720007221,
    "pearson": 0.19257301995072298,
    "count": 116
  },
  "5": {
    "r2": -162569.53644305904,
    "pearson": -0.02628270334716593,
    "count": 365
  },
  "8": {
    "r2": -102101.1809881639,
    "pearson": 0.28682136422090715,
    "count": 132
  },
  "9": {
    "r2": -2369.5295287212625,
    "pearson": 0.08381202387318165,
    "count": 176
  },
  "10": {
    "r2": -75.65618678415976,
    "pearson": 0.1604235690245433,
    "count": 60
  },
  "11": {
    "r2": -7663.624224956523,
    "pearson": 0.10727679736270211,
    "count": 313
  },
  "12": {
    "r2": -214.86875664175847,
    "pearson": 0.09809992087799851,
    "count": 409
  },
  "14": {
    "r2": -205.169014517085,
    "pearson": -0.364996824843452,
    "count": 65
  },
  "15": {
    "r2": -10.349594207206543,
    "pearson": 0.2629112985892409,
    "count": 263
  },
  "17": {
    "r2": -39.085847206074746,
    "pearson": 0.17008362023080723,
    "count": 75
  },
  "18": {
    "r2": 0.8011097316834903,
    "pearson": 0.9035121792015978,
    "count": 62
  },
  "19": {
    "r2": -4.629828439309527,
    "pearson": -0.03128354801989246,
    "count": 44
  },
  "20": {
    "r2": -0.35788324230426705,
    "pearson": 0.8320840782231166,
    "count": 139
  },
  "21": {
    "r2": 0.9717698731707644,
    "pearson": 0.9865306293252627,
    "count": 56
  },
  "22": {
    "r2": 0.8247399110868044,
    "pearson": 0.9243773118851858,
    "count": 68
  },
  "23": {
    "r2": -209.59090934786948,
    "pearson": 0.15524366671974416,
    "count": 244
  },
  "24": {
    "r2": 0.8609287539930437,
    "pearson": 0.9430246371364734,
    "count": 58
  },
  "25": {
    "r2": -1449.7391867884678,
    "pearson": 0.32744696307901966,
    "count": 203
  },
  "26": {
    "r2": -3.3572090627689226,
    "pearson": 0.6037057800784529,
    "count": 123
  },
  "27": {
    "r2": 0.7554479665145035,
    "pearson": 0.992048225140243,
    "count": 38
  },
  "28": {
    "r2": -19706.26574691106,
    "pearson": 0.011911744558773195,
    "count": 167
  },
  "30": {
    "r2": -14247.453512234752,
    "pearson": 0.024253280852663983,
    "count": 81
  },
  "31": {
    "r2": 0.8255751816294683,
    "pearson": 0.9136977498399081,
    "count": 80
  },
  "32": {
    "r2": 0.1317277274296179,
    "pearson": 0.5915383227166727,
    "count": 36
  },
  "37": {
    "r2": 0.8259668653223,
    "pearson": 0.9659055219596704,
    "count": 22
  },
  "38": {
    "r2": -0.036159086151815734,
    "pearson": 0.6560853723957163,
    "count": 51
  },
  "44": {
    "r2": 0.9254739663563092,
    "pearson": 0.9700026073718775,
    "count": 60
  },
  "45": {
    "r2": -4.500603243196401,
    "pearson": 0.2758877947058843,
    "count": 220
  },
  "46": {
    "r2": 0.3538811011808708,
    "pearson": 0.7884112171617592,
    "count": 156
  },
  "47": {
    "r2": 0.6739808372323669,
    "pearson": 0.9029003050448823,
    "count": 90
  },
  "48": {
    "r2": 0.4984815833276597,
    "pearson": 0.7494406285733463,
    "count": 72
  },
  "49": {
    "r2": 0.39110913930032354,
    "pearson": 0.7172974863574014,
    "count": 43
  },
  "51": {
    "r2": 0.2700867353452704,
    "pearson": 0.8551456487990609,
    "count": 81
  },
  "52": {
    "r2": -1.2261381693747126,
    "pearson": 0.5612536731699278,
    "count": 99
  },
  "53": {
    "r2": -3.24366873610445,
    "pearson": -0.22458840194423269,
    "count": 103
  },
  "54": {
    "r2": -0.8646761138139909,
    "pearson": -0.2509967333087876,
    "count": 57
  },
  "55": {
    "r2": 0.39079502820553336,
    "pearson": 0.8555417984122367,
    "count": 83
  },
  "56": {
    "r2": -0.241529428927161,
    "pearson": 0.22447377105527416,
    "count": 77
  },
  "57": {
    "r2": -21897.277548629994,
    "pearson": 0.08479186500536869,
    "count": 257
  },
  "58": {
    "r2": -25.375544075810883,
    "pearson": -0.9484273487850422,
    "count": 21
  },
  "60": {
    "r2": 0.9092568339324266,
    "pearson": 0.9703350262638906,
    "count": 39
  },
  "61": {
    "r2": 0.6957018236539962,
    "pearson": 0.860313879453259,
    "count": 97
  },
  "62": {
    "r2": -865.183285711906,
    "pearson": -0.09891365626441781,
    "count": 303
  },
  "63": {
    "r2": -25.052278842029075,
    "pearson": 0.13659592712735055,
    "count": 130
  },
  "72": {
    "r2": 0.9290085778043049,
    "pearson": 0.9688811610970716,
    "count": 76
  },
  "75": {
    "r2": -17.218444394815787,
    "pearson": 0.724180907515144,
    "count": 34
  },
  "76": {
    "r2": 0.15907394694589883,
    "pearson": 0.5424614410308962,
    "count": 21
  },
  "80": {
    "r2": -1.5754120346539797,
    "pearson": 0.11549667917148627,
    "count": 23
  },
  "91": {
    "r2": -102376715.43172857,
    "pearson": -0.5888665369118603,
    "count": 22
  }
}