{
  "valid_auc": 0.8167467240116516,
  "valid_acc": 0.7563774421977647,
  "valid_metrics": {
    "l_sup": 0.5121920012112164,
    "l_reg": 3.362873071132021e-05,
    "l_ref": 0.03734025276369519,
    "l_init": 0.028675340794666146,
    "l_rate": 0.12931211072181203
  },
  "test_auc": 0.8120337033974128,
  "test_acc": 0.7530927395273441,
  "test_metrics": {
    "l_sup": 0.5121920012112164,
    "l_reg": 3.362873071132021e-05,
    "l_ref": 0.03734025276369519,
    "l_init": 0.028675340794666146,
    "l_rate": 0.12931211072181203
  },
  "best_epoch": 37,
  "params": {
    "model_name": "idkt",
    "dataset_name": "assist2009_S",
    "fold": 0,
    "seed": 42,
    "emb_type": "qid",
    "save_dir": "/workspaces/pykt-toolkit/experiments/20251231_000319_idkt_assist2009_S_hr_sweep_l0.2_540486",
    "d_model": 256,
    "d_ff": 512,
    "num_attn_heads": 8,
    "n_blocks": 4,
    "dropout": 0.2,
    "final_fc_dim": 512,
    "learning_rate": 0.0001,
    "weight_decay": 0.0,
    "batch_size": 64,
    "num_epochs": 100,
    "optimizer": "Adam",
    "gradient_clip": 1.0,
    "patience": 10,
    "seq_len": 200,
    "l2": 1e-05,
    "lambda_student": 1e-05,
    "lambda_gap": 1e-05,
    "lambda_ref": 0.2,
    "lambda_initmastery": 0.2,
    "lambda_rate": 0.2,
    "theory_guided": 1,
    "calibrate": 1,
    "use_wandb": 0,
    "add_uuid": 0
  }
}