{
  "bkt_correlation": 0.3006267291962522,
  "p_value": 3.6018003165650127e-35,
  "mse": 0.06413084981833832,
  "mae": 0.20594588541262626,
  "num_interactions": 1619,
  "num_students": 14,
  "num_skills": 78,
  "supplementary_correlations": {
    "time_lagged": {
      "correlation": 0.31051034214179485,
      "p_value": 3.7939539691992205e-23,
      "num_interactions": 971,
      "min_attempt": 3,
      "operator": ">",
      "description": "Correlation after initialization (attempt > 3, optimal threshold)"
    },
    "trajectory_slopes": {
      "correlation": -0.10465538710716621,
      "p_value": 0.12429585187001385,
      "num_trajectories": 217,
      "description": "Correlation of learning rates (removes initialization bias)"
    }
  },
  "model_mastery_stats": {
    "mean": 0.7298324095120444,
    "std": 0.15886307261649024,
    "min": 1.1e-05,
    "max": 0.954379
  },
  "bkt_mastery_stats": {
    "mean": 0.7814754734326678,
    "std": 0.2439911052750385,
    "min": 0.06856419692059318,
    "max": 1.0
  },
  "metadata": {
    "experiment_dir": "/workspaces/pykt-toolkit/experiments/20251201_193409_ikt2_test_828233",
    "dataset": "assist2015",
    "bkt_targets_file": "data/assist2015/bkt_mastery_states.pkl",
    "bkt_metadata": {
      "dataset": "assist2015",
      "num_students": 15275,
      "num_skills": 100,
      "method": "BKT (Bayesian Knowledge Tracing)",
      "model": "pyBKT",
      "monotonic": false
    },
    "validation_passed": true
  }
}