epoch,train_loss,train_auc,train_acc,val_loss,val_auc,val_acc,train_bce_loss,train_im_loss,val_bce_loss,val_im_loss,train_encoder1_auc,train_encoder1_acc,val_encoder1_auc,val_encoder1_acc,train_encoder2_auc,train_encoder2_acc,val_encoder2_auc,val_encoder2_acc
1,0.596191,0.677991,0.734370,0.596191,0.673812,0.740241,0.563586,0.604343,0.563586,0.604343,0.677991,0.734370,0.673812,0.740241,0.528017,0.734370,0.528981,0.740241
2,0.593746,0.688848,0.734370,0.593746,0.683124,0.740241,0.554694,0.603509,0.554694,0.603509,0.688848,0.734370,0.683124,0.740241,0.532240,0.734370,0.532684,0.740241
3,0.592649,0.693580,0.734370,0.592649,0.686981,0.740241,0.552456,0.602697,0.552456,0.602697,0.693580,0.734370,0.686981,0.740241,0.534447,0.734370,0.534798,0.740241
4,0.591718,0.697427,0.734370,0.591718,0.689418,0.740241,0.550926,0.601916,0.550926,0.601916,0.697427,0.734370,0.689418,0.740241,0.537033,0.734370,0.537505,0.740241
5,0.590897,0.700160,0.734370,0.590897,0.690326,0.740241,0.549595,0.601222,0.549595,0.601222,0.700160,0.734370,0.690326,0.740241,0.539416,0.734370,0.540157,0.740241
6,0.590151,0.701890,0.734370,0.590151,0.689858,0.740241,0.548361,0.600599,0.548361,0.600599,0.701890,0.734370,0.689858,0.740241,0.541227,0.734370,0.542085,0.740241
