{
  "experiment_id": "20251116_183425_gainakt3exp_lc_b2.5_m0.8_g1.0_o1.5_639461",
  "dataset": "assist2015",
  "fold": 0,
  "train_auc": 0.7001608669308191,
  "train_acc": 0.7482025361604671,
  "valid_auc": 0.6903256444875713,
  "valid_acc": 0.7413600132361385,
  "test_auc": 0.6860181657407145,
  "test_acc": 0.7358758321445554,
  "train_encoder1_auc": 0.7001608669308191,
  "train_encoder1_acc": 0.7482025361604671,
  "valid_encoder1_auc": 0.6903256444875713,
  "valid_encoder1_acc": 0.7413600132361385,
  "test_encoder1_auc": 0.6860181657407145,
  "test_encoder1_acc": 0.7358758321445554,
  "train_encoder2_auc": 0.5358069695513028,
  "train_encoder2_acc": 0.6106942058776599,
  "valid_encoder2_auc": 0.5364325630921167,
  "valid_encoder2_acc": 0.6118502369852747,
  "test_encoder2_auc": 0.5349315240363963,
  "test_encoder2_acc": 0.6115148002853067,
  "train_mastery_correlation": 0.0,
  "train_gain_correlation": 0.0,
  "train_correlation_students": 0,
  "test_mastery_correlation": 0.0,
  "test_gain_correlation": 0.0,
  "test_correlation_students": 0,
  "timestamp": "2025-11-16T18:39:26.835753Z"
}