epoch,train_loss,train_auc,train_acc,val_loss,val_auc,val_acc,train_bce_loss,train_im_loss,val_bce_loss,val_im_loss,train_encoder1_auc,train_encoder1_acc,val_encoder1_auc,val_encoder1_acc,train_encoder2_auc,train_encoder2_acc,val_encoder2_auc,val_encoder2_acc
1,0.597593,0.677991,0.734370,0.597593,0.673812,0.740241,0.563586,0.606094,0.563586,0.606094,0.677991,0.734370,0.673812,0.740241,0.524150,0.734370,0.525371,0.740241
2,0.595137,0.688848,0.734370,0.595137,0.683124,0.740241,0.554694,0.605248,0.554694,0.605248,0.688848,0.734370,0.683124,0.740241,0.529528,0.734370,0.530211,0.740241
3,0.594029,0.693580,0.734370,0.594029,0.686981,0.740241,0.552456,0.604422,0.552456,0.604422,0.693580,0.734370,0.686981,0.740241,0.531485,0.734370,0.531943,0.740241
4,0.593082,0.697427,0.734370,0.593082,0.689418,0.740241,0.550926,0.603621,0.550926,0.603621,0.697427,0.734370,0.689418,0.740241,0.533418,0.734370,0.533923,0.740241
5,0.592195,0.700160,0.734370,0.592195,0.690326,0.740241,0.549595,0.602845,0.549595,0.602845,0.700160,0.734370,0.690326,0.740241,0.535808,0.734370,0.536433,0.740241
6,0.591346,0.701890,0.734370,0.591346,0.689858,0.740241,0.548361,0.602093,0.548361,0.602093,0.701890,0.734370,0.689858,0.740241,0.538604,0.734370,0.539347,0.740241
