epoch,train_loss,train_auc,train_acc,val_loss,val_auc,val_acc,train_bce_loss,train_im_loss,val_bce_loss,val_im_loss,train_encoder1_auc,train_encoder1_acc,val_encoder1_auc,val_encoder1_acc,train_encoder2_auc,train_encoder2_acc,val_encoder2_auc,val_encoder2_acc
1,0.567634,0.680382,0.734370,0.567634,0.675598,0.740241,0.563305,0.606595,0.563305,0.606595,0.680382,0.734370,0.675598,0.740241,0.514449,0.734370,0.516652,0.740241
2,0.559211,0.693518,0.734370,0.559211,0.686649,0.740241,0.553997,0.606137,0.553997,0.606137,0.693518,0.734370,0.686649,0.740241,0.515620,0.734370,0.517792,0.740241
3,0.556684,0.698830,0.734370,0.556684,0.689919,0.740241,0.551237,0.605704,0.551237,0.605704,0.698830,0.734370,0.689919,0.740241,0.516618,0.734370,0.518773,0.740241
4,0.554725,0.700914,0.734370,0.554725,0.688637,0.740241,0.549107,0.605290,0.549107,0.605290,0.700914,0.734370,0.688637,0.740241,0.517371,0.734370,0.519460,0.740241
5,0.552826,0.705300,0.734370,0.552826,0.689311,0.740241,0.547041,0.604894,0.547041,0.604894,0.705300,0.734370,0.689311,0.740241,0.517569,0.734370,0.519688,0.740241
6,0.550823,0.708423,0.734370,0.550823,0.688419,0.740241,0.544857,0.604520,0.544857,0.604520,0.708423,0.734370,0.688419,0.740241,0.517486,0.734370,0.519600,0.740241
