{
  "lambda_ref": 12.882341962594483,
  "lambda_initmastery": 16.82787343613816,
  "lambda_rate": 4.486225526267426
}