{
  "valid_auc": 0.7554595268215112,
  "valid_acc": 0.7133350396723829,
  "valid_metrics": {
    "l_sup": 0.567150021145955,
    "l_reg": 5.362763388916392e-08,
    "l_ref": 0.018341994947857328,
    "l_init": 0.037386368354988535,
    "l_rate": 0.1522221343103862
  },
  "test_auc": 0.7500611269855486,
  "test_acc": 0.7105272196462304,
  "test_metrics": {
    "l_sup": 0.5727915214874497,
    "l_reg": 5.6492666221753425e-08,
    "l_ref": 0.018219476396387272,
    "l_init": 0.038948256409993054,
    "l_rate": 0.15623129832477767
  },
  "window_test_auc": 0.7500611269855486,
  "window_test_acc": 0.7105272196462304,
  "window_metrics": {
    "l_sup": 0.5727915214874497,
    "l_reg": 5.6492666221753425e-08,
    "l_ref": 0.0,
    "l_init": 0.038948256409993054,
    "l_rate": 0.15623129832477767
  },
  "checkpoint": "/workspaces/pykt-toolkit/experiments/20251231_000333_idkt_assist2009_S_hr_sweep_l1.0_291039/best_model.pt"
}