{
  "prediction_mse": 0.01831553317606449,
  "prediction_corr": 0.771976269365284,
  "initmastery_mse": 0.037606604397296906,
  "initmastery_corr": -0.07847216256664986,
  "learning_rate_mse": 0.1520572006702423,
  "learning_rate_corr": 0.03895876632989888,
  "h2_functional_alignment": 0.2537481508228351,
  "h3_discriminant_overlap": 0.17818645240133235,
  "h3_latent_overlap": -0.029257464398208793
}