split,auc,acc,l_sup,l_ref,l_init,l_rate,l_reg
test,0.750061,0.710527,0.572792,0.018219,0.038948,0.156231,0.000000
