{
  "0": {
    "r2": -548665.1849866832,
    "pearson": -0.24143150136839844,
    "count": 237
  },
  "1": {
    "r2": -28506.581949941607,
    "pearson": -0.08519333386860299,
    "count": 584
  },
  "2": {
    "r2": 0.5694488127659725,
    "pearson": 0.8519101209143843,
    "count": 239
  },
  "3": {
    "r2": -70.4501758640891,
    "pearson": 0.15905702201017893,
    "count": 127
  },
  "4": {
    "r2": -145.93606720602497,
    "pearson": 0.2670756292155774,
    "count": 153
  },
  "5": {
    "r2": -56135.817377744606,
    "pearson": 0.062148481885922355,
    "count": 431
  },
  "6": {
    "r2": 0.6003470681784695,
    "pearson": 0.86083325672082,
    "count": 21
  },
  "8": {
    "r2": -502912157.9955221,
    "pearson": 0.12872075543378467,
    "count": 185
  },
  "9": {
    "r2": -72485.44391721526,
    "pearson": -0.03504270032617538,
    "count": 257
  },
  "10": {
    "r2": -584877.602750719,
    "pearson": -0.2079072084802676,
    "count": 63
  },
  "11": {
    "r2": -340611.82249660266,
    "pearson": -0.0014368538267169242,
    "count": 300
  },
  "12": {
    "r2": -43261.59132554486,
    "pearson": 0.006566069330697713,
    "count": 440
  },
  "14": {
    "r2": -75660.51193826886,
    "pearson": -0.5138200497883172,
    "count": 53
  },
  "15": {
    "r2": -151922.22288994555,
    "pearson": 0.08460386164872842,
    "count": 257
  },
  "16": {
    "r2": -1.0237575115106434,
    "pearson": -0.3906511117985942,
    "count": 36
  },
  "17": {
    "r2": -666.6440824386759,
    "pearson": -0.07904209017732163,
    "count": 95
  },
  "18": {
    "r2": -0.14199219476391467,
    "pearson": 0.5157603586372539,
    "count": 88
  },
  "19": {
    "r2": -128.21597457224271,
    "pearson": -0.03285719159554042,
    "count": 57
  },
  "20": {
    "r2": -795.1553234852794,
    "pearson": 0.1258944829253637,
    "count": 156
  },
  "21": {
    "r2": -131.1038570643385,
    "pearson": -0.28390317695519807,
    "count": 75
  },
  "22": {
    "r2": -0.04065258450850706,
    "pearson": 0.6487925550532676,
    "count": 79
  },
  "23": {
    "r2": -37205.106502853276,
    "pearson": -0.019016582460357766,
    "count": 306
  },
  "24": {
    "r2": -1.4413955920180297,
    "pearson": 0.5761724164331454,
    "count": 39
  },
  "25": {
    "r2": -98581.54891418057,
    "pearson": 0.6296768060638486,
    "count": 197
  },
  "26": {
    "r2": -0.17418655967025698,
    "pearson": 0.7150486486269261,
    "count": 110
  },
  "27": {
    "r2": -6.762450531099433,
    "pearson": 0.9756308152719195,
    "count": 28
  },
  "28": {
    "r2": -8622701.121804103,
    "pearson": 0.13266705736375833,
    "count": 228
  },
  "30": {
    "r2": -37084464.81670567,
    "pearson": 0.3630002976905409,
    "count": 101
  },
  "31": {
    "r2": 0.2053987484455282,
    "pearson": 0.7630308418555686,
    "count": 170
  },
  "32": {
    "r2": 0.9645235846923299,
    "pearson": 0.9828287840826379,
    "count": 72
  },
  "37": {
    "r2": -0.38388373854921976,
    "pearson": -0.29732431198212605,
    "count": 28
  },
  "38": {
    "r2": 0.07010397335433793,
    "pearson": 0.6616957449848823,
    "count": 58
  },
  "44": {
    "r2": 0.8529030599683463,
    "pearson": 0.94613827589867,
    "count": 114
  },
  "45": {
    "r2": -82832.82356392287,
    "pearson": -0.31321442738652494,
    "count": 174
  },
  "46": {
    "r2": -0.22190672196856864,
    "pearson": 0.7174644636595721,
    "count": 73
  },
  "47": {
    "r2": 0.8850566886688691,
    "pearson": 0.9448887325722856,
    "count": 57
  },
  "48": {
    "r2": -203.36415738164925,
    "pearson": 0.40450962792784434,
    "count": 81
  },
  "49": {
    "r2": -0.900492840040807,
    "pearson": 0.479304793529993,
    "count": 57
  },
  "51": {
    "r2": 0.6240241176492511,
    "pearson": 0.8651160771072064,
    "count": 121
  },
  "52": {
    "r2": -0.11230785280917632,
    "pearson": 0.7572924531085512,
    "count": 73
  },
  "53": {
    "r2": -2.4008253755545192,
    "pearson": -0.07275744334597795,
    "count": 79
  },
  "54": {
    "r2": -25.14331315666344,
    "pearson": 0.3864113919479923,
    "count": 47
  },
  "55": {
    "r2": -7.156945097570514,
    "pearson": 0.26985363364669795,
    "count": 117
  },
  "56": {
    "r2": -21.32505463068176,
    "pearson": 0.10605632595745056,
    "count": 74
  },
  "57": {
    "r2": -20213062.959673632,
    "pearson": -0.10120602974256271,
    "count": 293
  },
  "58": {
    "r2": 0.9242862970841719,
    "pearson": 0.9916661960741672,
    "count": 26
  },
  "60": {
    "r2": 0.6520050864434495,
    "pearson": 0.8151233181865039,
    "count": 49
  },
  "61": {
    "r2": 0.8361220738669405,
    "pearson": 0.9362797537284504,
    "count": 166
  },
  "62": {
    "r2": -9538131.27232793,
    "pearson": 0.09975308584558587,
    "count": 336
  },
  "63": {
    "r2": -2794.106665791759,
    "pearson": -0.11409193013848934,
    "count": 199
  },
  "67": {
    "r2": 0.950669619896268,
    "pearson": 0.9858221077777108,
    "count": 28
  },
  "68": {
    "r2": -586144.9124601579,
    "pearson": -0.251458380235856,
    "count": 26
  },
  "72": {
    "r2": 0.5723753816181898,
    "pearson": 0.863656166321051,
    "count": 58
  },
  "75": {
    "r2": -0.17638235885538256,
    "pearson": 0.28025741980011826,
    "count": 30
  },
  "76": {
    "r2": -39.522314348278435,
    "pearson": 0.4121240111609605,
    "count": 26
  },
  "80": {
    "r2": 0.44203195970774023,
    "pearson": 0.8105069673801641,
    "count": 25
  },
  "91": {
    "r2": -685.5235358252319,
    "pearson": 0.07030643725420171,
    "count": 23
  }
}