split,total_auc,bce_auc,mastery_auc,total_acc,bce_acc,mastery_acc
training,0.752677172311153,0.752677172311153,N/A,0.7619721416570457,0.7619721416570457,N/A
validation,0.7245593996212962,0.7245593996212962,N/A,0.7534185247544988,0.7534185247544988,N/A
test,0.7184990111280904,0.7184990111280904,N/A,0.7470429148834997,0.7470429148834997,N/A
