epoch,lambda,val_total_auc,val_bce_auc,val_mastery_auc,val_total_acc,val_bce_acc,val_mastery_acc,val_total_loss,val_bce_loss,val_mastery_loss
1,0.1,0.6379461476907229,0.6440340550537194,0.5010380281924164,0.25975921906782545,0.740805263311565,0.25975921906782545,0.4907974108141296,0.09456691297949577,0.5348230332744365
2,0.1,0.6614391653841759,0.6651041196149756,0.49890555891587596,0.25975921906782545,0.7428588112779686,0.25975921906782545,0.45663856365242783,0.09231204205021566,0.4971193008276881
3,0.1,0.6679174763221297,0.6709573279397566,0.4978995501958702,0.25975921906782545,0.7441045654945547,0.25975921906782545,0.42802544211854743,0.0915622460294743,0.4654102532231078
4,0.1,0.670443418855817,0.6738310004660015,0.49740737174264127,0.25975921906782545,0.7441532277686401,0.25975921906782545,0.4042217968677988,0.0910911414088035,0.4390141015150109
5,0.1,0.6710027426352985,0.6754028866125803,0.49754855200039416,0.25975921906782545,0.7443381444101645,0.25975921906782545,0.3844430258079451,0.09087259961026055,0.4170619687255548
6,0.1,0.6713256829060121,0.677076968570341,0.49737778895208107,0.25975921906782545,0.744513328596872,0.25975921906782545,0.36786556426359684,0.09072623797217194,0.39865883333342417
7,0.1,0.6714386168167225,0.6785668289566237,0.4973481293147871,0.25975921906782545,0.7445522584161403,0.25975921906782545,0.35373194546115644,0.09058397552188562,0.38297061774195457
8,0.1,0.6727152491914702,0.6811678674978666,0.49736929147671044,0.25975921906782545,0.7443770742294329,0.25975921906782545,0.34138680964100115,0.09038838485673982,0.3692755322067105
