{
  "trajectory": [
    {
      "epoch": 1,
      "train_loss": 0.5340567122596179,
      "train_auc": 0.6879068716780063,
      "val_auc": 0.7171803166391834,
      "global_alignment_mastery_corr": 0.05541576825748298,
      "global_alignment_gain_corr": -0.006728240509526853,
      "constraint_scale": 0.0,
      "current_corr_target": 0.06,
      "mastery_variance_mean": 0.010045090442583757,
      "mastery_variance_std": 0.006195733169708705,
      "variance_penalty_mean": 0.0,
      "spread_penalty_mean": 0.0,
      "variance_gate": 0.001,
      "variance_health_streak": 1,
      "recovery_freeze": false,
      "promote_counter": 0,
      "collapse_counter": 0,
      "early_stop": false,
      "batch_var_min": 0.00821548793464899,
      "batch_var_median": 0.010054884478449821,
      "batch_var_max": 0.012083972804248333,
      "variance_gap_epoch": 0.0,
      "interpretability_components": [],
      "counts": {
        "acc_mastery_count": 2857,
        "acc_gain_count": 2857,
        "strat_mastery_count": 600,
        "strat_gain_count": 600,
        "final_mastery_count": 3457,
        "final_gain_count": 3457
      }
    },
    {
      "epoch": 2,
      "train_loss": 0.5139815366083338,
      "train_auc": 0.724283499651584,
      "val_auc": 0.7242592884955006,
      "global_alignment_mastery_corr": 0.05540629071469237,
      "global_alignment_gain_corr": -0.0082838148066078,
      "constraint_scale": 0.0,
      "current_corr_target": 0.06,
      "mastery_variance_mean": 0.009907657260899627,
      "mastery_variance_std": 0.006035234996244055,
      "variance_penalty_mean": 0.0,
      "spread_penalty_mean": 0.0,
      "variance_gate": 0.001,
      "variance_health_streak": 2,
      "recovery_freeze": false,
      "promote_counter": 0,
      "collapse_counter": 0,
      "early_stop": false,
      "batch_var_min": 0.008193555288016796,
      "batch_var_median": 0.009900866076350212,
      "batch_var_max": 0.011969618499279022,
      "variance_gap_epoch": 0.0,
      "interpretability_components": [],
      "counts": {
        "acc_mastery_count": 2857,
        "acc_gain_count": 2857,
        "strat_mastery_count": 600,
        "strat_gain_count": 600,
        "final_mastery_count": 3457,
        "final_gain_count": 3457
      }
    },
    {
      "epoch": 3,
      "train_loss": 0.5055091642132101,
      "train_auc": 0.7373175491157224,
      "val_auc": 0.7251409190527491,
      "global_alignment_mastery_corr": 0.0551857163085718,
      "global_alignment_gain_corr": -0.011370962489042777,
      "constraint_scale": 0.0,
      "current_corr_target": 0.06,
      "mastery_variance_mean": 0.009917558823441511,
      "mastery_variance_std": 0.006049277508468043,
      "variance_penalty_mean": 0.0,
      "spread_penalty_mean": 0.0,
      "variance_gate": 0.001,
      "variance_health_streak": 3,
      "recovery_freeze": false,
      "promote_counter": 0,
      "collapse_counter": 0,
      "early_stop": false,
      "batch_var_min": 0.008308875374495983,
      "batch_var_median": 0.009932111948728561,
      "batch_var_max": 0.01179901696741581,
      "variance_gap_epoch": 0.0,
      "interpretability_components": [],
      "counts": {
        "acc_mastery_count": 2857,
        "acc_gain_count": 2857,
        "strat_mastery_count": 600,
        "strat_gain_count": 600,
        "final_mastery_count": 3457,
        "final_gain_count": 3457
      }
    },
    {
      "epoch": 4,
      "train_loss": 0.49752754504366437,
      "train_auc": 0.749014470028797,
      "val_auc": 0.7222141602116765,
      "global_alignment_mastery_corr": 0.055032883838695264,
      "global_alignment_gain_corr": -0.009118965520517561,
      "constraint_scale": 0.125,
      "current_corr_target": 0.06,
      "mastery_variance_mean": 0.009900411519889508,
      "mastery_variance_std": 0.006029735040880245,
      "variance_penalty_mean": 0.0,
      "spread_penalty_mean": 0.0,
      "variance_gate": 0.001,
      "variance_health_streak": 4,
      "recovery_freeze": false,
      "promote_counter": 0,
      "collapse_counter": 0,
      "early_stop": false,
      "batch_var_min": 0.008281328715384007,
      "batch_var_median": 0.009951346553862095,
      "batch_var_max": 0.01173631101846695,
      "variance_gap_epoch": 0.0,
      "interpretability_components": [],
      "counts": {
        "acc_mastery_count": 2857,
        "acc_gain_count": 2857,
        "strat_mastery_count": 600,
        "strat_gain_count": 600,
        "final_mastery_count": 3457,
        "final_gain_count": 3457
      }
    },
    {
      "epoch": 5,
      "train_loss": 0.487213076316109,
      "train_auc": 0.7631894721977873,
      "val_auc": 0.7140879082595416,
      "global_alignment_mastery_corr": 0.05480087369887154,
      "global_alignment_gain_corr": -0.009506171167318334,
      "constraint_scale": 0.25,
      "current_corr_target": 0.06,
      "mastery_variance_mean": 0.009896962649992869,
      "mastery_variance_std": 0.0060540912745498075,
      "variance_penalty_mean": 0.0,
      "spread_penalty_mean": 0.0,
      "variance_gate": 0.001,
      "variance_health_streak": 5,
      "recovery_freeze": false,
      "promote_counter": 1,
      "collapse_counter": 0,
      "early_stop": false,
      "batch_var_min": 0.00820523127913475,
      "batch_var_median": 0.009952666237950325,
      "batch_var_max": 0.011774992570281029,
      "variance_gap_epoch": 0.0,
      "interpretability_components": [],
      "counts": {
        "acc_mastery_count": 2857,
        "acc_gain_count": 2857,
        "strat_mastery_count": 600,
        "strat_gain_count": 600,
        "final_mastery_count": 3457,
        "final_gain_count": 3457
      }
    },
    {
      "epoch": 6,
      "train_loss": 0.47767375167026077,
      "train_auc": 0.7817228858660045,
      "val_auc": 0.7026800032399765,
      "global_alignment_mastery_corr": 0.05486916613917677,
      "global_alignment_gain_corr": -0.009068813804854244,
      "constraint_scale": 0.375,
      "current_corr_target": 0.08,
      "mastery_variance_mean": 0.009781447799898972,
      "mastery_variance_std": 0.006003863012855563,
      "variance_penalty_mean": 0.0,
      "spread_penalty_mean": 0.0,
      "variance_gate": 0.001,
      "variance_health_streak": 6,
      "recovery_freeze": false,
      "promote_counter": 0,
      "collapse_counter": 0,
      "early_stop": false,
      "batch_var_min": 0.008188516832888126,
      "batch_var_median": 0.009813625365495682,
      "batch_var_max": 0.011738365516066551,
      "variance_gap_epoch": 0.0,
      "interpretability_components": [],
      "counts": {
        "acc_mastery_count": 2857,
        "acc_gain_count": 2857,
        "strat_mastery_count": 600,
        "strat_gain_count": 600,
        "final_mastery_count": 3457,
        "final_gain_count": 3457
      }
    },
    {
      "epoch": 7,
      "train_loss": 0.4618549048900604,
      "train_auc": 0.8046062774739735,
      "val_auc": 0.6872433761822347,
      "global_alignment_mastery_corr": 0.05485958097978286,
      "global_alignment_gain_corr": -0.008721054828383269,
      "constraint_scale": 0.5,
      "current_corr_target": 0.08,
      "mastery_variance_mean": 0.009818775298208779,
      "mastery_variance_std": 0.006055082976366149,
      "variance_penalty_mean": 0.0,
      "spread_penalty_mean": 0.0,
      "variance_gate": 0.001,
      "variance_health_streak": 7,
      "recovery_freeze": false,
      "promote_counter": 0,
      "collapse_counter": 0,
      "early_stop": false,
      "batch_var_min": 0.00808442011475563,
      "batch_var_median": 0.00980991031974554,
      "batch_var_max": 0.01176086999475956,
      "variance_gap_epoch": 0.0,
      "interpretability_components": [],
      "counts": {
        "acc_mastery_count": 2857,
        "acc_gain_count": 2857,
        "strat_mastery_count": 600,
        "strat_gain_count": 600,
        "final_mastery_count": 3457,
        "final_gain_count": 3457
      }
    },
    {
      "epoch": 8,