epoch,train_loss,train_auc,train_acc,val_loss,val_auc,val_acc,train_bce_loss,train_im_loss,val_bce_loss,val_im_loss,train_encoder1_auc,train_encoder1_acc,val_encoder1_auc,val_encoder1_acc,train_encoder2_auc,train_encoder2_acc,val_encoder2_auc,val_encoder2_acc
1,0.600663,0.677991,0.734370,0.600663,0.673812,0.740241,0.563586,0.609932,0.563586,0.609932,0.677991,0.734370,0.673812,0.740241,0.514625,0.734370,0.516436,0.740241
2,0.598235,0.688848,0.734370,0.598235,0.683124,0.740241,0.554694,0.609121,0.554694,0.609121,0.688848,0.734370,0.683124,0.740241,0.518296,0.734370,0.519746,0.740241
3,0.597151,0.693580,0.734370,0.597151,0.686981,0.740241,0.552456,0.608325,0.552456,0.608325,0.693580,0.734370,0.686981,0.740241,0.520035,0.734370,0.521267,0.740241
4,0.596223,0.697427,0.734370,0.596223,0.689418,0.740241,0.550926,0.607547,0.550926,0.607547,0.697427,0.734370,0.689418,0.740241,0.521361,0.734370,0.522510,0.740241
5,0.595350,0.700160,0.734370,0.595350,0.690326,0.740241,0.549595,0.606789,0.549595,0.606789,0.700160,0.734370,0.690326,0.740241,0.522685,0.734370,0.523814,0.740241
6,0.594513,0.701890,0.734370,0.594513,0.689858,0.740241,0.548361,0.606051,0.548361,0.606051,0.701890,0.734370,0.689858,0.740241,0.523906,0.734370,0.525051,0.740241
