epoch,train_loss,train_auc,val_loss,val_auc,val_accuracy,monotonicity_violation_rate,negative_gain_rate,bounds_violation_rate,mastery_correlation,gain_correlation,main_loss_share,constraint_loss_share,alignment_loss_share,lag_loss_share,retention_loss_share
1,0.608705973995782,0.6802406603038559,0.5197553829270967,0.7112255046171562,0.7474038676775443,0.0,0.0,0.0,0.0627125922281875,0.050665059961907954,0.879344910747919,0.12065509096441701,0.0,0.0,0.0
2,0.5987669396276919,0.7178227464759043,0.5130786244966545,0.7193815307377749,0.7521435731734616,0.0,0.0,0.0,0.060145443577197345,0.08631543723378293,0.8650363986867483,0.13496360202244992,0.0,0.0,0.0
3,0.5973479973219837,0.7331601245766066,0.5146015043161354,0.7187823338482114,0.7501192225715092,0.0,0.0,0.0,0.05926837581251117,0.056461799725587146,0.8508620541920776,0.14913794470928515,0.0,0.0,0.0
4,0.5984113126838763,0.7467761660700607,0.5218250605524802,0.7122418349372454,0.7435400831151642,0.0,0.0,0.0,0.05778856671317956,0.07182223673825046,0.8339764766851547,0.16602352376642157,0.0,0.0,0.0
5,0.5981169843303107,0.7620082587784724,0.5300627411628256,0.7048715247979656,0.7417006491547363,0.0,0.0,0.0,0.059089601948046265,0.05617559036808062,0.8157684293755386,0.1842315728834536,0.0,0.0,0.0
