epoch,train_loss,train_auc,train_acc,val_loss,val_auc,val_acc,train_bce_loss,train_im_loss,val_bce_loss,val_im_loss,train_encoder1_auc,train_encoder1_acc,val_encoder1_auc,val_encoder1_acc,train_encoder2_auc,train_encoder2_acc,val_encoder2_auc,val_encoder2_acc
1,0.600544,0.677991,0.734370,0.600544,0.673812,0.740241,0.563586,0.609784,0.563586,0.609784,0.677991,0.734370,0.673812,0.740241,0.508703,0.734370,0.511312,0.740241
2,0.598072,0.688848,0.734370,0.598072,0.683124,0.740241,0.554694,0.608917,0.554694,0.608917,0.688848,0.734370,0.683124,0.740241,0.511906,0.734370,0.514128,0.740241
3,0.596942,0.693580,0.734370,0.596942,0.686981,0.740241,0.552456,0.608064,0.552456,0.608064,0.693580,0.734370,0.686981,0.740241,0.514225,0.734370,0.516235,0.740241
4,0.595968,0.697427,0.734370,0.595968,0.689418,0.740241,0.550926,0.607229,0.550926,0.607229,0.697427,0.734370,0.689418,0.740241,0.517022,0.734370,0.518979,0.740241
5,0.595050,0.700160,0.734370,0.595050,0.690326,0.740241,0.549595,0.606413,0.549595,0.606413,0.700160,0.734370,0.690326,0.740241,0.519808,0.734370,0.521716,0.740241
6,0.594166,0.701890,0.734370,0.594166,0.689858,0.740241,0.548361,0.605617,0.548361,0.605617,0.701890,0.734370,0.689858,0.740241,0.523032,0.734370,0.524859,0.740241
