{
  "train": {
    "total_auc": 0.7538390286053601,
    "total_acc": 0.761927557044838,
    "bce_auc": 0.7546331510233413,
    "bce_acc": 0.7627535456499498,
    "mastery_auc": 0.6401297936016429,
    "mastery_acc": 0.7339284205783797
  },
  "valid": {
    "total_auc": 0.7247589250227651,
    "total_acc": 0.7540705992272431,
    "bce_auc": 0.7251337159029749,
    "bce_acc": 0.7545864193325482,
    "mastery_auc": 0.6258243286325743,
    "mastery_acc": 0.7338854879366222
  },
  "test": {
    "total_auc": 0.7185506196998501,
    "total_acc": 0.7476595934379457,
    "bce_auc": 0.7189115947068548,
    "bce_acc": 0.7473178197812649,
    "mastery_auc": 0.6238120966237177,
    "mastery_acc": 0.72449328340466
  },
  "checkpoint_epoch": 9,
  "checkpoint_val_auc": 0.7251337159029749
}