split,total_auc,bce_auc,mastery_auc,total_acc,bce_acc,mastery_acc
training,0.7538390286053601,0.7546331510233413,0.6401297936016429,0.761927557044838,0.7627535456499498,0.7339284205783797
validation,0.7247589250227651,0.7251337159029749,0.6258243286325743,0.7540705992272431,0.7545864193325482,0.7338854879366222
test,0.7185506196998501,0.7189115947068548,0.6238120966237177,0.7476595934379457,0.7473178197812649,0.72449328340466
