split,auc,acc
test,0.767727,0.733184
