{
  "valid_auc": 0.7664091084177218,
  "valid_acc": 0.7387221959299574,
  "valid_metrics": {
    "l_sup": 0.5346810619580302,
    "l_reg": 0.001178804998441289,
    "l_ref": 0.013162827507282296,
    "l_init": 0.010187326603880236,
    "l_rate": 0.17216964439649463
  },
  "test_auc": 0.7607530344317665,
  "test_acc": 0.7265281726544327,
  "test_metrics": {
    "l_sup": 0.5499015338158116,
    "l_reg": 0.001147517237889891,
    "l_ref": 0.012840020594497521,
    "l_init": 0.01020492306227008,
    "l_rate": 0.17401670910463887
  },
  "window_test_auc": 0.7626090737811184,
  "window_test_acc": 0.727498388136686,
  "window_metrics": {
    "l_sup": 0.5307544348888262,
    "l_reg": 0.0010828696899621935,
    "l_ref": 0.0,
    "l_init": 0.010588213314104524,
    "l_rate": 0.1696609610700813
  },
  "checkpoint": "/workspaces/pykt-toolkit/experiments/20251221_134623_idkt_pareto_v2_l0.70_assist2009_324242/best_model.pt"
}