{
  "prediction_mse": 0.017219072207808495,
  "prediction_corr": 0.8263636547739466,
  "initmastery_mse": 0.010129199363291264,
  "initmastery_corr": 0.987780552055179,
  "learning_rate_mse": 0.17129693925380707,
  "learning_rate_corr": 0.9983741636312325,
  "h2_functional_alignment": 0.2830090039211256,
  "h3_discriminant_overlap": -0.10148576201328131,
  "h3_latent_overlap": -0.03307716399089665
}