split,auc,acc,l_sup,l_ref,l_init,l_rate,l_reg
validation,0.766409,0.738722,0.534681,0.013163,0.010187,0.172170,0.001179
