split,auc,acc,l_sup,l_ref,l_init,l_rate,l_reg
test,0.760753,0.726528,0.549902,0.012840,0.010205,0.174017,0.001148
