{
  "valid_auc": 0.7764154477596745,
  "valid_acc": 0.7467865593942262,
  "valid_metrics": {
    "l_sup": 0.5254030454358475,
    "l_reg": 0.0011788693567117055,
    "l_ref": 0.015140261578684052,
    "l_init": 0.010197812927354487,
    "l_rate": 0.17226220970241035
  },
  "test_auc": 0.7703856760381192,
  "test_acc": 0.734524424915999,
  "test_metrics": {
    "l_sup": 0.541488365131309,
    "l_reg": 0.0011475994154655684,
    "l_ref": 0.014618677459657193,
    "l_init": 0.01021522204389164,
    "l_rate": 0.174111396308489
  },
  "window_test_auc": 0.7722791273147226,
  "window_test_acc": 0.7345099935525468,
  "window_metrics": {
    "l_sup": 0.5210453284453178,
    "l_reg": 0.0010834296465140466,
    "l_ref": 0.0,
    "l_init": 0.010598744385088272,
    "l_rate": 0.169753373453189
  },
  "checkpoint": "/workspaces/pykt-toolkit/experiments/20251221_132506_idkt_pareto_v2_l0.55_assist2009_311968/best_model.pt"
}