split,auc,acc,l_sup,l_ref,l_init,l_rate,l_reg
test,0.770386,0.734524,0.541488,0.014619,0.010215,0.174111,0.001148
