split,total_auc,bce_auc,mastery_auc,total_acc,bce_acc,mastery_acc
training,0.7548980573201295,0.7548980573201295,N/A,0.7619791813326575,0.7619791813326575,N/A
validation,0.7247880583091932,0.7247880583091932,N/A,0.7540414018627919,0.7540414018627919,N/A
test,0.7187376843277271,0.7187376843277271,N/A,0.7469537565382787,0.7469537565382787,N/A
