{
  "experiment_id": "20251118_211102_gainakt3exp_V3-phase1-full-validation_970206",
  "dataset": "assist2015",
  "fold": 0,
  "train_auc": 0.6736685663897616,
  "train_acc": 0.740860154497414,
  "valid_auc": 0.6648410973829839,
  "valid_acc": 0.7354037508880865,
  "test_auc": 0.6593450775071447,
  "test_acc": 0.7289586305278174,
  "train_encoder1_auc": 0.6736685663897616,
  "train_encoder1_acc": 0.740860154497414,
  "valid_encoder1_auc": 0.6648410973829839,
  "valid_encoder1_acc": 0.7354037508880865,
  "test_encoder1_auc": 0.6593450775071447,
  "test_encoder1_acc": 0.7289586305278174,
  "train_encoder2_auc": 0.5948474966247981,
  "train_encoder2_acc": 0.6997085574296736,
  "valid_encoder2_auc": 0.5934664616297288,
  "valid_encoder2_acc": 0.6996272469805059,
  "test_encoder2_auc": 0.5903502231205298,
  "test_encoder2_acc": 0.6957545767950547,
  "train_mastery_correlation": 0.03700055497028762,
  "train_gain_correlation": 0.005168456718293057,
  "train_correlation_students": 3334,
  "test_mastery_correlation": 0.038877850774669265,
  "test_gain_correlation": 0.009896562612463244,
  "test_correlation_students": 3177,
  "timestamp": "2025-11-18T21:42:57.109853Z"
}