split,total_auc,bce_auc,mastery_auc,total_acc,bce_acc,mastery_acc
training,0.7522268548984206,0.7522268548984206,N/A,0.7611790048714555,0.7611790048714555,N/A
validation,0.7236317565895866,0.7236317565895866,N/A,0.752571801185413,0.752571801185413,N/A
test,0.717971686375418,0.717971686375418,N/A,0.7472806704707561,0.7472806704707561,N/A
