split,total_auc,bce_auc,mastery_auc,total_acc,bce_acc,mastery_acc
training,0.7130692513837166,0.7130692513837166,N/A,0.7468908099381447,0.7468908099381447,N/A
validation,0.7065974960348933,0.7065974960348933,N/A,0.7468977800270562,0.7468977800270562,N/A
test,0.7021400513459526,0.7021400513459526,N/A,0.7427335948644793,0.7427335948644793,N/A
