epoch,train_loss,train_auc,val_loss,val_auc,val_accuracy,monotonicity_violation_rate,negative_gain_rate,bounds_violation_rate,mastery_correlation,gain_correlation,main_loss_share,constraint_loss_share,alignment_loss_share,lag_loss_share,retention_loss_share
1,0.5415236587042636,0.69292190887354,0.5150731285007633,0.7169850557388324,0.7510243408694975,0.0,0.0,0.0,0.12728796544847845,0.0029681317024589917,0.981841665531705,0.018158333514924685,-0.005422706940524684,0.0,0.0
2,0.5190870630617587,0.7242722062510554,0.5104677117600733,0.7241182602070898,0.7537494282182795,0.0,0.0,0.0,0.08543342950763817,0.025659250299670616,0.9901747519799222,0.009825251320207114,-0.021922303704318,0.0,0.0
