epoch,train_loss,train_auc,val_loss,val_auc,val_accuracy,monotonicity_violation_rate,negative_gain_rate,bounds_violation_rate,mastery_correlation,gain_correlation,main_loss_share,constraint_loss_share,alignment_loss_share,lag_loss_share,retention_loss_share
1,0.5510839875497966,0.6923915756121601,0.5157687353844546,0.7168724784757841,0.7510535382339487,0.0,0.0,0.0,0.11092759032615204,0.05017825430002486,0.9651383793280146,0.03486161658326504,-0.004753824609382826,0.0,0.0
2,0.5346541651790007,0.7239394575506093,0.5102368970306552,0.7242627813273333,0.7539538097694382,0.0,0.0,0.0,0.09490444365713785,0.016712754572483626,0.9617023669545324,0.03829763440831367,-0.021335693491233744,0.0,0.0
