{
  "experiment_name": "optimal_v1",
  "best_val_auc": 0.7242627813273333,
  "final_consistency_metrics": {
    "monotonicity_violation_rate": 0.0,
    "negative_gain_rate": 0.0,
    "bounds_violation_rate": 0.0,
    "mastery_correlation": 0.07813984547467846,
    "gain_correlation": 0.043437522362822584
  },
  "train_history": {
    "train_loss": [
      0.5510839875497966,
      0.5346541651790007
    ],
    "train_auc": [
      0.6923915756121601,
      0.7239394575506093
    ],
    "val_auc": [
      0.7168724784757841,
      0.7242627813273333
    ],
    "consistency_metrics": [
      {
        "monotonicity_violation_rate": 0.0,
        "negative_gain_rate": 0.0,
        "bounds_violation_rate": 0.0,
        "mastery_correlation": 0.11092759032615204,
        "gain_correlation": 0.05017825430002486
      },
      {
        "monotonicity_violation_rate": 0.0,
        "negative_gain_rate": 0.0,
        "bounds_violation_rate": 0.0,
        "mastery_correlation": 0.09490444365713785,
        "gain_correlation": 0.016712754572483626
      }
    ],
    "semantic_trajectory": [
      {
        "epoch": 1,
        "mastery_correlation": 0.11092759032615204,
        "gain_correlation": 0.05017825430002486,
        "warmup_scale": 0.25,
        "alignment_corr_mastery": 0.026911349967122078,
        "alignment_corr_gain": 0.1443898230791092,
        "global_alignment_mastery_corr": 0.10242992844966163,
        "global_alignment_gain_corr": 0.04868999442650723,
        "effective_alignment_weight": 0.03125,
        "peak_mastery_corr": 0.10242992844966163,
        "retention_loss_value": 0.0,
        "mean_lag_corr": 0.0,
        "lag_corr_count": 0,
        "consistency_loss_weight_current": 0.3,
        "sparsity_loss_weight_current": 0.2,
        "loss_shares": {
          "main": 0.9651383793280146,
          "constraint_total": 0.03486161658326504,
          "alignment": -0.004753824609382826,
          "lag": 0.0,
          "retention": 0.0
        },
        "mean_mastery_variance": 0.01405905502235488,
        "min_mastery_variance": 0.009840158745646477,
        "max_mastery_variance": 0.04000180587172508,
        "per_lag_correlations": []
      },
      {
        "epoch": 2,
        "mastery_correlation": 0.09490444365713785,
        "gain_correlation": 0.016712754572483626,
        "warmup_scale": 0.5,
        "alignment_corr_mastery": 0.04770614206790924,
        "alignment_corr_gain": 0.1922827661037445,
        "global_alignment_mastery_corr": 0.10336140092634499,
        "global_alignment_gain_corr": 0.022665527328742125,
        "effective_alignment_weight": 0.0625,
        "peak_mastery_corr": 0.10336140092634499,
        "retention_loss_value": 0.0,
        "mean_lag_corr": 0.0,
        "lag_corr_count": 0,
        "consistency_loss_weight_current": 0.3,
        "sparsity_loss_weight_current": 0.2,
        "loss_shares": {
          "main": 0.9617023669545324,
          "constraint_total": 0.03829763440831367,
          "alignment": -0.021335693491233744,
          "lag": 0.0,
          "retention": 0.0
        },
        "mean_mastery_variance": 0.009904704433069636,
        "min_mastery_variance": 0.009852001443505287,
        "max_mastery_variance": 0.010050599463284016,
        "per_lag_correlations": []
      }
    ]
  }
}