{
  "valid_auc": 0.7014169399787256,
  "valid_acc": 0.744396539139067,
  "valid_metrics": {
    "l_sup": 0.523027120612029,
    "l_reg": 5.474522128322081e-07,
    "l_ref": 0.00559306479230219,
    "l_init": 0.02272115132059436,
    "l_rate": 0.06573896480010939
  },
  "test_auc": 0.6941720024762402,
  "test_acc": 0.736752555872563,
  "test_metrics": {
    "l_sup": 0.5324365775821919,
    "l_reg": 5.519641802709615e-07,
    "l_ref": 0.0055276582658779425,
    "l_init": 0.022469696403435182,
    "l_rate": 0.06583544664688455
  },
  "window_test_auc": 0.6944561400277127,
  "window_test_acc": 0.7369355317884729,
  "window_metrics": {
    "l_sup": 0.5392391874723185,
    "l_reg": 5.548684711698115e-07,
    "l_ref": 0.0,
    "l_init": 0.021445330676211988,
    "l_rate": 0.06803888123717956
  },
  "checkpoint": "/workspaces/pykt-toolkit/experiments/20251226_190425_idkt_assist2015_hr_sweep_l0.5_233088/best_model.pt"
}