{
  "prediction_mse": 0.005601885728538036,
  "prediction_corr": 0.8735002713833944,
  "initmastery_mse": 0.022776542231440544,
  "initmastery_corr": 0.8796256617595335,
  "learning_rate_mse": 0.06576673686504364,
  "learning_rate_corr": 0.8463023156080114,
  "h2_functional_alignment": 0.1827098514438,
  "h3_discriminant_overlap": -0.22694269679990703,
  "h3_latent_overlap": -0.5165854803369871
}