split,auc,acc,l_sup,l_ref,l_init,l_rate,l_reg
test,0.694172,0.736753,0.532437,0.005528,0.022470,0.065835,0.000001
