{
  "r2_true": 0.8670645729031852,
  "pearson_true": 0.9311773569581338,
  "r2_control": -0.005024507488425867,
  "pearson_control": 0.0011371897622500112,
  "selectivity_r2": 0.872089080391611
}