{
  "valid_auc": 0.7014169399787256,
  "valid_acc": 0.744396539139067,
  "valid_metrics": {
    "l_sup": 0.523136170868359,
    "l_reg": 1.5645194604512283e-06,
    "l_ref": 0.005030971048970004,
    "l_init": 0.014921454783730432,
    "l_rate": 0.04944985182937589
  },
  "test_auc": 0.700425970804911,
  "test_acc": 0.7451751355244334,
  "test_metrics": {
    "l_sup": 0.523136170868359,
    "l_reg": 1.5645194604512283e-06,
    "l_ref": 0.005030971048970004,
    "l_init": 0.014921454783730432,
    "l_rate": 0.04944985182937589
  },
  "best_epoch": 15,
  "params": {
    "model_name": "idkt",
    "dataset_name": "assist2015",
    "fold": 0,
    "seed": 42,
    "emb_type": "qid",
    "save_dir": "/workspaces/pykt-toolkit/experiments/20251226_190425_idkt_assist2015_hr_sweep_l0.5_233088",
    "d_model": 256,
    "d_ff": 512,
    "num_attn_heads": 8,
    "n_blocks": 4,
    "dropout": 0.2,
    "final_fc_dim": 512,
    "learning_rate": 0.0001,
    "weight_decay": 0.0,
    "batch_size": 64,
    "num_epochs": 100,
    "optimizer": "Adam",
    "gradient_clip": 1.0,
    "patience": 10,
    "seq_len": 200,
    "l2": 1e-05,
    "lambda_student": 1e-05,
    "lambda_gap": 1e-05,
    "lambda_ref": 0.5,
    "lambda_initmastery": 0.5,
    "lambda_rate": 0.5,
    "theory_guided": 1,
    "calibrate": 1,
    "use_wandb": 0,
    "add_uuid": 0
  }
}