split,auc,acc
test,0.764880,0.730906
