epoch,train_loss,train_auc,train_acc,val_loss,val_auc,val_acc,train_bce_loss,train_im_loss,val_bce_loss,val_im_loss,train_encoder1_auc,train_encoder1_acc,val_encoder1_auc,val_encoder1_acc,train_encoder2_auc,train_encoder2_acc,val_encoder2_auc,val_encoder2_acc
1,0.567907,0.680382,0.734370,0.567907,0.675598,0.740241,0.563305,0.609328,0.563305,0.609328,0.680382,0.734370,0.675598,0.740241,0.499616,0.734370,0.502810,0.740241
2,0.559491,0.693518,0.734370,0.559491,0.686649,0.740241,0.553997,0.608944,0.553997,0.608944,0.693518,0.734370,0.686649,0.740241,0.500287,0.734370,0.503399,0.740241
3,0.556970,0.698830,0.734370,0.556970,0.689919,0.740241,0.551237,0.608570,0.551237,0.608570,0.698830,0.734370,0.689919,0.740241,0.500592,0.734370,0.503680,0.740241
4,0.555016,0.700914,0.734370,0.555016,0.688637,0.740241,0.549107,0.608200,0.549107,0.608200,0.700914,0.734370,0.688637,0.740241,0.500719,0.734370,0.503806,0.740241
5,0.553120,0.705300,0.734370,0.553120,0.689311,0.740241,0.547041,0.607833,0.547041,0.607833,0.705300,0.734370,0.689311,0.740241,0.500784,0.734370,0.503892,0.740241
6,0.551118,0.708423,0.734370,0.551118,0.688419,0.740241,0.544857,0.607467,0.544857,0.607467,0.708423,0.734370,0.688419,0.740241,0.500880,0.734370,0.504003,0.740241
