split,total_auc,bce_auc,mastery_auc,total_acc,bce_acc,mastery_acc
training,0.7476879415013443,0.7476879415013443,N/A,0.7596326227954082,0.7596326227954082,N/A
validation,0.7243506836460313,0.7243506836460313,N/A,0.753184945838889,0.753184945838889,N/A
test,0.7179634750097177,0.7179634750097177,N/A,0.7467605801236329,0.7467605801236329,N/A
