epoch,train_loss,train_auc,train_acc,val_loss,val_auc,val_acc,train_bce_loss,train_im_loss,val_bce_loss,val_im_loss,train_encoder1_auc,train_encoder1_acc,val_encoder1_auc,val_encoder1_acc,train_encoder2_auc,train_encoder2_acc,val_encoder2_auc,val_encoder2_acc
1,0.601748,0.677991,0.734370,0.601748,0.673812,0.740241,0.563586,0.611289,0.563586,0.611289,0.677991,0.734370,0.673812,0.740241,0.508258,0.734370,0.510776,0.740241
2,0.599311,0.688848,0.734370,0.599311,0.683124,0.740241,0.554694,0.610465,0.554694,0.610465,0.688848,0.734370,0.683124,0.740241,0.510877,0.734370,0.513039,0.740241
3,0.598214,0.693580,0.734370,0.598214,0.686981,0.740241,0.552456,0.609654,0.552456,0.609654,0.693580,0.734370,0.686981,0.740241,0.512548,0.734370,0.514454,0.740241
4,0.597271,0.697427,0.734370,0.597271,0.689418,0.740241,0.550926,0.608857,0.550926,0.608857,0.697427,0.734370,0.689418,0.740241,0.514167,0.734370,0.515968,0.740241
5,0.596382,0.700160,0.734370,0.596382,0.690326,0.740241,0.549595,0.608078,0.549595,0.608078,0.700160,0.734370,0.690326,0.740241,0.515833,0.734370,0.517599,0.740241
6,0.595526,0.701890,0.734370,0.595526,0.689858,0.740241,0.548361,0.607317,0.548361,0.607317,0.701890,0.734370,0.689858,0.740241,0.517524,0.734370,0.519266,0.740241
