{
  "experiment_id": "20251110_170746_gainakt2exp_test_audit_350998",
  "dataset": "assist2015",
  "fold": 0,
  "train_auc": 0.7256441640640663,
  "train_acc": 0.7512014379710716,
  "train_mastery_correlation": 0.10540867495341599,
  "train_gain_correlation": 0.05057578614737402,
  "train_correlation_students": 267,
  "valid_auc": 0.7173174444632472,
  "valid_acc": 0.7506058453123632,
  "test_auc": 0.710308585454924,
  "test_acc": 0.744999702805516,
  "test_mastery_correlation": 0.08315227533662184,
  "test_gain_correlation": -0.0027527707947393384,
  "test_correlation_students": 262,
  "timestamp": "2025-11-10T17:12:09.129216Z"
}