split,auc,acc
test,0.837234,0.777462
