{
  "lambda_ref": 10.305873570075587,
  "lambda_initmastery": 13.462298748910527,
  "lambda_rate": 3.5889804210139413
}