{
  "valid_auc": 0.7604498476437014,
  "valid_acc": 0.7172596194863919,
  "valid_metrics": {
    "l_sup": 0.5630748706461612,
    "l_reg": 5.296648176845843e-08,
    "l_ref": 0.019145336829953723,
    "l_init": 0.03739707842308963,
    "l_rate": 0.1522451328269203
  },
  "test_auc": 0.7552216335235469,
  "test_acc": 0.7133436373003607,
  "test_metrics": {
    "l_sup": 0.568819811668573,
    "l_reg": 5.591709850705229e-08,
    "l_ref": 0.018950088288296352,
    "l_init": 0.038959263431456,
    "l_rate": 0.15625376983169736
  },
  "window_test_auc": 0.7552216335235469,
  "window_test_acc": 0.7133436373003607,
  "window_metrics": {
    "l_sup": 0.568819811668573,
    "l_reg": 5.591709850705229e-08,
    "l_ref": 0.0,
    "l_init": 0.038959263431456,
    "l_rate": 0.15625376983169736
  },
  "checkpoint": "/workspaces/pykt-toolkit/experiments/20251231_000331_idkt_assist2009_S_hr_sweep_l0.8_169230/best_model.pt"
}