{
  "prediction_mse": 0.019115569069981575,
  "prediction_corr": 0.7650648007961973,
  "initmastery_mse": 0.037617333233356476,
  "initmastery_corr": -0.08000174078039676,
  "learning_rate_mse": 0.15208019316196442,
  "learning_rate_corr": 0.03863128087141886,
  "h2_functional_alignment": 0.2537064488253218,
  "h3_discriminant_overlap": 0.17806046438459,
  "h3_latent_overlap": -0.02831034011225755
}