split,auc,acc,l_sup,l_ref,l_init,l_rate,l_reg
test,0.755222,0.713344,0.568820,0.018950,0.038959,0.156254,0.000000
