{
  "0": {
    "r2": -434806.49710583524,
    "pearson": 0.024411288932837488,
    "count": 249
  },
  "1": {
    "r2": -2045.753499668692,
    "pearson": 0.05424765352074167,
    "count": 585
  },
  "2": {
    "r2": -45.330390152672116,
    "pearson": 0.19701549509003308,
    "count": 246
  },
  "3": {
    "r2": -546.2598298841705,
    "pearson": 0.08578276160220638,
    "count": 106
  },
  "4": {
    "r2": -0.8451571096765342,
    "pearson": 0.554405177765144,
    "count": 142
  },
  "5": {
    "r2": -6147.027448246089,
    "pearson": -0.0295742318702317,
    "count": 458
  },
  "8": {
    "r2": -6328801.335364542,
    "pearson": -0.3135260292028913,
    "count": 182
  },
  "9": {
    "r2": -12705524.640317967,
    "pearson": 0.06777253096622873,
    "count": 242
  },
  "10": {
    "r2": -14939662.480622046,
    "pearson": 0.17491194345223357,
    "count": 79
  },
  "11": {
    "r2": -24952.16857269895,
    "pearson": -0.09734080992118224,
    "count": 312
  },
  "12": {
    "r2": -6333.621655748073,
    "pearson": 0.026627137529623188,
    "count": 452
  },
  "14": {
    "r2": -305027.4067783643,
    "pearson": -0.1740376543502812,
    "count": 50
  },
  "15": {
    "r2": -900413.7569760778,
    "pearson": -0.126110269403522,
    "count": 261
  },
  "16": {
    "r2": -5.020297154432705,
    "pearson": 0.7015009832682066,
    "count": 25
  },
  "17": {
    "r2": -267.52504031022085,
    "pearson": 0.12603727312644727,
    "count": 92
  },
  "18": {
    "r2": -0.7210877077574895,
    "pearson": 0.21965793246840093,
    "count": 80
  },
  "19": {
    "r2": -91.84880594407302,
    "pearson": -0.018528384189158302,
    "count": 47
  },
  "20": {
    "r2": -2913.4873249893026,
    "pearson": -0.17559831022359706,
    "count": 153
  },
  "21": {
    "r2": -53.89614610138222,
    "pearson": 0.0738836096375626,
    "count": 78
  },
  "22": {
    "r2": -0.051740326689760474,
    "pearson": 0.43165332699730685,
    "count": 85
  },
  "23": {
    "r2": -215.03579381245768,
    "pearson": 0.09781742728470715,
    "count": 293
  },
  "24": {
    "r2": 0.7048191982917416,
    "pearson": 0.9990460879933404,
    "count": 25
  },
  "25": {
    "r2": -23852.15280697415,
    "pearson": -0.7592142626530359,
    "count": 218
  },
  "26": {
    "r2": -1.653940008267555,
    "pearson": 0.5460102616187856,
    "count": 109
  },
  "27": {
    "r2": 0.7899654414707957,
    "pearson": 0.999790936159966,
    "count": 36
  },
  "28": {
    "r2": -12308702.693619013,
    "pearson": -0.12004384581500059,
    "count": 229
  },
  "30": {
    "r2": -12162087.804602291,
    "pearson": 0.04946028132527373,
    "count": 98
  },
  "31": {
    "r2": 0.9039940467340356,
    "pearson": 0.9517912844164462,
    "count": 163
  },
  "32": {
    "r2": 0.8557984720227364,
    "pearson": 0.9497599878663585,
    "count": 68
  },
  "37": {
    "r2": -1.8697384545233473,
    "pearson": -0.06983941519379275,
    "count": 31
  },
  "38": {
    "r2": 0.4183821358033134,
    "pearson": 0.7437963112176438,
    "count": 44
  },
  "41": {
    "r2": -0.4791382762066243,
    "pearson": 0.5085068694479616,
    "count": 21
  },
  "44": {
    "r2": 0.15854346398627128,
    "pearson": 0.9581479138053867,
    "count": 109
  },
  "45": {
    "r2": -131.71988318017497,
    "pearson": -0.016735987091425205,
    "count": 175
  },
  "46": {
    "r2": 0.410216469879755,
    "pearson": 0.7434477300955237,
    "count": 90
  },
  "47": {
    "r2": 0.0028887068042190434,
    "pearson": 0.7579216320708089,
    "count": 72
  },
  "48": {
    "r2": -3773.7941866532074,
    "pearson": -0.1296053937479529,
    "count": 91
  },
  "49": {
    "r2": -20.114370818915802,
    "pearson": -0.2976623545757074,
    "count": 52
  },
  "51": {
    "r2": -2.4220619797748766,
    "pearson": 0.28538853633562294,
    "count": 119
  },
  "52": {
    "r2": -0.20825170600472442,
    "pearson": 0.5373539904087568,
    "count": 84
  },
  "53": {
    "r2": -0.008642655590366033,
    "pearson": 0.3359447639585676,
    "count": 86
  },
  "54": {
    "r2": -0.16977484763826767,
    "pearson": -0.07427536922539006,
    "count": 51
  },
  "55": {
    "r2": -31.845803943864404,
    "pearson": 0.031371097380768986,
    "count": 131
  },
  "56": {
    "r2": -92.24196450919176,
    "pearson": 0.3412398789359436,
    "count": 82
  },
  "57": {
    "r2": -14512940.862229476,
    "pearson": -0.015247681893307994,
    "count": 290
  },
  "58": {
    "r2": 0.9339562244965872,
    "pearson": 0.9807621343611261,
    "count": 25
  },
  "60": {
    "r2": -0.0440038618035381,
    "pearson": 0.5060425927866751,
    "count": 44
  },
  "61": {
    "r2": -0.10440679573165923,
    "pearson": 0.8154614322210466,
    "count": 155
  },
  "62": {
    "r2": -2485514.725287809,
    "pearson": 0.07336665535457956,
    "count": 378
  },
  "63": {
    "r2": -114897.6087273826,
    "pearson": 0.055336155668568886,
    "count": 215
  },
  "65": {
    "r2": 0.5798114826586045,
    "pearson": 0.8535260742552359,
    "count": 22
  },
  "67": {
    "r2": 0.28258229437016213,
    "pearson": 0.7441579189505607,
    "count": 31
  },
  "68": {
    "r2": 0.35956948791988974,
    "pearson": 0.6980053967806107,
    "count": 29
  },
  "72": {
    "r2": -2.1617188587360334,
    "pearson": 0.3815295938352174,
    "count": 70
  },
  "75": {
    "r2": -0.21442261434171828,
    "pearson": -0.13076927165616734,
    "count": 29
  },
  "76": {
    "r2": -2.209566123044596,
    "pearson": 0.7680453043036171,
    "count": 26
  },
  "80": {
    "r2": 0.5330119145239316,
    "pearson": 0.7991545857235569,
    "count": 25
  },
  "91": {
    "r2": -76451746.74635358,
    "pearson": -0.5500794473753061,
    "count": 26
  }
}