{
  "r2_true": 0.31113384485540907,
  "pearson_true": 0.6731013964280137,
  "r2_control": -2.643589306143727,
  "pearson_control": -0.046471851151163125,
  "selectivity_r2": 2.954723150999136
}