{
  "valid_auc": 0.7604498476437014,
  "valid_acc": 0.7172596194863919,
  "valid_metrics": {
    "l_sup": 0.562806947520577,
    "l_reg": 1.1472227028106217e-06,
    "l_ref": 0.015313008179267248,
    "l_init": 0.034943585391594305,
    "l_rate": 0.145844550679593
  },
  "test_auc": 0.7594636231605978,
  "test_acc": 0.713548332053579,
  "test_metrics": {
    "l_sup": 0.562806947520577,
    "l_reg": 1.1472227028106217e-06,
    "l_ref": 0.015313008179267248,
    "l_init": 0.034943585391594305,
    "l_rate": 0.145844550679593
  },
  "best_epoch": 3,
  "params": {
    "model_name": "idkt",
    "dataset_name": "assist2009_S",
    "fold": 0,
    "seed": 42,
    "emb_type": "qid",
    "save_dir": "/workspaces/pykt-toolkit/experiments/20251231_000331_idkt_assist2009_S_hr_sweep_l0.8_169230",
    "d_model": 256,
    "d_ff": 512,
    "num_attn_heads": 8,
    "n_blocks": 4,
    "dropout": 0.2,
    "final_fc_dim": 512,
    "learning_rate": 0.0001,
    "weight_decay": 0.0,
    "batch_size": 64,
    "num_epochs": 100,
    "optimizer": "Adam",
    "gradient_clip": 1.0,
    "patience": 10,
    "seq_len": 200,
    "l2": 1e-05,
    "lambda_student": 1e-05,
    "lambda_gap": 1e-05,
    "lambda_ref": 0.8,
    "lambda_initmastery": 0.8,
    "lambda_rate": 0.8,
    "theory_guided": 1,
    "calibrate": 1,
    "use_wandb": 0,
    "add_uuid": 0
  }
}