split,auc,acc
test,0.721833,0.749859
