epoch,train_loss,valid_auc,valid_acc,l_sup,l_ref,l_initmastery,l_rate
1,0.6637538550444613,0.7140077398749489,0.7493406261861429,0.5356806962305798,0.0,0.0,0.0
2,0.6485592140966484,0.7209622274116427,0.7547810684288898,0.5206852361705375,0.0,0.0,0.0
3,0.6441732982115616,0.7250025917299879,0.7558419060039514,0.5165425645631404,0.0,0.0,0.0
4,0.64190029058167,0.7273882212410174,0.7562312041966345,0.5145244435345038,0.0,0.0,0.0
5,0.6399832714716451,0.728516590650715,0.756649699753769,0.512867391047768,0.0,0.0,0.0
