{
  "valid_auc": 0.7230338774244646,
  "valid_acc": 0.7543723053265725,
  "test_auc": 0.7170461596499601,
  "test_acc": 0.7470800641940085,
  "test_mastery_correlation": 0.07931444513636324,
  "test_gain_correlation": 0.008432706528026893,
  "test_correlation_students": 262,
  "timestamp": "2025-10-31T01:02:56.965820"
}