epoch,train_loss,train_auc,val_loss,val_auc,val_accuracy,monotonicity_violation_rate,negative_gain_rate,bounds_violation_rate,mastery_correlation,gain_correlation,main_loss_share,constraint_loss_share,alignment_loss_share,lag_loss_share,retention_loss_share
1,0.5419905760127646,0.6918127023393753,0.5166231485045686,0.7154742556028079,0.7504501260352899,0.0,0.0,0.0,0.11860846624263649,0.0003490426182538948,0.9819856786225435,0.01801432473761814,-0.00531715289047299,0.0,0.0
2,0.519073548712261,0.724101484019113,0.5109037391993464,0.7230338774244646,0.7543723053265725,0.0,0.0,0.0,0.06759780620918016,-0.0011548358576484738,0.9902652785346387,0.009734717003098308,-0.02205819560862621,0.0,0.0
