{
  "experiment_name": "optimal_v1",
  "best_val_auc": 0.7230338774244646,
  "final_consistency_metrics": {
    "monotonicity_violation_rate": 0.0,
    "negative_gain_rate": 0.0,
    "bounds_violation_rate": 0.0,
    "mastery_correlation": 0.06716310826366878,
    "gain_correlation": 0.02252046516585165
  },
  "train_history": {
    "train_loss": [
      0.5419905760127646,
      0.519073548712261
    ],
    "train_auc": [
      0.6918127023393753,
      0.724101484019113
    ],
    "val_auc": [
      0.7154742556028079,
      0.7230338774244646
    ],
    "consistency_metrics": [
      {
        "monotonicity_violation_rate": 0.0,
        "negative_gain_rate": 0.0,
        "bounds_violation_rate": 0.0,
        "mastery_correlation": 0.11860846624263649,
        "gain_correlation": 0.0003490426182538948
      },
      {
        "monotonicity_violation_rate": 0.0,
        "negative_gain_rate": 0.0,
        "bounds_violation_rate": 0.0,
        "mastery_correlation": 0.06759780620918016,
        "gain_correlation": -0.0011548358576484738
      }
    ],
    "semantic_trajectory": [
      {
        "epoch": 1,
        "mastery_correlation": 0.11860846624263649,
        "gain_correlation": 0.0003490426182538948,
        "warmup_scale": 0.125,
        "alignment_corr_mastery": 0.027157945558428764,
        "alignment_corr_gain": 0.13252876698970795,
        "global_alignment_mastery_corr": 0.08667820180548005,
        "global_alignment_gain_corr": 0.017267517740741218,
        "effective_alignment_weight": 0.03125,
        "peak_mastery_corr": 0.08667820180548005,
        "retention_loss_value": 0.0,
        "mean_lag_corr": 0.0,
        "lag_corr_count": 0,
        "consistency_loss_weight_current": 0.3,
        "sparsity_loss_weight_current": 0.2,
        "loss_shares": {
          "main": 0.9819856786225435,
          "constraint_total": 0.01801432473761814,
          "alignment": -0.00531715289047299,
          "lag": 0.0,
          "retention": 0.0
        },
        "mean_mastery_variance": 0.014079665002736403,
        "min_mastery_variance": 0.009878216311335564,
        "max_mastery_variance": 0.044034190475940704,
        "per_lag_correlations": []
      },
      {
        "epoch": 2,
        "mastery_correlation": 0.06759780620918016,
        "gain_correlation": -0.0011548358576484738,
        "warmup_scale": 0.25,
        "alignment_corr_mastery": 0.05143763870000839,
        "alignment_corr_gain": 0.18780642747879028,
        "global_alignment_mastery_corr": 0.09919378280232195,
        "global_alignment_gain_corr": 0.02980699558063255,
        "effective_alignment_weight": 0.0625,
        "peak_mastery_corr": 0.09919378280232195,
        "retention_loss_value": 0.0,
        "mean_lag_corr": 0.0,
        "lag_corr_count": 0,
        "consistency_loss_weight_current": 0.3,
        "sparsity_loss_weight_current": 0.2,
        "loss_shares": {
          "main": 0.9902652785346387,
          "constraint_total": 0.009734717003098308,
          "alignment": -0.02205819560862621,
          "lag": 0.0,
          "retention": 0.0
        },
        "mean_mastery_variance": 0.00994635078515568,
        "min_mastery_variance": 0.009895669296383858,
        "max_mastery_variance": 0.010060739703476429,
        "per_lag_correlations": []
      }
    ]
  }
}