{
  "tail_metrics": {
    "epoch": 2.0,
    "train_loss": 0.519073548712261,
    "train_auc": 0.724101484019113,
    "val_loss": 0.5109037391993464,
    "val_auc": 0.7230338774244646,
    "val_accuracy": 0.7543723053265725,
    "monotonicity_violation_rate": 0.0,
    "negative_gain_rate": 0.0,
    "bounds_violation_rate": 0.0,
    "mastery_correlation": 0.06759780620918016,
    "gain_correlation": -0.0011548358576484738,
    "main_loss_share": 0.9902652785346387,
    "constraint_loss_share": 0.009734717003098308,
    "alignment_loss_share": -0.02205819560862621,
    "lag_loss_share": 0.0,
    "retention_loss_share": 0.0
  },
  "best_summary": {
    "best_epoch": 2.0,
    "best_val_auc": 0.7230338774244646,
    "best_val_accuracy": 0.7543723053265725,
    "mastery_corr": null,
    "gain_corr": null
  },
  "config_md5": "b743fcd357f0885883a419b724f9b2a4"
}