{
  "train": {
    "total_auc": 0.7220992820703592,
    "total_acc": 0.7508025230197393,
    "bce_auc": 0.7220992820703592,
    "bce_acc": 0.7508025230197393,
    "mastery_auc": 0.48591489744807487,
    "mastery_acc": 0.2656304264166174
  },
  "valid": {
    "total_auc": 0.7072427487483577,
    "total_acc": 0.7482213938821789,
    "bce_auc": 0.7072427487483577,
    "bce_acc": 0.7482213938821789,
    "mastery_auc": 0.4875808259537194,
    "mastery_acc": 0.25975921906782545
  },
  "test": {
    "total_auc": 0.7027017075176718,
    "total_acc": 0.7439595221112696,
    "bce_auc": 0.7027017075176718,
    "bce_acc": 0.7439595221112696,
    "mastery_auc": 0.48861510449253914,
    "mastery_acc": 0.26662803138373753
  },
  "checkpoint_epoch": 6,
  "checkpoint_val_auc": 0.7072427487483577
}