{
  "experiment_id": "20251117_003011_gainakt3exp_trajectory-fix_486540",
  "dataset": "assist2015",
  "fold": 0,
  "train_auc": 0.7018740591820289,
  "train_acc": 0.7495494607608482,
  "valid_auc": 0.6896505540592857,
  "valid_acc": 0.7413016185072361,
  "test_auc": 0.6853390327788583,
  "test_acc": 0.7349693889681408,
  "train_encoder1_auc": 0.7018740591820289,
  "train_encoder1_acc": 0.7495494607608482,
  "valid_encoder1_auc": 0.6896505540592857,
  "valid_encoder1_acc": 0.7413016185072361,
  "test_encoder1_auc": 0.6853390327788583,
  "test_encoder1_acc": 0.7349693889681408,
  "train_encoder2_auc": 0.5040844354829095,
  "train_encoder2_acc": 0.6418025324059734,
  "valid_encoder2_auc": 0.5051791944896793,
  "valid_encoder2_acc": 0.6460987454865741,
  "test_encoder2_auc": 0.5044472670244735,
  "test_encoder2_acc": 0.6431362933903947,
  "train_mastery_correlation": 0.0,
  "train_gain_correlation": 0.0,
  "train_correlation_students": 0,
  "test_mastery_correlation": 0.0,
  "test_gain_correlation": 0.0,
  "test_correlation_students": 0,
  "timestamp": "2025-11-17T00:37:43.392674Z"
}