epoch,train_loss,train_auc,train_acc,val_loss,val_auc,val_acc,train_bce_loss,train_im_loss,val_bce_loss,val_im_loss,train_encoder1_auc,train_encoder1_acc,val_encoder1_auc,val_encoder1_acc,train_encoder2_auc,train_encoder2_acc,val_encoder2_auc,val_encoder2_acc
1,0.593510,0.678569,0.734370,0.593510,0.674168,0.740241,0.563488,0.606376,0.563488,0.606376,0.678569,0.734370,0.674168,0.740241,0.485541,0.734370,0.486682,0.740241
2,0.590200,0.689960,0.734370,0.590200,0.683831,0.740241,0.554482,0.605507,0.554482,0.605507,0.689960,0.734370,0.683831,0.740241,0.491719,0.734370,0.492585,0.740241
3,0.588883,0.695309,0.734370,0.588883,0.687967,0.740241,0.552060,0.604664,0.552060,0.604664,0.695309,0.734370,0.687967,0.740241,0.495524,0.734370,0.496433,0.740241
4,0.587791,0.698756,0.734370,0.587791,0.689347,0.740241,0.550320,0.603850,0.550320,0.603850,0.698756,0.734370,0.689347,0.740241,0.500426,0.734370,0.501585,0.740241
5,0.586766,0.701873,0.734370,0.586766,0.689649,0.740241,0.548731,0.603066,0.548731,0.603066,0.701873,0.734370,0.689649,0.740241,0.504088,0.734370,0.505182,0.740241
6,0.585753,0.704008,0.734370,0.585753,0.688401,0.740241,0.547117,0.602311,0.547117,0.602311,0.704008,0.734370,0.688401,0.740241,0.506436,0.734370,0.507302,0.740241
7,0.584726,0.706686,0.734370,0.584726,0.687381,0.740241,0.545393,0.601584,0.545393,0.601584,0.706686,0.734370,0.687381,0.740241,0.508504,0.734370,0.509239,0.740241
8,0.583759,0.708459,0.734370,0.583759,0.685656,0.740241,0.543805,0.600882,0.543805,0.600882,0.708459,0.734370,0.685656,0.740241,0.510451,0.734370,0.511119,0.740241
9,0.582907,0.709097,0.734370,0.582907,0.683354,0.740241,0.542540,0.600207,0.542540,0.600207,0.709097,0.734370,0.683354,0.740241,0.511964,0.734370,0.512581,0.740241
