{
  "experiment_id": "20251110_162215_gainakt2exp_mastery_1.5_156270",
  "dataset": "assist2015",
  "fold": 0,
  "train_auc": 0.7535766385944046,
  "train_acc": 0.7624907310937779,
  "train_mastery_correlation": 0.10572381927638182,
  "train_gain_correlation": 0.07198887946369767,
  "train_correlation_students": 267,
  "valid_auc": 0.7258355901273248,
  "valid_acc": 0.7543139105976701,
  "test_auc": 0.7193267343505664,
  "test_acc": 0.7477041726105563,
  "test_mastery_correlation": 0.09567202170909758,
  "test_gain_correlation": 0.028335757011088,
  "test_correlation_students": 262,
  "timestamp": "2025-11-10T17:13:19.317147Z"
}