{
  "experiment_id": "20251119_022509_gainakt3exp_fix-im-target-revert_869310",
  "dataset": "assist2015",
  "fold": 0,
  "train_auc": 0.6761839231331449,
  "train_acc": 0.7407662921559242,
  "valid_auc": 0.6664237534022599,
  "valid_acc": 0.733603246746927,
  "test_auc": 0.6605638947583807,
  "test_acc": 0.7266925225867807,
  "train_encoder1_auc": 0.6761839231331449,
  "train_encoder1_acc": 0.7407662921559242,
  "valid_encoder1_auc": 0.6664237534022599,
  "valid_encoder1_acc": 0.733603246746927,
  "test_encoder1_auc": 0.6605638947583807,
  "test_encoder1_acc": 0.7266925225867807,
  "train_encoder2_auc": 0.5889827208095544,
  "train_encoder2_acc": 0.6234383652934606,
  "valid_encoder2_auc": 0.5913144718049852,
  "valid_encoder2_acc": 0.6255827307321725,
  "test_encoder2_auc": 0.5846211955337637,
  "test_encoder2_acc": 0.620430634807418,
  "train_mastery_correlation": 0.035129674644130304,
  "train_gain_correlation": -0.004206320468720999,
  "train_correlation_students": 3334,
  "test_mastery_correlation": 0.03702022103027264,
  "test_gain_correlation": 0.005073760159856895,
  "test_correlation_students": 3177,
  "timestamp": "2025-11-19T02:36:40.110167Z"
}