split,total_auc,bce_auc,mastery_auc,total_acc,bce_acc,mastery_acc
training,0.6572841656874785,0.6658117731143819,0.5427355387047489,0.7339565792808267,0.7356648738959443,0.716139160307493
validation,0.6563864081556335,0.6654689622914112,0.543564914364586,0.7391410135378447,0.7402310484773574,0.7202795161023465
test,0.6520404205134386,0.6597530492152468,0.5466194930736789,0.7327330004755112,0.734345280551593,0.7124717665240133
