{
  "experiment_id": "20251118_205704_gainakt3exp_V3-FIXED-indentation-bug_269777",
  "dataset": "assist2015",
  "fold": 0,
  "train_auc": 0.6668688638655081,
  "train_acc": 0.7282028177474915,
  "valid_auc": 0.6620036962687822,
  "valid_acc": 0.7286980895191194,
  "test_auc": 0.6570860121184761,
  "test_acc": 0.7219819900142653,
  "train_encoder1_auc": 0.6668688638655081,
  "train_encoder1_acc": 0.7282028177474915,
  "valid_encoder1_auc": 0.6620036962687822,
  "valid_encoder1_acc": 0.7286980895191194,
  "test_encoder1_auc": 0.6570860121184761,
  "test_encoder1_acc": 0.7219819900142653,
  "train_encoder2_auc": 0.5891143776993544,
  "train_encoder2_acc": 0.6874665615408442,
  "valid_encoder2_auc": 0.5885004776640264,
  "valid_encoder2_acc": 0.6883181344830607,
  "test_encoder2_auc": 0.5848516121975663,
  "test_encoder2_acc": 0.6841937113647171,
  "train_mastery_correlation": 0.03623564194524706,
  "train_gain_correlation": -0.008039895867112028,
  "train_correlation_students": 3334,
  "test_mastery_correlation": 0.03808969915043949,
  "test_gain_correlation": -0.004100126692889832,
  "test_correlation_students": 3177,
  "timestamp": "2025-11-18T21:01:57.617509Z"
}