{
  "experiment_id": "20251109_093509_gainakt2exp_baseline_seed7_650945",
  "dataset": "assist2015",
  "fold": 0,
  "train_auc": 0.7529725071959449,
  "train_acc": 0.7617421789203953,
  "train_mastery_correlation": 0.10800468089428031,
  "train_gain_correlation": 0.06586184156644466,
  "train_correlation_students": 267,
  "valid_auc": 0.7253737057895506,
  "valid_acc": 0.7545182921488287,
  "test_auc": 0.7195749796661843,
  "test_acc": 0.7472063718497385,
  "test_mastery_correlation": 0.1121515356328593,
  "test_gain_correlation": 0.0323406303534231,
  "test_correlation_students": 262,
  "timestamp": "2025-11-09T10:39:07.190811Z"
}