split,total_auc,bce_auc,mastery_auc,total_acc,bce_acc,mastery_acc
training,0.7431652526132102,0.7431652526132102,N/A,0.7578867832436949,0.7578867832436949,N/A
validation,0.7228523151933219,0.7228523151933219,N/A,0.752824845010657,0.752824845010657,N/A
test,0.7176027991136928,0.7176027991136928,N/A,0.7471989419876367,0.7471989419876367,N/A
