epoch,train_loss,train_auc,train_acc,val_loss,val_auc,val_acc,train_bce_loss,train_im_loss,val_bce_loss,val_im_loss,train_encoder1_auc,train_encoder1_acc,val_encoder1_auc,val_encoder1_acc,train_encoder2_auc,train_encoder2_acc,val_encoder2_auc,val_encoder2_acc
1,0.599846,0.677991,0.734370,0.599846,0.673812,0.740241,0.563586,0.608912,0.563586,0.608912,0.677991,0.734370,0.673812,0.740241,0.518067,0.734370,0.519655,0.740241
2,0.597385,0.688848,0.734370,0.597385,0.683124,0.740241,0.554694,0.608058,0.554694,0.608058,0.688848,0.734370,0.683124,0.740241,0.521334,0.734370,0.522556,0.740241
3,0.596268,0.693580,0.734370,0.596268,0.686981,0.740241,0.552456,0.607221,0.552456,0.607221,0.693580,0.734370,0.686981,0.740241,0.524042,0.734370,0.525127,0.740241
4,0.595308,0.697427,0.734370,0.595308,0.689418,0.740241,0.550926,0.606403,0.550926,0.606403,0.697427,0.734370,0.689418,0.740241,0.526166,0.734370,0.527134,0.740241
5,0.594404,0.700160,0.734370,0.594404,0.690326,0.740241,0.549595,0.605606,0.549595,0.605606,0.700160,0.734370,0.690326,0.740241,0.527849,0.734370,0.528760,0.740241
6,0.593536,0.701890,0.734370,0.593536,0.689858,0.740241,0.548361,0.604830,0.548361,0.604830,0.701890,0.734370,0.689858,0.740241,0.529339,0.734370,0.530207,0.740241
