split,total_auc,bce_auc,mastery_auc,total_acc,bce_acc,mastery_acc
training,0.7543504840140095,0.7543504840140095,N/A,0.7625752072011188,0.7625752072011188,N/A
validation,0.7230028372553023,0.7230028372553023,N/A,0.7526009985498643,0.7526009985498643,N/A
test,0.7169780876936794,0.7169780876936794,N/A,0.7461439015691869,0.7461439015691869,N/A
