epoch,train_loss,train_auc,train_acc,val_loss,val_auc,val_acc,train_bce_loss,train_im_loss,val_bce_loss,val_im_loss,train_encoder1_auc,train_encoder1_acc,val_encoder1_auc,val_encoder1_acc,train_encoder2_auc,train_encoder2_acc,val_encoder2_auc,val_encoder2_acc
1,0.567594,0.680382,0.734370,0.567594,0.675598,0.740241,0.563305,0.606196,0.563305,0.606196,0.680382,0.734370,0.675598,0.740241,0.519663,0.734370,0.521616,0.740241
2,0.559154,0.693518,0.734370,0.559154,0.686649,0.740241,0.553997,0.605569,0.553997,0.605569,0.693518,0.734370,0.686649,0.740241,0.524221,0.734370,0.525763,0.740241
3,0.556610,0.698830,0.734370,0.556610,0.689919,0.740241,0.551237,0.604965,0.551237,0.604965,0.698830,0.734370,0.689919,0.740241,0.526103,0.734370,0.527650,0.740241
4,0.554635,0.700914,0.734370,0.554635,0.688637,0.740241,0.549107,0.604384,0.549107,0.604384,0.700914,0.734370,0.688637,0.740241,0.527445,0.734370,0.529056,0.740241
5,0.552719,0.705300,0.734370,0.552719,0.689311,0.740241,0.547041,0.603825,0.547041,0.603825,0.705300,0.734370,0.689311,0.740241,0.528798,0.734370,0.530418,0.740241
6,0.550700,0.708423,0.734370,0.550700,0.688419,0.740241,0.544857,0.603287,0.544857,0.603287,0.708423,0.734370,0.688419,0.740241,0.530668,0.734370,0.532523,0.740241
