split,auc,acc,l_sup,l_ref,l_init,l_rate,l_reg
test,0.835826,0.775346,0.488677,0.080374,0.047652,0.169039,0.000077
