{
  "r2_true": 0.5647243063660563,
  "pearson_true": 0.7515715150118795,
  "r2_control": -0.012928538461357109,
  "pearson_control": -0.006036686450500715,
  "selectivity_r2": 0.5776528448274134
}