{
  "experiment_id": "20251116_174852_gainakt3exp_lc_b1.5_m0.7_g0.9_o2.5_413332",
  "dataset": "assist2015",
  "fold": 0,
  "train_auc": 0.7001608669308191,
  "train_acc": 0.7482025361604671,
  "valid_auc": 0.6903256444875713,
  "valid_acc": 0.7413600132361385,
  "test_auc": 0.6860181657407145,
  "test_acc": 0.7358758321445554,
  "train_encoder1_auc": 0.7001608669308191,
  "train_encoder1_acc": 0.7482025361604671,
  "valid_encoder1_auc": 0.6903256444875713,
  "valid_encoder1_acc": 0.7413600132361385,
  "test_encoder1_auc": 0.6860181657407145,
  "test_encoder1_acc": 0.7358758321445554,
  "train_encoder2_auc": 0.5103835257161654,
  "train_encoder2_acc": 0.41374050817071684,
  "valid_encoder2_auc": 0.5127596213329902,
  "valid_encoder2_acc": 0.40790664629339457,
  "test_encoder2_auc": 0.5086391075289931,
  "test_encoder2_acc": 0.41543330955777463,
  "train_mastery_correlation": 0.0,
  "train_gain_correlation": 0.0,
  "train_correlation_students": 0,
  "test_mastery_correlation": 0.0,
  "test_gain_correlation": 0.0,
  "test_correlation_students": 0,
  "timestamp": "2025-11-16T17:53:50.051701Z"
}