epoch,train_loss,train_auc,train_acc,val_loss,val_auc,val_acc,train_bce_loss,train_im_loss,val_bce_loss,val_im_loss,train_encoder1_auc,train_encoder1_acc,val_encoder1_auc,val_encoder1_acc,train_encoder2_auc,train_encoder2_acc,val_encoder2_auc,val_encoder2_acc
1,0.602497,0.677991,0.734370,0.602497,0.673812,0.740241,0.563586,0.612225,0.563586,0.612225,0.677991,0.734370,0.673812,0.740241,0.505137,0.734370,0.508138,0.740241
2,0.600104,0.688848,0.734370,0.600104,0.683124,0.740241,0.554694,0.611456,0.554694,0.611456,0.688848,0.734370,0.683124,0.740241,0.506733,0.734370,0.509476,0.740241
3,0.599051,0.693580,0.734370,0.599051,0.686981,0.740241,0.552456,0.610699,0.552456,0.610699,0.693580,0.734370,0.686981,0.740241,0.507917,0.734370,0.510428,0.740241
4,0.598152,0.697427,0.734370,0.598152,0.689418,0.740241,0.550926,0.609959,0.550926,0.609959,0.697427,0.734370,0.689418,0.740241,0.509041,0.734370,0.511449,0.740241
5,0.597307,0.700160,0.734370,0.597307,0.690326,0.740241,0.549595,0.609235,0.549595,0.609235,0.700160,0.734370,0.690326,0.740241,0.510384,0.734370,0.512759,0.740241
6,0.596495,0.701890,0.734370,0.596495,0.689858,0.740241,0.548361,0.608528,0.548361,0.608528,0.701890,0.734370,0.689858,0.740241,0.511940,0.734370,0.514336,0.740241
