student_id,skill_id,y_true,p_idkt,y_idkt,p_bkt,y_bkt
181,0,1,0.596176266670227,1,0.6939290165901184,1
181,2,0,0.7280647158622742,1,0.5744879841804504,1
181,1,0,0.3578524887561798,0,0.5324869751930237,1
181,3,1,0.6458166837692261,1,0.0,0
181,0,0,0.5400949716567993,1,-0.0,0
181,0,0,0.457601398229599,0,-0.0,0
181,0,0,0.441432923078537,0,-0.0,0
181,0,0,0.4411630630493164,0,-0.0,0
181,0,0,0.44125956296920776,0,-0.0,0
181,0,0,0.44133174419403076,0,-0.0,0
181,0,0,0.44138821959495544,0,-0.0,0
181,0,0,0.4414392411708832,0,-0.0,0
181,0,0,0.44148364663124084,0,-0.0,0
181,0,0,0.44151952862739563,0,-0.0,0
181,0,0,0.4415495693683624,0,-0.0,0
181,0,0,0.44157513976097107,0,-0.0,0
181,0,0,0.44159725308418274,0,-0.0,0
181,0,0,0.44161659479141235,0,-0.0,0
181,0,0,0.4416337013244629,0,-0.0,0
181,0,0,0.4416489601135254,0,-0.0,0
181,0,0,0.44166290760040283,0,-0.0,0
181,0,0,0.4416755735874176,0,-0.0,0
181,0,0,0.4416870176792145,0,-0.0,0
181,0,0,0.44169750809669495,0,-0.0,0
181,0,0,0.44170719385147095,0,-0.0,0
181,0,0,0.4417159855365753,0,-0.0,0
181,0,0,0.44172412157058716,0,-0.0,0
181,0,0,0.4417317509651184,0,-0.0,0
181,0,0,0.44173887372016907,0,-0.0,0
181,0,0,0.4417455196380615,0,-0.0,0
181,0,0,0.44175174832344055,0,-0.0,0
181,0,0,0.4417576193809509,0,-0.0,0
181,0,0,0.4417632520198822,0,-0.0,0
181,0,0,0.441768616437912,0,-0.0,0
181,0,0,0.4417737126350403,0,-0.0,0
181,0,0,0.4417785704135895,0,-0.0,0
181,0,0,0.44178321957588196,0,-0.0,0
181,0,0,0.44178760051727295,0,-0.0,0
181,0,0,0.4417917728424072,0,-0.0,0
181,0,0,0.44179579615592957,0,-0.0,0
181,0,0,0.4417996108531952,0,-0.0,0
181,0,0,0.4418032765388489,0,-0.0,0
181,0,0,0.44180676341056824,0,-0.0,0
181,0,0,0.44181016087532043,0,-0.0,0
181,0,0,0.4418133795261383,0,-0.0,0
181,0,0,0.4418165385723114,0,-0.0,0
181,0,0,0.44181951880455017,0,-0.0,0
181,0,0,0.4418224096298218,0,-0.0,0
181,0,0,0.44182518124580383,0,-0.0,0
181,0,0,0.4418278932571411,0,-0.0,0
181,0,0,0.44183048605918884,0,-0.0,0
181,0,0,0.441832959651947,0,-0.0,0
181,0,0,0.4418354332447052,0,-0.0,0
181,0,0,0.44183775782585144,0,-0.0,0
181,0,0,0.4418400824069977,0,-0.0,0
181,0,0,0.44184228777885437,0,-0.0,0
181,0,0,0.44184446334838867,0,-0.0,0
181,0,0,0.4418466091156006,0,-0.0,0
181,0,0,0.4418486952781677,0,-0.0,0
181,0,0,0.4418506920337677,0,-0.0,0
181,0,0,0.4418526887893677,0,-0.0,0
181,0,0,0.4418545961380005,0,-0.0,0
181,0,0,0.4418564736843109,0,-0.0,0
181,0,0,0.44185832142829895,0,-0.0,0
181,0,0,0.4418601095676422,0,-0.0,0
181,0,0,0.4418617784976959,0,-0.0,0
181,0,0,0.44186344742774963,0,-0.0,0
181,0,0,0.44186511635780334,0,-0.0,0
181,0,0,0.44186675548553467,0,-0.0,0
181,0,0,0.44186830520629883,0,-0.0,0
181,0,0,0.4418698251247406,0,-0.0,0
181,0,0,0.44187131524086,0,-0.0,0
181,0,0,0.441872775554657,0,-0.0,0
181,0,0,0.4418742060661316,0,-0.0,0
181,0,0,0.4418756067752838,0,-0.0,0
181,0,0,0.44187700748443604,0,-0.0,0
181,0,0,0.4418783485889435,0,-0.0,0
181,0,0,0.44187965989112854,0,-0.0,0
181,0,0,0.4418809711933136,0,-0.0,0
181,0,0,0.4418821632862091,0,-0.0,0
181,0,0,0.441883385181427,0,-0.0,0
181,0,0,0.4418845772743225,0,-0.0,0
181,0,0,0.4418857991695404,0,-0.0,0
181,0,0,0.4418869614601135,0,-0.0,0
181,0,0,0.44188809394836426,0,-0.0,0
181,0,0,0.4418891966342926,0,-0.0,0
181,0,0,0.44189026951789856,0,-0.0,0
181,0,0,0.4418913722038269,0,-0.0,0
181,0,0,0.4418924152851105,0,-0.0,0
181,0,0,0.44189342856407166,0,-0.0,0
181,0,0,0.4418944716453552,0,-0.0,0
181,0,0,0.4418954849243164,0,-0.0,0
181,0,0,0.4418964982032776,0,-0.0,0
181,0,0,0.441897451877594,0,-0.0,0
181,0,0,0.441898375749588,0,-0.0,0
181,0,0,0.44189929962158203,0,-0.0,0
181,0,0,0.44190022349357605,0,-0.0,0
181,0,0,0.44190117716789246,0,-0.0,0
181,0,0,0.4419020116329193,0,-0.0,0
181,0,0,0.44190287590026855,0,-0.0,0
181,0,0,0.4419037699699402,0,-0.0,0
181,0,0,0.44190460443496704,0,-0.0,0
181,0,0,0.4419054388999939,0,-0.0,0
181,0,0,0.44190627336502075,0,-0.0,0
181,0,0,0.4419070780277252,0,-0.0,0
181,0,0,0.4419078528881073,0,-0.0,0
181,0,0,0.441908597946167,0,-0.0,0
181,0,0,0.44190940260887146,0,-0.0,0
181,0,0,0.4419102072715759,0,-0.0,0
181,0,0,0.44191089272499084,0,-0.0,0
181,0,0,0.4419116973876953,0,-0.0,0
181,0,0,0.44191232323646545,0,-0.0,0
181,0,0,0.44191306829452515,0,-0.0,0
181,0,0,0.44191381335258484,0,-0.0,0
181,0,0,0.44191446900367737,0,-0.0,0
181,0,0,0.4419151842594147,0,-0.0,0
181,0,0,0.4419158697128296,0,-0.0,0
181,0,0,0.4419165253639221,0,-0.0,0
181,0,0,0.44191718101501465,0,-0.0,0
181,0,0,0.4419178366661072,0,-0.0,0
181,0,0,0.4419184923171997,0,-0.0,0
181,0,0,0.44191914796829224,0,-0.0,0
181,0,0,0.44191974401474,0,-0.0,0
181,0,0,0.44192034006118774,0,-0.0,0
181,0,0,0.4419209957122803,0,-0.0,0
181,0,0,0.44192156195640564,0,-0.0,0
181,0,0,0.441922128200531,0,-0.0,0
181,0,0,0.44192275404930115,0,-0.0,0
181,0,0,0.4419233202934265,0,-0.0,0
181,0,0,0.44192391633987427,0,-0.0,0
181,0,0,0.44192445278167725,0,-0.0,0
181,0,0,0.4419249892234802,0,-0.0,0
181,0,0,0.4419255554676056,0,-0.0,0
181,0,0,0.44192612171173096,0,-0.0,0
181,0,0,0.4419266879558563,0,-0.0,0
181,0,0,0.4419271945953369,0,-0.0,0
181,0,0,0.4419277012348175,0,-0.0,0
181,0,0,0.44192826747894287,0,-0.0,0
181,0,0,0.44192877411842346,0,-0.0,0
181,0,0,0.44192928075790405,0,-0.0,0
181,0,0,0.44192978739738464,0,-0.0,0
181,0,0,0.4419303238391876,0,-0.0,0
181,0,0,0.44193077087402344,0,-0.0,0
181,0,0,0.44193124771118164,0,-0.0,0
181,0,0,0.44193169474601746,0,-0.0,0
181,0,0,0.44193217158317566,0,-0.0,0
181,0,0,0.44193267822265625,0,-0.0,0
181,0,0,0.4419330954551697,0,-0.0,0
181,0,0,0.44193360209465027,0,-0.0,0
181,0,0,0.44193407893180847,0,-0.0,0
181,0,0,0.4419344961643219,0,-0.0,0
181,0,0,0.4419349730014801,0,-0.0,0
181,0,0,0.44193539023399353,0,-0.0,0
181,0,0,0.44193580746650696,0,-0.0,0
181,0,0,0.44193628430366516,0,-0.0,0
181,0,0,0.4419367015361786,0,-0.0,0
181,0,0,0.441937118768692,0,-0.0,0
181,0,0,0.44193756580352783,0,-0.0,0
181,0,0,0.44193795323371887,0,-0.0,0
181,0,0,0.4419383704662323,0,-0.0,0
181,0,0,0.4419387876987457,0,-0.0,0
181,0,0,0.4419391453266144,0,-0.0,0
181,0,0,0.4419395625591278,0,-0.0,0
181,0,0,0.4419400095939636,0,-0.0,0
181,0,0,0.4419403672218323,0,-0.0,0
181,0,0,0.4419407844543457,0,-0.0,0
181,0,0,0.44194111227989197,0,-0.0,0
181,0,0,0.441941499710083,0,-0.0,0
181,0,0,0.44194191694259644,0,-0.0,0
181,0,0,0.4419422447681427,0,-0.0,0
181,0,0,0.44194266200065613,0,-0.0,0
181,0,0,0.4419430196285248,0,-0.0,0
181,0,0,0.44194334745407104,0,-0.0,0
181,0,0,0.4419437348842621,0,-0.0,0
181,0,0,0.44194403290748596,0,-0.0,0
181,0,0,0.4419444799423218,0,-0.0,0
181,0,0,0.44194477796554565,0,-0.0,0
181,0,0,0.4419451057910919,0,-0.0,0
181,0,0,0.44194549322128296,0,-0.0,0
181,0,0,0.4419458508491516,0,-0.0,0
181,0,0,0.4419461488723755,0,-0.0,0
181,0,0,0.44194650650024414,0,-0.0,0
181,0,0,0.441946804523468,0,-0.0,0
181,0,0,0.44194716215133667,0,-0.0,0
181,0,0,0.44194746017456055,0,-0.0,0
181,0,0,0.4419478178024292,0,-0.0,0
181,0,0,0.4419480860233307,0,-0.0,0
181,0,0,0.44194847345352173,0,-0.0,0
181,0,0,0.4419487416744232,0,-0.0,0
181,0,0,0.4419490396976471,0,-0.0,0
181,0,0,0.44194939732551575,0,-0.0,0
181,0,0,0.4419496953487396,0,-0.0,0
181,0,0,0.4419499635696411,0,-0.0,0
181,0,0,0.44195032119750977,0,-0.0,0
181,0,0,0.44195061922073364,0,-0.0,0
181,0,0,0.44195088744163513,0,-0.0,0
181,0,0,0.441951185464859,0,-0.0,0
181,0,0,0.4419514536857605,0,-0.0,0
181,0,0,0.441951721906662,0,-0.0,0
181,0,0,0.44195204973220825,0,-1.0,0
458,141,1,0.5691763162612915,1,0.7015399932861328,1
458,142,1,0.8661990761756897,1,0.8616380095481873,1
458,142,1,0.8693025708198547,1,0.8710799813270569,1
458,142,1,0.86936354637146,1,0.8788769841194153,1
458,142,1,0.8693841099739075,1,0.8851879835128784,1
458,142,1,0.8693944811820984,1,0.8902159929275513,1
458,143,0,0.8693926334381104,1,0.0,0
458,0,0,0.541465163230896,1,-0.0,0
458,0,0,0.4372445344924927,0,-0.0,0
458,0,0,0.44080817699432373,0,-0.0,0
458,0,0,0.44097796082496643,0,-0.0,0
458,0,0,0.44106173515319824,0,-0.0,0
458,0,0,0.4411105811595917,0,-0.0,0
458,0,0,0.44115275144577026,0,-0.0,0
458,0,0,0.44118890166282654,0,-0.0,0
458,0,0,0.441219300031662,0,-0.0,0
458,0,0,0.44124558568000793,0,-0.0,0
458,0,0,0.4412692189216614,0,-0.0,0
458,0,0,0.44129061698913574,0,-0.0,0
458,0,0,0.44130998849868774,0,-0.0,0
458,0,0,0.4413277506828308,0,-0.0,0
458,0,0,0.4413442015647888,0,-0.0,0
458,0,0,0.4413592517375946,0,-0.0,0
458,0,0,0.44137337803840637,0,-0.0,0
458,0,0,0.4413866400718689,0,-0.0,0
458,0,0,0.4413990080356598,0,-0.0,0
458,0,0,0.441410630941391,0,-0.0,0
458,0,0,0.4414215385913849,0,-0.0,0
458,0,0,0.44143179059028625,0,-0.0,0
458,0,0,0.44144150614738464,0,-0.0,0
458,0,0,0.44145065546035767,0,-0.0,0
458,0,0,0.4414595365524292,0,-0.0,0
458,0,0,0.44146794080734253,0,-0.0,0
458,0,0,0.441476047039032,0,-0.0,0
458,0,0,0.4414837956428528,0,-0.0,0
458,0,0,0.44149109721183777,0,-0.0,0
458,0,0,0.44149816036224365,0,-0.0,0
458,0,0,0.44150495529174805,0,-0.0,0
458,0,0,0.44151145219802856,0,-0.0,0
458,0,0,0.44151777029037476,0,-0.0,0
458,0,0,0.4415237605571747,0,-0.0,0
458,0,0,0.4415295124053955,0,-0.0,0
458,0,0,0.4415351152420044,0,-0.0,0
458,0,0,0.4415406286716461,0,-0.0,0
458,0,0,0.44154635071754456,0,-0.0,0
458,0,0,0.44155192375183105,0,-0.0,0
458,0,0,0.44155722856521606,0,-0.0,0
458,0,0,0.44156238436698914,0,-0.0,0
458,0,0,0.44156742095947266,0,-0.0,0
458,0,0,0.4415721893310547,0,-0.0,0
458,0,0,0.4415775537490845,0,-0.0,0
458,0,0,0.4415828585624695,0,-0.0,0
458,0,0,0.44158804416656494,0,-0.0,0
458,0,0,0.44159308075904846,0,-0.0,0
458,0,0,0.44159790873527527,0,-0.0,0
458,0,0,0.4416026473045349,0,-0.0,0
458,0,0,0.4416072964668274,0,-0.0,0
458,0,0,0.44161179661750793,0,-0.0,0
458,0,0,0.4416161775588989,0,-0.0,0
458,0,0,0.44162046909332275,0,-0.0,0
458,0,0,0.44162461161613464,0,-0.0,0
458,0,0,0.441628634929657,0,-0.0,0
458,0,0,0.44163259863853455,0,-0.0,0
458,0,0,0.44163644313812256,0,-0.0,0
458,0,0,0.441640168428421,0,-0.0,0
458,0,0,0.4416438937187195,0,-0.0,0
458,0,0,0.441647469997406,0,-0.0,0
458,0,0,0.44165101647377014,0,-0.0,0
458,0,0,0.44165441393852234,0,-0.0,0
458,0,0,0.44165781140327454,0,-0.0,0
458,0,0,0.4416610598564148,0,-0.0,0
458,0,0,0.44166427850723267,0,-0.0,0
458,0,0,0.441667377948761,0,-0.0,0
458,0,0,0.4416704475879669,0,-0.0,0
458,0,0,0.44167348742485046,0,-0.0,0
458,0,0,0.44167640805244446,0,-0.0,0
458,0,0,0.44167929887771606,0,-0.0,0
458,0,0,0.4416821599006653,0,-0.0,0
458,0,0,0.44168487191200256,0,-0.0,0
458,0,0,0.44168761372566223,0,-0.0,0
458,0,0,0.44169026613235474,0,-0.0,0
458,0,0,0.4416928291320801,0,-0.0,0
458,0,0,0.4416953921318054,0,-0.0,0
458,0,0,0.4416978359222412,0,-0.0,0
458,0,0,0.4417003095149994,0,-0.0,0
458,0,0,0.4417027235031128,0,-0.0,0
458,0,0,0.44170504808425903,0,-0.0,0
458,0,0,0.4417073428630829,0,-0.0,0
458,0,0,0.44170960783958435,0,-0.0,0
458,0,0,0.4417118430137634,0,-0.0,0
458,0,0,0.4417140781879425,0,-0.0,0
458,0,0,0.4417162239551544,0,-0.0,0
458,0,0,0.44171828031539917,0,-0.0,0
458,0,0,0.4417203664779663,0,-0.0,0
458,0,0,0.44172239303588867,0,-0.0,0
458,0,0,0.4417244493961334,0,-0.0,0
458,0,0,0.441726416349411,0,-0.0,0
458,0,0,0.4417283535003662,0,-0.0,0
458,0,0,0.441730260848999,0,-0.0,0
458,0,0,0.44173213839530945,0,-0.0,0
458,0,0,0.4417339861392975,0,-0.0,0
458,0,0,0.4417358636856079,0,-0.0,0
458,0,0,0.44173765182495117,0,-0.0,0
458,0,0,0.44173938035964966,0,-0.0,0
458,0,0,0.4417411684989929,0,-0.0,0
458,0,0,0.441742867231369,0,-0.0,0
458,0,0,0.4417445957660675,0,-0.0,0
458,0,0,0.4417462646961212,0,-0.0,0
458,0,0,0.4417479336261749,0,-0.0,0
458,0,0,0.44174954295158386,0,-0.0,0
458,0,0,0.4417511224746704,0,-0.0,0
458,0,0,0.44175270199775696,0,-0.0,0
458,0,0,0.44175422191619873,0,-0.0,0
458,0,0,0.4417558014392853,0,-0.0,0
458,0,0,0.44175729155540466,0,-0.0,0
458,0,0,0.44175878167152405,0,-0.0,0
458,0,0,0.44176027178764343,0,-0.0,0
458,0,0,0.44176173210144043,0,-0.0,0
458,0,0,0.44176310300827026,0,-0.0,0
458,0,0,0.44176459312438965,0,-0.0,0
458,0,0,0.44176599383354187,0,-0.0,0
458,0,0,0.4417673945426941,0,-0.0,0
458,0,0,0.44176873564720154,0,-0.0,0
458,0,0,0.44177010655403137,0,-0.0,0
458,0,0,0.4417714476585388,0,-0.0,0
458,0,0,0.44177278876304626,0,-0.0,0
458,0,0,0.4417741000652313,0,-0.0,0
458,0,0,0.4417754113674164,0,-0.0,0
458,0,0,0.44177669286727905,0,-0.0,0
458,0,0,0.4417780041694641,0,-0.0,0
458,0,0,0.441779226064682,0,-0.0,0
458,0,0,0.4417804777622223,0,-0.0,0
458,0,0,0.4417816698551178,0,-0.0,0
458,0,0,0.44178295135498047,0,-0.0,0
458,0,0,0.4417840540409088,0,-0.0,0
458,0,0,0.4417852759361267,0,-0.0,0
458,0,0,0.44178637862205505,0,-0.0,0
458,0,0,0.44178760051727295,0,-0.0,0
458,0,0,0.4417887032032013,0,-0.0,0
458,0,0,0.441789835691452,0,-0.0,0
458,0,0,0.44179093837738037,0,-0.0,0
458,0,0,0.4417920708656311,0,-0.0,0
458,0,0,0.44179317355155945,0,-0.0,0
458,0,0,0.4417942464351654,0,-0.0,0
458,0,0,0.44179531931877136,0,-0.0,0
458,0,0,0.44179633259773254,0,-0.0,0
458,0,0,0.4417973756790161,0,-0.0,0
458,0,0,0.44179847836494446,0,-0.0,0
458,0,0,0.44179949164390564,0,-0.0,0
458,0,0,0.44180047512054443,0,-0.0,0
458,0,0,0.4418014585971832,0,-0.0,0
458,0,0,0.4418024718761444,0,-0.0,0
458,0,0,0.4418034255504608,0,-0.0,0
458,0,0,0.441804438829422,0,-0.0,0
458,0,0,0.441805362701416,0,-0.0,0
458,0,0,0.44180628657341003,0,-0.0,0
458,0,0,0.44180724024772644,0,-0.0,0
458,0,0,0.44180816411972046,0,-0.0,0
458,0,0,0.4418090879917145,0,-0.0,0
458,0,0,0.4418099820613861,0,-0.0,0
458,0,0,0.44181084632873535,0,-0.0,0
458,0,0,0.44181180000305176,0,-0.0,0
458,0,0,0.4418126344680786,0,-0.0,0
458,0,0,0.44181349873542786,0,-0.0,0
458,0,0,0.4418143928050995,0,-0.0,0
458,0,0,0.44181522727012634,0,-0.0,0
458,0,0,0.4418160617351532,0,-0.0,0
458,0,0,0.44181689620018005,0,-0.0,0
458,0,0,0.4418177604675293,0,-0.0,0
458,0,0,0.4418185353279114,0,-0.0,0
458,0,0,0.44181933999061584,0,-0.0,0
458,0,0,0.4418201744556427,0,-0.0,0
458,0,0,0.44182100892066956,0,-0.0,0
458,0,0,0.44182178378105164,0,-0.0,0
458,0,0,0.4418225884437561,0,-0.0,0
458,0,0,0.4418233335018158,0,-0.0,0
458,0,0,0.4418240785598755,0,-0.0,0
458,0,0,0.44182491302490234,0,-0.0,0
458,0,0,0.44182565808296204,0,-0.0,0
458,0,0,0.44182640314102173,0,-0.0,0
458,0,0,0.44182708859443665,0,-0.0,0
458,0,0,0.4418278932571411,0,-0.0,0
458,0,0,0.44182857871055603,0,-0.0,0
458,0,0,0.44182929396629333,0,-0.0,0
458,0,0,0.441830039024353,0,-0.0,0
458,0,0,0.4418307840824127,0,-0.0,0
458,0,0,0.44183146953582764,0,-0.0,0
458,0,0,0.44183218479156494,0,-0.0,0
458,0,0,0.44183284044265747,0,-0.0,0
458,0,0,0.44183358550071716,0,-0.0,0
458,0,0,0.4418342113494873,0,-0.0,0
458,0,0,0.4418349266052246,0,-0.0,0
458,0,0,0.4418356120586395,0,-0.0,0
458,0,0,0.44183623790740967,0,-0.0,0
458,0,0,0.4418369233608246,0,-0.0,0
458,0,0,0.4418376684188843,0,-0.0,0
458,0,0,0.4418383240699768,0,-0.0,0
458,0,0,0.44183892011642456,0,-0.0,0
458,0,0,0.44183963537216187,0,-0.0,0
458,0,0,0.441840261220932,0,-1.0,0
126,35,0,0.6612011790275574,1,0.8638880252838135,1
126,36,0,0.47278377413749695,0,0.7480379939079285,1
126,35,1,0.4300621449947357,0,0.741566002368927,1
126,36,1,0.6061202883720398,1,0.7598559856414795,1
126,38,0,0.7075148820877075,1,0.8029890060424805,1
126,39,1,0.4563571810722351,0,0.8282989859580994,1
126,31,1,0.5539065003395081,1,0.8182629942893982,1
126,32,1,0.7035084366798401,1,0.7502040266990662,1
126,35,0,0.7368226647377014,1,0.7932090163230896,1
126,36,1,0.4961954653263092,0,0.8292059898376465,1
126,42,1,0.7480595111846924,1,0.866191029548645,1
126,43,1,0.8322109580039978,1,0.8811619877815247,1
126,38,0,0.5894378423690796,1,0.7177039980888367,1
126,39,1,0.86662358045578,1,0.8775879740715027,1
126,38,1,0.3987351655960083,0,0.5868520140647888,1
126,39,1,0.8711875081062317,1,0.8919969797134399,1
126,35,0,0.5689501762390137,1,0.6509960293769836,1
126,36,1,0.860567033290863,1,0.8488270044326782,1
126,35,0,0.4394260346889496,0,0.579925000667572,1
126,36,1,0.8639451265335083,1,0.8537970185279846,1
126,35,1,0.4350007176399231,0,0.5624399781227112,1
126,36,1,0.8633167743682861,1,0.8550189733505249,1
126,35,0,0.8063287138938904,1,0.5861669778823853,1
126,36,1,0.6970021724700928,1,0.855318009853363,1
126,35,0,0.4959026575088501,0,0.5637360215187073,1
126,36,1,0.8589012026786804,1,0.8553900122642517,1
126,35,0,0.43492603302001953,0,0.559253990650177,1
126,36,1,0.8605319261550903,1,0.8554080128669739,1
126,35,0,0.43503817915916443,0,0.5584139823913574,1
126,36,1,0.8604214787483215,1,0.8554120063781738,1
126,35,1,0.4348204433917999,0,0.5582579970359802,1
126,36,1,0.8603578805923462,1,0.8554139733314514,1
126,35,1,0.6966575384140015,1,0.5797460079193115,1
126,36,1,0.8618045449256897,1,0.8554139733314514,1
126,38,0,0.8170780539512634,1,0.6683909893035889,1
126,39,1,0.678084135055542,1,0.895907998085022,1
126,38,1,0.45237863063812256,0,0.541903018951416,1
126,39,1,0.8638288974761963,1,0.896947979927063,1
126,38,0,0.6164929270744324,1,0.6199089884757996,1
126,39,1,0.8629149198532104,1,0.8972229957580566,1
126,38,0,0.42064112424850464,0,0.5090799927711487,1
126,39,1,0.8665158152580261,1,0.8972960114479065,1
126,38,0,0.4002738296985626,0,0.4583980143070221,0
126,39,1,0.8671662211418152,1,0.8973150253295898,1
126,38,1,0.39793646335601807,0,0.44213300943374634,0
126,39,1,0.867487907409668,1,0.8973199725151062,1
126,38,1,0.5046524405479431,1,0.47707200050354004,0
126,39,1,0.8677541613578796,1,0.8973209857940674,1
126,35,0,0.827306866645813,1,0.611752986907959,1
126,36,1,0.6818127632141113,1,0.8554139733314514,1
126,35,1,0.5377238988876343,1,0.5694789886474609,1
126,36,1,0.8527777194976807,1,0.8554139733314514,1
126,35,0,0.7107827067375183,1,0.5967609882354736,1
126,36,1,0.83057701587677,1,0.8554139733314514,1
126,35,0,0.4869600832462311,0,0.5660250186920166,1
126,36,1,0.8561201691627502,1,0.8554139733314514,1
126,35,0,0.43812456727027893,0,0.559689998626709,1
126,36,0,0.857772171497345,1,0.8554139733314514,1
126,35,0,0.4365856349468231,0,0.5584949851036072,1
126,36,1,0.47967278957366943,0,0.8554139733314514,1
126,35,0,0.45292532444000244,0,0.5582730174064636,1
126,36,1,0.5681243538856506,1,0.8554139733314514,1
126,48,0,0.731712281703949,1,0.733165979385376,1
126,49,1,0.5280026197433472,1,0.46688300371170044,0
126,50,1,0.6539265513420105,1,0.8896660208702087,1
126,48,1,0.496177613735199,0,0.719186007976532,1
126,50,1,0.8312116861343384,1,0.9105560183525085,1
126,48,1,0.6774656772613525,1,0.7609339952468872,1
126,49,0,0.8666154742240906,1,0.6549490094184875,1
126,50,1,0.7131300568580627,1,0.9231299757957458,1
126,48,1,0.8192347288131714,1,0.7920370101928711,1
126,50,1,0.8478739261627197,1,0.9304249882698059,1
126,48,1,0.8533801436424255,1,0.8130789995193481,1
126,49,1,0.6554365754127502,1,0.6334099769592285,1
126,50,1,0.8504434823989868,1,0.9345660209655762,1
126,48,1,0.8561548590660095,1,0.8264009952545166,1
126,50,1,0.8520599603652954,1,0.9368879795074463,1
126,48,1,0.8582594990730286,1,0.8344839811325073,1
126,49,1,0.8595092296600342,1,0.7604479789733887,1
126,50,1,0.8511451482772827,1,0.93818199634552,1
126,48,1,0.8576945662498474,1,0.8392639756202698,1
126,50,1,0.8532065153121948,1,0.9388989806175232,1
126,48,1,0.8600313067436218,1,0.8420460224151611,1
126,49,1,0.876402735710144,1,0.8098599910736084,1
126,50,1,0.8523615002632141,1,0.9392970204353333,1
126,48,1,0.85959792137146,1,0.8436520099639893,1
126,50,1,0.8540658950805664,1,0.939516007900238,1
126,51,0,0.872281551361084,1,0.7321820259094238,1
126,52,0,0.7617624998092651,1,0.6938819885253906,1
126,48,1,0.7431185841560364,1,0.8445730209350586,1
126,51,1,0.5459634065628052,1,0.6089820265769958,1
126,52,1,0.5581263899803162,1,0.6661610007286072,1
126,48,1,0.8513526320457458,1,0.8450999855995178,1
126,51,1,0.8024089932441711,1,0.7241150140762329,1
126,52,1,0.8118594288825989,1,0.8622379899024963,1
126,48,1,0.8537542223930359,1,0.8454009890556335,1
126,51,1,0.8787144422531128,1,0.8065090179443359,1
126,52,1,0.8505804538726807,1,0.9177539944648743,1
126,48,1,0.8563152551651001,1,0.8455730080604553,1
126,51,1,0.8812330365180969,1,0.8510339856147766,1
126,52,1,0.8538487553596497,1,0.9291639924049377,1
126,48,1,0.8577090501785278,1,0.8456709980964661,1
126,51,1,0.8822791576385498,1,0.8715050220489502,1
126,52,1,0.8552226424217224,1,0.9313399791717529,1
126,48,1,0.8586369156837463,1,0.8457270264625549,1
126,51,1,0.8829782009124756,1,0.8802160024642944,1
126,52,1,0.8560612797737122,1,0.9317489862442017,1
126,48,1,0.8593632578849792,1,0.8457589745521545,1
126,51,1,0.883500337600708,1,0.8838000297546387,1
126,52,1,0.8566849231719971,1,0.9318249821662903,1
126,48,1,0.8599647879600525,1,0.8457769751548767,1
126,312,0,0.8239264488220215,1,0.41223499178886414,0
126,313,0,0.8383011221885681,1,0.5190100073814392,1
126,314,0,0.6734771728515625,1,0.6749129891395569,1
126,312,0,0.48812511563301086,0,0.4005190134048462,0
126,313,0,0.5347940325737,1,0.5504909753799438,1
126,314,0,0.4548139274120331,0,0.5402299761772156,1
126,312,0,0.44662410020828247,0,0.396822988986969,0
126,313,0,0.4949202835559845,0,0.5603070259094238,1
126,314,1,0.4337838888168335,0,0.484144002199173,0
126,312,1,0.49564212560653687,0,0.3956870138645172,0
126,313,1,0.5900903940200806,1,0.5636550188064575,1
126,314,1,0.6157668232917786,1,0.7450360059738159,1
126,312,0,0.7925776243209839,1,0.5418279767036438,1
126,313,1,0.7245755791664124,1,0.7478039860725403,1
126,314,1,0.8507540225982666,1,0.8523839712142944,1
126,312,0,0.5057905912399292,1,0.4540109932422638,0
126,313,1,0.8828768134117126,1,0.8196099996566772,1
126,314,1,0.8686185479164124,1,0.8774719834327698,1
126,312,0,0.4526105523109436,0,0.41499000787734985,0
126,313,1,0.885346531867981,1,0.8388659954071045,1
126,314,1,0.8705897927284241,1,0.8824499845504761,1
126,312,1,0.4479535222053528,0,0.4014100134372711,0
126,313,1,0.8861107230186462,1,0.8434690237045288,1
126,314,1,0.8716347813606262,1,0.8834050297737122,1
126,312,0,0.8080773949623108,1,0.5494210124015808,1
126,53,1,0.661253809928894,1,0.9092190265655518,1
126,54,1,0.8538392782211304,1,0.9419010281562805,1
126,55,1,0.8864102363586426,1,0.8442310094833374,1
126,53,1,0.8424102067947388,1,0.9158440232276917,1
126,54,1,0.8661720752716064,1,0.9438440203666687,1
126,56,1,0.8726216554641724,1,0.9040570259094238,1
126,57,1,0.8519200682640076,1,0.6869810223579407,1
126,53,1,0.8457967638969421,1,0.9219470024108887,1
126,54,1,0.866688072681427,1,0.9455940127372742,1
126,55,0,0.9038079977035522,1,0.8956329822540283,1
126,53,1,0.801517128944397,1,0.9274929761886597,1
126,54,0,0.8628271818161011,1,0.947163999080658,1
126,56,1,0.8049947619438171,1,0.9165400266647339,1
126,58,1,0.8039332032203674,1,0.6571720242500305,1
126,53,1,0.827641487121582,1,0.9324690103530884,1
126,54,1,0.742294192314148,1,0.9248300194740295,1
126,55,1,0.8426684141159058,1,0.8668929934501648,1
126,53,0,0.8446813225746155,1,0.9368829727172852,1
126,54,1,0.7680590152740479,1,0.92814701795578,1
126,56,1,0.8534948825836182,1,0.9260929822921753,1
126,57,0,0.842343807220459,1,0.7336390018463135,1
126,53,1,0.5776314735412598,1,0.8868520259857178,1
126,54,1,0.8238363862037659,1,0.931240975856781,1
126,55,1,0.8794089555740356,1,0.9058369994163513,1
126,53,1,0.8051205277442932,1,0.8945630192756653,1
126,54,1,0.8627899289131165,1,0.9341089725494385,1
126,56,1,0.8734846115112305,1,0.9332290291786194,1
126,57,1,0.7542697787284851,1,0.6060850024223328,1
126,53,1,0.8401180505752563,1,0.9020199775695801,1
126,54,1,0.8655014634132385,1,0.9367499947547913,1
126,55,1,0.9029608964920044,1,0.9221799969673157,1
126,53,1,0.8458913564682007,1,0.9091100096702576,1
126,54,1,0.867033064365387,1,0.9391679763793945,1
126,56,1,0.8782209157943726,1,0.9384649991989136,1
126,58,1,0.8455911874771118,1,0.6928020119667053,1
126,53,1,0.8478506207466125,1,0.9157429933547974,1
126,54,1,0.8677343130111694,1,0.9413679838180542,1
126,55,1,0.9050886631011963,1,0.9286270141601562,1
126,53,1,0.8489357233047485,1,0.9218549728393555,1
126,54,0,0.8683242797851562,1,0.9433619976043701,1
126,56,1,0.8508915305137634,1,0.942255973815918,1
126,57,1,0.8474825620651245,1,0.6352279782295227,1
126,53,1,0.8403420448303223,1,0.9274100065231323,1
126,54,1,0.7835022807121277,1,0.9169120192527771,1
126,55,0,0.9028062224388123,1,0.9311079978942871,1
126,53,1,0.8085511326789856,1,0.9323949813842773,1
126,54,1,0.8424690365791321,1,0.9206680059432983,1
126,56,1,0.869696319103241,1,0.9449750185012817,1
126,58,1,0.8422799706459045,1,0.7307389974594116,1
126,53,1,0.8446635603904724,1,0.9368169903755188,1
126,54,1,0.8651976585388184,1,0.9242309927940369,1
126,55,1,0.8544062376022339,1,0.9285299777984619,1
126,53,1,0.8484190702438354,1,0.9407010078430176,1
126,54,1,0.867418110370636,1,0.927586019039154,1
126,56,0,0.8788402080535889,1,0.9469109773635864,1
126,57,1,0.8166109919548035,1,0.0,0
126,0,0,0.7501541972160339,1,-0.0,0
126,0,0,0.5120285153388977,1,-0.0,0
126,0,0,0.4491026997566223,0,-0.0,0
126,0,0,0.44443830847740173,0,-0.0,0
126,0,0,0.44299983978271484,0,-0.0,0
126,0,0,0.4421839416027069,0,-0.0,0
126,0,0,0.4416373372077942,0,-0.0,0
126,0,0,0.44123759865760803,0,-1.0,0
385,279,1,0.7834736108779907,1,0.8251760005950928,1
385,280,1,0.9194982051849365,1,0.9448720216751099,1
385,279,0,0.9046308994293213,1,0.9245679974555969,1
385,279,1,0.7888622283935547,1,0.9252390265464783,1
385,280,0,0.8793381452560425,1,0.9657639861106873,1
385,280,1,0.6843801140785217,1,0.930351972579956,1
385,280,1,0.7983551621437073,1,0.9600300192832947,1
385,279,1,0.8766511082649231,1,0.9264029860496521,1
385,280,0,0.8987512588500977,1,0.971563994884491,1
385,279,1,0.6954293251037598,1,0.9264219999313354,1
385,280,1,0.8061773777008057,1,0.947238028049469,1
385,281,1,0.8456359505653381,1,0.8623480200767517,1
385,282,0,0.8391010165214539,1,0.8347259759902954,1
385,282,0,0.5551462173461914,1,0.8158640265464783,1
385,282,0,0.48766830563545227,0,0.8079530000686646,1
385,282,1,0.48832938075065613,0,0.8050979971885681,1
385,281,1,0.6021465063095093,1,0.0,0
385,0,0,0.592198371887207,1,-0.0,0
385,0,0,0.4392954707145691,0,-0.0,0
385,0,0,0.4390833377838135,0,-0.0,0
385,0,0,0.4397369623184204,0,-0.0,0
385,0,0,0.439998060464859,0,-0.0,0
385,0,0,0.440145879983902,0,-0.0,0
385,0,0,0.44024795293807983,0,-0.0,0
385,0,0,0.44033023715019226,0,-0.0,0
385,0,0,0.44040003418922424,0,-0.0,0
385,0,0,0.440461665391922,0,-0.0,0
385,0,0,0.4405159652233124,0,-0.0,0
385,0,0,0.4405674636363983,0,-0.0,0
385,0,0,0.44061359763145447,0,-0.0,0
385,0,0,0.44065535068511963,0,-0.0,0
385,0,0,0.4406934082508087,0,-0.0,0
385,0,0,0.44072768092155457,0,-0.0,0
385,0,0,0.44075411558151245,0,-0.0,0
385,0,0,0.4407789409160614,0,-0.0,0
385,0,0,0.44080203771591187,0,-0.0,0
385,0,0,0.4408239722251892,0,-0.0,0
385,0,0,0.44084432721138,0,-0.0,0
385,0,0,0.44086378812789917,0,-0.0,0
385,0,0,0.4408820867538452,0,-0.0,0
385,0,0,0.4408995509147644,0,-0.0,0
385,0,0,0.4409162402153015,0,-0.0,0
385,0,0,0.44093191623687744,0,-0.0,0
385,0,0,0.4409467875957489,0,-0.0,0
385,0,0,0.4409608542919159,0,-0.0,0
385,0,0,0.4409741163253784,0,-0.0,0
385,0,0,0.4409868121147156,0,-0.0,0
385,0,0,0.4409988522529602,0,-0.0,0
385,0,0,0.4410107433795929,0,-0.0,0
385,0,0,0.44102180004119873,0,-0.0,0
385,0,0,0.4410325586795807,0,-0.0,0
385,0,0,0.44104310870170593,0,-0.0,0
385,0,0,0.4410533010959625,0,-0.0,0
385,0,0,0.4410633146762848,0,-0.0,0
385,0,0,0.4410729706287384,0,-0.0,0
385,0,0,0.4410820007324219,0,-0.0,0
385,0,0,0.4410906434059143,0,-0.0,0
385,0,0,0.44109904766082764,0,-0.0,0
385,0,0,0.44110721349716187,0,-0.0,0
385,0,0,0.44111505150794983,0,-0.0,0
385,0,0,0.4411226511001587,0,-0.0,0
385,0,0,0.4411301612854004,0,-0.0,0
385,0,0,0.44113755226135254,0,-0.0,0
385,0,0,0.44114479422569275,0,-0.0,0
385,0,0,0.4411517381668091,0,-0.0,0
385,0,0,0.4411585032939911,0,-0.0,0
385,0,0,0.4411652088165283,0,-0.0,0
385,0,0,0.4411717355251312,0,-0.0,0
385,0,0,0.44117823243141174,0,-0.0,0
385,0,0,0.441184401512146,0,-0.0,0
385,0,0,0.441190630197525,0,-0.0,0
385,0,0,0.44119665026664734,0,-0.0,0
385,0,0,0.4412026107311249,0,-0.0,0
385,0,0,0.44120845198631287,0,-0.0,0
385,0,0,0.44121411442756653,0,-0.0,0
385,0,0,0.441219687461853,0,-0.0,0
385,0,0,0.44122517108917236,0,-0.0,0
385,0,0,0.441230446100235,0,-0.0,0
385,0,0,0.44123560190200806,0,-0.0,0
385,0,0,0.44124075770378113,0,-0.0,0
385,0,0,0.4412456750869751,0,-0.0,0
385,0,0,0.4412505626678467,0,-0.0,0
385,0,0,0.44125568866729736,0,-0.0,0
385,0,0,0.4412611424922943,0,-0.0,0
385,0,0,0.4412664771080017,0,-0.0,0
385,0,0,0.44127175211906433,0,-0.0,0
385,0,0,0.4412769675254822,0,-0.0,0
385,0,0,0.4412819743156433,0,-0.0,0
385,0,0,0.4412868916988373,0,-0.0,0
385,0,0,0.4412917196750641,0,-0.0,0
385,0,0,0.4412965476512909,0,-0.0,0
385,0,0,0.44130125641822815,0,-0.0,0
385,0,0,0.44130584597587585,0,-0.0,0
385,0,0,0.4413102865219116,0,-0.0,0
385,0,0,0.4413147568702698,0,-0.0,0
385,0,0,0.4413190186023712,0,-0.0,0
385,0,0,0.44132331013679504,0,-0.0,0
385,0,0,0.4413275420665741,0,-0.0,0
385,0,0,0.44133156538009644,0,-0.0,0
385,0,0,0.44133564829826355,0,-0.0,0
385,0,0,0.4413396418094635,0,-0.0,0
385,0,0,0.4413435459136963,0,-0.0,0
385,0,0,0.4413474500179291,0,-0.0,0
385,0,0,0.44135117530822754,0,-0.0,0
385,0,0,0.4413548707962036,0,-0.0,0
385,0,0,0.4413585960865021,0,-0.0,0
385,0,0,0.4413621127605438,0,-0.0,0
385,0,0,0.4413657486438751,0,-0.0,0
385,0,0,0.4413692355155945,0,-0.0,0
385,0,0,0.44137272238731384,0,-0.0,0
385,0,0,0.44137606024742126,0,-0.0,0
385,0,0,0.4413793981075287,0,-0.0,0
385,0,0,0.4413827061653137,0,-0.0,0
385,0,0,0.441385954618454,0,-0.0,0
385,0,0,0.44138914346694946,0,-0.0,0
385,0,0,0.44139230251312256,0,-0.0,0
385,0,0,0.44139543175697327,0,-0.0,0
385,0,0,0.4413984417915344,0,-0.0,0
385,0,0,0.44140151143074036,0,-0.0,0
385,0,0,0.4414044916629791,0,-0.0,0
385,0,0,0.4414074718952179,0,-0.0,0
385,0,0,0.4414104223251343,0,-0.0,0
385,0,0,0.4414133131504059,0,-0.0,0
385,0,0,0.4414161145687103,0,-0.0,0
385,0,0,0.44141894578933716,0,-0.0,0
385,0,0,0.4414216876029968,0,-0.0,0
385,0,0,0.4414243698120117,0,-0.0,0
385,0,0,0.44142717123031616,0,-0.0,0
385,0,0,0.4414297938346863,0,-0.0,0
385,0,0,0.4414324462413788,0,-0.0,0
385,0,0,0.4414350092411041,0,-0.0,0
385,0,0,0.44143760204315186,0,-0.0,0
385,0,0,0.4414401650428772,0,-0.0,0
385,0,0,0.4414425790309906,0,-0.0,0
385,0,0,0.44144508242607117,0,-0.0,0
385,0,0,0.44144749641418457,0,-0.0,0
385,0,0,0.441449910402298,0,-0.0,0
385,0,0,0.4414523243904114,0,-0.0,0
385,0,0,0.4414546489715576,0,-0.0,0
385,0,0,0.44145697355270386,0,-0.0,0
385,0,0,0.4414592981338501,0,-0.0,0
385,0,0,0.4414615333080292,0,-0.0,0
385,0,0,0.441463828086853,0,-0.0,0
385,0,0,0.4414660334587097,0,-0.0,0
385,0,0,0.4414682388305664,0,-0.0,0
385,0,0,0.44147035479545593,0,-0.0,0
385,0,0,0.44147250056266785,0,-0.0,0
385,0,0,0.44147464632987976,0,-0.0,0
385,0,0,0.4414766728878021,0,-0.0,0
385,0,0,0.44147881865501404,0,-0.0,0
385,0,0,0.441480815410614,0,-0.0,0
385,0,0,0.441482812166214,0,-0.0,0
385,0,0,0.44148486852645874,0,-0.0,0
385,0,0,0.44148680567741394,0,-0.0,0
385,0,0,0.44148877263069153,0,-0.0,0
385,0,0,0.44149070978164673,0,-0.0,0
385,0,0,0.4414926767349243,0,-0.0,0
385,0,0,0.44149452447891235,0,-0.0,0
385,0,0,0.44149643182754517,0,-0.0,0
385,0,0,0.441498339176178,0,-0.0,0
385,0,0,0.44150009751319885,0,-0.0,0
385,0,0,0.4415019750595093,0,-0.0,0
385,0,0,0.44150373339653015,0,-0.0,0
385,0,0,0.4415055811405182,0,-0.0,0
385,0,0,0.4415074586868286,0,-0.0,0
385,0,0,0.44150930643081665,0,-0.0,0
385,0,0,0.4415111541748047,0,-0.0,0
385,0,0,0.4415130317211151,0,-0.0,0
385,0,0,0.441514790058136,0,-0.0,0
385,0,0,0.44151660799980164,0,-0.0,0
385,0,0,0.4415183663368225,0,-0.0,0
385,0,0,0.44152018427848816,0,-0.0,0
385,0,0,0.44152185320854187,0,-0.0,0
385,0,0,0.44152361154556274,0,-0.0,0
385,0,0,0.441525399684906,0,-0.0,0
385,0,0,0.4415270686149597,0,-0.0,0
385,0,0,0.4415287971496582,0,-0.0,0
385,0,0,0.44153040647506714,0,-0.0,0
385,0,0,0.44153207540512085,0,-0.0,0
385,0,0,0.44153374433517456,0,-0.0,0
385,0,0,0.4415353834629059,0,-0.0,0
385,0,0,0.4415370225906372,0,-0.0,0
385,0,0,0.44153860211372375,0,-0.0,0
385,0,0,0.4415401816368103,0,-0.0,0
385,0,0,0.44154176115989685,0,-0.0,0
385,0,0,0.4415433406829834,0,-0.0,0
385,0,0,0.44154486060142517,0,-0.0,0
385,0,0,0.44154641032218933,0,-0.0,0
385,0,0,0.4415479302406311,0,-0.0,0
385,0,0,0.4415494203567505,0,-0.0,0
385,0,0,0.4415509104728699,0,-0.0,0
385,0,0,0.4415523409843445,0,-0.0,0
385,0,0,0.44155383110046387,0,-0.0,0
385,0,0,0.44155532121658325,0,-0.0,0
385,0,0,0.44155675172805786,0,-0.0,0
385,0,0,0.44155821204185486,0,-0.0,0
385,0,0,0.4415596127510071,0,-0.0,0
385,0,0,0.4415609836578369,0,-0.0,0
385,0,0,0.44156238436698914,0,-0.0,0
385,0,0,0.44156378507614136,0,-1.0,0
441,0,0,0.5961750745773315,1,0.6939290165901184,1
441,1,0,0.3551545739173889,0,0.5324869751930237,1
441,2,0,0.37616124749183655,0,0.5744879841804504,1
441,3,1,0.6025336384773254,1,0.8932999968528748,1
441,4,1,0.6560277938842773,1,0.6945300102233887,1
441,5,1,0.8724201917648315,1,0.7909770011901855,1
441,6,1,0.9290478229522705,1,0.9223989844322205,1
441,6,1,0.9442479610443115,1,0.9310160279273987,1
441,0,0,0.6344637274742126,1,0.5645110011100769,1
441,1,1,0.3832007050514221,0,0.47409600019454956,0
441,2,0,0.4695694148540497,0,0.46952199935913086,0
441,4,0,0.8412206172943115,1,0.7610849738121033,1
441,5,0,0.5133898258209229,1,0.8355249762535095,1
441,3,1,0.7113805413246155,1,0.9256100058555603,1
441,6,0,0.8744990825653076,1,0.9380519986152649,1
441,6,1,0.6262723803520203,1,0.8605120182037354,1
441,0,0,0.49376121163368225,0,0.5258920192718506,1
441,1,0,0.3940053880214691,0,0.5609340071678162,1
441,2,0,0.37177950143814087,0,0.42422300577163696,0
441,4,1,0.44938376545906067,0,0.6623860001564026,1
441,3,0,0.8513873219490051,1,0.9450510144233704,1
441,5,0,0.5479686260223389,1,0.7701159715652466,1
441,6,1,0.6898456811904907,1,0.8763560056686401,1
441,6,1,0.9205190539360046,1,0.8910850286483765,1
441,0,0,0.45435425639152527,0,0.518451988697052,1
441,2,0,0.37007883191108704,0,0.4097749888896942,0
441,1,0,0.35149288177490234,0,0.49493899941444397,0
441,3,1,0.6308984756469727,1,0.8077970147132874,1
441,4,1,0.7057048678398132,1,0.7366499900817871,1
441,5,1,0.5070114135742188,1,0.6828420162200928,1
441,6,1,0.9408406615257263,1,0.904308021068573,1
441,6,1,0.941937267780304,1,0.9158120155334473,1
441,0,0,0.49933701753616333,0,0.5171560049057007,1
441,2,1,0.37703636288642883,0,0.40563300251960754,0
441,1,1,0.3873675465583801,0,0.45017901062965393,0
441,3,1,0.9561545848846436,1,0.8666589856147766,1
441,4,1,0.8521069884300232,1,0.7898759841918945,1
441,5,0,0.9009720087051392,1,0.7672550082206726,1
441,6,1,0.8889574408531189,1,0.9255499839782715,1
441,6,1,0.9409492015838623,1,0.9336040019989014,1
441,0,1,0.4634154736995697,0,0.5169339776039124,1
441,1,0,0.6531359553337097,1,0.5338670015335083,1
441,2,0,0.4042627513408661,0,0.4494439959526062,0
441,4,1,0.51534503698349,1,0.8218669891357422,1
441,3,1,0.957575798034668,1,0.908490002155304,1
441,5,1,0.5810772776603699,1,0.6801440119743347,1
441,6,1,0.9408227205276489,1,0.9401389956474304,1
441,6,1,0.9423160552978516,1,0.9453579783439636,1
441,0,0,0.75837641954422,1,0.5238670110702515,1
441,1,1,0.4654635190963745,0,0.4750480055809021,0
441,2,0,0.4570048749446869,0,0.4175260066986084,0
441,4,1,0.7429466247558594,1,0.8391010165214539,1
441,3,1,0.9594756364822388,1,0.0,0
441,0,0,0.47542619705200195,0,-0.0,0
441,0,0,0.4377841651439667,0,-0.0,0
441,0,0,0.4388303756713867,0,-0.0,0
441,0,0,0.4391362965106964,0,-0.0,0
441,0,0,0.43936920166015625,0,-0.0,0
441,0,0,0.439551442861557,0,-0.0,0
441,0,0,0.4396890699863434,0,-0.0,0
441,0,0,0.43979427218437195,0,-0.0,0
441,0,0,0.43987855315208435,0,-0.0,0
441,0,0,0.43994781374931335,0,-0.0,0
441,0,0,0.4400063157081604,0,-0.0,0
441,0,0,0.44005823135375977,0,-0.0,0
441,0,0,0.4401051700115204,0,-0.0,0
441,0,0,0.44014784693717957,0,-0.0,0
441,0,0,0.44018661975860596,0,-0.0,0
441,0,0,0.4402221739292145,0,-0.0,0
441,0,0,0.4402545690536499,0,-0.0,0
441,0,0,0.4402855336666107,0,-0.0,0
441,0,0,0.44031423330307007,0,-0.0,0
441,0,0,0.44034114480018616,0,-0.0,0
441,0,0,0.44036683440208435,0,-0.0,0
441,0,0,0.4403865933418274,0,-0.0,0
441,0,0,0.4404031038284302,0,-0.0,0
441,0,0,0.4404190480709076,0,-0.0,0
441,0,0,0.4404343068599701,0,-0.0,0
441,0,0,0.44045010209083557,0,-0.0,0
441,0,0,0.44046515226364136,0,-0.0,0
441,0,0,0.4404796361923218,0,-0.0,0
441,0,0,0.4404938519001007,0,-0.0,0
441,0,0,0.44050782918930054,0,-0.0,0
441,0,0,0.4405210614204407,0,-0.0,0
441,0,0,0.4405336380004883,0,-0.0,0
441,0,0,0.4405458867549896,0,-0.0,0
441,0,0,0.44055792689323425,0,-0.0,0
441,0,0,0.4405696392059326,0,-0.0,0
441,0,0,0.440581351518631,0,-0.0,0
441,0,0,0.4405924379825592,0,-0.0,0
441,0,0,0.4406036138534546,0,-0.0,0
441,0,0,0.4406144320964813,0,-0.0,0
441,0,0,0.4406253695487976,0,-0.0,0
441,0,0,0.44063568115234375,0,-0.0,0
441,0,0,0.4406459629535675,0,-0.0,0
441,0,0,0.44065600633621216,0,-0.0,0
441,0,0,0.44066596031188965,0,-0.0,0
441,0,0,0.4406755566596985,0,-0.0,0
441,0,0,0.44068488478660583,0,-0.0,0
441,0,0,0.4406941533088684,0,-0.0,0
441,0,0,0.4407036006450653,0,-0.0,0
441,0,0,0.44071295857429504,0,-0.0,0
441,0,0,0.4407223165035248,0,-0.0,0
441,0,0,0.4407314956188202,0,-0.0,0
441,0,0,0.4407404661178589,0,-0.0,0
441,0,0,0.44074922800064087,0,-0.0,0
441,0,0,0.4407578706741333,0,-0.0,0
441,0,0,0.440766304731369,0,-0.0,0
441,0,0,0.4407745599746704,0,-0.0,0
441,0,0,0.4407826066017151,0,-0.0,0
441,0,0,0.4407903850078583,0,-0.0,0
441,0,0,0.44079795479774475,0,-0.0,0
441,0,0,0.440805584192276,0,-0.0,0
441,0,0,0.44081294536590576,0,-0.0,0
441,0,0,0.4408190846443176,0,-0.0,0
441,0,0,0.4408247768878937,0,-0.0,0
441,0,0,0.4408304691314697,0,-0.0,0
441,0,0,0.44083598256111145,0,-0.0,0
441,0,0,0.44084155559539795,0,-0.0,0
441,0,0,0.44084686040878296,0,-0.0,0
441,0,0,0.4408523440361023,0,-0.0,0
441,0,0,0.44085758924484253,0,-0.0,0
441,0,0,0.440862774848938,0,-0.0,0
441,0,0,0.4408678710460663,0,-0.0,0
441,0,0,0.4408727288246155,0,-0.0,0
441,0,0,0.4408774971961975,0,-0.0,0
441,0,0,0.4408823251724243,0,-0.0,0
441,0,0,0.44088706374168396,0,-0.0,0
441,0,0,0.44089168310165405,0,-0.0,0
441,0,0,0.44089627265930176,0,-0.0,0
441,0,0,0.44090086221694946,0,-0.0,0
441,0,0,0.44090530276298523,0,-0.0,0
441,0,0,0.4409097731113434,0,-0.0,0
441,0,0,0.440914124250412,0,-0.0,0
441,0,0,0.4409183859825134,0,-0.0,0
441,0,0,0.4409225881099701,0,-0.0,0
441,0,0,0.44092682003974915,0,-0.0,0
441,0,0,0.4409308135509491,0,-0.0,0
441,0,0,0.4409347474575043,0,-0.0,0
441,0,0,0.44093868136405945,0,-0.0,0
441,0,0,0.44094276428222656,0,-0.0,0
441,0,0,0.44094666838645935,0,-0.0,0
441,0,0,0.44095054268836975,0,-0.0,0
441,0,0,0.44095444679260254,0,-0.0,0
441,0,0,0.4409582316875458,0,-0.0,0
441,0,0,0.4409620463848114,0,-0.0,0
441,0,0,0.4409656524658203,0,-0.0,0
441,0,0,0.4409693777561188,0,-0.0,0
441,0,0,0.4409729838371277,0,-0.0,0
441,0,0,0.440976619720459,0,-0.0,0
441,0,0,0.4409801661968231,0,-0.0,0
441,0,0,0.44098371267318726,0,-0.0,0
441,0,0,0.44098716974258423,0,-0.0,0
441,0,0,0.440990686416626,0,-0.0,0
441,0,0,0.44099414348602295,0,-0.0,0
441,0,0,0.44099757075309753,0,-0.0,0
441,0,0,0.4410009980201721,0,-0.0,0
441,0,0,0.44100433588027954,0,-0.0,0
441,0,0,0.44100767374038696,0,-0.0,0
441,0,0,0.4410109221935272,0,-0.0,0
441,0,0,0.4410141706466675,0,-0.0,0
441,0,0,0.4410174489021301,0,-0.0,0
441,0,0,0.441020667552948,0,-0.0,0
441,0,0,0.4410238564014435,0,-0.0,0
441,0,0,0.44102704524993896,0,-0.0,0
441,0,0,0.44103020429611206,0,-0.0,0
441,0,0,0.4410333037376404,0,-0.0,0
441,0,0,0.4410364329814911,0,-0.0,0
441,0,0,0.4410395324230194,0,-0.0,0
441,0,0,0.44104260206222534,0,-0.0,0
441,0,0,0.4410456418991089,0,-0.0,0
441,0,0,0.44104865193367004,0,-0.0,0
441,0,0,0.4410516917705536,0,-0.0,0
441,0,0,0.44105470180511475,0,-0.0,0
441,0,0,0.44105765223503113,0,-0.0,0
441,0,0,0.4410606324672699,0,-0.0,0
441,0,0,0.44106364250183105,0,-0.0,0
441,0,0,0.44106656312942505,0,-0.0,0
441,0,0,0.4410693645477295,0,-0.0,0
441,0,0,0.44107213616371155,0,-0.0,0
441,0,0,0.4410749077796936,0,-0.0,0
441,0,0,0.44107764959335327,0,-0.0,0
441,0,0,0.44108039140701294,0,-0.0,0
441,0,0,0.44108307361602783,0,-0.0,0
441,0,0,0.4410857558250427,0,-0.0,0
441,0,0,0.44108840823173523,0,-0.0,0
441,0,0,0.44109097123146057,0,-0.0,0
441,0,0,0.44109365344047546,0,-0.0,0
441,0,0,0.4410962164402008,0,-0.0,0
441,0,0,0.44109874963760376,0,-0.0,0
441,0,0,0.4411012530326843,0,-0.0,0
441,0,0,0.4411037564277649,0,-0.0,0
441,0,0,0.44110625982284546,0,-0.0,0
441,0,0,0.44110873341560364,0,-0.0,0
441,0,0,0.44111117720603943,0,-0.0,0
441,0,0,0.44111359119415283,0,-0.0,0
441,0,0,0.4411159157752991,0,-0.0,0
441,0,0,0.4411183297634125,0,-0.0,0
441,0,0,0.4411207437515259,0,-0.0,0
441,0,0,0.4411230683326721,0,-1.0,0
851,53,1,0.6195069551467896,1,0.9092190265655518,1
851,54,1,0.875518798828125,1,0.9419010281562805,1
851,55,1,0.9116666913032532,1,0.0,0
851,0,0,0.8042325377464294,1,-0.0,0
851,0,0,0.4916202127933502,0,-0.0,0
851,0,0,0.4409620463848114,0,-0.0,0
851,0,0,0.4411594569683075,0,-0.0,0
851,0,0,0.4412279427051544,0,-0.0,0
851,0,0,0.4412764012813568,0,-0.0,0
851,0,0,0.44131308794021606,0,-0.0,0
851,0,0,0.44134652614593506,0,-0.0,0
851,0,0,0.4413769543170929,0,-0.0,0
851,0,0,0.4414035677909851,0,-0.0,0
851,0,0,0.4414266049861908,0,-0.0,0
851,0,0,0.4414469599723816,0,-0.0,0
851,0,0,0.4414651691913605,0,-0.0,0
851,0,0,0.44148170948028564,0,-0.0,0
851,0,0,0.4414968192577362,0,-0.0,0
851,0,0,0.4415106177330017,0,-0.0,0
851,0,0,0.44152334332466125,0,-0.0,0
851,0,0,0.44153523445129395,0,-0.0,0
851,0,0,0.4415462613105774,0,-0.0,0
851,0,0,0.44155654311180115,0,-0.0,0
851,0,0,0.44156619906425476,0,-0.0,0
851,0,0,0.4415753483772278,0,-0.0,0
851,0,0,0.4415839612483978,0,-0.0,0
851,0,0,0.4415920376777649,0,-0.0,0
851,0,0,0.4415998160839081,0,-0.0,0
851,0,0,0.44160711765289307,0,-0.0,0
851,0,0,0.4416140913963318,0,-0.0,0
851,0,0,0.44162073731422424,0,-0.0,0
851,0,0,0.44162705540657043,0,-0.0,0
851,0,0,0.4416331648826599,0,-0.0,0
851,0,0,0.4416390061378479,0,-0.0,0
851,0,0,0.4416446387767792,0,-0.0,0
851,0,0,0.4416500926017761,0,-0.0,0
851,0,0,0.4416552782058716,0,-0.0,0
851,0,0,0.4416603147983551,0,-0.0,0
851,0,0,0.44166505336761475,0,-0.0,0
851,0,0,0.4416697025299072,0,-0.0,0
851,0,0,0.4416741728782654,0,-0.0,0
851,0,0,0.44167855381965637,0,-0.0,0
851,0,0,0.44168269634246826,0,-0.0,0
851,0,0,0.4416867196559906,0,-0.0,0
851,0,0,0.4416906237602234,0,-0.0,0
851,0,0,0.44169434905052185,0,-0.0,0
851,0,0,0.44169798493385315,0,-0.0,0
851,0,0,0.4417015314102173,0,-0.0,0
851,0,0,0.4417049288749695,0,-0.0,0
851,0,0,0.44170820713043213,0,-0.0,0
851,0,0,0.4417114853858948,0,-0.0,0
851,0,0,0.4417145848274231,0,-0.0,0
851,0,0,0.44171762466430664,0,-0.0,0
851,0,0,0.44172054529190063,0,-0.0,0
851,0,0,0.44172343611717224,0,-0.0,0
851,0,0,0.4417261779308319,0,-0.0,0
851,0,0,0.4417288601398468,0,-0.0,0
851,0,0,0.4417315125465393,0,-0.0,0
851,0,0,0.44173407554626465,0,-0.0,0
851,0,0,0.4417366087436676,0,-0.0,0
851,0,0,0.441739022731781,0,-0.0,0
851,0,0,0.4417414367198944,0,-0.0,0
851,0,0,0.44174376130104065,0,-0.0,0
851,0,0,0.4417459964752197,0,-0.0,0
851,0,0,0.4417482316493988,0,-0.0,0
851,0,0,0.4417503774166107,0,-0.0,0
851,0,0,0.4417524039745331,0,-0.0,0
851,0,0,0.441754549741745,0,-0.0,0
851,0,0,0.44175654649734497,0,-0.0,0
851,0,0,0.44175851345062256,0,-0.0,0
851,0,0,0.44176042079925537,0,-0.0,0
851,0,0,0.44176235795021057,0,-0.0,0
851,0,0,0.441764235496521,0,-0.0,0
851,0,0,0.44176599383354187,0,-0.0,0
851,0,0,0.4417678117752075,0,-0.0,0
851,0,0,0.441769540309906,0,-0.0,0
851,0,0,0.4417712688446045,0,-0.0,0
851,0,0,0.4417728781700134,0,-0.0,0
851,0,0,0.4417745769023895,0,-0.0,0
851,0,0,0.44177618622779846,0,-0.0,0
851,0,0,0.441777765750885,0,-0.0,0
851,0,0,0.44177931547164917,0,-0.0,0
851,0,0,0.44178083539009094,0,-0.0,0
851,0,0,0.4417823851108551,0,-0.0,0
851,0,0,0.4417838752269745,0,-0.0,0
851,0,0,0.44178536534309387,0,-0.0,0
851,0,0,0.4417867660522461,0,-0.0,0
851,0,0,0.4417881369590759,0,-0.0,0
851,0,0,0.4417895972728729,0,-0.0,0
851,0,0,0.44179093837738037,0,-0.0,0
851,0,0,0.4417923390865326,0,-0.0,0
851,0,0,0.44179365038871765,0,-0.0,0
851,0,0,0.4417949318885803,0,-0.0,0
851,0,0,0.4417962431907654,0,-0.0,0
851,0,0,0.44179755449295044,0,-0.0,0
851,0,0,0.44179874658584595,0,-0.0,0
851,0,0,0.4418000280857086,0,-0.0,0
851,0,0,0.4418013095855713,0,-0.0,0
851,0,0,0.4418025612831116,0,-0.0,0
851,0,0,0.44180384278297424,0,-0.0,0
851,0,0,0.4418050944805145,0,-0.0,0
851,0,0,0.44180628657341003,0,-0.0,0
851,0,0,0.44180744886398315,0,-0.0,0
851,0,0,0.4418086111545563,0,-0.0,0
851,0,0,0.4418098032474518,0,-0.0,0
851,0,0,0.4418109655380249,0,-0.0,0
851,0,0,0.44181206822395325,0,-0.0,0
851,0,0,0.4418131411075592,0,-0.0,0
851,0,0,0.44181424379348755,0,-0.0,0
851,0,0,0.4418153166770935,0,-0.0,0
851,0,0,0.44181638956069946,0,-0.0,0
851,0,0,0.4418174624443054,0,-0.0,0
851,0,0,0.441818505525589,0,-0.0,0
851,0,0,0.44181951880455017,0,-0.0,0
851,0,0,0.44182050228118896,0,-0.0,0
851,0,0,0.44182145595550537,0,-0.0,0
851,0,0,0.44182249903678894,0,-0.0,0
851,0,0,0.44182342290878296,0,-0.0,0
851,0,0,0.44182440638542175,0,-0.0,0
851,0,0,0.4418253004550934,0,-0.0,0
851,0,0,0.4418262541294098,0,-0.0,0
851,0,0,0.4418271481990814,0,-0.0,0
851,0,0,0.44182807207107544,0,-0.0,0
851,0,0,0.44182899594306946,0,-0.0,0
851,0,0,0.4418298602104187,0,-0.0,0
851,0,0,0.44183069467544556,0,-0.0,0
851,0,0,0.4418316185474396,0,-0.0,0
851,0,0,0.44183245301246643,0,-0.0,0
851,0,0,0.4418332874774933,0,-0.0,0
851,0,0,0.44183412194252014,0,-0.0,0
851,0,0,0.4418349266052246,0,-0.0,0
851,0,0,0.4418357014656067,0,-0.0,0
851,0,0,0.44183653593063354,0,-0.0,0
851,0,0,0.44183728098869324,0,-0.0,0
851,0,0,0.4418381452560425,0,-0.0,0
851,0,0,0.4418388903141022,0,-0.0,0
851,0,0,0.44183966517448425,0,-0.0,0
851,0,0,0.44184038043022156,0,-0.0,0
851,0,0,0.44184112548828125,0,-0.0,0
851,0,0,0.44184190034866333,0,-0.0,0
851,0,0,0.44184261560440063,0,-0.0,0
851,0,0,0.44184333086013794,0,-0.0,0
851,0,0,0.44184407591819763,0,-0.0,0
851,0,0,0.44184473156929016,0,-0.0,0
851,0,0,0.44184547662734985,0,-0.0,0
851,0,0,0.4418461322784424,0,-0.0,0
851,0,0,0.4418468475341797,0,-0.0,0
851,0,0,0.4418475329875946,0,-0.0,0
851,0,0,0.44184818863868713,0,-0.0,0
851,0,0,0.44184884428977966,0,-0.0,0
851,0,0,0.4418495297431946,0,-0.0,0
851,0,0,0.4418501555919647,0,-0.0,0
851,0,0,0.44185078144073486,0,-0.0,0
851,0,0,0.4418514370918274,0,-0.0,0
851,0,0,0.4418520927429199,0,-0.0,0
851,0,0,0.4418526887893677,0,-0.0,0
851,0,0,0.4418533146381378,0,-0.0,0
851,0,0,0.44185397028923035,0,-0.0,0
851,0,0,0.4418545663356781,0,-0.0,0
851,0,0,0.44185513257980347,0,-0.0,0
851,0,0,0.4418557286262512,0,-0.0,0
851,0,0,0.44185638427734375,0,-0.0,0
851,0,0,0.4418569505214691,0,-0.0,0
851,0,0,0.4418574869632721,0,-0.0,0
851,0,0,0.44185805320739746,0,-0.0,0
851,0,0,0.4418586194515228,0,-0.0,0
851,0,0,0.4418591856956482,0,-0.0,0
851,0,0,0.44185972213745117,0,-0.0,0
851,0,0,0.44186028838157654,0,-0.0,0
851,0,0,0.4418608546257019,0,-0.0,0
851,0,0,0.4418613910675049,0,-0.0,0
851,0,0,0.44186192750930786,0,-0.0,0
851,0,0,0.44186243414878845,0,-0.0,0
851,0,0,0.4418630003929138,0,-0.0,0
851,0,0,0.44186344742774963,0,-0.0,0
851,0,0,0.441864013671875,0,-0.0,0
851,0,0,0.44186457991600037,0,-0.0,0
851,0,0,0.4418650269508362,0,-0.0,0
851,0,0,0.44186556339263916,0,-0.0,0
851,0,0,0.44186607003211975,0,-0.0,0
851,0,0,0.44186651706695557,0,-0.0,0
851,0,0,0.44186699390411377,0,-0.0,0
851,0,0,0.44186750054359436,0,-0.0,0
851,0,0,0.44186800718307495,0,-0.0,0
851,0,0,0.44186848402023315,0,-0.0,0
851,0,0,0.44186896085739136,0,-0.0,0
851,0,0,0.4418694078922272,0,-0.0,0
851,0,0,0.4418698847293854,0,-0.0,0
851,0,0,0.4418703317642212,0,-0.0,0
851,0,0,0.4418708086013794,0,-0.0,0
851,0,0,0.4418712854385376,0,-0.0,0
851,0,0,0.4418717324733734,0,-0.0,0
851,0,0,0.44187214970588684,0,-0.0,0
851,0,0,0.44187256693840027,0,-0.0,0
851,0,0,0.44187304377555847,0,-0.0,0
851,0,0,0.4418734610080719,0,-0.0,0
851,0,0,0.4418738782405853,0,-0.0,0
851,0,0,0.44187435507774353,0,-0.0,0
851,0,0,0.4418747127056122,0,-0.0,0
851,0,0,0.4418751895427704,0,-1.0,0
294,92,0,0.6354122161865234,1,0.6424509882926941,1
294,93,1,0.5009493231773376,1,0.5202929973602295,1
294,94,0,0.6743254065513611,1,0.6551570296287537,1
294,95,1,0.5125997066497803,1,0.6947669982910156,1
294,96,1,0.8255533576011658,1,0.7214019894599915,1
294,97,0,0.8108683824539185,1,0.44698500633239746,0
294,98,0,0.5992915034294128,1,0.7331050038337708,1
294,99,1,0.48296058177948,0,0.730006992816925,1
294,92,0,0.5759828686714172,1,0.5860880017280579,1
294,93,0,0.5527772903442383,1,0.7082740068435669,1
294,94,1,0.4717126786708832,0,0.5334110260009766,1
294,95,1,0.5532078146934509,1,0.8443099856376648,1
294,96,0,0.8709751963615417,1,0.8486120104789734,1
294,97,0,0.5724151134490967,1,0.39739200472831726,0
294,98,1,0.45491692423820496,0,0.5860459804534912,1
294,99,1,0.5682916641235352,1,0.8208839893341064,1
294,92,1,0.5171329379081726,1,0.5719410181045532,1
294,93,1,0.7545872926712036,1,0.4683910012245178,0
294,94,1,0.8006846308708191,1,0.6791110038757324,1
294,95,1,0.8710103034973145,1,0.9022840261459351,1
294,96,1,0.7666113376617432,1,0.6752489805221558,1
294,97,1,0.7243634462356567,1,0.3766449987888336,0
294,98,1,0.8405190706253052,1,0.6834049820899963,1
294,99,1,0.8828888535499573,1,0.8364220261573792,1
294,94,1,0.8779017925262451,1,0.7745879888534546,1
294,100,0,0.9050877690315247,1,0.23297099769115448,0
294,101,0,0.6764179468154907,1,0.5702610015869141,1
294,102,0,0.4852710962295532,0,0.6117839813232422,1
294,101,0,0.4375500977039337,0,0.4788860082626343,0
294,103,0,0.49022817611694336,0,0.47418200969696045,0
294,94,0,0.6404415369033813,1,0.8176730275154114,1
294,100,0,0.48272502422332764,0,0.28501200675964355,0
294,102,0,0.4261922836303711,0,0.4535509943962097,0
294,101,0,0.4318106770515442,0,0.4582740068435669,0
294,102,1,0.4239369332790375,0,0.41372498869895935,0
294,101,1,0.4616810977458954,0,0.4545849859714508,0
294,103,1,0.6228485703468323,1,0.5649269819259644,1
294,94,0,0.6482222676277161,1,0.7653939723968506,1
294,100,0,0.5353163480758667,1,0.2973040044307709,0
294,101,0,0.5106865167617798,1,0.547307014465332,1
294,102,1,0.4670933485031128,0,0.5914850234985352,1
294,101,1,0.4490185081958771,0,0.47292599081993103,0
294,103,0,0.6317097544670105,1,0.8290939927101135,1
294,94,1,0.5378896594047546,1,0.6557049751281738,1
294,100,0,0.5906645059585571,1,0.30047398805618286,0
294,101,1,0.48818716406822205,0,0.5752959847450256,1
294,102,1,0.7947003841400146,1,0.7670599818229675,1
294,101,1,0.8671322464942932,1,0.6987419724464417,1
294,103,1,0.5303367376327515,1,0.7724419832229614,1
294,94,1,0.7671974897384644,1,0.7621099948883057,1
294,100,1,0.6589622497558594,1,0.3013089895248413,0
294,101,1,0.8708853721618652,1,0.7994940280914307,1
294,102,1,0.8596633672714233,1,0.8605949878692627,1
294,101,1,0.8751106858253479,1,0.8586660027503967,1
294,103,1,0.8729884624481201,1,0.8607029914855957,1
294,94,1,0.8743692636489868,1,0.812654972076416,1
294,100,0,0.9049090147018433,1,0.49336498975753784,0
294,101,1,0.7892197966575623,1,0.8869439959526062,1
294,102,1,0.8479928970336914,1,0.8948420286178589,1
294,101,1,0.8740711808204651,1,0.8991270065307617,1
294,103,1,0.8846258521080017,1,0.8695269823074341,1
294,94,1,0.8739347457885742,1,0.8320279717445374,1
294,100,0,0.7683537602424622,1,0.3718140125274658,0
294,101,1,0.8727802038192749,1,0.9041380286216736,1
294,102,1,0.8623841404914856,1,0.9055910110473633,1
294,101,1,0.876418948173523,1,0.9061610102653503,1
294,103,1,0.8909929990768433,1,0.8703110218048096,1
294,94,1,0.8784981966018677,1,0.838828980922699,1
294,100,1,0.49187734723091125,0,0.3223389983177185,0
294,101,0,0.875203549861908,1,0.9069709777832031,1
294,102,1,0.7672009468078613,1,0.908797025680542,1
294,101,1,0.6641276478767395,1,0.0,0
294,0,0,0.707599937915802,1,-0.0,0
294,0,0,0.4715632200241089,0,-0.0,0
294,0,0,0.4378296732902527,0,-0.0,0
294,0,0,0.4382811486721039,0,-0.0,0
294,0,0,0.43852198123931885,0,-0.0,0
294,0,0,0.4386522173881531,0,-0.0,0
294,0,0,0.4387378394603729,0,-0.0,0
294,0,0,0.43881064653396606,0,-0.0,0
294,0,0,0.43887585401535034,0,-0.0,0
294,0,0,0.4389318823814392,0,-0.0,0
294,0,0,0.43898242712020874,0,-0.0,0
294,0,0,0.43902504444122314,0,-0.0,0
294,0,0,0.4390634596347809,0,-0.0,0
294,0,0,0.4390983581542969,0,-0.0,0
294,0,0,0.4391302168369293,0,-0.0,0
294,0,0,0.4391602575778961,0,-0.0,0
294,0,0,0.43918922543525696,0,-0.0,0
294,0,0,0.4392162263393402,0,-0.0,0
294,0,0,0.43925485014915466,0,-0.0,0
294,0,0,0.439294695854187,0,-0.0,0
294,0,0,0.4393331706523895,0,-0.0,0
294,0,0,0.4393695592880249,0,-0.0,0
294,0,0,0.43940505385398865,0,-0.0,0
294,0,0,0.43943968415260315,0,-0.0,0
294,0,0,0.4394731819629669,0,-0.0,0
294,0,0,0.4395054280757904,0,-0.0,0
294,0,0,0.43953678011894226,0,-0.0,0
294,0,0,0.4395669102668762,0,-0.0,0
294,0,0,0.43959611654281616,0,-0.0,0
294,0,0,0.43962377309799194,0,-0.0,0
294,0,0,0.43965110182762146,0,-0.0,0
294,0,0,0.4396771788597107,0,-0.0,0
294,0,0,0.4397023618221283,0,-0.0,0
294,0,0,0.4397265911102295,0,-0.0,0
294,0,0,0.4397508502006531,0,-0.0,0
294,0,0,0.4397742748260498,0,-0.0,0
294,0,0,0.43979713320732117,0,-0.0,0
294,0,0,0.4398196339607239,0,-0.0,0
294,0,0,0.43984168767929077,0,-0.0,0
294,0,0,0.439862459897995,0,-0.0,0
294,0,0,0.43988236784935,0,-0.0,0
294,0,0,0.43990156054496765,0,-0.0,0
294,0,0,0.4399166703224182,0,-0.0,0
294,0,0,0.4399315118789673,0,-0.0,0
294,0,0,0.4399460554122925,0,-0.0,0
294,0,0,0.4399602711200714,0,-0.0,0
294,0,0,0.43997448682785034,0,-0.0,0
294,0,0,0.4399881362915039,0,-0.0,0
294,0,0,0.4400016665458679,0,-0.0,0
294,0,0,0.44001469016075134,0,-0.0,0
294,0,0,0.4400271475315094,0,-0.0,0
294,0,0,0.44003936648368835,0,-0.0,0
294,0,0,0.44005146622657776,0,-0.0,0
294,0,0,0.44006311893463135,0,-0.0,0
294,0,0,0.4400748312473297,0,-0.0,0
294,0,0,0.4400862753391266,0,-0.0,0
294,0,0,0.4400976002216339,0,-0.0,0
294,0,0,0.4401087462902069,0,-0.0,0
294,0,0,0.44011959433555603,0,-0.0,0
294,0,0,0.44012996554374695,0,-0.0,0
294,0,0,0.4401402175426483,0,-0.0,0
294,0,0,0.44015011191368103,0,-0.0,0
294,0,0,0.44016018509864807,0,-0.0,0
294,0,0,0.4401700794696808,0,-0.0,0
294,0,0,0.44017964601516724,0,-0.0,0
294,0,0,0.44018909335136414,0,-0.0,0
294,0,0,0.44019854068756104,0,-0.0,0
294,0,0,0.44020789861679077,0,-0.0,0
294,0,0,0.44021669030189514,0,-0.0,0
294,0,0,0.4402253329753876,0,-0.0,0
294,0,0,0.44023364782333374,0,-0.0,0
294,0,0,0.4402419626712799,0,-0.0,0
294,0,0,0.4402499198913574,0,-0.0,0
294,0,0,0.44025784730911255,0,-0.0,0
294,0,0,0.4402664005756378,0,-0.0,0
294,0,0,0.4402748644351959,0,-0.0,0
294,0,0,0.4402831792831421,0,-0.0,0
294,0,0,0.44029155373573303,0,-0.0,0
294,0,0,0.44029930233955383,0,-0.0,0
294,0,0,0.4403069019317627,0,-0.0,0
294,0,0,0.44031453132629395,0,-0.0,0
294,0,0,0.44032201170921326,0,-0.0,0
294,0,0,0.44032931327819824,0,-0.0,0
294,0,0,0.4403364658355713,0,-0.0,0
294,0,0,0.4403437376022339,0,-0.0,0
294,0,0,0.4403509497642517,0,-0.0,0
294,0,0,0.44035807251930237,0,-0.0,0
294,0,0,0.44036510586738586,0,-0.0,0
294,0,0,0.44037193059921265,0,-0.0,0
294,0,0,0.440378874540329,0,-0.0,0
294,0,0,0.4403855800628662,0,-0.0,0
294,0,0,0.4403921067714691,0,-0.0,0
294,0,0,0.4403986632823944,0,-0.0,0
294,0,0,0.4404052197933197,0,-0.0,0
294,0,0,0.44041159749031067,0,-0.0,0
294,0,0,0.440418004989624,0,-0.0,0
294,0,0,0.4404241740703583,0,-0.0,0
294,0,0,0.44043049216270447,0,-0.0,0
294,0,0,0.4404366612434387,0,-0.0,0
294,0,0,0.44044268131256104,0,-0.0,0
294,0,0,0.44044870138168335,0,-0.0,0
294,0,0,0.4404546320438385,0,-0.0,0
294,0,0,0.4404606223106384,0,-0.0,0
294,0,0,0.4404665529727936,0,-0.0,0
294,0,0,0.44047218561172485,0,-0.0,0
294,0,0,0.4404776692390442,0,-0.0,0
294,0,0,0.44048330187797546,0,-0.0,0
294,0,0,0.44048866629600525,0,-0.0,0
294,0,0,0.44049403071403503,0,-0.0,0
294,0,0,0.44049936532974243,0,-0.0,0
294,0,0,0.4405045211315155,0,-0.0,0
294,0,0,0.4405098557472229,0,-0.0,0
294,0,0,0.4405152201652527,0,-0.0,0
294,0,0,0.44052058458328247,0,-0.0,0
294,0,0,0.44052594900131226,0,-0.0,0
294,0,0,0.4405312240123749,0,-0.0,0
294,0,0,0.44053640961647034,0,-0.0,0
294,0,0,0.4405415952205658,0,-0.0,0
294,0,0,0.4405466318130493,0,-0.0,0
294,0,0,0.4405515789985657,0,-0.0,0
294,0,0,0.44055649638175964,0,-0.0,0
294,0,0,0.4405615031719208,0,-0.0,0
294,0,0,0.4405663013458252,0,-0.0,0
294,0,0,0.44057101011276245,0,-0.0,0
294,0,0,0.4405757784843445,0,-0.0,0
294,0,0,0.44058045744895935,0,-0.0,0
294,0,0,0.44058510661125183,0,-0.0,0
294,0,0,0.44058963656425476,0,-1.0,0
748,0,0,0.596228301525116,1,0.6939290165901184,1
748,2,0,0.37414056062698364,0,0.5744879841804504,1
748,1,1,0.3538380563259125,0,0.5324869751930237,1
748,3,0,0.8806790709495544,1,0.8932999968528748,1
748,4,0,0.4577096700668335,0,0.6945300102233887,1
748,5,0,0.45344385504722595,0,0.7909770011901855,1
748,6,1,0.5958105325698853,1,0.9223989844322205,1
748,6,1,0.8211286664009094,1,0.9310160279273987,1
748,0,0,0.49181827902793884,0,0.5645110011100769,1
748,2,0,0.3741872012615204,0,0.46952199935913086,0
748,1,0,0.5139682292938232,1,0.6168000102043152,1
748,3,1,0.616503894329071,1,0.7083179950714111,1
748,4,1,0.5312942266464233,1,0.598488986492157,1
748,5,1,0.7421185970306396,1,0.7047439813613892,1
748,6,1,0.9046732187271118,1,0.9380519986152649,1
748,6,1,0.9431091547012329,1,0.9436990022659302,1
748,0,1,0.5770953893661499,1,0.5258920192718506,1
748,1,1,0.5436028242111206,1,0.5448790192604065,1
748,2,0,0.5019632577896118,1,0.42422300577163696,0
748,4,0,0.8291663527488708,1,0.6802819967269897,1
748,3,1,0.767898678779602,1,0.7801600098609924,1
748,5,0,0.7858525514602661,1,0.7827749848365784,1
748,6,1,0.7688342332839966,1,0.9481719732284546,1
748,6,1,0.9392505288124084,1,0.9516760110855103,1
748,0,0,0.6667245030403137,1,0.5392270088195801,1
748,2,0,0.3706901967525482,0,0.4097749888896942,0
748,1,1,0.44865962862968445,0,0.6271160244941711,1
748,3,1,0.9558449387550354,1,0.8448410034179688,1
748,4,1,0.4650813043117523,0,0.588267982006073,1
748,5,1,0.6999651193618774,1,0.6956310272216797,1
748,6,1,0.9422144889831543,1,0.954397976398468,1
748,6,1,0.9432490468025208,1,0.9564989805221558,1
748,0,0,0.5756354928016663,1,0.5208799839019775,1
748,1,1,0.6961268186569214,1,0.6852449774742126,1
748,2,1,0.3972455859184265,0,0.40563300251960754,0
748,3,1,0.9605525135993958,1,0.8936650156974792,1
748,4,1,0.8516839146614075,1,0.6701300144195557,1
748,5,1,0.9016764760017395,1,0.7764359712600708,1
748,6,1,0.9442014694213867,1,0.9581130146980286,1
748,6,1,0.9442728161811829,1,0.9593480229377747,1
748,0,1,0.4564708173274994,0,0.5175740122795105,1
748,1,1,0.7087001204490662,1,0.7179170250892639,1
748,2,0,0.6607595682144165,1,0.4494439959526062,0
748,3,1,0.9557768702507019,1,0.925836980342865,1
748,4,1,0.8497511148452759,1,0.7427510023117065,1
748,5,0,0.9041612148284912,1,0.8274509906768799,1
748,6,1,0.9063477516174316,1,0.9602890014648438,1
748,6,1,0.9423027634620667,1,0.9610059857368469,1
748,0,1,0.7539945840835571,1,0.5249819755554199,1
748,1,0,0.6905888915061951,1,0.7339580059051514,1
748,2,1,0.3880080580711365,0,0.4175260066986084,0
748,4,1,0.6103740334510803,1,0.7937759757041931,1
748,3,1,0.9592078328132629,1,0.9451829791069031,1
748,5,1,0.7162356376647949,1,0.7557629942893982,1
748,6,1,0.9427527189254761,1,0.9615499973297119,1
748,6,1,0.9436877965927124,1,0.9619629979133606,1
748,0,0,0.7873433232307434,1,0.0,0
748,0,0,0.5261361002922058,1,-0.0,0
748,0,0,0.4383285939693451,0,-0.0,0
748,0,0,0.438726544380188,0,-0.0,0
748,0,0,0.4389188885688782,0,-0.0,0
748,0,0,0.4390340745449066,0,-0.0,0
748,0,0,0.4391184449195862,0,-0.0,0
748,0,0,0.43919992446899414,0,-0.0,0
748,0,0,0.4392808973789215,0,-0.0,0
748,0,0,0.4393617510795593,0,-0.0,0
748,0,0,0.4394370913505554,0,-0.0,0
748,0,0,0.4395008087158203,0,-0.0,0
748,0,0,0.43955886363983154,0,-0.0,0
748,0,0,0.4396131634712219,0,-0.0,0
748,0,0,0.43966394662857056,0,-0.0,0
748,0,0,0.43971240520477295,0,-0.0,0
748,0,0,0.439757764339447,0,-0.0,0
748,0,0,0.4397992193698883,0,-0.0,0
748,0,0,0.4398391544818878,0,-0.0,0
748,0,0,0.4398776590824127,0,-0.0,0
748,0,0,0.4399145841598511,0,-0.0,0
748,0,0,0.43995001912117004,0,-0.0,0
748,0,0,0.43998411297798157,0,-0.0,0
748,0,0,0.4400174021720886,0,-0.0,0
748,0,0,0.4400485157966614,0,-0.0,0
748,0,0,0.44007816910743713,0,-0.0,0
748,0,0,0.44010624289512634,0,-0.0,0
748,0,0,0.4401334524154663,0,-0.0,0
748,0,0,0.4401589035987854,0,-0.0,0
748,0,0,0.4401840269565582,0,-0.0,0
748,0,0,0.4402081370353699,0,-0.0,0
748,0,0,0.4402316212654114,0,-0.0,0
748,0,0,0.44025424122810364,0,-0.0,0
748,0,0,0.4402756989002228,0,-0.0,0
748,0,0,0.4402964115142822,0,-0.0,0
748,0,0,0.4403155744075775,0,-0.0,0
748,0,0,0.4403337836265564,0,-0.0,0
748,0,0,0.44035205245018005,0,-0.0,0
748,0,0,0.4403696358203888,0,-0.0,0
748,0,0,0.44038674235343933,0,-0.0,0
748,0,0,0.44040337204933167,0,-0.0,0
748,0,0,0.44041985273361206,0,-0.0,0
748,0,0,0.44043585658073425,0,-0.0,0
748,0,0,0.4404471218585968,0,-0.0,0
748,0,0,0.44045785069465637,0,-0.0,0
748,0,0,0.4404684007167816,0,-0.0,0
748,0,0,0.44047877192497253,0,-0.0,0
748,0,0,0.44048893451690674,0,-0.0,0
748,0,0,0.44049882888793945,0,-0.0,0
748,0,0,0.44050854444503784,0,-0.0,0
748,0,0,0.440518319606781,0,-0.0,0
748,0,0,0.4405275285243988,0,-0.0,0
748,0,0,0.44053688645362854,0,-0.0,0
748,0,0,0.44054585695266724,0,-0.0,0
748,0,0,0.44055500626564026,0,-0.0,0
748,0,0,0.44056370854377747,0,-0.0,0
748,0,0,0.44057226181030273,0,-0.0,0
748,0,0,0.4405807852745056,0,-0.0,0
748,0,0,0.44058915972709656,0,-0.0,0
748,0,0,0.4405975043773651,0,-0.0,0
748,0,0,0.44060561060905457,0,-0.0,0
748,0,0,0.4406135082244873,0,-0.0,0
748,0,0,0.44062137603759766,0,-0.0,0
748,0,0,0.4406287968158722,0,-0.0,0
748,0,0,0.4406360983848572,0,-0.0,0
748,0,0,0.44064339995384216,0,-0.0,0
748,0,0,0.4406508207321167,0,-0.0,0
748,0,0,0.44065824151039124,0,-0.0,0
748,0,0,0.44066518545150757,0,-0.0,0
748,0,0,0.4406723976135254,0,-0.0,0
748,0,0,0.4406793415546417,0,-0.0,0
748,0,0,0.4406861960887909,0,-0.0,0
748,0,0,0.4406929016113281,0,-0.0,0
748,0,0,0.44069957733154297,0,-0.0,0
748,0,0,0.44070619344711304,0,-0.0,0
748,0,0,0.44071269035339355,0,-0.0,0
748,0,0,0.4407190680503845,0,-0.0,0
748,0,0,0.4407253563404083,0,-0.0,0
748,0,0,0.4407317638397217,0,-0.0,0
748,0,0,0.44073787331581116,0,-0.0,0
748,0,0,0.44074389338493347,0,-0.0,0
748,0,0,0.4407499134540558,0,-0.0,0
748,0,0,0.44075584411621094,0,-0.0,0
748,0,0,0.4407620429992676,0,-0.0,0
748,0,0,0.44076815247535706,0,-0.0,0
748,0,0,0.440774142742157,0,-0.0,0
748,0,0,0.44078001379966736,0,-0.0,0
748,0,0,0.4407859444618225,0,-0.0,0
748,0,0,0.44079169631004333,0,-0.0,0
748,0,0,0.4407973885536194,0,-0.0,0
748,0,0,0.44080299139022827,0,-0.0,0
748,0,0,0.44080865383148193,0,-0.0,0
748,0,0,0.4408140778541565,0,-0.0,0
748,0,0,0.44081950187683105,0,-0.0,0
748,0,0,0.440824955701828,0,-0.0,0
748,0,0,0.440830796957016,0,-0.0,0
748,0,0,0.44083645939826965,0,-0.0,0
748,0,0,0.44084233045578003,0,-0.0,0
748,0,0,0.4408480226993561,0,-0.0,0
748,0,0,0.44085368514060974,0,-0.0,0
748,0,0,0.4408593475818634,0,-0.0,0
748,0,0,0.44086480140686035,0,-0.0,0
748,0,0,0.4408703148365021,0,-0.0,0
748,0,0,0.44087573885917664,0,-0.0,0
748,0,0,0.44088101387023926,0,-0.0,0
748,0,0,0.44088631868362427,0,-0.0,0
748,0,0,0.4408915936946869,0,-0.0,0
748,0,0,0.4408966898918152,0,-0.0,0
748,0,0,0.4409014582633972,0,-0.0,0
748,0,0,0.44090622663497925,0,-0.0,0
748,0,0,0.44091102480888367,0,-0.0,0
748,0,0,0.44091561436653137,0,-0.0,0
748,0,0,0.4409201741218567,0,-0.0,0
748,0,0,0.4409247636795044,0,-0.0,0
748,0,0,0.4409293234348297,0,-0.0,0
748,0,0,0.44093382358551025,0,-0.0,0
748,0,0,0.44093817472457886,0,-0.0,0
748,0,0,0.44094252586364746,0,-0.0,0
748,0,0,0.44094693660736084,0,-0.0,0
748,0,0,0.4409511983394623,0,-0.0,0
748,0,0,0.4409554600715637,0,-0.0,0
748,0,0,0.44095972180366516,0,-0.0,0
748,0,0,0.44096389412879944,0,-0.0,0
748,0,0,0.440967321395874,0,-0.0,0
748,0,0,0.4409705400466919,0,-0.0,0
748,0,0,0.44097381830215454,0,-0.0,0
748,0,0,0.4409770667552948,0,-0.0,0
748,0,0,0.44098013639450073,0,-0.0,0
748,0,0,0.44098329544067383,0,-0.0,0
748,0,0,0.44098663330078125,0,-0.0,0
748,0,0,0.4409896731376648,0,-0.0,0
748,0,0,0.4409928321838379,0,-0.0,0
748,0,0,0.4409959018230438,0,-0.0,0
748,0,0,0.44099894165992737,0,-0.0,0
748,0,0,0.4410019814968109,0,-0.0,0
748,0,0,0.44100508093833923,0,-0.0,0
748,0,0,0.4410080313682556,0,-0.0,0
748,0,0,0.4410110116004944,0,-0.0,0
748,0,0,0.4410139322280884,0,-0.0,0
748,0,0,0.4410168528556824,0,-0.0,0
748,0,0,0.44101983308792114,0,-0.0,0
748,0,0,0.4410225450992584,0,-0.0,0
748,0,0,0.4410254657268524,0,-0.0,0
748,0,0,0.441028356552124,0,-1.0,0
762,0,1,0.5961660146713257,1,0.6939290165901184,1
762,2,0,0.7280330657958984,1,0.5744879841804504,1
762,1,1,0.3578394651412964,0,0.5324869751930237,1
762,3,1,0.9085047841072083,1,0.8932999968528748,1
762,4,1,0.8554617166519165,1,0.6945300102233887,1
762,5,1,0.9054117202758789,1,0.7909770011901855,1
762,6,1,0.9449113011360168,1,0.9223989844322205,1
762,6,1,0.9456782937049866,1,0.9310160279273987,1
762,0,0,0.8031989336013794,1,0.7538800239562988,1
762,1,0,0.5079083442687988,1,0.6168000102043152,1
762,2,0,0.4091013967990875,0,0.46952199935913086,0
762,3,1,0.8252301216125488,1,0.9256100058555603,1
762,4,0,0.8411231637001038,1,0.7610849738121033,1
762,5,0,0.5625597834587097,1,0.8355249762535095,1
762,6,1,0.7063214182853699,1,0.9380519986152649,1
762,6,1,0.9274476170539856,1,0.9436990022659302,1
762,0,0,0.4765273928642273,0,0.5961660146713257,1
762,1,0,0.3528262674808502,0,0.5448790192604065,1
762,2,0,0.37425458431243896,0,0.42422300577163696,0
762,3,1,0.9574196934700012,1,0.9450510144233704,1
762,4,1,0.4483921229839325,0,0.6623860001564026,1
762,5,1,0.6756630539894104,1,0.7701159715652466,1
762,6,0,0.9443485140800476,1,0.9481719732284546,1
762,6,1,0.823131799697876,1,0.8897709846496582,1
762,0,0,0.5984979867935181,1,0.5330510139465332,1
762,1,1,0.4051021337509155,0,0.48285600543022156,0
762,2,0,0.45889812707901,0,0.4097749888896942,0
762,3,1,0.9424761533737183,1,0.9561079740524292,1
762,4,1,0.8335214853286743,1,0.7366499900817871,1
762,5,1,0.8971521854400635,1,0.8238469958305359,1
762,6,0,0.936400830745697,1,0.9031460285186768,1
762,6,1,0.672010600566864,1,0.8065080046653748,1
762,0,0,0.5107309818267822,1,0.5197380185127258,1
762,2,0,0.3722395896911621,0,0.40563300251960754,0
762,1,1,0.4913851022720337,0,0.5701760053634644,1
762,3,1,0.9582219123840332,1,0.9621959924697876,1
762,4,1,0.8523030877113342,1,0.7898759841918945,1
762,5,1,0.9045192003250122,1,0.8527259826660156,1
762,6,0,0.935563862323761,1,0.8218039870262146,1
762,6,1,0.6783830523490906,1,0.7627589702606201,1
762,0,0,0.4912004768848419,0,0.5173770189285278,1
762,2,1,0.3701785206794739,0,0.40448299050331116,0
762,1,1,0.5431475639343262,1,0.6467819809913635,1
762,3,1,0.9597948789596558,1,0.9654889702796936,1
762,4,0,0.8520938158035278,1,0.8218669891357422,1
762,5,1,0.7022957801818848,1,0.8667430281639099,1
762,6,1,0.9106974601745605,1,0.7719460129737854,1
762,6,1,0.940220832824707,1,0.7828850150108337,1
762,0,0,0.4586847424507141,0,0.516972005367279,1
762,1,0,0.6832278370857239,1,0.6969559788703918,1
762,2,0,0.4269946217536926,0,0.4473080039024353,0
762,4,0,0.44826409220695496,0,0.7624539732933044,1
762,3,1,0.9218790531158447,1,0.9672520160675049,1
762,5,1,0.8945378065109253,1,0.8732100129127502,1
762,6,0,0.9395350813865662,1,0.7955740094184875,1
762,6,1,0.6497851610183716,1,0.7560750246047974,1
762,0,1,0.47003376483917236,0,0.5169029831886292,1
762,2,1,0.41028594970703125,0,0.4168420135974884,0
762,1,1,0.4247874915599823,0,0.6486949920654297,1
762,4,1,0.6011565923690796,1,0.6640769839286804,1
762,3,1,0.9460466504096985,1,0.9681919813156128,1
762,5,1,0.8977603316307068,1,0.8761240243911743,1
762,6,0,0.9238501191139221,1,0.763821005821228,1
762,6,1,0.7166314125061035,1,0.749970018863678,1
762,0,0,0.5994369983673096,1,0.5238119959831238,1
762,2,0,0.4604107439517975,0,0.4696510136127472,0
762,1,1,0.39680397510528564,0,0.6980569958686829,1
762,4,1,0.7376733422279358,1,0.7379940152168274,1
762,3,1,0.958965003490448,1,0.9686909914016724,1
762,5,1,0.899534285068512,1,0.8774229884147644,1
762,6,1,0.9292319416999817,1,0.7562729716300964,1
762,6,1,0.9405673742294312,1,0.7640630006790161,1
762,0,1,0.5418195724487305,1,0.5180860161781311,1
762,1,1,0.6976466774940491,1,0.7243859767913818,1
762,2,1,0.41354939341545105,0,0.4242669939994812,0
762,4,1,0.843821108341217,1,0.7907410264015198,1
762,3,1,0.9602347612380981,1,0.9689559936523438,1
762,5,0,0.9035633206367493,1,0.8779990077018738,1
762,6,1,0.9135695695877075,1,0.773514986038208,1
762,6,1,0.940605103969574,1,0.7847269773483276,1
762,0,0,0.7434925436973572,1,0.5258709788322449,1
762,2,0,0.5072149634361267,1,0.482450008392334,0
762,1,1,0.5522565841674805,1,0.7369629740715027,1
762,4,1,0.7975264191627502,1,0.8223509788513184,1
762,3,1,0.9593613743782043,1,0.9690960049629211,1
762,5,1,0.5952622890472412,1,0.8769009709358215,1
762,6,1,0.94219571352005,1,0.7976760268211365,1
762,6,1,0.9428115487098694,1,0.8121790289878845,1
762,0,0,0.587649405002594,1,0.518447995185852,1
762,1,1,0.6994690895080566,1,0.7426530122756958,1
762,2,1,0.4089997708797455,0,0.4288100004196167,0
762,4,1,0.844492495059967,1,0.8393509984016418,1
762,3,1,0.9602597951889038,1,0.9691699743270874,1
762,5,1,0.8935562968254089,1,0.8777679800987244,1
762,6,1,0.9433973431587219,1,0.8278719782829285,1
762,6,1,0.9437032341957092,1,0.8442350029945374,1
762,0,1,0.4615784287452698,0,0.5171549916267395,1
762,1,1,0.7076321244239807,1,0.7451639771461487,1
762,2,1,0.6252703666687012,1,0.4900610148906708,0
762,4,1,0.8435149788856506,1,0.8479650020599365,1
762,3,1,0.9603384137153625,1,0.9692100286483765,1
762,5,1,0.9033968448638916,1,0.8781520128250122,1
762,6,1,0.9440297484397888,1,0.860647976398468,1
762,6,1,0.9441621899604797,1,0.8764849901199341,1
762,0,0,0.783266007900238,1,0.5242519974708557,1
762,2,0,0.6242019534111023,1,0.5789099931716919,1
762,1,1,0.5534394383430481,1,0.7462599873542786,1
762,3,0,0.9583656191825867,1,0.9692299962043762,1
762,4,0,0.6941783428192139,1,0.852196991443634,1
762,5,1,0.6711328625679016,1,0.8783220052719116,1
762,6,1,0.9249761700630188,1,0.891202986240387,1
762,6,1,0.9404348134994507,1,0.9044119715690613,1
762,0,1,0.5231595039367676,1,0.5181630253791809,1
762,1,1,0.6704844236373901,1,0.7467359900474548,1
762,2,0,0.4232832193374634,0,0.4719269871711731,0
762,4,1,0.4962860643863678,0,0.8431689739227295,1
762,3,1,0.9440029263496399,1,0.9689739942550659,1
762,5,1,0.8980887532234192,1,0.8783969879150391,1
762,6,1,0.9424124956130981,1,0.9159010052680969,1
762,6,1,0.9431931376457214,1,0.9256240129470825,1
762,0,1,0.7662705779075623,1,0.5260050296783447,1
762,2,0,0.404046893119812,0,0.4250589907169342,0
762,1,1,0.7008086442947388,1,0.7469419836997986,1
762,3,0,0.9593169689178467,1,0.9691060185432434,1
762,4,1,0.7387221455574036,1,0.8498510122299194,1
762,5,1,0.8955132961273193,1,0.8784300088882446,1
762,6,1,0.9419034123420715,1,0.9336649775505066,1
762,6,1,0.9431332349777222,1,0.9401879906654358,1
762,0,1,0.7789367437362671,1,0.5394189953804016,1
762,1,1,0.7004072666168213,1,0.7470319867134094,1
762,2,1,0.3756730258464813,0,0.41002100706100464,0
762,4,0,0.8460553288459778,1,0.853111982345581,1
762,3,1,0.8931313157081604,1,0.9674950242042542,1
762,5,1,0.844620943069458,1,0.878445029258728,1
762,6,1,0.9372775554656982,1,0.9453970193862915,1
762,6,1,0.9421615600585938,1,0.9495059847831726,1
762,7,1,0.8076326847076416,1,0.7255330085754395,1
762,9,1,0.8878946900367737,1,0.8021690249443054,1
762,8,1,0.8778494000434875,1,0.8739780187606812,1
762,10,1,0.9132014513015747,1,0.5817549824714661,1
762,12,1,0.9323558807373047,1,0.9291480183601379,1
762,11,1,0.9111036658287048,1,0.6359530091285706,1
762,13,1,0.8416781425476074,1,0.6097490191459656,1
762,6,1,0.9417181015014648,1,0.9527149796485901,1
762,14,1,0.8251916766166687,1,0.6390529870986938,1
762,7,1,0.8388633131980896,1,0.7869089841842651,1
762,9,1,0.8955575823783875,1,0.8257089853286743,1
762,8,0,0.8912532925605774,1,0.8866220116615295,1
762,10,0,0.884814441204071,1,0.7268940210342407,1
762,12,1,0.8514963388442993,1,0.9554799795150757,1
762,11,1,0.8821868300437927,1,0.8118699789047241,1
762,13,1,0.8230420351028442,1,0.7168639898300171,1
762,6,1,0.9384051561355591,1,0.9552019834518433,1
762,14,1,0.8259872794151306,1,0.7612800002098083,1
762,7,1,0.8355680108070374,1,0.8356389999389648,1
762,9,1,0.8921810388565063,1,0.844232976436615,1
762,8,1,0.8214578032493591,1,0.8038859963417053,1
762,12,0,0.9329565763473511,1,0.9582819938659668,1
762,11,1,0.8712670803070068,1,0.877830982208252,1
762,10,1,0.8942802548408508,1,0.6675990223884583,1
762,13,1,0.8410233855247498,1,0.7883920073509216,1
762,6,0,0.9396769404411316,1,0.9571170210838318,1
762,14,1,0.7985251545906067,1,0.8259239792823792,1
762,7,0,0.8224785923957825,1,0.8692299723625183,1
762,9,1,0.814324140548706,1,0.8580849766731262,1
762,8,1,0.8482765555381775,1,0.8207769989967346,1
762,10,1,0.9040789008140564,1,0.7903069853782654,1
762,12,1,0.8879645466804504,1,0.9547539949417114,1
762,11,1,0.9109966158866882,1,0.8957489728927612,1
762,13,1,0.8459129929542542,1,0.8253329992294312,1
762,6,1,0.9142931699752808,1,0.9271330237388611,1
762,14,1,0.8310587406158447,1,0.8523780107498169,1
762,7,0,0.7304079532623291,1,0.7318199872970581,1
762,9,1,0.8887816071510315,1,0.0,0
762,0,0,0.7513026595115662,1,-0.0,0
762,0,0,0.481552392244339,0,-0.0,0
762,0,0,0.44354426860809326,0,-0.0,0
762,0,0,0.44088509678840637,0,-0.0,0
762,0,0,0.4399714469909668,0,-0.0,0
762,0,0,0.4395183324813843,0,-0.0,0
762,0,0,0.43924418091773987,0,-0.0,0
762,0,0,0.4390626549720764,0,-0.0,0
762,0,0,0.4389413297176361,0,-0.0,0
762,0,0,0.43884149193763733,0,-0.0,0
762,0,0,0.4387586712837219,0,-0.0,0
762,0,0,0.43870243430137634,0,-0.0,0
762,0,0,0.43866488337516785,0,-0.0,0
762,0,0,0.43863239884376526,0,-0.0,0
762,0,0,0.4386039674282074,0,-0.0,0
762,0,0,0.43857866525650024,0,-0.0,0
762,0,0,0.4385564625263214,0,-0.0,0
762,0,0,0.43853694200515747,0,-0.0,0
762,0,0,0.4385223984718323,0,-0.0,0
762,0,0,0.4385077655315399,0,-0.0,0
762,0,0,0.43849942088127136,0,-0.0,0
762,0,0,0.43848833441734314,0,-0.0,0
762,0,0,0.4384770393371582,0,-0.0,0
762,0,0,0.4384671449661255,0,-0.0,0
762,0,0,0.43846073746681213,0,-0.0,0
762,0,0,0.4384571611881256,0,-1.0,0
735,0,1,0.596153199672699,1,0.6939290165901184,1
735,2,0,0.7279836535453796,1,0.5744879841804504,1
735,1,1,0.3578214943408966,0,0.5324869751930237,1
735,3,1,0.9084970951080322,1,0.8932999968528748,1
735,4,1,0.8554257154464722,1,0.6945300102233887,1
735,5,1,0.9054059386253357,1,0.7909770011901855,1
735,6,1,0.9449103474617004,1,0.9223989844322205,1
735,6,1,0.9456777572631836,1,0.0,0
735,0,0,0.8032097816467285,1,-0.0,0
735,0,0,0.5194787383079529,1,-0.0,0
735,0,0,0.43931466341018677,0,-0.0,0
735,0,0,0.44049638509750366,0,-0.0,0
735,0,0,0.4406237304210663,0,-0.0,0
735,0,0,0.44071611762046814,0,-0.0,0
735,0,0,0.44079652428627014,0,-0.0,0
735,0,0,0.44085144996643066,0,-0.0,0
735,0,0,0.4408973455429077,0,-0.0,0
735,0,0,0.4409363567829132,0,-0.0,0
735,0,0,0.4409697353839874,0,-0.0,0
735,0,0,0.4409997761249542,0,-0.0,0
735,0,0,0.4410266876220703,0,-0.0,0
735,0,0,0.4410511255264282,0,-0.0,0
735,0,0,0.4410737454891205,0,-0.0,0
735,0,0,0.44109487533569336,0,-0.0,0
735,0,0,0.4411146342754364,0,-0.0,0
735,0,0,0.44113296270370483,0,-0.0,0
735,0,0,0.44115015864372253,0,-0.0,0
735,0,0,0.44116640090942383,0,-0.0,0
735,0,0,0.44118162989616394,0,-0.0,0
735,0,0,0.44119611382484436,0,-0.0,0
735,0,0,0.4412098526954651,0,-0.0,0
735,0,0,0.4412229359149933,0,-0.0,0
735,0,0,0.4412352740764618,0,-0.0,0
735,0,0,0.4412471055984497,0,-0.0,0
735,0,0,0.4412582218647003,0,-0.0,0
735,0,0,0.44126880168914795,0,-0.0,0
735,0,0,0.44127896428108215,0,-0.0,0
735,0,0,0.441288560628891,0,-0.0,0
735,0,0,0.44129785895347595,0,-0.0,0
735,0,0,0.4413066804409027,0,-0.0,0
735,0,0,0.4413151741027832,0,-0.0,0
735,0,0,0.44132333993911743,0,-0.0,0
735,0,0,0.44133099913597107,0,-0.0,0
735,0,0,0.441338449716568,0,-0.0,0
735,0,0,0.4413466155529022,0,-0.0,0
735,0,0,0.4413548707962036,0,-0.0,0
735,0,0,0.4413628578186035,0,-0.0,0
735,0,0,0.4413706362247467,0,-0.0,0
735,0,0,0.4413781464099884,0,-0.0,0
735,0,0,0.4413853585720062,0,-0.0,0
735,0,0,0.44139230251312256,0,-0.0,0
735,0,0,0.4413990080356598,0,-0.0,0
735,0,0,0.44140559434890747,0,-0.0,0
735,0,0,0.44141191244125366,0,-0.0,0
735,0,0,0.4414180517196655,0,-0.0,0
735,0,0,0.44142410159111023,0,-0.0,0
735,0,0,0.44142985343933105,0,-0.0,0
735,0,0,0.44143548607826233,0,-0.0,0
735,0,0,0.44144099950790405,0,-0.0,0
735,0,0,0.44144630432128906,0,-0.0,0
735,0,0,0.4414514899253845,0,-0.0,0
735,0,0,0.44145655632019043,0,-0.0,0
735,0,0,0.441461443901062,0,-0.0,0
735,0,0,0.4414662718772888,0,-0.0,0
735,0,0,0.44147101044654846,0,-0.0,0
735,0,0,0.4414755702018738,0,-0.0,0
735,0,0,0.4414800703525543,0,-0.0,0
735,0,0,0.4414847791194916,0,-0.0,0
735,0,0,0.4414893388748169,0,-0.0,0
735,0,0,0.4414937496185303,0,-0.0,0
735,0,0,0.4414980709552765,0,-0.0,0
735,0,0,0.44150233268737793,0,-0.0,0
735,0,0,0.4415064752101898,0,-0.0,0
735,0,0,0.44151046872138977,0,-0.0,0
735,0,0,0.4415145218372345,0,-0.0,0
735,0,0,0.4415183663368225,0,-0.0,0
735,0,0,0.44152218103408813,0,-0.0,0
735,0,0,0.4415259063243866,0,-0.0,0
735,0,0,0.4415295720100403,0,-0.0,0
735,0,0,0.4415332078933716,0,-0.0,0
735,0,0,0.44153663516044617,0,-0.0,0
735,0,0,0.44154009222984314,0,-0.0,0
735,0,0,0.44154343008995056,0,-0.0,0
735,0,0,0.441546767950058,0,-0.0,0
735,0,0,0.44154998660087585,0,-0.0,0
735,0,0,0.44155317544937134,0,-0.0,0
735,0,0,0.44155624508857727,0,-0.0,0
735,0,0,0.4415593147277832,0,-0.0,0
735,0,0,0.44156235456466675,0,-0.0,0
735,0,0,0.44156527519226074,0,-0.0,0
735,0,0,0.44156819581985474,0,-0.0,0
735,0,0,0.44157102704048157,0,-0.0,0
735,0,0,0.4415738582611084,0,-0.0,0
735,0,0,0.44157662987709045,0,-0.0,0
735,0,0,0.44157931208610535,0,-0.0,0
735,0,0,0.44158196449279785,0,-0.0,0
735,0,0,0.4415845572948456,0,-0.0,0
735,0,0,0.4415871798992157,0,-0.0,0
735,0,0,0.44158971309661865,0,-0.0,0
735,0,0,0.4415922462940216,0,-0.0,0
735,0,0,0.4415947496891022,0,-0.0,0
735,0,0,0.4415971636772156,0,-0.0,0
735,0,0,0.441599577665329,0,-0.0,0
735,0,0,0.4416019022464752,0,-0.0,0
735,0,0,0.44160422682762146,0,-0.0,0
735,0,0,0.4416065514087677,0,-0.0,0
735,0,0,0.4416087865829468,0,-0.0,0
735,0,0,0.44161102175712585,0,-0.0,0
735,0,0,0.44161316752433777,0,-0.0,0
735,0,0,0.44161540269851685,0,-0.0,0
735,0,0,0.441617488861084,0,-0.0,0
735,0,0,0.4416195750236511,0,-0.0,0
735,0,0,0.4416216313838959,0,-0.0,0
735,0,0,0.44162365794181824,0,-0.0,0
735,0,0,0.441625714302063,0,-0.0,0
735,0,0,0.4416276812553406,0,-0.0,0
735,0,0,0.4416296184062958,0,-0.0,0
735,0,0,0.44163158535957336,0,-0.0,0
735,0,0,0.4416334331035614,0,-0.0,0
735,0,0,0.44163528084754944,0,-0.0,0
735,0,0,0.44163718819618225,0,-0.0,0
735,0,0,0.4416390061378479,0,-0.0,0
735,0,0,0.44164082407951355,0,-0.0,0
735,0,0,0.4416425824165344,0,-0.0,0
735,0,0,0.4416443109512329,0,-0.0,0
735,0,0,0.4416460692882538,0,-0.0,0
735,0,0,0.4416477680206299,0,-0.0,0
735,0,0,0.4416494369506836,0,-0.0,0
735,0,0,0.44165104627609253,0,-0.0,0
735,0,0,0.44165268540382385,0,-0.0,0
735,0,0,0.44165435433387756,0,-0.0,0
735,0,0,0.4416559338569641,0,-0.0,0
735,0,0,0.44165751338005066,0,-0.0,0
735,0,0,0.4416590631008148,0,-0.0,0
735,0,0,0.4416605830192566,0,-0.0,0
735,0,0,0.441662073135376,0,-0.0,0
735,0,0,0.44166362285614014,0,-0.0,0
735,0,0,0.44166505336761475,0,-0.0,0
735,0,0,0.4416666030883789,0,-0.0,0
735,0,0,0.4416680335998535,0,-0.0,0
735,0,0,0.44166943430900574,0,-0.0,0
735,0,0,0.44167086482048035,0,-0.0,0
735,0,0,0.44167232513427734,0,-0.0,0
735,0,0,0.4416736662387848,0,-0.0,0
735,0,0,0.44167500734329224,0,-0.0,0
735,0,0,0.44167640805244446,0,-0.0,0
735,0,0,0.4416777193546295,0,-0.0,0
735,0,0,0.44167906045913696,0,-0.0,0
735,0,0,0.441680371761322,0,-0.0,0
735,0,0,0.44168171286582947,0,-0.0,0
735,0,0,0.44168296456336975,0,-0.0,0
735,0,0,0.44168421626091003,0,-0.0,0
735,0,0,0.4416854679584503,0,-0.0,0
735,0,0,0.4416867196559906,0,-0.0,0
735,0,0,0.4416879415512085,0,-0.0,0
735,0,0,0.441689133644104,0,-0.0,0
735,0,0,0.4416904151439667,0,-0.0,0
735,0,0,0.4416915774345398,0,-0.0,0
735,0,0,0.4416927695274353,0,-0.0,0
735,0,0,0.44169390201568604,0,-0.0,0
735,0,0,0.44169509410858154,0,-0.0,0
735,0,0,0.4416962265968323,0,-0.0,0
735,0,0,0.4416973888874054,0,-0.0,0
735,0,0,0.44169846177101135,0,-0.0,0
735,0,0,0.4416996240615845,0,-0.0,0
735,0,0,0.4417007267475128,0,-0.0,0
735,0,0,0.4417017996311188,0,-0.0,0
735,0,0,0.4417029023170471,0,-0.0,0
735,0,0,0.4417039752006531,0,-0.0,0
735,0,0,0.44170504808425903,0,-0.0,0
735,0,0,0.44170618057250977,0,-0.0,0
735,0,0,0.4417072832584381,0,-0.0,0
735,0,0,0.4417083263397217,0,-0.0,0
735,0,0,0.44170942902565,0,-0.0,0
735,0,0,0.4417104423046112,0,-0.0,0
735,0,0,0.44171151518821716,0,-0.0,0
735,0,0,0.4417125880718231,0,-0.0,0
735,0,0,0.4417136013507843,0,-0.0,0
735,0,0,0.44171464443206787,0,-0.0,0
735,0,0,0.44171562790870667,0,-0.0,0
735,0,0,0.44171667098999023,0,-0.0,0
735,0,0,0.44171762466430664,0,-0.0,0
735,0,0,0.4417186379432678,0,-0.0,0
735,0,0,0.4417196214199066,0,-0.0,0
735,0,0,0.4417206048965454,0,-0.0,0
735,0,0,0.44172152876853943,0,-0.0,0
735,0,0,0.4417225122451782,0,-0.0,0
735,0,0,0.44172343611717224,0,-0.0,0
735,0,0,0.44172435998916626,0,-0.0,0
735,0,0,0.4417252838611603,0,-0.0,0
735,0,0,0.4417261779308319,0,-0.0,0
735,0,0,0.4417271018028259,0,-0.0,0
735,0,0,0.44172802567481995,0,-0.0,0
735,0,0,0.44172897934913635,0,-0.0,0
735,0,0,0.4417298436164856,0,-0.0,0
735,0,0,0.4417307376861572,0,-0.0,0
735,0,0,0.44173163175582886,0,-0.0,0
735,0,0,0.4417324662208557,0,-0.0,0
735,0,0,0.44173333048820496,0,-0.0,0
735,0,0,0.4417341649532318,0,-1.0,0
838,92,0,0.6353898048400879,1,0.6424509882926941,1
838,93,0,0.5009296536445618,1,0.5202929973602295,1
838,94,1,0.4609008729457855,0,0.6551570296287537,1
838,95,0,0.6544985175132751,1,0.6947669982910156,1
838,96,0,0.4931555688381195,0,0.7214019894599915,1
838,97,0,0.4858986735343933,0,0.44698500633239746,0
838,98,0,0.4479833245277405,0,0.7331050038337708,1
838,99,1,0.44065600633621216,0,0.730006992816925,1
838,92,1,0.46488088369369507,0,0.5860880017280579,1
838,93,1,0.761481761932373,1,0.3719710111618042,0
838,94,0,0.7213850617408752,1,0.7618079781532288,1
838,95,1,0.547385573387146,1,0.6460040211677551,1
838,96,1,0.7703198790550232,1,0.5529850125312805,1
838,97,0,0.7380281686782837,1,0.39739200472831726,0
838,98,0,0.5224594473838806,1,0.5860459804534912,1
838,99,0,0.5595834255218506,1,0.8208839893341064,1
838,92,1,0.4187641739845276,0,0.6969450116157532,1
838,93,1,0.6884140372276306,1,0.5318120121955872,1
838,94,1,0.508323609828949,1,0.649944007396698,1
838,95,1,0.8294346928596497,1,0.8196020126342773,1
838,96,0,0.8830608129501343,1,0.7468109726905823,1
838,97,1,0.5665333271026611,1,0.3766449987888336,0
838,98,1,0.6174999475479126,1,0.5300840139389038,1
838,99,1,0.6742554306983948,1,0.7679870128631592,1
838,92,1,0.6293671131134033,1,0.7931699752807617,1
838,93,0,0.8643050789833069,1,0.7178599834442139,1
838,94,1,0.6199628114700317,1,0.7589020133018494,1
838,95,1,0.801520049571991,1,0.8941640257835388,1
838,96,0,0.7560004591941833,1,0.5675870180130005,1
838,97,1,0.5908151268959045,1,0.5608779788017273,1
838,98,1,0.8217578530311584,1,0.615676999092102,1
838,99,0,0.8651058673858643,1,0.8278250098228455,1
838,92,1,0.6091803908348083,1,0.8548880219459534,1
838,93,1,0.5997019410133362,1,0.4767509996891022,0
838,94,1,0.8508926033973694,1,0.8113380074501038,1
838,95,1,0.8742537498474121,1,0.9173020124435425,1
838,96,1,0.6475779414176941,1,0.5012279748916626,1
838,97,1,0.836423933506012,1,0.7003099918365479,1
838,98,0,0.8394462466239929,1,0.7142810225486755,1
838,99,1,0.6727526783943176,1,0.7932649850845337,1
838,92,1,0.6984352469444275,1,0.887158989906311,1
838,93,0,0.8634082078933716,1,0.667855978012085,1
838,94,1,0.6960620284080505,1,0.8315539956092834,1
838,95,1,0.8455395698547363,1,0.9237170219421387,1
838,96,0,0.8853551149368286,1,0.7017830014228821,1
838,97,0,0.6424641609191895,1,0.7570649981498718,1
838,98,1,0.5501753687858582,1,0.5756670236587524,1
838,99,0,0.6319976449012756,1,0.8320760130882263,1
838,92,1,0.523961067199707,1,0.9022459983825684,1
838,93,0,0.6077509522438049,1,0.43845000863075256,0
838,94,0,0.815514087677002,1,0.8386669754981995,1
838,95,0,0.748895525932312,1,0.9254379868507385,1
838,96,0,0.5202375650405884,1,0.543412983417511,1
838,97,0,0.4938254952430725,0,0.7191749811172485,1
838,98,0,0.5249963998794556,1,0.6718389987945557,1
838,99,0,0.45005783438682556,0,0.8097800016403198,1
838,92,1,0.5442827939987183,1,0.9089289903640747,1
838,93,1,0.5039454698562622,1,0.3501630127429962,0
838,94,0,0.5219736695289612,1,0.8294500112533569,1
838,95,1,0.4746815264225006,0,0.9229710102081299,1
838,96,0,0.6025022864341736,1,0.4962649941444397,0
838,97,1,0.50059974193573,1,0.6417449712753296,1
838,98,1,0.5267819166183472,1,0.5566369891166687,1
838,99,1,0.5879022479057312,1,0.7313839793205261,1
838,92,1,0.8167871832847595,1,0.9118180274963379,1
838,93,0,0.7762649059295654,1,0.493259996175766,0
838,94,1,0.5680072903633118,1,0.7993850111961365,1
838,95,1,0.6695905923843384,1,0.9252390265464783,1
838,96,0,0.6995903849601746,1,0.4879550039768219,0
838,97,0,0.6001784801483154,1,0.7362300157546997,1
838,98,1,0.6968645453453064,1,0.6495100259780884,1
838,99,0,0.721866250038147,1,0.8211479783058167,1
838,92,1,0.6710045337677002,1,0.9130539894104004,1
838,93,1,0.5281303524971008,1,0.363988995552063,0
838,94,1,0.7437984943389893,1,0.8271790146827698,1
838,95,1,0.8604097366333008,1,0.9258430004119873,1
838,96,1,0.5745961666107178,1,0.4866490066051483,0
838,97,1,0.6213544607162476,1,0.6738449931144714,1
838,98,0,0.8301733732223511,1,0.7460910081863403,1
838,99,0,0.6221489310264587,1,0.7689129710197449,1
838,92,1,0.7178716063499451,1,0.9135800004005432,1
838,93,1,0.7323135733604431,1,0.5182369947433472,1
838,94,0,0.8226756453514099,1,0.8371570110321045,1
838,95,1,0.8049710392951965,1,0.9260039925575256,1
838,96,1,0.8291008472442627,1,0.687371015548706,1
838,98,1,0.6037192940711975,1,0.5941020250320435,1
838,99,0,0.5536519289016724,1,0.6269659996032715,1
838,97,0,0.691875696182251,1,0.7480980157852173,1
838,92,1,0.7673719525337219,1,0.9138039946556091,1
838,93,1,0.7681437134742737,1,0.7065190076828003,1
838,94,1,0.588988184928894,1,0.824292004108429,1
838,95,1,0.8698000907897949,1,0.9260460138320923,1
838,96,1,0.8800502419471741,1,0.8320630192756653,1
838,97,0,0.5586054921150208,1,0.6987469792366028,1
838,98,1,0.7977863550186157,1,0.6921049952507019,1
838,99,1,0.466932475566864,0,0.4420259892940521,0
838,92,1,0.8147913813591003,1,0.9138990044593811,1
838,93,1,0.8614182472229004,1,0.8249199986457825,1
838,94,0,0.8381437063217163,1,0.8361520171165466,1
838,95,1,0.848034679889679,1,0.9260579943656921,1
838,96,0,0.8773018717765808,1,0.8930659890174866,1
838,97,1,0.5476666688919067,1,0.6080800294876099,1
838,98,1,0.70424485206604,1,0.781715989112854,1
838,99,0,0.7843478918075562,1,0.7294430136680603,1
838,92,1,0.6542969942092896,1,0.9139389991760254,1
838,93,1,0.7962188124656677,1,0.8716959953308105,1
838,94,1,0.6138835549354553,1,0.8209099769592285,1
838,95,1,0.8617865443229675,1,0.9260609745979309,1
838,96,0,0.7283331751823425,1,0.7865650057792664,1
838,97,0,0.617363691329956,1,0.7224379777908325,1
838,98,1,0.8095198273658752,1,0.8439890146255493,1
838,99,1,0.4967426359653473,0,0.5560629963874817,1
838,92,1,0.8072753548622131,1,0.9139559864997864,1
838,93,1,0.8446210026741028,1,0.8866739869117737,1
838,94,1,0.8303051590919495,1,0.8349660038948059,1
838,95,0,0.8717764616012573,1,0.9260609745979309,1
838,96,1,0.5872485041618347,1,0.5974079966545105,1
838,97,1,0.6234034895896912,1,0.6475800275802612,1
838,98,1,0.7414957880973816,1,0.879476010799408,1
838,99,0,0.7947186827659607,1,0.7769790291786194,1
838,94,0,0.7731767892837524,1,0.8398330211639404,1
838,100,0,0.631985068321228,1,0.23297099769115448,0
838,101,0,0.491895854473114,0,0.5702610015869141,1
838,101,0,0.43995538353919983,0,0.4788860082626343,0
838,102,1,0.4632858633995056,0,0.6117839813232422,1
838,101,0,0.4438692629337311,0,0.4582740068435669,0
838,101,1,0.43767422437667847,0,0.4545849859714508,0
838,103,0,0.5617357492446899,1,0.47418200969696045,0
838,94,1,0.53168785572052,1,0.8335000276565552,1
838,100,0,0.5748895406723022,1,0.28501200675964355,0
838,101,0,0.5088518261909485,1,0.547307014465332,1
838,102,0,0.563429594039917,1,0.7806180119514465,1
838,101,1,0.44226497411727905,0,0.47292599081993103,0
838,103,1,0.5315820574760437,1,0.5649269819259644,1
838,94,1,0.604162335395813,1,0.8393329977989197,1
838,100,0,0.6443411707878113,1,0.2973040044307709,0
838,101,0,0.5666870474815369,1,0.5752959847450256,1
838,102,0,0.4483932852745056,0,0.5594000220298767,1
838,101,1,0.4422025978565216,0,0.48027899861335754,0
838,103,1,0.605654239654541,1,0.8290939927101135,1
838,94,1,0.7679212093353271,1,0.8413130044937134,1
838,100,0,0.6109588742256165,1,0.30047398805618286,0
838,101,0,0.6063146591186523,1,0.5859180092811584,1
838,102,0,0.43518948554992676,0,0.4371989965438843,0
838,101,0,0.44232115149497986,0,0.48333099484443665,0
838,103,1,0.7409570813179016,1,0.866582989692688,1
838,94,0,0.8042829036712646,1,0.8419780135154724,1
838,100,1,0.5065218210220337,1,0.3013089895248413,0
838,101,0,0.4604399800300598,0,0.45910799503326416,0
838,102,0,0.432461678981781,0,0.4108859896659851,0
838,101,0,0.4364979863166809,0,0.45472899079322815,0
838,103,0,0.8200664520263672,1,0.8700510263442993,1
838,94,1,0.49273884296417236,0,0.0,0
838,0,0,0.46020975708961487,0,-0.0,0
838,0,0,0.4381065368652344,0,-0.0,0
838,0,0,0.43797245621681213,0,-0.0,0
838,0,0,0.43833404779434204,0,-0.0,0
838,0,0,0.43854132294654846,0,-0.0,0
838,0,0,0.43865102529525757,0,-0.0,0
838,0,0,0.4387253522872925,0,-0.0,0
838,0,0,0.4387773275375366,0,-0.0,0
838,0,0,0.4388118386268616,0,-0.0,0
838,0,0,0.4388448894023895,0,-0.0,0
838,0,0,0.43886837363243103,0,-0.0,0
838,0,0,0.43888968229293823,0,-0.0,0
838,0,0,0.43891069293022156,0,-0.0,0
838,0,0,0.438930869102478,0,-0.0,0
838,0,0,0.43895021080970764,0,-0.0,0
838,0,0,0.4389728605747223,0,-0.0,0
838,0,0,0.4389934539794922,0,-0.0,0
838,0,0,0.43900731205940247,0,-0.0,0
838,0,0,0.4390180706977844,0,-0.0,0
838,0,0,0.43902772665023804,0,-0.0,0
838,0,0,0.4390373229980469,0,-0.0,0
838,0,0,0.4390459954738617,0,-0.0,0
838,0,0,0.43905484676361084,0,-0.0,0
838,0,0,0.4390631914138794,0,-0.0,0
838,0,0,0.4390712082386017,0,-0.0,0
838,0,0,0.4390791058540344,0,-0.0,0
838,0,0,0.4390869140625,0,-0.0,0
838,0,0,0.4390941858291626,0,-0.0,0
838,0,0,0.43910133838653564,0,-0.0,0
838,0,0,0.43910807371139526,0,-0.0,0
838,0,0,0.439115971326828,0,-0.0,0
838,0,0,0.43912461400032043,0,-0.0,0
838,0,0,0.43913301825523376,0,-0.0,0
838,0,0,0.43914133310317993,0,-0.0,0
838,0,0,0.4391496181488037,0,-0.0,0
838,0,0,0.4391578137874603,0,-0.0,0
838,0,0,0.43916597962379456,0,-0.0,0
838,0,0,0.4391746520996094,0,-0.0,0
838,0,0,0.4391830861568451,0,-0.0,0
838,0,0,0.4391922950744629,0,-0.0,0
838,0,0,0.4392009973526001,0,-0.0,0
838,0,0,0.4392097294330597,0,-0.0,0
838,0,0,0.43921878933906555,0,-0.0,0
838,0,0,0.4392276108264923,0,-0.0,0
838,0,0,0.4392358958721161,0,-0.0,0
838,0,0,0.43924418091773987,0,-0.0,0
838,0,0,0.4392521381378174,0,-1.0,0
734,0,0,0.5961544513702393,1,0.6939290165901184,1
734,1,1,0.3551800847053528,0,0.5324869751930237,1
734,2,0,0.5752761363983154,1,0.5744879841804504,1
734,3,1,0.7194581627845764,1,0.8932999968528748,1
734,4,1,0.7906006574630737,1,0.6945300102233887,1
734,5,1,0.8956854343414307,1,0.7909770011901855,1
734,6,1,0.9400925040245056,1,0.9223989844322205,1
734,6,1,0.9449704885482788,1,0.9310160279273987,1
734,0,0,0.6327701807022095,1,0.5645110011100769,1
734,2,1,0.37344124913215637,0,0.46952199935913086,0
734,1,0,0.7079153656959534,1,0.6168000102043152,1
734,3,1,0.8466318845748901,1,0.9256100058555603,1
734,5,1,0.8941894769668579,1,0.8355249762535095,1
734,4,1,0.8515926003456116,1,0.7610849738121033,1
734,6,1,0.9455115795135498,1,0.9380519986152649,1
734,6,1,0.9453370571136475,1,0.9436990022659302,1
734,0,1,0.47493329644203186,0,0.5258920192718506,1
734,2,0,0.690568745136261,1,0.551701009273529,1
734,1,1,0.4076926112174988,0,0.5448790192604065,1
734,4,1,0.6930391788482666,1,0.8051180243492126,1
734,5,1,0.9050183892250061,1,0.8585109710693359,1
734,3,1,0.9605964422225952,1,0.9450510144233704,1
734,6,1,0.9462634921073914,1,0.9481719732284546,1
734,6,1,0.9457951188087463,1,0.9516760110855103,1
734,0,1,0.8009769320487976,1,0.5392270088195801,1
734,1,0,0.7142407298088074,1,0.6271160244941711,1
734,2,1,0.4651111960411072,0,0.4578860104084015,0
734,3,1,0.9277451038360596,1,0.9561079740524292,1
734,4,1,0.855216383934021,1,0.830249011516571,1
734,5,1,0.9062008857727051,1,0.8694379925727844,1
734,6,1,0.945600688457489,1,0.954397976398468,1
734,6,1,0.9456784725189209,1,0.9564989805221558,1
734,0,1,0.80211341381073,1,0.5611500144004822,1
734,1,1,0.558860719203949,1,0.5557370185852051,1
734,2,1,0.6774919629096985,1,0.5352010130882263,1
734,4,0,0.8497394919395447,1,0.843396008014679,1
734,3,1,0.8978143334388733,1,0.9621959924697876,1
734,5,1,0.8923177719116211,1,0.8744300007820129,1
734,6,1,0.9428172707557678,1,0.9581130146980286,1
734,6,1,0.9450837969779968,1,0.9593480229377747,1
734,0,1,0.796360194683075,1,0.5949230194091797,1
734,1,1,0.707990825176239,1,0.6357769966125488,1
734,2,1,0.7044658064842224,1,0.6313729882240295,1
734,4,1,0.7043234705924988,1,0.8165299892425537,1
734,3,1,0.960446298122406,1,0.9654889702796936,1
734,5,1,0.9064422249794006,1,0.8766689896583557,1
734,6,1,0.9459028840065002,1,0.9602890014648438,1
734,6,1,0.9458926320075989,1,0.9610059857368469,1
734,7,1,0.8512426614761353,1,0.7255330085754395,1
734,8,1,0.9018986225128174,1,0.8739780187606812,1
734,9,1,0.9069023132324219,1,0.8021690249443054,1
734,12,1,0.937634289264679,1,0.9291480183601379,1
734,10,1,0.921212911605835,1,0.5817549824714661,1
734,11,0,0.9204707741737366,1,0.6359530091285706,1
734,13,0,0.7680525183677673,1,0.6097490191459656,1
734,6,1,0.84739750623703,1,0.9615499973297119,1
734,14,1,0.7681350708007812,1,0.6390529870986938,1
734,7,1,0.8395894765853882,1,0.7869089841842651,1
734,8,1,0.8964071869850159,1,0.8866220116615295,1
734,9,0,0.9020079374313354,1,0.8257089853286743,1
734,12,1,0.90926194190979,1,0.9554799795150757,1
734,11,1,0.8869348168373108,1,0.5975610017776489,1
734,10,1,0.9150426983833313,1,0.7268940210342407,1
734,13,0,0.7971184253692627,1,0.526964008808136,1
734,6,1,0.9342404007911682,1,0.9619629979133606,1
734,14,1,0.838577926158905,1,0.7612800002098083,1
734,7,0,0.8501609563827515,1,0.8356389999389648,1
734,9,1,0.662067174911499,1,0.7385889887809753,1
734,8,0,0.8520585298538208,1,0.8973919749259949,1
734,12,1,0.8521007299423218,1,0.9582819938659668,1
734,10,0,0.9080294966697693,1,0.8253639936447144,1
734,11,1,0.7741822004318237,1,0.7923120260238647,1
734,13,1,0.6342402100563049,1,0.49265098571777344,0
734,6,1,0.9297489523887634,1,0.9622759819030762,1
734,14,0,0.8292532563209534,1,0.8259239792823792,1
734,7,0,0.5961565971374512,1,0.6674550175666809,1
734,9,1,0.726372241973877,1,0.7697740197181702,1
734,8,0,0.6935580372810364,1,0.820559024810791,1
734,10,1,0.8414804935455322,1,0.7415879964828491,1
734,12,1,0.9300088286399841,1,0.9585719704627991,1
734,11,0,0.911604642868042,1,0.8719450235366821,1
734,13,1,0.698260486125946,1,0.6030840277671814,1
734,6,1,0.9382820129394531,1,0.0,0
734,0,0,0.7578727006912231,1,-0.0,0
734,0,0,0.46891477704048157,0,-0.0,0
734,0,0,0.438838392496109,0,-0.0,0
734,0,0,0.4387240707874298,0,-0.0,0
734,0,0,0.4386191964149475,0,-0.0,0
734,0,0,0.4385654628276825,0,-0.0,0
734,0,0,0.4385391175746918,0,-0.0,0
734,0,0,0.4385266900062561,0,-0.0,0
734,0,0,0.4385201930999756,0,-0.0,0
734,0,0,0.43851858377456665,0,-0.0,0
734,0,0,0.43851950764656067,0,-0.0,0
734,0,0,0.4385267496109009,0,-0.0,0
734,0,0,0.4385356903076172,0,-0.0,0
734,0,0,0.4385456442832947,0,-0.0,0
734,0,0,0.43855857849121094,0,-0.0,0
734,0,0,0.4385722875595093,0,-0.0,0
734,0,0,0.4385833442211151,0,-0.0,0
734,0,0,0.4385947585105896,0,-0.0,0
734,0,0,0.4386065900325775,0,-0.0,0
734,0,0,0.43862104415893555,0,-0.0,0
734,0,0,0.43863677978515625,0,-0.0,0
734,0,0,0.43865397572517395,0,-0.0,0
734,0,0,0.43867093324661255,0,-0.0,0
734,0,0,0.43868809938430786,0,-0.0,0
734,0,0,0.4387056231498718,0,-0.0,0
734,0,0,0.43872252106666565,0,-0.0,0
734,0,0,0.4387397766113281,0,-0.0,0
734,0,0,0.43875977396965027,0,-0.0,0
734,0,0,0.43877920508384705,0,-0.0,0
734,0,0,0.4387975037097931,0,-0.0,0
734,0,0,0.43881338834762573,0,-0.0,0
734,0,0,0.4388235807418823,0,-0.0,0
734,0,0,0.43883389234542847,0,-0.0,0
734,0,0,0.43884778022766113,0,-0.0,0
734,0,0,0.43886464834213257,0,-0.0,0
734,0,0,0.4388807713985443,0,-0.0,0
734,0,0,0.43889716267585754,0,-0.0,0
734,0,0,0.43891286849975586,0,-0.0,0
734,0,0,0.4389285743236542,0,-0.0,0
734,0,0,0.43894317746162415,0,-0.0,0
734,0,0,0.4389578402042389,0,-0.0,0
734,0,0,0.4389718472957611,0,-0.0,0
734,0,0,0.4389859139919281,0,-0.0,0
734,0,0,0.4389990568161011,0,-0.0,0
734,0,0,0.439011812210083,0,-0.0,0
734,0,0,0.43902385234832764,0,-0.0,0
734,0,0,0.43903645873069763,0,-0.0,0
734,0,0,0.4390510618686676,0,-0.0,0
734,0,0,0.43906673789024353,0,-0.0,0
734,0,0,0.4390825629234314,0,-0.0,0
734,0,0,0.4390978515148163,0,-0.0,0
734,0,0,0.43911293148994446,0,-0.0,0
734,0,0,0.43912792205810547,0,-0.0,0
734,0,0,0.439142644405365,0,-0.0,0
734,0,0,0.43915772438049316,0,-0.0,0
734,0,0,0.43917545676231384,0,-0.0,0
734,0,0,0.43919458985328674,0,-0.0,0
734,0,0,0.4392135441303253,0,-0.0,0
734,0,0,0.43923231959342957,0,-0.0,0
734,0,0,0.43925026059150696,0,-0.0,0
734,0,0,0.439267635345459,0,-0.0,0
734,0,0,0.4392850697040558,0,-0.0,0
734,0,0,0.43930190801620483,0,-0.0,0
734,0,0,0.4393187165260315,0,-0.0,0
734,0,0,0.4393351972103119,0,-0.0,0
734,0,0,0.43935129046440125,0,-0.0,0
734,0,0,0.43936750292778015,0,-0.0,0
734,0,0,0.43938305974006653,0,-0.0,0
734,0,0,0.43939852714538574,0,-0.0,0
734,0,0,0.4394141733646393,0,-0.0,0
734,0,0,0.4394294023513794,0,-0.0,0
734,0,0,0.4394446313381195,0,-0.0,0
734,0,0,0.4394596517086029,0,-0.0,0
734,0,0,0.439474493265152,0,-0.0,0
734,0,0,0.4394892156124115,0,-0.0,0
734,0,0,0.439503937959671,0,-0.0,0
734,0,0,0.4395182728767395,0,-0.0,0
734,0,0,0.4395325183868408,0,-0.0,0
734,0,0,0.4395466148853302,0,-0.0,0
734,0,0,0.4395606517791748,0,-0.0,0
734,0,0,0.4395744204521179,0,-0.0,0
734,0,0,0.4395879805088043,0,-0.0,0
734,0,0,0.43960124254226685,0,-0.0,0
734,0,0,0.4396146535873413,0,-0.0,0
734,0,0,0.43962767720222473,0,-0.0,0
734,0,0,0.43964067101478577,0,-0.0,0
734,0,0,0.4396534562110901,0,-0.0,0
734,0,0,0.43966594338417053,0,-0.0,0
734,0,0,0.43967828154563904,0,-0.0,0
734,0,0,0.43969056010246277,0,-0.0,0
734,0,0,0.43970248103141785,0,-0.0,0
734,0,0,0.4397144317626953,0,-0.0,0
734,0,0,0.4397260844707489,0,-0.0,0
734,0,0,0.4397377669811249,0,-0.0,0
734,0,0,0.43974927067756653,0,-0.0,0
734,0,0,0.4397605359554291,0,-0.0,0
734,0,0,0.4397716820240021,0,-0.0,0
734,0,0,0.43978235125541687,0,-0.0,0
734,0,0,0.43979325890541077,0,-0.0,0
734,0,0,0.4398037791252136,0,-0.0,0
734,0,0,0.43981456756591797,0,-0.0,0
734,0,0,0.43982526659965515,0,-0.0,0
734,0,0,0.4398356080055237,0,-0.0,0
734,0,0,0.4398462176322937,0,-0.0,0
734,0,0,0.4398563504219055,0,-0.0,0
734,0,0,0.4398666024208069,0,-0.0,0
734,0,0,0.4398767650127411,0,-0.0,0
734,0,0,0.43988680839538574,0,-0.0,0
734,0,0,0.4398968517780304,0,-0.0,0
734,0,0,0.4399067461490631,0,-0.0,0
734,0,0,0.4399164319038391,0,-0.0,0
734,0,0,0.4399259686470032,0,-0.0,0
734,0,0,0.4399355351924896,0,-0.0,0
734,0,0,0.4399450421333313,0,-0.0,0
734,0,0,0.4399542808532715,0,-0.0,0
734,0,0,0.4399634003639221,0,-0.0,0
734,0,0,0.43997272849082947,0,-1.0,0
1053,0,0,0.5961542725563049,1,0.6939290165901184,1
1053,1,1,0.3551803231239319,0,0.5324869751930237,1
1053,2,0,0.5752758979797363,1,0.5744879841804504,1
1053,3,0,0.7194563150405884,1,0.8932999968528748,1
1053,4,0,0.4559144079685211,0,0.6945300102233887,1
1053,5,0,0.4522048532962799,0,0.7909770011901855,1
1053,6,0,0.5947662591934204,1,0.9223989844322205,1
1053,6,1,0.5960386991500854,1,0.830286979675293,1
1053,0,1,0.47741633653640747,0,0.5645110011100769,1
1053,2,0,0.43995335698127747,0,0.46952199935913086,0
1053,1,0,0.3652825355529785,0,0.6168000102043152,1
1053,3,0,0.6363874077796936,1,0.7083179950714111,1
1053,4,0,0.4533507227897644,0,0.598488986492157,1
1053,5,0,0.4507904052734375,0,0.7047439813613892,1
1053,6,1,0.638515293598175,1,0.846697986125946,1
1053,6,1,0.9279487133026123,1,0.8630629777908325,1
1053,0,1,0.611426055431366,1,0.5998700261116028,1
1053,2,0,0.37176424264907837,0,0.42422300577163696,0
1053,1,0,0.3524461090564728,0,0.5448790192604065,1
1053,3,1,0.617866039276123,1,0.6413310170173645,1
1053,4,1,0.5108301639556885,1,0.5436239838600159,1
1053,5,0,0.672206461429596,1,0.634253978729248,1
1053,6,1,0.9353217482566833,1,0.8787639737129211,1
1053,6,1,0.9413491487503052,1,0.8932769894599915,1
1053,0,0,0.7631261944770813,1,0.6485459804534912,1
1053,1,0,0.36155200004577637,0,0.48285600543022156,0
1053,2,0,0.3727497458457947,0,0.4097749888896942,0
1053,4,0,0.48354145884513855,0,0.6213089823722839,1
1053,3,0,0.7307647466659546,1,0.7067949771881104,1
1053,5,0,0.44938042759895325,0,0.6013230085372925,1
1053,6,0,0.7368823885917664,1,0.9062389731407166,1
1053,6,0,0.600193440914154,1,0.8096699714660645,1
1053,6,0,0.5990901589393616,1,0.7594379782676697,1
1053,6,0,0.5990001559257507,1,0.7492539882659912,1
1053,0,0,0.43978607654571533,0,0.547730028629303,1
1053,2,0,0.3720133602619171,0,0.40563300251960754,0
1053,1,0,0.35183337330818176,0,0.44322100281715393,0
1053,3,0,0.6131882667541504,1,0.6411299705505371,1
1053,4,0,0.4505150318145752,0,0.5541399717330933,1
1053,5,0,0.4502311050891876,0,0.5899289846420288,1
1053,6,0,0.5926672220230103,1,0.7476869821548462,1
1053,6,1,0.5949653387069702,1,0.7474570274353027,1
1053,0,1,0.4388695955276489,0,0.5225030183792114,1
1053,2,0,0.3741825222969055,0,0.40448299050331116,0
1053,1,1,0.35363253951072693,0,0.4225179851055145,0
1053,3,1,0.6974228024482727,1,0.6340969800949097,1
1053,5,0,0.5283828377723694,1,0.5864130258560181,1
1053,4,0,0.4540539085865021,0,0.5262659788131714,1
1053,6,0,0.6616919040679932,1,0.7531300187110901,1
1053,6,1,0.6073945164680481,1,0.7482680082321167,1
1053,0,0,0.45220959186553955,0,0.5334780216217041,1
1053,1,0,0.363179475069046,0,0.498742014169693,0
1053,2,0,0.3666556775569916,0,0.4041669964790344,0
1053,3,0,0.7230390310287476,1,0.6979449987411499,1
1053,4,0,0.4488212466239929,0,0.5170199871063232,1
1053,5,1,0.4503674805164337,0,0.5853679776191711,1
1053,6,0,0.6688732504844666,1,0.7541469931602478,1
1053,6,1,0.6150532364845276,1,0.7484239935874939,1
1053,0,0,0.4444018602371216,0,0.519815981388092,1
1053,1,1,0.35812291502952576,0,0.45243799686431885,0
1053,2,1,0.3760621249675751,0,0.40408000349998474,0
1053,3,0,0.6994916796684265,1,0.6400039792060852,1
1053,4,0,0.4504009485244751,0,0.5141879916191101,1
1053,5,0,0.49933817982673645,0,0.684099018573761,1
1053,6,1,0.6462939977645874,1,0.7543410062789917,1
1053,6,1,0.8720893263816833,1,0.7616900205612183,1
1053,0,0,0.435762882232666,0,0.5173900127410889,1
1053,1,1,0.377864807844162,0,0.536545991897583,1
1053,2,0,0.3831172585487366,0,0.4465549886226654,0
1053,4,0,0.44962048530578613,0,0.5133429765701294,1
1053,5,0,0.4513162076473236,0,0.6230869889259338,1
1053,3,1,0.6216848492622375,1,0.0,0
1053,0,0,0.43920692801475525,0,-0.0,0
1053,0,0,0.43794167041778564,0,-0.0,0
1053,0,0,0.438994437456131,0,-0.0,0
1053,0,0,0.43962687253952026,0,-0.0,0
1053,0,0,0.440011590719223,0,-0.0,0
1053,0,0,0.44027864933013916,0,-0.0,0
1053,0,0,0.4404445290565491,0,-0.0,0
1053,0,0,0.44052761793136597,0,-0.0,0
1053,0,0,0.440593421459198,0,-0.0,0
1053,0,0,0.44063493609428406,0,-0.0,0
1053,0,0,0.4406687915325165,0,-0.0,0
1053,0,0,0.44069960713386536,0,-0.0,0
1053,0,0,0.44072791934013367,0,-0.0,0
1053,0,0,0.44075292348861694,0,-0.0,0
1053,0,0,0.4407750964164734,0,-0.0,0
1053,0,0,0.4407970607280731,0,-0.0,0
1053,0,0,0.4408171772956848,0,-0.0,0
1053,0,0,0.4408358931541443,0,-0.0,0
1053,0,0,0.44085317850112915,0,-0.0,0
1053,0,0,0.44086721539497375,0,-0.0,0
1053,0,0,0.4408797323703766,0,-0.0,0
1053,0,0,0.4408915042877197,0,-0.0,0
1053,0,0,0.4409027099609375,0,-0.0,0
1053,0,0,0.44091323018074036,0,-0.0,0
1053,0,0,0.44092321395874023,0,-0.0,0
1053,0,0,0.44093284010887146,0,-0.0,0
1053,0,0,0.4409419298171997,0,-0.0,0
1053,0,0,0.4409507215023041,0,-0.0,0
1053,0,0,0.44095897674560547,0,-0.0,0
1053,0,0,0.44096696376800537,0,-0.0,0
1053,0,0,0.4409746527671814,0,-0.0,0
1053,0,0,0.44098204374313354,0,-0.0,0
1053,0,0,0.44098925590515137,0,-0.0,0
1053,0,0,0.44099611043930054,0,-0.0,0
1053,0,0,0.44100284576416016,0,-0.0,0
1053,0,0,0.4410093426704407,0,-0.0,0
1053,0,0,0.44101569056510925,0,-0.0,0
1053,0,0,0.4410218596458435,0,-0.0,0
1053,0,0,0.44102779030799866,0,-0.0,0
1053,0,0,0.4410335421562195,0,-0.0,0
1053,0,0,0.44103920459747314,0,-0.0,0
1053,0,0,0.44104477763175964,0,-0.0,0
1053,0,0,0.4410502016544342,0,-0.0,0
1053,0,0,0.44105565547943115,0,-0.0,0
1053,0,0,0.4410609006881714,0,-0.0,0
1053,0,0,0.44106611609458923,0,-0.0,0
1053,0,0,0.44107112288475037,0,-0.0,0
1053,0,0,0.4410761296749115,0,-0.0,0
1053,0,0,0.4410809576511383,0,-0.0,0
1053,0,0,0.44108566641807556,0,-0.0,0
1053,0,0,0.4410904049873352,0,-0.0,0
1053,0,0,0.4410950541496277,0,-0.0,0
1053,0,0,0.4410996437072754,0,-0.0,0
1053,0,0,0.44110405445098877,0,-0.0,0
1053,0,0,0.44110849499702454,0,-0.0,0
1053,0,0,0.441112756729126,0,-0.0,0
1053,0,0,0.44111689925193787,0,-0.0,0
1053,0,0,0.44112101197242737,0,-0.0,0
1053,0,0,0.4411250054836273,0,-0.0,0
1053,0,0,0.4411289095878601,0,-0.0,0
1053,0,0,0.44113290309906006,0,-0.0,0
1053,0,0,0.4411367177963257,0,-0.0,0
1053,0,0,0.4411405026912689,0,-0.0,0
1053,0,0,0.4411442279815674,0,-0.0,0
1053,0,0,0.44114792346954346,0,-0.0,0
1053,0,0,0.44115155935287476,0,-0.0,0
1053,0,0,0.44115516543388367,0,-0.0,0
1053,0,0,0.44115862250328064,0,-0.0,0
1053,0,0,0.4411620497703552,0,-0.0,0
1053,0,0,0.4411654770374298,0,-0.0,0
1053,0,0,0.4411689043045044,0,-0.0,0
1053,0,0,0.4411722421646118,0,-0.0,0
1053,0,0,0.44117558002471924,0,-0.0,0
1053,0,0,0.4411788284778595,0,-0.0,0
1053,0,0,0.44118207693099976,0,-0.0,0
1053,0,0,0.4411852955818176,0,-0.0,0
1053,0,0,0.44118839502334595,0,-0.0,0
1053,0,0,0.44119152426719666,0,-0.0,0
1053,0,0,0.441194623708725,0,-0.0,0
1053,0,0,0.44119757413864136,0,-0.0,0
1053,0,0,0.4412006437778473,0,-0.0,0
1053,0,0,0.4412035644054413,0,-0.0,0
1053,0,0,0.4412064552307129,0,-0.0,0
1053,0,0,0.4412093758583069,0,-0.0,0
1053,0,0,0.4412124454975128,0,-0.0,0
1053,0,0,0.44121578335762024,0,-0.0,0
1053,0,0,0.4412190318107605,0,-0.0,0
1053,0,0,0.4412223696708679,0,-0.0,0
1053,0,0,0.4412255883216858,0,-0.0,0
1053,0,0,0.44122883677482605,0,-0.0,0
1053,0,0,0.44123199582099915,0,-0.0,0
1053,0,0,0.44123509526252747,0,-0.0,0
1053,0,0,0.4412381649017334,0,-0.0,0
1053,0,0,0.4412412643432617,0,-0.0,0
1053,0,0,0.4412442743778229,0,-0.0,0
1053,0,0,0.44124725461006165,0,-0.0,0
1053,0,0,0.4412502348423004,0,-0.0,0
1053,0,0,0.4412531852722168,0,-0.0,0
1053,0,0,0.4412560760974884,0,-0.0,0
1053,0,0,0.44125884771347046,0,-0.0,0
1053,0,0,0.44126173853874207,0,-0.0,0
1053,0,0,0.4412645101547241,0,-0.0,0
1053,0,0,0.44126731157302856,0,-0.0,0
1053,0,0,0.44126999378204346,0,-0.0,0
1053,0,0,0.4412727355957031,0,-0.0,0
1053,0,0,0.44127538800239563,0,-0.0,0
1053,0,0,0.4412780702114105,0,-0.0,0
1053,0,0,0.44128066301345825,0,-0.0,0
1053,0,0,0.44128328561782837,0,-0.0,0
1053,0,0,0.4412858784198761,0,-0.0,0
1053,0,0,0.44128844141960144,0,-0.0,0
1053,0,0,0.4412909746170044,0,-0.0,0
1053,0,0,0.44129353761672974,0,-0.0,0
1053,0,0,0.4412960112094879,0,-0.0,0
1053,0,0,0.4412984251976013,0,-0.0,0
1053,0,0,0.4413008391857147,0,-0.0,0
1053,0,0,0.4413032829761505,0,-0.0,0
1053,0,0,0.44130566716194153,0,-0.0,0
1053,0,0,0.44130808115005493,0,-0.0,0
1053,0,0,0.44131040573120117,0,-0.0,0
1053,0,0,0.441312700510025,0,-0.0,0
1053,0,0,0.44131502509117126,0,-0.0,0
1053,0,0,0.4413173496723175,0,-0.0,0
1053,0,0,0.4413195848464966,0,-0.0,0
1053,0,0,0.44132182002067566,0,-0.0,0
1053,0,0,0.44132405519485474,0,-0.0,0
1053,0,0,0.44132617115974426,0,-0.0,0
1053,0,0,0.44132837653160095,0,-1.0,0
438,279,1,0.7834786772727966,1,0.8251760005950928,1
438,280,1,0.9194300770759583,1,0.9448720216751099,1
438,279,1,0.904627799987793,1,0.9245679974555969,1
438,280,1,0.9192709922790527,1,0.9657639861106873,1
438,279,1,0.90488600730896,1,0.9263920187950134,1
438,280,1,0.9193313717842102,1,0.9737100005149841,1
438,281,1,0.8587474822998047,1,0.0,0
438,0,0,0.7952093482017517,1,-0.0,0
438,0,0,0.5193942785263062,1,-0.0,0
438,0,0,0.4401746988296509,0,-0.0,0
438,0,0,0.4404599070549011,0,-0.0,0
438,0,0,0.4405692517757416,0,-0.0,0
438,0,0,0.4406532645225525,0,-0.0,0
438,0,0,0.4407236874103546,0,-0.0,0
438,0,0,0.44078049063682556,0,-0.0,0
438,0,0,0.44082438945770264,0,-0.0,0
438,0,0,0.44086286425590515,0,-0.0,0
438,0,0,0.4408971965312958,0,-0.0,0
438,0,0,0.44092801213264465,0,-0.0,0
438,0,0,0.4409560263156891,0,-0.0,0
438,0,0,0.44098180532455444,0,-0.0,0
438,0,0,0.44100552797317505,0,-0.0,0
438,0,0,0.44102704524993896,0,-0.0,0
438,0,0,0.4410468637943268,0,-0.0,0
438,0,0,0.44106537103652954,0,-0.0,0
438,0,0,0.441083163022995,0,-0.0,0
438,0,0,0.4411000609397888,0,-0.0,0
438,0,0,0.4411159157752991,0,-0.0,0
438,0,0,0.44113096594810486,0,-0.0,0
438,0,0,0.44114506244659424,0,-0.0,0
438,0,0,0.4411584138870239,0,-0.0,0
438,0,0,0.4411710500717163,0,-0.0,0
438,0,0,0.4411832094192505,0,-0.0,0
438,0,0,0.44119465351104736,0,-0.0,0
438,0,0,0.44120562076568604,0,-0.0,0
438,0,0,0.44121626019477844,0,-0.0,0
438,0,0,0.44122636318206787,0,-0.0,0
438,0,0,0.44123610854148865,0,-0.0,0
438,0,0,0.44124558568000793,0,-0.0,0
438,0,0,0.4412546455860138,0,-0.0,0
438,0,0,0.4412633180618286,0,-0.0,0
438,0,0,0.4412725865840912,0,-0.0,0
438,0,0,0.44128212332725525,0,-0.0,0
438,0,0,0.44129127264022827,0,-0.0,0
438,0,0,0.4413001239299774,0,-0.0,0
438,0,0,0.4413086771965027,0,-0.0,0
438,0,0,0.4413169324398041,0,-0.0,0
438,0,0,0.4413248896598816,0,-0.0,0
438,0,0,0.4413326680660248,0,-0.0,0
438,0,0,0.4413401484489441,0,-0.0,0
438,0,0,0.4413474500179291,0,-0.0,0
438,0,0,0.44135451316833496,0,-0.0,0
438,0,0,0.4413614273071289,0,-0.0,0
438,0,0,0.44136807322502136,0,-0.0,0
438,0,0,0.4413744807243347,0,-0.0,0
438,0,0,0.4413807988166809,0,-0.0,0
438,0,0,0.4413868486881256,0,-0.0,0
438,0,0,0.44139277935028076,0,-0.0,0
438,0,0,0.4413985013961792,0,-0.0,0
438,0,0,0.44140416383743286,0,-0.0,0
438,0,0,0.4414095878601074,0,-0.0,0
438,0,0,0.4414149522781372,0,-0.0,0
438,0,0,0.44142019748687744,0,-0.0,0
438,0,0,0.4414252042770386,0,-0.0,0
438,0,0,0.44143012166023254,0,-0.0,0
438,0,0,0.44143494963645935,0,-0.0,0
438,0,0,0.4414398968219757,0,-0.0,0
438,0,0,0.4414448142051697,0,-0.0,0
438,0,0,0.4414495527744293,0,-0.0,0
438,0,0,0.44145429134368896,0,-0.0,0
438,0,0,0.4414588510990143,0,-0.0,0
438,0,0,0.44146326184272766,0,-0.0,0
438,0,0,0.44146767258644104,0,-0.0,0
438,0,0,0.4414719343185425,0,-0.0,0
438,0,0,0.44147613644599915,0,-0.0,0
438,0,0,0.44148021936416626,0,-0.0,0
438,0,0,0.4414843022823334,0,-0.0,0
438,0,0,0.44148820638656616,0,-0.0,0
438,0,0,0.44149208068847656,0,-0.0,0
438,0,0,0.4414958357810974,0,-0.0,0
438,0,0,0.4414995610713959,0,-0.0,0
438,0,0,0.44150322675704956,0,-0.0,0
438,0,0,0.4415068030357361,0,-0.0,0
438,0,0,0.44151023030281067,0,-0.0,0
438,0,0,0.44151371717453003,0,-0.0,0
438,0,0,0.44151708483695984,0,-0.0,0
438,0,0,0.4415203630924225,0,-0.0,0
438,0,0,0.44152361154556274,0,-0.0,0
438,0,0,0.4415268898010254,0,-0.0,0
438,0,0,0.4415299892425537,0,-0.0,0
438,0,0,0.4415331184864044,0,-0.0,0
438,0,0,0.4415360689163208,0,-0.0,0
438,0,0,0.44153904914855957,0,-0.0,0
438,0,0,0.44154202938079834,0,-0.0,0
438,0,0,0.44154492020606995,0,-0.0,0
438,0,0,0.44154778122901917,0,-0.0,0
438,0,0,0.44155052304267883,0,-0.0,0
438,0,0,0.4415532648563385,0,-0.0,0
438,0,0,0.4415559768676758,0,-0.0,0
438,0,0,0.4415586590766907,0,-0.0,0
438,0,0,0.441561222076416,0,-0.0,0
438,0,0,0.44156378507614136,0,-0.0,0
438,0,0,0.4415663778781891,0,-0.0,0
438,0,0,0.44156891107559204,0,-0.0,0
438,0,0,0.44157132506370544,0,-0.0,0
438,0,0,0.44157373905181885,0,-0.0,0
438,0,0,0.4415760934352875,0,-0.0,0
438,0,0,0.4415784776210785,0,-0.0,0
438,0,0,0.44158080220222473,0,-0.0,0
438,0,0,0.4415830671787262,0,-0.0,0
438,0,0,0.4415853023529053,0,-0.0,0
438,0,0,0.44158753752708435,0,-0.0,0
438,0,0,0.44158971309661865,0,-0.0,0
438,0,0,0.44159185886383057,0,-0.0,0
438,0,0,0.4415940046310425,0,-0.0,0
438,0,0,0.44159606099128723,0,-0.0,0
438,0,0,0.44159814715385437,0,-0.0,0
438,0,0,0.44160014390945435,0,-0.0,0
438,0,0,0.4416022002696991,0,-0.0,0
438,0,0,0.4416041374206543,0,-0.0,0
438,0,0,0.4416061043739319,0,-0.0,0
438,0,0,0.4416080415248871,0,-0.0,0
438,0,0,0.4416100084781647,0,-0.0,0
438,0,0,0.4416118562221527,0,-0.0,0
438,0,0,0.44161370396614075,0,-0.0,0
438,0,0,0.441615492105484,0,-0.0,0
438,0,0,0.44161733984947205,0,-0.0,0
438,0,0,0.4416191577911377,0,-0.0,0
438,0,0,0.4416208863258362,0,-0.0,0
438,0,0,0.44162264466285706,0,-0.0,0
438,0,0,0.44162437319755554,0,-0.0,0
438,0,0,0.44162607192993164,0,-0.0,0
438,0,0,0.4416278600692749,0,-0.0,0
438,0,0,0.4416295289993286,0,-0.0,0
438,0,0,0.4416312873363495,0,-0.0,0
438,0,0,0.4416329562664032,0,-0.0,0
438,0,0,0.4416346848011017,0,-0.0,0
438,0,0,0.4416363537311554,0,-0.0,0
438,0,0,0.4416379928588867,0,-0.0,0
438,0,0,0.44163963198661804,0,-0.0,0
438,0,0,0.441641241312027,0,-0.0,0
438,0,0,0.4416428208351135,0,-0.0,0
438,0,0,0.4416444003582001,0,-0.0,0
438,0,0,0.44164595007896423,0,-0.0,0
438,0,0,0.441647469997406,0,-0.0,0
438,0,0,0.44164904952049255,0,-0.0,0
438,0,0,0.44165053963661194,0,-0.0,0
438,0,0,0.4416520297527313,0,-0.0,0
438,0,0,0.4416534900665283,0,-0.0,0
438,0,0,0.44165492057800293,0,-0.0,0
438,0,0,0.44165635108947754,0,-0.0,0
438,0,0,0.44165781140327454,0,-0.0,0
438,0,0,0.44165918231010437,0,-0.0,0
438,0,0,0.4416605830192566,0,-0.0,0
438,0,0,0.4416619539260864,0,-0.0,0
438,0,0,0.44166329503059387,0,-0.0,0
438,0,0,0.4416646957397461,0,-0.0,0
438,0,0,0.44166597723960876,0,-0.0,0
438,0,0,0.4416673481464386,0,-0.0,0
438,0,0,0.4416685998439789,0,-0.0,0
438,0,0,0.44166988134384155,0,-0.0,0
438,0,0,0.4416711926460266,0,-0.0,0
438,0,0,0.4416724443435669,0,-0.0,0
438,0,0,0.44167375564575195,0,-0.0,0
438,0,0,0.44167500734329224,0,-0.0,0
438,0,0,0.44167622923851013,0,-0.0,0
438,0,0,0.44167742133140564,0,-0.0,0
438,0,0,0.44167864322662354,0,-0.0,0
438,0,0,0.44167983531951904,0,-0.0,0
438,0,0,0.44168105721473694,0,-0.0,0
438,0,0,0.4416821599006653,0,-0.0,0
438,0,0,0.4416833817958832,0,-0.0,0
438,0,0,0.4416844844818115,0,-0.0,0
438,0,0,0.44168561697006226,0,-0.0,0
438,0,0,0.44168680906295776,0,-0.0,0
438,0,0,0.4416879415512085,0,-0.0,0
438,0,0,0.44168904423713684,0,-0.0,0
438,0,0,0.4416901171207428,0,-0.0,0
438,0,0,0.44169119000434875,0,-0.0,0
438,0,0,0.4416923224925995,0,-0.0,0
438,0,0,0.44169339537620544,0,-0.0,0
438,0,0,0.441694438457489,0,-0.0,0
438,0,0,0.4416954815387726,0,-0.0,0
438,0,0,0.44169655442237854,0,-0.0,0
438,0,0,0.4416976273059845,0,-0.0,0
438,0,0,0.4416986405849457,0,-0.0,0
438,0,0,0.44169965386390686,0,-0.0,0
438,0,0,0.44170069694519043,0,-0.0,0
438,0,0,0.44170165061950684,0,-0.0,0
438,0,0,0.44170263409614563,0,-0.0,0
438,0,0,0.4417036473751068,0,-0.0,0
438,0,0,0.4417046308517456,0,-0.0,0
438,0,0,0.4417055547237396,0,-0.0,0
438,0,0,0.4417065382003784,0,-0.0,0
438,0,0,0.4417075216770172,0,-0.0,0
438,0,0,0.44170841574668884,0,-0.0,0
438,0,0,0.44170936942100525,0,-0.0,0
438,0,0,0.44171032309532166,0,-0.0,0
438,0,0,0.4417112469673157,0,-0.0,0
438,0,0,0.4417121410369873,0,-1.0,0
824,0,1,0.596207320690155,1,0.6939290165901184,1
824,2,1,0.7281612753868103,1,0.5744879841804504,1
824,1,0,0.6278987526893616,1,0.5324869751930237,1
824,3,1,0.7382427453994751,1,0.8932999968528748,1
824,4,1,0.757566511631012,1,0.6945300102233887,1
824,5,1,0.9026052355766296,1,0.7909770011901855,1
824,6,1,0.9435085654258728,1,0.9223989844322205,1
824,6,1,0.9453826546669006,1,0.9310160279273987,1
824,0,1,0.8024195432662964,1,0.7538800239562988,1
824,2,1,0.7118722796440125,1,0.6703220009803772,1
824,1,1,0.525502622127533,1,0.47409600019454956,0
824,3,1,0.9593778252601624,1,0.9256100058555603,1
824,4,1,0.86578768491745,1,0.7610849738121033,1
824,5,1,0.9081713557243347,1,0.8355249762535095,1
824,6,1,0.9464781880378723,1,0.9380519986152649,1
824,6,1,0.9462037086486816,1,0.9436990022659302,1
824,0,0,0.8061926364898682,1,0.8073019981384277,1
824,2,1,0.6397649049758911,1,0.7461820244789124,1
824,1,1,0.6358970999717712,1,0.5609340071678162,1
824,3,1,0.9602041244506836,1,0.9450510144233704,1
824,4,0,0.860099732875824,1,0.8051180243492126,1
824,5,1,0.6783234477043152,1,0.8585109710693359,1
824,6,1,0.9373015761375427,1,0.9481719732284546,1
824,6,0,0.9450392723083496,1,0.9516760110855103,1
824,0,1,0.5703850388526917,1,0.6409689784049988,1
824,2,1,0.6163240671157837,1,0.7924140095710754,1
824,1,1,0.6132786273956299,1,0.6398029923439026,1
824,3,1,0.9596189856529236,1,0.9561079740524292,1
824,5,0,0.9052967429161072,1,0.8694379925727844,1
824,4,0,0.6197389364242554,1,0.7286490201950073,1
824,6,1,0.6510290503501892,1,0.902758002281189,1
824,6,0,0.8751417398452759,1,0.914480984210968,1
824,0,0,0.5035489797592163,1,0.6983739733695984,1
824,1,0,0.42853957414627075,0,0.6928820013999939,1
824,2,0,0.4185749888420105,0,0.8162469863891602,1
824,2,0,0.37262892723083496,0,0.7707309722900391,1
824,3,1,0.8302666544914246,1,0.9621959924697876,1
824,4,1,0.4540179371833801,0,0.627331018447876,1
824,5,1,0.6605116724967957,1,0.8497859835624695,1
824,6,1,0.8878946304321289,1,0.819212019443512,1
824,6,0,0.929716944694519,1,0.8352829813957214,1
824,0,1,0.5296185612678528,1,0.5664259791374207,1
824,1,0,0.49438220262527466,0,0.6421110033988953,1
824,2,1,0.3863152861595154,0,0.6654809713363647,1
824,4,0,0.610441267490387,1,0.7071470022201538,1
824,3,1,0.8728399276733398,1,0.9654889702796936,1
824,5,1,0.6544188857078552,1,0.8653600215911865,1
824,6,1,0.8481003642082214,1,0.7670220136642456,1
824,6,1,0.9297806024551392,1,0.7770540118217468,1
824,0,1,0.7510656118392944,1,0.6026620268821716,1
824,1,0,0.49486926198005676,0,0.5726379752159119,1
824,2,0,0.5091497302055359,1,0.742874026298523,1
824,4,1,0.4583771526813507,0,0.6083719730377197,1
824,3,1,0.9591845273971558,1,0.9672520160675049,1
824,5,1,0.9027150869369507,1,0.8725820183753967,1
824,6,1,0.9426732659339905,1,0.7888550162315369,1
824,6,1,0.9439409971237183,1,0.8023509979248047,1
824,0,0,0.7932087182998657,1,0.6521459817886353,1
824,1,0,0.4420247972011566,0,0.5043209791183472,1
824,2,1,0.3769347071647644,0,0.6194480061531067,1
824,4,0,0.7296527624130249,1,0.6897739768028259,1
824,3,1,0.8729775547981262,1,0.9681919813156128,1
824,5,1,0.8682727813720703,1,0.8758429884910583,1
824,6,1,0.9385747909545898,1,0.8172990083694458,1
824,6,1,0.9430993795394897,1,0.8332800269126892,1
824,0,0,0.4906725287437439,0,0.5489019751548767,1
824,1,0,0.36387088894844055,0,0.45581498742103577,0
824,2,1,0.42906707525253296,0,0.7088350057601929,1
824,3,1,0.9598293304443359,1,0.9686909914016724,1
824,4,1,0.46846699714660645,0,0.5949739813804626,1
824,5,1,0.9036313891410828,1,0.8772979974746704,1
824,6,1,0.943783164024353,1,0.8497310280799866,1
824,6,1,0.9441425204277039,1,0.8660190105438232,1
824,0,1,0.5141658186912537,1,0.5227310061454773,1
824,2,1,0.6457796692848206,1,0.7708889842033386,1
824,1,1,0.4562758505344391,0,0.4287700057029724,0
824,3,1,0.9599425792694092,1,0.9689559936523438,1
824,4,1,0.8486328125,1,0.6768289804458618,1
824,5,1,0.904512882232666,1,0.8779439926147461,1
824,6,1,0.944736659526825,1,0.8815370202064514,1
824,6,1,0.9447678327560425,1,0.8957859873771667,1
824,0,0,0.7896408438682556,1,0.5338680148124695,1
824,1,0,0.6436229348182678,1,0.5070769786834717,1
824,2,1,0.5014975666999817,1,0.8055070042610168,1
824,3,1,0.946216881275177,1,0.9690960049629211,1
824,4,1,0.8297117948532104,1,0.7479169964790344,1
824,5,1,0.9010829329490662,1,0.8782299757003784,1
824,6,1,0.9431618452072144,1,0.9084370136260986,1
824,6,1,0.9441073536872864,1,0.9193360209465027,1
824,0,1,0.6008334159851074,1,0.5198869705200195,1
824,2,1,0.6728553175926208,1,0.8224999904632568,1
824,1,1,0.5179510712623596,1,0.4575119912624359,0
824,3,1,0.9598471522331238,1,0.9691699743270874,1
824,4,0,0.8539913296699524,1,0.7970280051231384,1
824,5,1,0.8017471432685852,1,0.8783559799194336,1
824,6,1,0.937432587146759,1,0.9284840226173401,1
824,6,1,0.9431247711181641,1,0.9359980225563049,1
824,0,0,0.7612607479095459,1,0.5289899706840515,1
824,2,1,0.6110326647758484,1,0.8303189873695374,1
824,1,1,0.6057614088058472,1,0.5424659848213196,1
824,3,1,0.95863276720047,1,0.9692100286483765,1
824,4,1,0.6980710625648499,1,0.7143189907073975,1
824,5,1,0.9006237983703613,1,0.8784120082855225,1
824,6,1,0.9433395266532898,1,0.9420589804649353,1
824,6,1,0.9442026615142822,1,0.9468780159950256,1
824,7,0,0.8287459015846252,1,0.7255330085754395,1
824,9,0,0.8442533016204834,1,0.8021690249443054,1
824,8,1,0.78737473487854,1,0.8739780187606812,1
824,10,0,0.8992501497268677,1,0.5817549824714661,1
824,12,1,0.819580078125,1,0.9291480183601379,1
824,11,0,0.8678809404373169,1,0.6359530091285706,1
824,13,0,0.597885012626648,1,0.6097490191459656,1
824,6,1,0.828467071056366,1,0.9506660103797913,1
824,14,1,0.614721953868866,1,0.6390529870986938,1
824,7,0,0.5787853002548218,1,0.5669339895248413,1
824,8,1,0.8614659905433655,1,0.8866220116615295,1
824,9,1,0.6455855369567871,1,0.7074909806251526,1
824,12,1,0.9270524978637695,1,0.9554799795150757,1
824,10,0,0.8968891501426697,1,0.6220620274543762,1
824,11,0,0.6859288811683655,1,0.5975610017776489,1
824,13,1,0.5185938477516174,1,0.526964008808136,1
824,6,1,0.9037250280380249,1,0.9536160230636597,1
824,14,0,0.7917069792747498,1,0.7612800002098083,1
824,7,1,0.4874957203865051,0,0.5119820237159729,1
824,9,0,0.7127866744995117,1,0.7387539744377136,1
824,8,1,0.7323194742202759,1,0.8973919749259949,1
824,10,0,0.8189548850059509,1,0.6312010288238525,1
824,12,1,0.8918734192848206,1,0.9582819938659668,1
824,11,1,0.6781502366065979,1,0.5868120193481445,1
824,13,0,0.7908782362937927,1,0.6416620016098022,1
824,6,1,0.8294650316238403,1,0.9558969736099243,1
824,14,0,0.5541133880615234,1,0.6370369791984558,1
824,7,0,0.6636563539505005,1,0.5263130068778992,1
824,9,0,0.5625697374343872,1,0.6515989899635315,1
824,8,1,0.7418844699859619,1,0.9063259959220886,1
824,12,1,0.9104923009872437,1,0.9585719704627991,1
824,10,0,0.822130024433136,1,0.6335499882698059,1
824,11,1,0.8298565149307251,1,0.786378026008606,1
824,13,1,0.5623141527175903,1,0.5444250106811523,1
824,6,1,0.9287500381469727,1,0.9576510190963745,1
824,14,0,0.5877684354782104,1,0.5382689833641052,1
824,7,1,0.4668123126029968,0,0.5038260221481323,1
824,8,1,0.8790045976638794,1,0.0,0
824,0,0,0.5597888231277466,1,-0.0,0
824,0,0,0.4500989615917206,0,-0.0,0
824,0,0,0.4405789375305176,0,-0.0,0
824,0,0,0.4393872320652008,0,-0.0,0
824,0,0,0.43899473547935486,0,-0.0,0
824,0,0,0.4388618469238281,0,-0.0,0
824,0,0,0.438782274723053,0,-0.0,0
824,0,0,0.438727468252182,0,-0.0,0
824,0,0,0.4386949837207794,0,-0.0,0
824,0,0,0.43866896629333496,0,-0.0,0
824,0,0,0.4386502504348755,0,-0.0,0
824,0,0,0.43863746523857117,0,-0.0,0
824,0,0,0.43863195180892944,0,-0.0,0
824,0,0,0.4386283755302429,0,-0.0,0
824,0,0,0.4386258125305176,0,-0.0,0
824,0,0,0.43862444162368774,0,-0.0,0
824,0,0,0.43862423300743103,0,-0.0,0
824,0,0,0.4386245608329773,0,-0.0,0
824,0,0,0.43862617015838623,0,-0.0,0
824,0,0,0.4386296570301056,0,-0.0,0
824,0,0,0.4386349022388458,0,-0.0,0
824,0,0,0.4386414587497711,0,-0.0,0
824,0,0,0.43864843249320984,0,-0.0,0
824,0,0,0.4386543333530426,0,-0.0,0
824,0,0,0.43866029381752014,0,-0.0,0
824,0,0,0.4386666417121887,0,-0.0,0
824,0,0,0.43867313861846924,0,-0.0,0
824,0,0,0.4386783838272095,0,-0.0,0
824,0,0,0.43868398666381836,0,-0.0,0
824,0,0,0.43869224190711975,0,-0.0,0
824,0,0,0.4387010335922241,0,-0.0,0
824,0,0,0.4387097656726837,0,-0.0,0
824,0,0,0.43871837854385376,0,-0.0,0
824,0,0,0.4387272894382477,0,-0.0,0
824,0,0,0.4387352764606476,0,-0.0,0
824,0,0,0.43874114751815796,0,-0.0,0
824,0,0,0.4387474060058594,0,-0.0,0
824,0,0,0.4387533962726593,0,-0.0,0
824,0,0,0.4387598931789398,0,-0.0,0
824,0,0,0.4387659430503845,0,-0.0,0
824,0,0,0.43877285718917847,0,-0.0,0
824,0,0,0.43878039717674255,0,-0.0,0
824,0,0,0.4387877285480499,0,-0.0,0
824,0,0,0.43879494071006775,0,-0.0,0
824,0,0,0.4388018250465393,0,-0.0,0
824,0,0,0.43880870938301086,0,-0.0,0
824,0,0,0.4388153851032257,0,-0.0,0
824,0,0,0.4388221800327301,0,-0.0,0
824,0,0,0.4388289749622345,0,-0.0,0
824,0,0,0.4388374090194702,0,-0.0,0
824,0,0,0.4388464093208313,0,-0.0,0
824,0,0,0.4388556480407715,0,-0.0,0
824,0,0,0.4388655126094818,0,-0.0,0
824,0,0,0.438875287771225,0,-0.0,0
824,0,0,0.43888428807258606,0,-0.0,0
824,0,0,0.43889319896698,0,-0.0,0
824,0,0,0.4389021098613739,0,-1.0,0
459,92,1,0.6355306506156921,1,0.6424509882926941,1
459,93,1,0.9013265371322632,1,0.5202929973602295,1
459,94,1,0.8806556463241577,1,0.6551570296287537,1
459,95,1,0.8852625489234924,1,0.6947669982910156,1
459,96,1,0.9110758900642395,1,0.7214019894599915,1
459,97,1,0.8588401675224304,1,0.44698500633239746,0
459,98,1,0.8508490920066833,1,0.7331050038337708,1
459,99,1,0.8900577425956726,1,0.730006992816925,1
459,92,1,0.835383415222168,1,0.7500180006027222,1
459,93,1,0.9004694819450378,1,0.7082740068435669,1
459,94,1,0.8842613697052002,1,0.7618079781532288,1
459,95,1,0.889299750328064,1,0.8443099856376648,1
459,96,1,0.9110162258148193,1,0.8486120104789734,1
459,97,1,0.859995424747467,1,0.6276779770851135,1
459,98,1,0.8520835041999817,1,0.8120980262756348,1
459,99,1,0.8904469013214111,1,0.8208839893341064,1
459,92,1,0.8361434936523438,1,0.829168975353241,1
459,93,1,0.900865375995636,1,0.8257279992103577,1
459,94,1,0.8854135274887085,1,0.8125320076942444,1
459,95,1,0.8900859355926514,1,0.9022840261459351,1
459,96,1,0.9109742641448975,1,0.898717999458313,1
459,98,1,0.8524568676948547,1,0.861981987953186,1
459,97,1,0.8630416989326477,1,0.7306470274925232,1
459,99,1,0.8900468349456787,1,0.0,0
459,0,0,0.8120424747467041,1,-0.0,0
459,0,0,0.5891270041465759,1,-0.0,0
459,0,0,0.43765532970428467,0,-0.0,0
459,0,0,0.43867406249046326,0,-0.0,0
459,0,0,0.4387853145599365,0,-0.0,0
459,0,0,0.4388920068740845,0,-0.0,0
459,0,0,0.43899407982826233,0,-0.0,0
459,0,0,0.4391075074672699,0,-0.0,0
459,0,0,0.43921878933906555,0,-0.0,0
459,0,0,0.4393223822116852,0,-0.0,0
459,0,0,0.4394175112247467,0,-0.0,0
459,0,0,0.43950241804122925,0,-0.0,0
459,0,0,0.43957653641700745,0,-0.0,0
459,0,0,0.4396468698978424,0,-0.0,0
459,0,0,0.43971285223960876,0,-0.0,0
459,0,0,0.4397769570350647,0,-0.0,0
459,0,0,0.4398344159126282,0,-0.0,0
459,0,0,0.43988773226737976,0,-0.0,0
459,0,0,0.4399380683898926,0,-0.0,0
459,0,0,0.43998685479164124,0,-0.0,0
459,0,0,0.44003263115882874,0,-0.0,0
459,0,0,0.4400690197944641,0,-0.0,0
459,0,0,0.4401012659072876,0,-0.0,0
459,0,0,0.4401323199272156,0,-0.0,0
459,0,0,0.44016239047050476,0,-0.0,0
459,0,0,0.4401906728744507,0,-0.0,0
459,0,0,0.4402179419994354,0,-0.0,0
459,0,0,0.44024407863616943,0,-0.0,0
459,0,0,0.44026923179626465,0,-0.0,0
459,0,0,0.44029390811920166,0,-0.0,0
459,0,0,0.44031739234924316,0,-0.0,0
459,0,0,0.44033920764923096,0,-0.0,0
459,0,0,0.44035986065864563,0,-0.0,0
459,0,0,0.44037964940071106,0,-0.0,0
459,0,0,0.4403987526893616,0,-0.0,0
459,0,0,0.4404170513153076,0,-0.0,0
459,0,0,0.44043490290641785,0,-0.0,0
459,0,0,0.44045236706733704,0,-0.0,0
459,0,0,0.44046878814697266,0,-0.0,0
459,0,0,0.44048479199409485,0,-0.0,0
459,0,0,0.44050031900405884,0,-0.0,0
459,0,0,0.440515398979187,0,-0.0,0
459,0,0,0.44052985310554504,0,-0.0,0
459,0,0,0.44054386019706726,0,-0.0,0
459,0,0,0.4405575096607208,0,-0.0,0
459,0,0,0.4405708312988281,0,-0.0,0
459,0,0,0.4405837953090668,0,-0.0,0
459,0,0,0.4405963718891144,0,-0.0,0
459,0,0,0.4406088888645172,0,-0.0,0
459,0,0,0.4406208395957947,0,-0.0,0
459,0,0,0.44063231348991394,0,-0.0,0
459,0,0,0.44064339995384216,0,-0.0,0
459,0,0,0.44065430760383606,0,-0.0,0
459,0,0,0.4406648874282837,0,-0.0,0
459,0,0,0.4406752586364746,0,-0.0,0
459,0,0,0.44068554043769836,0,-0.0,0
459,0,0,0.4406953752040863,0,-0.0,0
459,0,0,0.44070544838905334,0,-0.0,0
459,0,0,0.44071564078330994,0,-0.0,0
459,0,0,0.4407256543636322,0,-0.0,0
459,0,0,0.44073551893234253,0,-0.0,0
459,0,0,0.4407450556755066,0,-0.0,0
459,0,0,0.4407544434070587,0,-0.0,0
459,0,0,0.4407636225223541,0,-0.0,0
459,0,0,0.44077274203300476,0,-0.0,0
459,0,0,0.4407825171947479,0,-0.0,0
459,0,0,0.44079193472862244,0,-0.0,0
459,0,0,0.44080105423927307,0,-0.0,0
459,0,0,0.4408101439476013,0,-0.0,0
459,0,0,0.4408188760280609,0,-0.0,0
459,0,0,0.4408273696899414,0,-0.0,0
459,0,0,0.4408356547355652,0,-0.0,0
459,0,0,0.4408438503742218,0,-0.0,0
459,0,0,0.4408506751060486,0,-0.0,0
459,0,0,0.44085693359375,0,-0.0,0
459,0,0,0.4408634305000305,0,-0.0,0
459,0,0,0.4408697187900543,0,-0.0,0
459,0,0,0.44087591767311096,0,-0.0,0
459,0,0,0.44088199734687805,0,-0.0,0
459,0,0,0.4408878982067108,0,-0.0,0
459,0,0,0.44089391827583313,0,-0.0,0
459,0,0,0.4408997595310211,0,-0.0,0
459,0,0,0.44090548157691956,0,-0.0,0
459,0,0,0.4409111440181732,0,-0.0,0
459,0,0,0.4409167170524597,0,-0.0,0
459,0,0,0.44092217087745667,0,-0.0,0
459,0,0,0.4409275949001312,0,-0.0,0
459,0,0,0.4409330189228058,0,-0.0,0
459,0,0,0.44093823432922363,0,-0.0,0
459,0,0,0.44094350934028625,0,-0.0,0
459,0,0,0.4409486949443817,0,-0.0,0
459,0,0,0.44095370173454285,0,-0.0,0
459,0,0,0.4409586489200592,0,-0.0,0
459,0,0,0.44096362590789795,0,-0.0,0
459,0,0,0.4409685432910919,0,-0.0,0
459,0,0,0.4409734606742859,0,-0.0,0
459,0,0,0.44097837805747986,0,-0.0,0
459,0,0,0.44098329544067383,0,-0.0,0
459,0,0,0.44098809361457825,0,-0.0,0
459,0,0,0.4409927427768707,0,-0.0,0
459,0,0,0.4409974217414856,0,-0.0,0
459,0,0,0.4410020112991333,0,-0.0,0
459,0,0,0.4410065710544586,0,-0.0,0
459,0,0,0.4410110414028168,0,-0.0,0
459,0,0,0.4410155117511749,0,-0.0,0
459,0,0,0.4410199224948883,0,-0.0,0
459,0,0,0.4410242736339569,0,-0.0,0
459,0,0,0.44102853536605835,0,-0.0,0
459,0,0,0.44103288650512695,0,-0.0,0
459,0,0,0.44103705883026123,0,-0.0,0
459,0,0,0.4410412013530731,0,-0.0,0
459,0,0,0.4410453140735626,0,-0.0,0
459,0,0,0.4410493075847626,0,-0.0,0
459,0,0,0.4410533905029297,0,-0.0,0
459,0,0,0.44105738401412964,0,-0.0,0
459,0,0,0.4410613179206848,0,-0.0,0
459,0,0,0.44106507301330566,0,-0.0,0
459,0,0,0.44106897711753845,0,-0.0,0
459,0,0,0.4410727322101593,0,-0.0,0
459,0,0,0.44107648730278015,0,-0.0,0
459,0,0,0.44108015298843384,0,-0.0,0
459,0,0,0.4410838186740875,0,-0.0,0
459,0,0,0.4410874545574188,0,-0.0,0
459,0,0,0.44109100103378296,0,-0.0,0
459,0,0,0.4410945773124695,0,-0.0,0
459,0,0,0.44109800457954407,0,-0.0,0
459,0,0,0.4411015510559082,0,-0.0,0
459,0,0,0.4411049783229828,0,-0.0,0
459,0,0,0.4411084055900574,0,-0.0,0
459,0,0,0.4411117434501648,0,-0.0,0
459,0,0,0.441115140914917,0,-0.0,0
459,0,0,0.4411184787750244,0,-0.0,0
459,0,0,0.44112175703048706,0,-0.0,0
459,0,0,0.4411250054836273,0,-0.0,0
459,0,0,0.4411282539367676,0,-0.0,0
459,0,0,0.44113150238990784,0,-0.0,0
459,0,0,0.4411347508430481,0,-0.0,0
459,0,0,0.4411379098892212,0,-0.0,0
459,0,0,0.4411410689353943,0,-0.0,0
459,0,0,0.44114425778388977,0,-0.0,0
459,0,0,0.44114741683006287,0,-0.0,0
459,0,0,0.4411505460739136,0,-0.0,0
459,0,0,0.44115349650382996,0,-0.0,0
459,0,0,0.4411565661430359,0,-0.0,0
459,0,0,0.44115957617759705,0,-0.0,0
459,0,0,0.44116249680519104,0,-0.0,0
459,0,0,0.4411655366420746,0,-0.0,0
459,0,0,0.4411684572696686,0,-0.0,0
459,0,0,0.4411713182926178,0,-0.0,0
459,0,0,0.4411742091178894,0,-0.0,0
459,0,0,0.44117704033851624,0,-0.0,0
459,0,0,0.4411798119544983,0,-0.0,0
459,0,0,0.4411826431751251,0,-0.0,0
459,0,0,0.44118544459342957,0,-0.0,0
459,0,0,0.44118812680244446,0,-0.0,0
459,0,0,0.44119080901145935,0,-0.0,0
459,0,0,0.44119349122047424,0,-0.0,0
459,0,0,0.4411962032318115,0,-0.0,0
459,0,0,0.4411988854408264,0,-0.0,0
459,0,0,0.44120147824287415,0,-0.0,0
459,0,0,0.44120413064956665,0,-0.0,0
459,0,0,0.441206693649292,0,-0.0,0
459,0,0,0.4412092864513397,0,-0.0,0
459,0,0,0.4412117898464203,0,-0.0,0
459,0,0,0.441214382648468,0,-0.0,0
459,0,0,0.4412168562412262,0,-0.0,0
459,0,0,0.441219300031662,0,-0.0,0
459,0,0,0.44122180342674255,0,-0.0,0
459,0,0,0.44122427701950073,0,-0.0,0
459,0,0,0.4412267506122589,0,-0.0,0
459,0,0,0.4412291347980499,0,-0.0,0
459,0,0,0.44123145937919617,0,-0.0,0
459,0,0,0.44123393297195435,0,-0.0,0
459,0,0,0.4412361979484558,0,-0.0,0
459,0,0,0.44123852252960205,0,-0.0,0
459,0,0,0.4412408471107483,0,-1.0,0
707,0,0,0.59620201587677,1,0.6939290165901184,1
707,2,1,0.3741033971309662,0,0.5744879841804504,1
707,1,0,0.4482651948928833,0,0.5324869751930237,1
707,3,1,0.6627335548400879,1,0.8932999968528748,1
707,4,1,0.677004873752594,1,0.6945300102233887,1
707,5,1,0.8933882117271423,1,0.7909770011901855,1
707,6,1,0.9368937015533447,1,0.9223989844322205,1
707,6,1,0.9446645379066467,1,0.9310160279273987,1
707,0,1,0.6377108693122864,1,0.5645110011100769,1
707,2,1,0.7033510208129883,1,0.6703220009803772,1
707,1,1,0.5125742554664612,1,0.47409600019454956,0
707,3,1,0.957830548286438,1,0.9256100058555603,1
707,4,1,0.8654753565788269,1,0.7610849738121033,1
707,5,1,0.907677948474884,1,0.8355249762535095,1
707,6,1,0.9459858536720276,1,0.9380519986152649,1
707,6,1,0.9457871317863464,1,0.9436990022659302,1
707,0,1,0.8024658560752869,1,0.5998700261116028,1
707,2,1,0.7116720080375671,1,0.7461820244789124,1
707,1,1,0.6763480305671692,1,0.5609340071678162,1
707,3,1,0.9611738324165344,1,0.9450510144233704,1
707,4,1,0.8644099235534668,1,0.8051180243492126,1
707,5,0,0.9078456163406372,1,0.8585109710693359,1
707,6,1,0.8972866535186768,1,0.9481719732284546,1
707,6,1,0.9446560144424438,1,0.9516760110855103,1
707,0,0,0.7905015349388123,1,0.6485459804534912,1
707,1,0,0.5571662187576294,1,0.6398029923439026,1
707,2,1,0.4421936869621277,0,0.7924140095710754,1
707,3,1,0.9358509182929993,1,0.9561079740524292,1
707,4,1,0.843821108341217,1,0.830249011516571,1
707,5,1,0.7752765417098999,1,0.8199449777603149,1
707,6,1,0.9442659020423889,1,0.954397976398468,1
707,6,1,0.9450865387916565,1,0.9564989805221558,1
707,0,1,0.6774335503578186,1,0.547730028629303,1
707,2,1,0.700312614440918,1,0.8162469863891602,1
707,1,1,0.5707035064697266,1,0.5699449777603149,1
707,3,1,0.9602952003479004,1,0.9621959924697876,1
707,4,1,0.8620743751525879,1,0.843396008014679,1
707,5,1,0.9061375260353088,1,0.8507559895515442,1
707,6,1,0.9462390542030334,1,0.9581130146980286,1
707,6,1,0.9460575580596924,1,0.9593480229377747,1
707,0,1,0.8025012612342834,1,0.5745700001716614,1
707,2,1,0.7122348546981812,1,0.8274800181388855,1
707,1,1,0.6902222037315369,1,0.6466100215911865,1
707,3,1,0.9610379338264465,1,0.9654889702796936,1
707,4,1,0.8623992800712585,1,0.8499630093574524,1
707,5,1,0.907294511795044,1,0.8658170104026794,1
707,6,1,0.9465132355690002,1,0.9602890014648438,1
707,6,1,0.9463266730308533,1,0.9610059857368469,1
707,7,1,0.8546046018600464,1,0.7255330085754395,1
707,9,0,0.9077774286270142,1,0.8021690249443054,1
707,8,1,0.8764984607696533,1,0.8739780187606812,1
707,12,1,0.9334794878959656,1,0.9291480183601379,1
707,10,0,0.9198148250579834,1,0.5817549824714661,1
707,11,0,0.8191007375717163,1,0.6359530091285706,1
707,13,0,0.5868484377861023,1,0.6097490191459656,1
707,6,1,0.8053051829338074,1,0.9615499973297119,1
707,14,0,0.7152354121208191,1,0.6390529870986938,1
707,7,1,0.5667762160301208,1,0.7869089841842651,1
707,8,1,0.8712919354438782,1,0.8866220116615295,1
707,9,0,0.7662895917892456,1,0.7074909806251526,1
707,12,1,0.9308419227600098,1,0.9554799795150757,1
707,10,0,0.9026031494140625,1,0.6220620274543762,1
707,11,0,0.6626207828521729,1,0.5975610017776489,1
707,13,0,0.5097565054893494,1,0.526964008808136,1
707,6,1,0.873218834400177,1,0.9619629979133606,1
707,14,1,0.47621795535087585,0,0.5393289923667908,1
707,7,1,0.8296207189559937,1,0.8356389999389648,1
707,8,1,0.8937656283378601,1,0.8973919749259949,1
707,9,1,0.666009783744812,1,0.632964015007019,1
707,10,0,0.8739750981330872,1,0.6312010288238525,1
707,11,0,0.6022202968597412,1,0.5868120193481445,1
707,12,1,0.9163638353347778,1,0.9582819938659668,1
707,13,1,0.5153018236160278,1,0.49265098571777344,0
707,6,1,0.937826931476593,1,0.9622759819030762,1
707,14,1,0.8279997706413269,1,0.6868320107460022,1
707,7,0,0.8472025394439697,1,0.8692299723625183,1
707,9,1,0.8236274123191833,1,0.6520079970359802,1
707,8,1,0.8764872550964355,1,0.9063259959220886,1
707,10,1,0.8845799565315247,1,0.6335499882698059,1
707,12,0,0.9335094094276428,1,0.9585719704627991,1
707,11,1,0.8005002737045288,1,0.5841599702835083,1
707,13,0,0.7851818203926086,1,0.6030840277671814,1
707,6,0,0.8317251205444336,1,0.9625130295753479,1
707,14,1,0.5784319639205933,1,0.7892889976501465,1
707,7,1,0.5932403802871704,1,0.7318199872970581,1
707,8,1,0.8690833449363708,1,0.9135760068893433,1
707,9,1,0.8709866404533386,1,0.6760609745979309,1
707,10,0,0.9073275327682495,1,0.7672119736671448,1
707,11,1,0.7887632250785828,1,0.7848799824714661,1
707,12,1,0.848048985004425,1,0.9582059979438782,1
707,13,1,0.6947849988937378,1,0.5236709713935852,1
707,6,1,0.9067475199699402,1,0.9582909941673279,1
707,14,1,0.8178141117095947,1,0.8379179835319519,1
707,7,1,0.8312889337539673,1,0.7922769784927368,1
707,8,1,0.8944848775863647,1,0.9193549752235413,1
707,9,1,0.8957113027572632,1,0.7045019865036011,1
707,10,1,0.9030072689056396,1,0.6903250217437744,1
707,12,1,0.934114933013916,1,0.9585639834403992,1
707,11,1,0.9165657758712769,1,0.8696309924125671,1
707,13,1,0.8577187061309814,1,0.6381800174713135,1
707,6,1,0.9411351680755615,1,0.9594839811325073,1
707,14,0,0.8432733416557312,1,0.8568369746208191,1
707,7,1,0.7727780938148499,1,0.8395410180091858,1
707,8,1,0.883110761642456,1,0.9238960146903992,1
707,9,1,0.8935900926589966,1,0.7356280088424683,1
707,10,1,0.9154629111289978,1,0.8044549822807312,1
707,11,1,0.9167115092277527,1,0.8936690092086792,1
707,12,1,0.935080885887146,1,0.9586009979248047,1
707,13,0,0.8601465225219727,1,0.7381899952888489,1
707,6,1,0.8954129219055176,1,0.9603930115699768,1
707,14,1,0.6918008923530579,1,0.8296300172805786,1
707,7,1,0.8219544291496277,1,0.8717520236968994,1
707,8,1,0.8911443948745728,1,0.9274240136146545,1
707,9,1,0.8970537781715393,1,0.766933023929596,1
707,12,1,0.9345274567604065,1,0.9586039781570435,1
707,10,1,0.9179878830909729,1,0.8634170293807983,1
707,11,0,0.9179881811141968,1,0.8996570110321045,1
707,13,1,0.7298623919487,1,0.6231499910354614,1
707,6,1,0.933925449848175,1,0.9610840082168579,1
707,14,1,0.8172281384468079,1,0.0,0
707,0,0,0.7769750356674194,1,-0.0,0
707,0,0,0.5448022484779358,1,-0.0,0
707,0,0,0.4438207447528839,0,-0.0,0
707,0,0,0.44058287143707275,0,-0.0,0
707,0,0,0.4397681951522827,0,-0.0,0
707,0,0,0.43939924240112305,0,-0.0,0
707,0,0,0.4391833245754242,0,-0.0,0
707,0,0,0.4390442669391632,0,-0.0,0
707,0,0,0.43893688917160034,0,-0.0,0
707,0,0,0.43885403871536255,0,-0.0,0
707,0,0,0.43880119919776917,0,-0.0,0
707,0,0,0.43876126408576965,0,-0.0,0
707,0,0,0.4387257397174835,0,-0.0,0
707,0,0,0.4386955797672272,0,-0.0,0
707,0,0,0.43866974115371704,0,-0.0,0
707,0,0,0.438641756772995,0,-0.0,0
707,0,0,0.4386175572872162,0,-0.0,0
707,0,0,0.43860214948654175,0,-0.0,0
707,0,0,0.43859222531318665,0,-0.0,0
707,0,0,0.4385858476161957,0,-0.0,0
707,0,0,0.4385814070701599,0,-0.0,0
707,0,0,0.4385787546634674,0,-0.0,0
707,0,0,0.43857648968696594,0,-0.0,0
707,0,0,0.43857526779174805,0,-0.0,0
707,0,0,0.4385748505592346,0,-0.0,0
707,0,0,0.43857595324516296,0,-0.0,0
707,0,0,0.4385778307914734,0,-0.0,0
707,0,0,0.4385799467563629,0,-0.0,0
707,0,0,0.43858543038368225,0,-0.0,0
707,0,0,0.4385916292667389,0,-0.0,0
707,0,0,0.4385984539985657,0,-0.0,0
707,0,0,0.43860575556755066,0,-0.0,0
707,0,0,0.43861261010169983,0,-0.0,0
707,0,0,0.43861910700798035,0,-0.0,0
707,0,0,0.43862584233283997,0,-0.0,0
707,0,0,0.43863239884376526,0,-0.0,0
707,0,0,0.438639372587204,0,-0.0,0
707,0,0,0.4386468231678009,0,-0.0,0
707,0,0,0.4386541545391083,0,-0.0,0
707,0,0,0.4386618137359619,0,-0.0,0
707,0,0,0.43867024779319763,0,-0.0,0
707,0,0,0.43867921829223633,0,-0.0,0
707,0,0,0.43868783116340637,0,-0.0,0
707,0,0,0.43869656324386597,0,-0.0,0
707,0,0,0.4387056231498718,0,-0.0,0
707,0,0,0.4387143552303314,0,-0.0,0
707,0,0,0.43872055411338806,0,-0.0,0
707,0,0,0.4387272894382477,0,-0.0,0
707,0,0,0.4387345314025879,0,-0.0,0
707,0,0,0.43874165415763855,0,-0.0,0
707,0,0,0.43874937295913696,0,-0.0,0
707,0,0,0.43875694274902344,0,-0.0,0
707,0,0,0.4387642741203308,0,-0.0,0
707,0,0,0.43877190351486206,0,-0.0,0
707,0,0,0.4387790560722351,0,-0.0,0
707,0,0,0.4387872815132141,0,-0.0,0
707,0,0,0.4387960433959961,0,-0.0,0
707,0,0,0.4388048052787781,0,-0.0,0
707,0,0,0.43881234526634216,0,-0.0,0
707,0,0,0.4388185441493988,0,-0.0,0
707,0,0,0.4388235807418823,0,-0.0,0
707,0,0,0.43882906436920166,0,-0.0,0
707,0,0,0.4388352632522583,0,-0.0,0
707,0,0,0.43884167075157166,0,-0.0,0
707,0,0,0.4388485848903656,0,-0.0,0
707,0,0,0.4388551712036133,0,-0.0,0
707,0,0,0.4388622045516968,0,-0.0,0
707,0,0,0.4388688802719116,0,-0.0,0
707,0,0,0.43887585401535034,0,-0.0,0
707,0,0,0.4388827383518219,0,-0.0,0
707,0,0,0.43888962268829346,0,-0.0,0
707,0,0,0.438896507024765,0,-0.0,0
707,0,0,0.4389033913612366,0,-0.0,0
707,0,0,0.43891018629074097,0,-0.0,0
707,0,0,0.4389168620109558,0,-0.0,0
707,0,0,0.4389241635799408,0,-0.0,0
707,0,0,0.4389314353466034,0,-0.0,0
707,0,0,0.4389389455318451,0,-0.0,0
707,0,0,0.43894675374031067,0,-0.0,0
707,0,0,0.4389542043209076,0,-1.0,0
