student_id,skill_id,idkt_im,bkt_im
181,0,0.5016466975212097,0.0865730494260788
181,2,0.49735167622566223,0.4455474615097046
181,1,0.5220039486885071,0.10744237899780273
181,3,0.4803539216518402,0.7426278591156006
181,0,0.5016466975212097,0.0865730494260788
181,0,0.5016466975212097,0.0865730494260788
181,0,0.5016466975212097,0.0865730494260788
181,0,0.5016466975212097,0.0865730494260788
181,0,0.5016466975212097,0.0865730494260788
181,0,0.5016466975212097,0.0865730494260788
181,0,0.5016466975212097,0.0865730494260788
181,0,0.5016466975212097,0.0865730494260788
181,0,0.5016466975212097,0.0865730494260788
181,0,0.5016466975212097,0.0865730494260788
181,0,0.5016466975212097,0.0865730494260788
181,0,0.5016466975212097,0.0865730494260788
181,0,0.5016466975212097,0.0865730494260788
181,0,0.5016466975212097,0.0865730494260788
181,0,0.5016466975212097,0.0865730494260788
181,0,0.5016466975212097,0.0865730494260788
181,0,0.5016466975212097,0.0865730494260788
181,0,0.5016466975212097,0.0865730494260788
181,0,0.5016466975212097,0.0865730494260788
181,0,0.5016466975212097,0.0865730494260788
181,0,0.5016466975212097,0.0865730494260788
181,0,0.5016466975212097,0.0865730494260788
181,0,0.5016466975212097,0.0865730494260788
181,0,0.5016466975212097,0.0865730494260788
181,0,0.5016466975212097,0.0865730494260788
181,0,0.5016466975212097,0.0865730494260788
181,0,0.5016466975212097,0.0865730494260788
181,0,0.5016466975212097,0.0865730494260788
181,0,0.5016466975212097,0.0865730494260788
181,0,0.5016466975212097,0.0865730494260788
181,0,0.5016466975212097,0.0865730494260788
181,0,0.5016466975212097,0.0865730494260788
181,0,0.5016466975212097,0.0865730494260788
181,0,0.5016466975212097,0.0865730494260788
181,0,0.5016466975212097,0.0865730494260788
181,0,0.5016466975212097,0.0865730494260788
181,0,0.5016466975212097,0.0865730494260788
181,0,0.5016466975212097,0.0865730494260788
181,0,0.5016466975212097,0.0865730494260788
181,0,0.5016466975212097,0.0865730494260788
181,0,0.5016466975212097,0.0865730494260788
181,0,0.5016466975212097,0.0865730494260788
181,0,0.5016466975212097,0.0865730494260788
181,0,0.5016466975212097,0.0865730494260788
181,0,0.5016466975212097,0.0865730494260788
181,0,0.5016466975212097,0.0865730494260788
181,0,0.5016466975212097,0.0865730494260788
181,0,0.5016466975212097,0.0865730494260788
181,0,0.5016466975212097,0.0865730494260788
181,0,0.5016466975212097,0.0865730494260788
181,0,0.5016466975212097,0.0865730494260788
181,0,0.5016466975212097,0.0865730494260788
181,0,0.5016466975212097,0.0865730494260788
181,0,0.5016466975212097,0.0865730494260788
181,0,0.5016466975212097,0.0865730494260788
181,0,0.5016466975212097,0.0865730494260788
181,0,0.5016466975212097,0.0865730494260788
181,0,0.5016466975212097,0.0865730494260788
181,0,0.5016466975212097,0.0865730494260788
181,0,0.5016466975212097,0.0865730494260788
181,0,0.5016466975212097,0.0865730494260788
181,0,0.5016466975212097,0.0865730494260788
181,0,0.5016466975212097,0.0865730494260788
181,0,0.5016466975212097,0.0865730494260788
181,0,0.5016466975212097,0.0865730494260788
181,0,0.5016466975212097,0.0865730494260788
181,0,0.5016466975212097,0.0865730494260788
181,0,0.5016466975212097,0.0865730494260788
181,0,0.5016466975212097,0.0865730494260788
181,0,0.5016466975212097,0.0865730494260788
181,0,0.5016466975212097,0.0865730494260788
181,0,0.5016466975212097,0.0865730494260788
181,0,0.5016466975212097,0.0865730494260788
181,0,0.5016466975212097,0.0865730494260788
181,0,0.5016466975212097,0.0865730494260788
181,0,0.5016466975212097,0.0865730494260788
181,0,0.5016466975212097,0.0865730494260788
181,0,0.5016466975212097,0.0865730494260788
181,0,0.5016466975212097,0.0865730494260788
181,0,0.5016466975212097,0.0865730494260788
181,0,0.5016466975212097,0.0865730494260788
181,0,0.5016466975212097,0.0865730494260788
181,0,0.5016466975212097,0.0865730494260788
181,0,0.5016466975212097,0.0865730494260788
181,0,0.5016466975212097,0.0865730494260788
181,0,0.5016466975212097,0.0865730494260788
181,0,0.5016466975212097,0.0865730494260788
181,0,0.5016466975212097,0.0865730494260788
181,0,0.5016466975212097,0.0865730494260788
181,0,0.5016466975212097,0.0865730494260788
181,0,0.5016466975212097,0.0865730494260788
181,0,0.5016466975212097,0.0865730494260788
181,0,0.5016466975212097,0.0865730494260788
181,0,0.5016466975212097,0.0865730494260788
181,0,0.5016466975212097,0.0865730494260788
181,0,0.5016466975212097,0.0865730494260788
181,0,0.5016466975212097,0.0865730494260788
181,0,0.5016466975212097,0.0865730494260788
181,0,0.5016466975212097,0.0865730494260788
181,0,0.5016466975212097,0.0865730494260788
181,0,0.5016466975212097,0.0865730494260788
181,0,0.5016466975212097,0.0865730494260788
181,0,0.5016466975212097,0.0865730494260788
181,0,0.5016466975212097,0.0865730494260788
181,0,0.5016466975212097,0.0865730494260788
181,0,0.5016466975212097,0.0865730494260788
181,0,0.5016466975212097,0.0865730494260788
181,0,0.5016466975212097,0.0865730494260788
181,0,0.5016466975212097,0.0865730494260788
181,0,0.5016466975212097,0.0865730494260788
181,0,0.5016466975212097,0.0865730494260788
181,0,0.5016466975212097,0.0865730494260788
181,0,0.5016466975212097,0.0865730494260788
181,0,0.5016466975212097,0.0865730494260788
181,0,0.5016466975212097,0.0865730494260788
181,0,0.5016466975212097,0.0865730494260788
181,0,0.5016466975212097,0.0865730494260788
181,0,0.5016466975212097,0.0865730494260788
181,0,0.5016466975212097,0.0865730494260788
181,0,0.5016466975212097,0.0865730494260788
181,0,0.5016466975212097,0.0865730494260788
181,0,0.5016466975212097,0.0865730494260788
181,0,0.5016466975212097,0.0865730494260788
181,0,0.5016466975212097,0.0865730494260788
181,0,0.5016466975212097,0.0865730494260788
181,0,0.5016466975212097,0.0865730494260788
181,0,0.5016466975212097,0.0865730494260788
181,0,0.5016466975212097,0.0865730494260788
181,0,0.5016466975212097,0.0865730494260788
181,0,0.5016466975212097,0.0865730494260788
181,0,0.5016466975212097,0.0865730494260788
181,0,0.5016466975212097,0.0865730494260788
181,0,0.5016466975212097,0.0865730494260788
181,0,0.5016466975212097,0.0865730494260788
181,0,0.5016466975212097,0.0865730494260788
181,0,0.5016466975212097,0.0865730494260788
181,0,0.5016466975212097,0.0865730494260788
181,0,0.5016466975212097,0.0865730494260788
181,0,0.5016466975212097,0.0865730494260788
181,0,0.5016466975212097,0.0865730494260788
181,0,0.5016466975212097,0.0865730494260788
181,0,0.5016466975212097,0.0865730494260788
181,0,0.5016466975212097,0.0865730494260788
181,0,0.5016466975212097,0.0865730494260788
181,0,0.5016466975212097,0.0865730494260788
181,0,0.5016466975212097,0.0865730494260788
181,0,0.5016466975212097,0.0865730494260788
181,0,0.5016466975212097,0.0865730494260788
181,0,0.5016466975212097,0.0865730494260788
181,0,0.5016466975212097,0.0865730494260788
181,0,0.5016466975212097,0.0865730494260788
181,0,0.5016466975212097,0.0865730494260788
181,0,0.5016466975212097,0.0865730494260788
181,0,0.5016466975212097,0.0865730494260788
181,0,0.5016466975212097,0.0865730494260788
181,0,0.5016466975212097,0.0865730494260788
181,0,0.5016466975212097,0.0865730494260788
181,0,0.5016466975212097,0.0865730494260788
181,0,0.5016466975212097,0.0865730494260788
181,0,0.5016466975212097,0.0865730494260788
181,0,0.5016466975212097,0.0865730494260788
181,0,0.5016466975212097,0.0865730494260788
181,0,0.5016466975212097,0.0865730494260788
181,0,0.5016466975212097,0.0865730494260788
181,0,0.5016466975212097,0.0865730494260788
181,0,0.5016466975212097,0.0865730494260788
181,0,0.5016466975212097,0.0865730494260788
181,0,0.5016466975212097,0.0865730494260788
181,0,0.5016466975212097,0.0865730494260788
181,0,0.5016466975212097,0.0865730494260788
181,0,0.5016466975212097,0.0865730494260788
181,0,0.5016466975212097,0.0865730494260788
181,0,0.5016466975212097,0.0865730494260788
181,0,0.5016466975212097,0.0865730494260788
181,0,0.5016466975212097,0.0865730494260788
181,0,0.5016466975212097,0.0865730494260788
181,0,0.5016466975212097,0.0865730494260788
181,0,0.5016466975212097,0.0865730494260788
181,0,0.5016466975212097,0.0865730494260788
181,0,0.5016466975212097,0.0865730494260788
181,0,0.5016466975212097,0.0865730494260788
181,0,0.5016466975212097,0.0865730494260788
181,0,0.5016466975212097,0.0865730494260788
181,0,0.5016466975212097,0.0865730494260788
181,0,0.5016466975212097,0.0865730494260788
181,0,0.5016466975212097,0.0865730494260788
181,0,0.5016466975212097,0.0865730494260788
181,0,0.5016466975212097,0.0865730494260788
181,0,0.5016466975212097,0.0865730494260788
181,0,0.5016466975212097,0.0865730494260788
181,0,0.5016466975212097,0.0865730494260788
181,0,0.5016466975212097,0.0865730494260788
181,0,0.5016466975212097,0.0865730494260788
181,0,0.5016466975212097,0.0865730494260788
181,0,0.5016466975212097,0.0865730494260788
181,0,0.5016466975212097,0.0865730494260788
458,141,0.4982241988182068,0.9588919281959534
458,142,0.5148757696151733,0.9966784715652466
458,142,0.5148757696151733,0.9966784715652466
458,142,0.5148757696151733,0.9966784715652466
458,142,0.5148757696151733,0.9966784715652466
458,142,0.5148757696151733,0.9966784715652466
458,143,0.5023859143257141,0.1134362518787384
458,0,0.5012416243553162,0.0865730494260788
458,0,0.5012416243553162,0.0865730494260788
458,0,0.5012416243553162,0.0865730494260788
458,0,0.5012416243553162,0.0865730494260788
458,0,0.5012416243553162,0.0865730494260788
458,0,0.5012416243553162,0.0865730494260788
458,0,0.5012416243553162,0.0865730494260788
458,0,0.5012416243553162,0.0865730494260788
458,0,0.5012416243553162,0.0865730494260788
458,0,0.5012416243553162,0.0865730494260788
458,0,0.5012416243553162,0.0865730494260788
458,0,0.5012416243553162,0.0865730494260788
458,0,0.5012416243553162,0.0865730494260788
458,0,0.5012416243553162,0.0865730494260788
458,0,0.5012416243553162,0.0865730494260788
458,0,0.5012416243553162,0.0865730494260788
458,0,0.5012416243553162,0.0865730494260788
458,0,0.5012416243553162,0.0865730494260788
458,0,0.5012416243553162,0.0865730494260788
458,0,0.5012416243553162,0.0865730494260788
458,0,0.5012416243553162,0.0865730494260788
458,0,0.5012416243553162,0.0865730494260788
458,0,0.5012416243553162,0.0865730494260788
458,0,0.5012416243553162,0.0865730494260788
458,0,0.5012416243553162,0.0865730494260788
458,0,0.5012416243553162,0.0865730494260788
458,0,0.5012416243553162,0.0865730494260788
458,0,0.5012416243553162,0.0865730494260788
458,0,0.5012416243553162,0.0865730494260788
458,0,0.5012416243553162,0.0865730494260788
458,0,0.5012416243553162,0.0865730494260788
458,0,0.5012416243553162,0.0865730494260788
458,0,0.5012416243553162,0.0865730494260788
458,0,0.5012416243553162,0.0865730494260788
458,0,0.5012416243553162,0.0865730494260788
458,0,0.5012416243553162,0.0865730494260788
458,0,0.5012416243553162,0.0865730494260788
458,0,0.5012416243553162,0.0865730494260788
458,0,0.5012416243553162,0.0865730494260788
458,0,0.5012416243553162,0.0865730494260788
458,0,0.5012416243553162,0.0865730494260788
458,0,0.5012416243553162,0.0865730494260788
458,0,0.5012416243553162,0.0865730494260788
458,0,0.5012416243553162,0.0865730494260788
458,0,0.5012416243553162,0.0865730494260788
458,0,0.5012416243553162,0.0865730494260788
458,0,0.5012416243553162,0.0865730494260788
458,0,0.5012416243553162,0.0865730494260788
458,0,0.5012416243553162,0.0865730494260788
458,0,0.5012416243553162,0.0865730494260788
458,0,0.5012416243553162,0.0865730494260788
458,0,0.5012416243553162,0.0865730494260788
458,0,0.5012416243553162,0.0865730494260788
458,0,0.5012416243553162,0.0865730494260788
458,0,0.5012416243553162,0.0865730494260788
458,0,0.5012416243553162,0.0865730494260788
458,0,0.5012416243553162,0.0865730494260788
458,0,0.5012416243553162,0.0865730494260788
458,0,0.5012416243553162,0.0865730494260788
458,0,0.5012416243553162,0.0865730494260788
458,0,0.5012416243553162,0.0865730494260788
458,0,0.5012416243553162,0.0865730494260788
458,0,0.5012416243553162,0.0865730494260788
458,0,0.5012416243553162,0.0865730494260788
458,0,0.5012416243553162,0.0865730494260788
458,0,0.5012416243553162,0.0865730494260788
458,0,0.5012416243553162,0.0865730494260788
458,0,0.5012416243553162,0.0865730494260788
458,0,0.5012416243553162,0.0865730494260788
458,0,0.5012416243553162,0.0865730494260788
458,0,0.5012416243553162,0.0865730494260788
458,0,0.5012416243553162,0.0865730494260788
458,0,0.5012416243553162,0.0865730494260788
458,0,0.5012416243553162,0.0865730494260788
458,0,0.5012416243553162,0.0865730494260788
458,0,0.5012416243553162,0.0865730494260788
458,0,0.5012416243553162,0.0865730494260788
458,0,0.5012416243553162,0.0865730494260788
458,0,0.5012416243553162,0.0865730494260788
458,0,0.5012416243553162,0.0865730494260788
458,0,0.5012416243553162,0.0865730494260788
458,0,0.5012416243553162,0.0865730494260788
458,0,0.5012416243553162,0.0865730494260788
458,0,0.5012416243553162,0.0865730494260788
458,0,0.5012416243553162,0.0865730494260788
458,0,0.5012416243553162,0.0865730494260788
458,0,0.5012416243553162,0.0865730494260788
458,0,0.5012416243553162,0.0865730494260788
458,0,0.5012416243553162,0.0865730494260788
458,0,0.5012416243553162,0.0865730494260788
458,0,0.5012416243553162,0.0865730494260788
458,0,0.5012416243553162,0.0865730494260788
458,0,0.5012416243553162,0.0865730494260788
458,0,0.5012416243553162,0.0865730494260788
458,0,0.5012416243553162,0.0865730494260788
458,0,0.5012416243553162,0.0865730494260788
458,0,0.5012416243553162,0.0865730494260788
458,0,0.5012416243553162,0.0865730494260788
458,0,0.5012416243553162,0.0865730494260788
458,0,0.5012416243553162,0.0865730494260788
458,0,0.5012416243553162,0.0865730494260788
458,0,0.5012416243553162,0.0865730494260788
458,0,0.5012416243553162,0.0865730494260788
458,0,0.5012416243553162,0.0865730494260788
458,0,0.5012416243553162,0.0865730494260788
458,0,0.5012416243553162,0.0865730494260788
458,0,0.5012416243553162,0.0865730494260788
458,0,0.5012416243553162,0.0865730494260788
458,0,0.5012416243553162,0.0865730494260788
458,0,0.5012416243553162,0.0865730494260788
458,0,0.5012416243553162,0.0865730494260788
458,0,0.5012416243553162,0.0865730494260788
458,0,0.5012416243553162,0.0865730494260788
458,0,0.5012416243553162,0.0865730494260788
458,0,0.5012416243553162,0.0865730494260788
458,0,0.5012416243553162,0.0865730494260788
458,0,0.5012416243553162,0.0865730494260788
458,0,0.5012416243553162,0.0865730494260788
458,0,0.5012416243553162,0.0865730494260788
458,0,0.5012416243553162,0.0865730494260788
458,0,0.5012416243553162,0.0865730494260788
458,0,0.5012416243553162,0.0865730494260788
458,0,0.5012416243553162,0.0865730494260788
458,0,0.5012416243553162,0.0865730494260788
458,0,0.5012416243553162,0.0865730494260788
458,0,0.5012416243553162,0.0865730494260788
458,0,0.5012416243553162,0.0865730494260788
458,0,0.5012416243553162,0.0865730494260788
458,0,0.5012416243553162,0.0865730494260788
458,0,0.5012416243553162,0.0865730494260788
458,0,0.5012416243553162,0.0865730494260788
458,0,0.5012416243553162,0.0865730494260788
458,0,0.5012416243553162,0.0865730494260788
458,0,0.5012416243553162,0.0865730494260788
458,0,0.5012416243553162,0.0865730494260788
458,0,0.5012416243553162,0.0865730494260788
458,0,0.5012416243553162,0.0865730494260788
458,0,0.5012416243553162,0.0865730494260788
458,0,0.5012416243553162,0.0865730494260788
458,0,0.5012416243553162,0.0865730494260788
458,0,0.5012416243553162,0.0865730494260788
458,0,0.5012416243553162,0.0865730494260788
458,0,0.5012416243553162,0.0865730494260788
458,0,0.5012416243553162,0.0865730494260788
458,0,0.5012416243553162,0.0865730494260788
458,0,0.5012416243553162,0.0865730494260788
458,0,0.5012416243553162,0.0865730494260788
458,0,0.5012416243553162,0.0865730494260788
458,0,0.5012416243553162,0.0865730494260788
458,0,0.5012416243553162,0.0865730494260788
458,0,0.5012416243553162,0.0865730494260788
458,0,0.5012416243553162,0.0865730494260788
458,0,0.5012416243553162,0.0865730494260788
458,0,0.5012416243553162,0.0865730494260788
458,0,0.5012416243553162,0.0865730494260788
458,0,0.5012416243553162,0.0865730494260788
458,0,0.5012416243553162,0.0865730494260788
458,0,0.5012416243553162,0.0865730494260788
458,0,0.5012416243553162,0.0865730494260788
458,0,0.5012416243553162,0.0865730494260788
458,0,0.5012416243553162,0.0865730494260788
458,0,0.5012416243553162,0.0865730494260788
458,0,0.5012416243553162,0.0865730494260788
458,0,0.5012416243553162,0.0865730494260788
458,0,0.5012416243553162,0.0865730494260788
458,0,0.5012416243553162,0.0865730494260788
458,0,0.5012416243553162,0.0865730494260788
458,0,0.5012416243553162,0.0865730494260788
458,0,0.5012416243553162,0.0865730494260788
458,0,0.5012416243553162,0.0865730494260788
458,0,0.5012416243553162,0.0865730494260788
458,0,0.5012416243553162,0.0865730494260788
458,0,0.5012416243553162,0.0865730494260788
458,0,0.5012416243553162,0.0865730494260788
458,0,0.5012416243553162,0.0865730494260788
458,0,0.5012416243553162,0.0865730494260788
458,0,0.5012416243553162,0.0865730494260788
458,0,0.5012416243553162,0.0865730494260788
458,0,0.5012416243553162,0.0865730494260788
458,0,0.5012416243553162,0.0865730494260788
458,0,0.5012416243553162,0.0865730494260788
458,0,0.5012416243553162,0.0865730494260788
458,0,0.5012416243553162,0.0865730494260788
458,0,0.5012416243553162,0.0865730494260788
458,0,0.5012416243553162,0.0865730494260788
458,0,0.5012416243553162,0.0865730494260788
458,0,0.5012416243553162,0.0865730494260788
458,0,0.5012416243553162,0.0865730494260788
458,0,0.5012416243553162,0.0865730494260788
458,0,0.5012416243553162,0.0865730494260788
458,0,0.5012416243553162,0.0865730494260788
458,0,0.5012416243553162,0.0865730494260788
458,0,0.5012416243553162,0.0865730494260788
126,35,0.515490710735321,0.008330254815518856
126,36,0.5150994658470154,1.7159823983092792e-05
126,35,0.515490710735321,0.008330254815518856
126,36,0.5150994658470154,1.7159823983092792e-05
126,38,0.527564287185669,8.152172625841558e-08
126,39,0.49654173851013184,0.3631497621536255
126,31,0.4999661445617676,0.6158222556114197
126,32,0.5272668600082397,0.4548714756965637
126,35,0.515490710735321,0.008330254815518856
126,36,0.5150994658470154,1.7159823983092792e-05
126,42,0.5007057785987854,0.9484370946884155
126,43,0.5004411339759827,0.9967031478881836
126,38,0.527564287185669,8.152172625841558e-08
126,39,0.49654173851013184,0.3631497621536255
126,38,0.527564287185669,8.152172625841558e-08
126,39,0.49654173851013184,0.3631497621536255
126,35,0.515490710735321,0.008330254815518856
126,36,0.5150994658470154,1.7159823983092792e-05
126,35,0.515490710735321,0.008330254815518856
126,36,0.5150994658470154,1.7159823983092792e-05
126,35,0.515490710735321,0.008330254815518856
126,36,0.5150994658470154,1.7159823983092792e-05
126,35,0.515490710735321,0.008330254815518856
126,36,0.5150994658470154,1.7159823983092792e-05
126,35,0.515490710735321,0.008330254815518856
126,36,0.5150994658470154,1.7159823983092792e-05
126,35,0.515490710735321,0.008330254815518856
126,36,0.5150994658470154,1.7159823983092792e-05
126,35,0.515490710735321,0.008330254815518856
126,36,0.5150994658470154,1.7159823983092792e-05
126,35,0.515490710735321,0.008330254815518856
126,36,0.5150994658470154,1.7159823983092792e-05
126,35,0.515490710735321,0.008330254815518856
126,36,0.5150994658470154,1.7159823983092792e-05
126,38,0.527564287185669,8.152172625841558e-08
126,39,0.49654173851013184,0.3631497621536255
126,38,0.527564287185669,8.152172625841558e-08
126,39,0.49654173851013184,0.3631497621536255
126,38,0.527564287185669,8.152172625841558e-08
126,39,0.49654173851013184,0.3631497621536255
126,38,0.527564287185669,8.152172625841558e-08
126,39,0.49654173851013184,0.3631497621536255
126,38,0.527564287185669,8.152172625841558e-08
126,39,0.49654173851013184,0.3631497621536255
126,38,0.527564287185669,8.152172625841558e-08
126,39,0.49654173851013184,0.3631497621536255
126,38,0.527564287185669,8.152172625841558e-08
126,39,0.49654173851013184,0.3631497621536255
126,35,0.515490710735321,0.008330254815518856
126,36,0.5150994658470154,1.7159823983092792e-05
126,35,0.515490710735321,0.008330254815518856
126,36,0.5150994658470154,1.7159823983092792e-05
126,35,0.515490710735321,0.008330254815518856
126,36,0.5150994658470154,1.7159823983092792e-05
126,35,0.515490710735321,0.008330254815518856
126,36,0.5150994658470154,1.7159823983092792e-05
126,35,0.515490710735321,0.008330254815518856
126,36,0.5150994658470154,1.7159823983092792e-05
126,35,0.515490710735321,0.008330254815518856
126,36,0.5150994658470154,1.7159823983092792e-05
126,35,0.515490710735321,0.008330254815518856
126,36,0.5150994658470154,1.7159823983092792e-05
126,48,0.5089616179466248,1.2699948115368898e-07
126,49,0.4800505042076111,0.9384059309959412
126,50,0.5103284120559692,0.857340395450592
126,48,0.5089616179466248,1.2699948115368898e-07
126,50,0.5103284120559692,0.857340395450592
126,48,0.5089616179466248,1.2699948115368898e-07
126,49,0.4800505042076111,0.9384059309959412
126,50,0.5103284120559692,0.857340395450592
126,48,0.5089616179466248,1.2699948115368898e-07
126,50,0.5103284120559692,0.857340395450592
126,48,0.5089616179466248,1.2699948115368898e-07
126,49,0.4800505042076111,0.9384059309959412
126,50,0.5103284120559692,0.857340395450592
126,48,0.5089616179466248,1.2699948115368898e-07
126,50,0.5103284120559692,0.857340395450592
126,48,0.5089616179466248,1.2699948115368898e-07
126,49,0.4800505042076111,0.9384059309959412
126,50,0.5103284120559692,0.857340395450592
126,48,0.5089616179466248,1.2699948115368898e-07
126,50,0.5103284120559692,0.857340395450592
126,48,0.5089616179466248,1.2699948115368898e-07
126,49,0.4800505042076111,0.9384059309959412
126,50,0.5103284120559692,0.857340395450592
126,48,0.5089616179466248,1.2699948115368898e-07
126,50,0.5103284120559692,0.857340395450592
126,51,0.5155873894691467,7.549044261879675e-14
126,52,0.5003622174263,3.774045798099479e-10
126,48,0.5089616179466248,1.2699948115368898e-07
126,51,0.5155873894691467,7.549044261879675e-14
126,52,0.5003622174263,3.774045798099479e-10
126,48,0.5089616179466248,1.2699948115368898e-07
126,51,0.5155873894691467,7.549044261879675e-14
126,52,0.5003622174263,3.774045798099479e-10
126,48,0.5089616179466248,1.2699948115368898e-07
126,51,0.5155873894691467,7.549044261879675e-14
126,52,0.5003622174263,3.774045798099479e-10
126,48,0.5089616179466248,1.2699948115368898e-07
126,51,0.5155873894691467,7.549044261879675e-14
126,52,0.5003622174263,3.774045798099479e-10
126,48,0.5089616179466248,1.2699948115368898e-07
126,51,0.5155873894691467,7.549044261879675e-14
126,52,0.5003622174263,3.774045798099479e-10
126,48,0.5089616179466248,1.2699948115368898e-07
126,51,0.5155873894691467,7.549044261879675e-14
126,52,0.5003622174263,3.774045798099479e-10
126,48,0.5089616179466248,1.2699948115368898e-07
126,51,0.5155873894691467,7.549044261879675e-14
126,52,0.5003622174263,3.774045798099479e-10
126,48,0.5089616179466248,1.2699948115368898e-07
126,312,0.49090051651000977,2.6565527377897524e-07
126,313,0.5069249272346497,8.925455725143878e-32
126,314,0.5015802383422852,6.584679500879172e-20
126,312,0.49090051651000977,2.6565527377897524e-07
126,313,0.5069249272346497,8.925455725143878e-32
126,314,0.5015802383422852,6.584679500879172e-20
126,312,0.49090051651000977,2.6565527377897524e-07
126,313,0.5069249272346497,8.925455725143878e-32
126,314,0.5015802383422852,6.584679500879172e-20
126,312,0.49090051651000977,2.6565527377897524e-07
126,313,0.5069249272346497,8.925455725143878e-32
126,314,0.5015802383422852,6.584679500879172e-20
126,312,0.49090051651000977,2.6565527377897524e-07
126,313,0.5069249272346497,8.925455725143878e-32
126,314,0.5015802383422852,6.584679500879172e-20
126,312,0.49090051651000977,2.6565527377897524e-07
126,313,0.5069249272346497,8.925455725143878e-32
126,314,0.5015802383422852,6.584679500879172e-20
126,312,0.49090051651000977,2.6565527377897524e-07
126,313,0.5069249272346497,8.925455725143878e-32
126,314,0.5015802383422852,6.584679500879172e-20
126,312,0.49090051651000977,2.6565527377897524e-07
126,313,0.5069249272346497,8.925455725143878e-32
126,314,0.5015802383422852,6.584679500879172e-20
126,312,0.49090051651000977,2.6565527377897524e-07
126,53,0.503115713596344,0.7408033013343811
126,54,0.5150961875915527,0.8244580030441284
126,55,0.4943782389163971,0.8663299083709717
126,53,0.503115713596344,0.7408033013343811
126,54,0.5150961875915527,0.8244580030441284
126,56,0.5003073811531067,0.9742206335067749
126,57,0.4908439815044403,0.9568685293197632
126,53,0.503115713596344,0.7408033013343811
126,54,0.5150961875915527,0.8244580030441284
126,55,0.4943782389163971,0.8663299083709717
126,53,0.503115713596344,0.7408033013343811
126,54,0.5150961875915527,0.8244580030441284
126,56,0.5003073811531067,0.9742206335067749
126,58,0.4921100437641144,0.6685538291931152
126,53,0.503115713596344,0.7408033013343811
126,54,0.5150961875915527,0.8244580030441284
126,55,0.4943782389163971,0.8663299083709717
126,53,0.503115713596344,0.7408033013343811
126,54,0.5150961875915527,0.8244580030441284
126,56,0.5003073811531067,0.9742206335067749
126,57,0.4908439815044403,0.9568685293197632
126,53,0.503115713596344,0.7408033013343811
126,54,0.5150961875915527,0.8244580030441284
126,55,0.4943782389163971,0.8663299083709717
126,53,0.503115713596344,0.7408033013343811
126,54,0.5150961875915527,0.8244580030441284
126,56,0.5003073811531067,0.9742206335067749
126,57,0.4908439815044403,0.9568685293197632
126,53,0.503115713596344,0.7408033013343811
126,54,0.5150961875915527,0.8244580030441284
126,55,0.4943782389163971,0.8663299083709717
126,53,0.503115713596344,0.7408033013343811
126,54,0.5150961875915527,0.8244580030441284
126,56,0.5003073811531067,0.9742206335067749
126,58,0.4921100437641144,0.6685538291931152
126,53,0.503115713596344,0.7408033013343811
126,54,0.5150961875915527,0.8244580030441284
126,55,0.4943782389163971,0.8663299083709717
126,53,0.503115713596344,0.7408033013343811
126,54,0.5150961875915527,0.8244580030441284
126,56,0.5003073811531067,0.9742206335067749
126,57,0.4908439815044403,0.9568685293197632
126,53,0.503115713596344,0.7408033013343811
126,54,0.5150961875915527,0.8244580030441284
126,55,0.4943782389163971,0.8663299083709717
126,53,0.503115713596344,0.7408033013343811
126,54,0.5150961875915527,0.8244580030441284
126,56,0.5003073811531067,0.9742206335067749
126,58,0.4921100437641144,0.6685538291931152
126,53,0.503115713596344,0.7408033013343811
126,54,0.5150961875915527,0.8244580030441284
126,55,0.4943782389163971,0.8663299083709717
126,53,0.503115713596344,0.7408033013343811
126,54,0.5150961875915527,0.8244580030441284
126,56,0.5003073811531067,0.9742206335067749
126,57,0.4908439815044403,0.9568685293197632
126,0,0.5016762018203735,0.0865730494260788
126,0,0.5016762018203735,0.0865730494260788
126,0,0.5016762018203735,0.0865730494260788
126,0,0.5016762018203735,0.0865730494260788
126,0,0.5016762018203735,0.0865730494260788
126,0,0.5016762018203735,0.0865730494260788
126,0,0.5016762018203735,0.0865730494260788
126,0,0.5016762018203735,0.0865730494260788
385,279,0.5258503556251526,0.23227645456790924
385,280,0.5136851668357849,0.8001254200935364
385,279,0.5258503556251526,0.23227645456790924
385,279,0.5258503556251526,0.23227645456790924
385,280,0.5136851668357849,0.8001254200935364
385,280,0.5136851668357849,0.8001254200935364
385,280,0.5136851668357849,0.8001254200935364
385,279,0.5258503556251526,0.23227645456790924
385,280,0.5136851668357849,0.8001254200935364
385,279,0.5258503556251526,0.23227645456790924
385,280,0.5136851668357849,0.8001254200935364
385,281,0.5231865048408508,0.31475210189819336
385,282,0.4831891357898712,0.6659007668495178
385,282,0.4831891357898712,0.6659007668495178
385,282,0.4831891357898712,0.6659007668495178
385,282,0.4831891357898712,0.6659007668495178
385,281,0.5231865048408508,0.31475210189819336
385,0,0.5019261837005615,0.0865730494260788
385,0,0.5019261837005615,0.0865730494260788
385,0,0.5019261837005615,0.0865730494260788
385,0,0.5019261837005615,0.0865730494260788
385,0,0.5019261837005615,0.0865730494260788
385,0,0.5019261837005615,0.0865730494260788
385,0,0.5019261837005615,0.0865730494260788
385,0,0.5019261837005615,0.0865730494260788
385,0,0.5019261837005615,0.0865730494260788
385,0,0.5019261837005615,0.0865730494260788
385,0,0.5019261837005615,0.0865730494260788
385,0,0.5019261837005615,0.0865730494260788
385,0,0.5019261837005615,0.0865730494260788
385,0,0.5019261837005615,0.0865730494260788
385,0,0.5019261837005615,0.0865730494260788
385,0,0.5019261837005615,0.0865730494260788
385,0,0.5019261837005615,0.0865730494260788
385,0,0.5019261837005615,0.0865730494260788
385,0,0.5019261837005615,0.0865730494260788
385,0,0.5019261837005615,0.0865730494260788
385,0,0.5019261837005615,0.0865730494260788
385,0,0.5019261837005615,0.0865730494260788
385,0,0.5019261837005615,0.0865730494260788
385,0,0.5019261837005615,0.0865730494260788
385,0,0.5019261837005615,0.0865730494260788
385,0,0.5019261837005615,0.0865730494260788
385,0,0.5019261837005615,0.0865730494260788
385,0,0.5019261837005615,0.0865730494260788
385,0,0.5019261837005615,0.0865730494260788
385,0,0.5019261837005615,0.0865730494260788
385,0,0.5019261837005615,0.0865730494260788
385,0,0.5019261837005615,0.0865730494260788
385,0,0.5019261837005615,0.0865730494260788
385,0,0.5019261837005615,0.0865730494260788
385,0,0.5019261837005615,0.0865730494260788
385,0,0.5019261837005615,0.0865730494260788
385,0,0.5019261837005615,0.0865730494260788
385,0,0.5019261837005615,0.0865730494260788
385,0,0.5019261837005615,0.0865730494260788
385,0,0.5019261837005615,0.0865730494260788
385,0,0.5019261837005615,0.0865730494260788
385,0,0.5019261837005615,0.0865730494260788
385,0,0.5019261837005615,0.0865730494260788
385,0,0.5019261837005615,0.0865730494260788
385,0,0.5019261837005615,0.0865730494260788
385,0,0.5019261837005615,0.0865730494260788
385,0,0.5019261837005615,0.0865730494260788
385,0,0.5019261837005615,0.0865730494260788
385,0,0.5019261837005615,0.0865730494260788
385,0,0.5019261837005615,0.0865730494260788
385,0,0.5019261837005615,0.0865730494260788
385,0,0.5019261837005615,0.0865730494260788
385,0,0.5019261837005615,0.0865730494260788
385,0,0.5019261837005615,0.0865730494260788
385,0,0.5019261837005615,0.0865730494260788
385,0,0.5019261837005615,0.0865730494260788
385,0,0.5019261837005615,0.0865730494260788
385,0,0.5019261837005615,0.0865730494260788
385,0,0.5019261837005615,0.0865730494260788
385,0,0.5019261837005615,0.0865730494260788
385,0,0.5019261837005615,0.0865730494260788
385,0,0.5019261837005615,0.0865730494260788
385,0,0.5019261837005615,0.0865730494260788
385,0,0.5019261837005615,0.0865730494260788
385,0,0.5019261837005615,0.0865730494260788
385,0,0.5019261837005615,0.0865730494260788
385,0,0.5019261837005615,0.0865730494260788
385,0,0.5019261837005615,0.0865730494260788
385,0,0.5019261837005615,0.0865730494260788
385,0,0.5019261837005615,0.0865730494260788
385,0,0.5019261837005615,0.0865730494260788
385,0,0.5019261837005615,0.0865730494260788
385,0,0.5019261837005615,0.0865730494260788
385,0,0.5019261837005615,0.0865730494260788
385,0,0.5019261837005615,0.0865730494260788
385,0,0.5019261837005615,0.0865730494260788
385,0,0.5019261837005615,0.0865730494260788
385,0,0.5019261837005615,0.0865730494260788
385,0,0.5019261837005615,0.0865730494260788
385,0,0.5019261837005615,0.0865730494260788
385,0,0.5019261837005615,0.0865730494260788
385,0,0.5019261837005615,0.0865730494260788
385,0,0.5019261837005615,0.0865730494260788
385,0,0.5019261837005615,0.0865730494260788
385,0,0.5019261837005615,0.0865730494260788
385,0,0.5019261837005615,0.0865730494260788
385,0,0.5019261837005615,0.0865730494260788
385,0,0.5019261837005615,0.0865730494260788
385,0,0.5019261837005615,0.0865730494260788
385,0,0.5019261837005615,0.0865730494260788
385,0,0.5019261837005615,0.0865730494260788
385,0,0.5019261837005615,0.0865730494260788
385,0,0.5019261837005615,0.0865730494260788
385,0,0.5019261837005615,0.0865730494260788
385,0,0.5019261837005615,0.0865730494260788
385,0,0.5019261837005615,0.0865730494260788
385,0,0.5019261837005615,0.0865730494260788
385,0,0.5019261837005615,0.0865730494260788
385,0,0.5019261837005615,0.0865730494260788
385,0,0.5019261837005615,0.0865730494260788
385,0,0.5019261837005615,0.0865730494260788
385,0,0.5019261837005615,0.0865730494260788
385,0,0.5019261837005615,0.0865730494260788
385,0,0.5019261837005615,0.0865730494260788
385,0,0.5019261837005615,0.0865730494260788
385,0,0.5019261837005615,0.0865730494260788
385,0,0.5019261837005615,0.0865730494260788
385,0,0.5019261837005615,0.0865730494260788
385,0,0.5019261837005615,0.0865730494260788
385,0,0.5019261837005615,0.0865730494260788
385,0,0.5019261837005615,0.0865730494260788
385,0,0.5019261837005615,0.0865730494260788
385,0,0.5019261837005615,0.0865730494260788
385,0,0.5019261837005615,0.0865730494260788
385,0,0.5019261837005615,0.0865730494260788
385,0,0.5019261837005615,0.0865730494260788
385,0,0.5019261837005615,0.0865730494260788
385,0,0.5019261837005615,0.0865730494260788
385,0,0.5019261837005615,0.0865730494260788
385,0,0.5019261837005615,0.0865730494260788
385,0,0.5019261837005615,0.0865730494260788
385,0,0.5019261837005615,0.0865730494260788
385,0,0.5019261837005615,0.0865730494260788
385,0,0.5019261837005615,0.0865730494260788
385,0,0.5019261837005615,0.0865730494260788
385,0,0.5019261837005615,0.0865730494260788
385,0,0.5019261837005615,0.0865730494260788
385,0,0.5019261837005615,0.0865730494260788
385,0,0.5019261837005615,0.0865730494260788
385,0,0.5019261837005615,0.0865730494260788
385,0,0.5019261837005615,0.0865730494260788
385,0,0.5019261837005615,0.0865730494260788
385,0,0.5019261837005615,0.0865730494260788
385,0,0.5019261837005615,0.0865730494260788
385,0,0.5019261837005615,0.0865730494260788
385,0,0.5019261837005615,0.0865730494260788
385,0,0.5019261837005615,0.0865730494260788
385,0,0.5019261837005615,0.0865730494260788
385,0,0.5019261837005615,0.0865730494260788
385,0,0.5019261837005615,0.0865730494260788
385,0,0.5019261837005615,0.0865730494260788
385,0,0.5019261837005615,0.0865730494260788
385,0,0.5019261837005615,0.0865730494260788
385,0,0.5019261837005615,0.0865730494260788
385,0,0.5019261837005615,0.0865730494260788
385,0,0.5019261837005615,0.0865730494260788
385,0,0.5019261837005615,0.0865730494260788
385,0,0.5019261837005615,0.0865730494260788
385,0,0.5019261837005615,0.0865730494260788
385,0,0.5019261837005615,0.0865730494260788
385,0,0.5019261837005615,0.0865730494260788
385,0,0.5019261837005615,0.0865730494260788
385,0,0.5019261837005615,0.0865730494260788
385,0,0.5019261837005615,0.0865730494260788
385,0,0.5019261837005615,0.0865730494260788
385,0,0.5019261837005615,0.0865730494260788
385,0,0.5019261837005615,0.0865730494260788
385,0,0.5019261837005615,0.0865730494260788
385,0,0.5019261837005615,0.0865730494260788
385,0,0.5019261837005615,0.0865730494260788
385,0,0.5019261837005615,0.0865730494260788
385,0,0.5019261837005615,0.0865730494260788
385,0,0.5019261837005615,0.0865730494260788
385,0,0.5019261837005615,0.0865730494260788
385,0,0.5019261837005615,0.0865730494260788
385,0,0.5019261837005615,0.0865730494260788
385,0,0.5019261837005615,0.0865730494260788
385,0,0.5019261837005615,0.0865730494260788
385,0,0.5019261837005615,0.0865730494260788
385,0,0.5019261837005615,0.0865730494260788
385,0,0.5019261837005615,0.0865730494260788
385,0,0.5019261837005615,0.0865730494260788
385,0,0.5019261837005615,0.0865730494260788
385,0,0.5019261837005615,0.0865730494260788
385,0,0.5019261837005615,0.0865730494260788
385,0,0.5019261837005615,0.0865730494260788
385,0,0.5019261837005615,0.0865730494260788
385,0,0.5019261837005615,0.0865730494260788
385,0,0.5019261837005615,0.0865730494260788
385,0,0.5019261837005615,0.0865730494260788
385,0,0.5019261837005615,0.0865730494260788
385,0,0.5019261837005615,0.0865730494260788
385,0,0.5019261837005615,0.0865730494260788
441,0,0.5016831159591675,0.0865730494260788
441,1,0.5220402479171753,0.10744237899780273
441,2,0.49738800525665283,0.4455474615097046
441,3,0.4803902804851532,0.7426278591156006
441,4,0.5061817169189453,0.6352908611297607
441,5,0.4893442988395691,0.3134657144546509
441,6,0.5128804445266724,0.9404323101043701
441,6,0.5128804445266724,0.9404323101043701
441,0,0.5016831159591675,0.0865730494260788
441,1,0.5220402479171753,0.10744237899780273
441,2,0.49738800525665283,0.4455474615097046
441,4,0.5061817169189453,0.6352908611297607
441,5,0.4893442988395691,0.3134657144546509
441,3,0.4803902804851532,0.7426278591156006
441,6,0.5128804445266724,0.9404323101043701
441,6,0.5128804445266724,0.9404323101043701
441,0,0.5016831159591675,0.0865730494260788
441,1,0.5220402479171753,0.10744237899780273
441,2,0.49738800525665283,0.4455474615097046
441,4,0.5061817169189453,0.6352908611297607
441,3,0.4803902804851532,0.7426278591156006
441,5,0.4893442988395691,0.3134657144546509
441,6,0.5128804445266724,0.9404323101043701
441,6,0.5128804445266724,0.9404323101043701
441,0,0.5016831159591675,0.0865730494260788
441,2,0.49738800525665283,0.4455474615097046
441,1,0.5220402479171753,0.10744237899780273
441,3,0.4803902804851532,0.7426278591156006
441,4,0.5061817169189453,0.6352908611297607
441,5,0.4893442988395691,0.3134657144546509
441,6,0.5128804445266724,0.9404323101043701
441,6,0.5128804445266724,0.9404323101043701
441,0,0.5016831159591675,0.0865730494260788
441,2,0.49738800525665283,0.4455474615097046
441,1,0.5220402479171753,0.10744237899780273
441,3,0.4803902804851532,0.7426278591156006
441,4,0.5061817169189453,0.6352908611297607
441,5,0.4893442988395691,0.3134657144546509
441,6,0.5128804445266724,0.9404323101043701
441,6,0.5128804445266724,0.9404323101043701
441,0,0.5016831159591675,0.0865730494260788
441,1,0.5220402479171753,0.10744237899780273
441,2,0.49738800525665283,0.4455474615097046
441,4,0.5061817169189453,0.6352908611297607
441,3,0.4803902804851532,0.7426278591156006
441,5,0.4893442988395691,0.3134657144546509
441,6,0.5128804445266724,0.9404323101043701
441,6,0.5128804445266724,0.9404323101043701
441,0,0.5016831159591675,0.0865730494260788
441,1,0.5220402479171753,0.10744237899780273
441,2,0.49738800525665283,0.4455474615097046
441,4,0.5061817169189453,0.6352908611297607
441,3,0.4803902804851532,0.7426278591156006
441,0,0.5016831159591675,0.0865730494260788
441,0,0.5016831159591675,0.0865730494260788
441,0,0.5016831159591675,0.0865730494260788
441,0,0.5016831159591675,0.0865730494260788
441,0,0.5016831159591675,0.0865730494260788
441,0,0.5016831159591675,0.0865730494260788
441,0,0.5016831159591675,0.0865730494260788
441,0,0.5016831159591675,0.0865730494260788
441,0,0.5016831159591675,0.0865730494260788
441,0,0.5016831159591675,0.0865730494260788
441,0,0.5016831159591675,0.0865730494260788
441,0,0.5016831159591675,0.0865730494260788
441,0,0.5016831159591675,0.0865730494260788
441,0,0.5016831159591675,0.0865730494260788
441,0,0.5016831159591675,0.0865730494260788
441,0,0.5016831159591675,0.0865730494260788
441,0,0.5016831159591675,0.0865730494260788
441,0,0.5016831159591675,0.0865730494260788
441,0,0.5016831159591675,0.0865730494260788
441,0,0.5016831159591675,0.0865730494260788
441,0,0.5016831159591675,0.0865730494260788
441,0,0.5016831159591675,0.0865730494260788
441,0,0.5016831159591675,0.0865730494260788
441,0,0.5016831159591675,0.0865730494260788
441,0,0.5016831159591675,0.0865730494260788
441,0,0.5016831159591675,0.0865730494260788
441,0,0.5016831159591675,0.0865730494260788
441,0,0.5016831159591675,0.0865730494260788
441,0,0.5016831159591675,0.0865730494260788
441,0,0.5016831159591675,0.0865730494260788
441,0,0.5016831159591675,0.0865730494260788
441,0,0.5016831159591675,0.0865730494260788
441,0,0.5016831159591675,0.0865730494260788
441,0,0.5016831159591675,0.0865730494260788
441,0,0.5016831159591675,0.0865730494260788
441,0,0.5016831159591675,0.0865730494260788
441,0,0.5016831159591675,0.0865730494260788
441,0,0.5016831159591675,0.0865730494260788
441,0,0.5016831159591675,0.0865730494260788
441,0,0.5016831159591675,0.0865730494260788
441,0,0.5016831159591675,0.0865730494260788
441,0,0.5016831159591675,0.0865730494260788
441,0,0.5016831159591675,0.0865730494260788
441,0,0.5016831159591675,0.0865730494260788
441,0,0.5016831159591675,0.0865730494260788
441,0,0.5016831159591675,0.0865730494260788
441,0,0.5016831159591675,0.0865730494260788
441,0,0.5016831159591675,0.0865730494260788
441,0,0.5016831159591675,0.0865730494260788
441,0,0.5016831159591675,0.0865730494260788
441,0,0.5016831159591675,0.0865730494260788
441,0,0.5016831159591675,0.0865730494260788
441,0,0.5016831159591675,0.0865730494260788
441,0,0.5016831159591675,0.0865730494260788
441,0,0.5016831159591675,0.0865730494260788
441,0,0.5016831159591675,0.0865730494260788
441,0,0.5016831159591675,0.0865730494260788
441,0,0.5016831159591675,0.0865730494260788
441,0,0.5016831159591675,0.0865730494260788
441,0,0.5016831159591675,0.0865730494260788
441,0,0.5016831159591675,0.0865730494260788
441,0,0.5016831159591675,0.0865730494260788
441,0,0.5016831159591675,0.0865730494260788
441,0,0.5016831159591675,0.0865730494260788
441,0,0.5016831159591675,0.0865730494260788
441,0,0.5016831159591675,0.0865730494260788
441,0,0.5016831159591675,0.0865730494260788
441,0,0.5016831159591675,0.0865730494260788
441,0,0.5016831159591675,0.0865730494260788
441,0,0.5016831159591675,0.0865730494260788
441,0,0.5016831159591675,0.0865730494260788
441,0,0.5016831159591675,0.0865730494260788
441,0,0.5016831159591675,0.0865730494260788
441,0,0.5016831159591675,0.0865730494260788
441,0,0.5016831159591675,0.0865730494260788
441,0,0.5016831159591675,0.0865730494260788
441,0,0.5016831159591675,0.0865730494260788
441,0,0.5016831159591675,0.0865730494260788
441,0,0.5016831159591675,0.0865730494260788
441,0,0.5016831159591675,0.0865730494260788
441,0,0.5016831159591675,0.0865730494260788
441,0,0.5016831159591675,0.0865730494260788
441,0,0.5016831159591675,0.0865730494260788
441,0,0.5016831159591675,0.0865730494260788
441,0,0.5016831159591675,0.0865730494260788
441,0,0.5016831159591675,0.0865730494260788
441,0,0.5016831159591675,0.0865730494260788
441,0,0.5016831159591675,0.0865730494260788
441,0,0.5016831159591675,0.0865730494260788
441,0,0.5016831159591675,0.0865730494260788
441,0,0.5016831159591675,0.0865730494260788
441,0,0.5016831159591675,0.0865730494260788
441,0,0.5016831159591675,0.0865730494260788
441,0,0.5016831159591675,0.0865730494260788
441,0,0.5016831159591675,0.0865730494260788
441,0,0.5016831159591675,0.0865730494260788
441,0,0.5016831159591675,0.0865730494260788
441,0,0.5016831159591675,0.0865730494260788
441,0,0.5016831159591675,0.0865730494260788
441,0,0.5016831159591675,0.0865730494260788
441,0,0.5016831159591675,0.0865730494260788
441,0,0.5016831159591675,0.0865730494260788
441,0,0.5016831159591675,0.0865730494260788
441,0,0.5016831159591675,0.0865730494260788
441,0,0.5016831159591675,0.0865730494260788
441,0,0.5016831159591675,0.0865730494260788
441,0,0.5016831159591675,0.0865730494260788
441,0,0.5016831159591675,0.0865730494260788
441,0,0.5016831159591675,0.0865730494260788
441,0,0.5016831159591675,0.0865730494260788
441,0,0.5016831159591675,0.0865730494260788
441,0,0.5016831159591675,0.0865730494260788
441,0,0.5016831159591675,0.0865730494260788
441,0,0.5016831159591675,0.0865730494260788
441,0,0.5016831159591675,0.0865730494260788
441,0,0.5016831159591675,0.0865730494260788
441,0,0.5016831159591675,0.0865730494260788
441,0,0.5016831159591675,0.0865730494260788
441,0,0.5016831159591675,0.0865730494260788
441,0,0.5016831159591675,0.0865730494260788
441,0,0.5016831159591675,0.0865730494260788
441,0,0.5016831159591675,0.0865730494260788
441,0,0.5016831159591675,0.0865730494260788
441,0,0.5016831159591675,0.0865730494260788
441,0,0.5016831159591675,0.0865730494260788
441,0,0.5016831159591675,0.0865730494260788
441,0,0.5016831159591675,0.0865730494260788
441,0,0.5016831159591675,0.0865730494260788
441,0,0.5016831159591675,0.0865730494260788
441,0,0.5016831159591675,0.0865730494260788
441,0,0.5016831159591675,0.0865730494260788
441,0,0.5016831159591675,0.0865730494260788
441,0,0.5016831159591675,0.0865730494260788
441,0,0.5016831159591675,0.0865730494260788
441,0,0.5016831159591675,0.0865730494260788
441,0,0.5016831159591675,0.0865730494260788
441,0,0.5016831159591675,0.0865730494260788
441,0,0.5016831159591675,0.0865730494260788
441,0,0.5016831159591675,0.0865730494260788
441,0,0.5016831159591675,0.0865730494260788
441,0,0.5016831159591675,0.0865730494260788
441,0,0.5016831159591675,0.0865730494260788
441,0,0.5016831159591675,0.0865730494260788
441,0,0.5016831159591675,0.0865730494260788
441,0,0.5016831159591675,0.0865730494260788
441,0,0.5016831159591675,0.0865730494260788
441,0,0.5016831159591675,0.0865730494260788
851,53,0.5037276148796082,0.7408033013343811
851,54,0.5157070159912109,0.8244580030441284
851,55,0.49499189853668213,0.8663299083709717
851,0,0.5022878646850586,0.0865730494260788
851,0,0.5022878646850586,0.0865730494260788
851,0,0.5022878646850586,0.0865730494260788
851,0,0.5022878646850586,0.0865730494260788
851,0,0.5022878646850586,0.0865730494260788
851,0,0.5022878646850586,0.0865730494260788
851,0,0.5022878646850586,0.0865730494260788
851,0,0.5022878646850586,0.0865730494260788
851,0,0.5022878646850586,0.0865730494260788
851,0,0.5022878646850586,0.0865730494260788
851,0,0.5022878646850586,0.0865730494260788
851,0,0.5022878646850586,0.0865730494260788
851,0,0.5022878646850586,0.0865730494260788
851,0,0.5022878646850586,0.0865730494260788
851,0,0.5022878646850586,0.0865730494260788
851,0,0.5022878646850586,0.0865730494260788
851,0,0.5022878646850586,0.0865730494260788
851,0,0.5022878646850586,0.0865730494260788
851,0,0.5022878646850586,0.0865730494260788
851,0,0.5022878646850586,0.0865730494260788
851,0,0.5022878646850586,0.0865730494260788
851,0,0.5022878646850586,0.0865730494260788
851,0,0.5022878646850586,0.0865730494260788
851,0,0.5022878646850586,0.0865730494260788
851,0,0.5022878646850586,0.0865730494260788
851,0,0.5022878646850586,0.0865730494260788
851,0,0.5022878646850586,0.0865730494260788
851,0,0.5022878646850586,0.0865730494260788
851,0,0.5022878646850586,0.0865730494260788
851,0,0.5022878646850586,0.0865730494260788
851,0,0.5022878646850586,0.0865730494260788
851,0,0.5022878646850586,0.0865730494260788
851,0,0.5022878646850586,0.0865730494260788
851,0,0.5022878646850586,0.0865730494260788
851,0,0.5022878646850586,0.0865730494260788
851,0,0.5022878646850586,0.0865730494260788
851,0,0.5022878646850586,0.0865730494260788
851,0,0.5022878646850586,0.0865730494260788
851,0,0.5022878646850586,0.0865730494260788
851,0,0.5022878646850586,0.0865730494260788
851,0,0.5022878646850586,0.0865730494260788
851,0,0.5022878646850586,0.0865730494260788
851,0,0.5022878646850586,0.0865730494260788
851,0,0.5022878646850586,0.0865730494260788
851,0,0.5022878646850586,0.0865730494260788
851,0,0.5022878646850586,0.0865730494260788
851,0,0.5022878646850586,0.0865730494260788
851,0,0.5022878646850586,0.0865730494260788
851,0,0.5022878646850586,0.0865730494260788
851,0,0.5022878646850586,0.0865730494260788
851,0,0.5022878646850586,0.0865730494260788
851,0,0.5022878646850586,0.0865730494260788
851,0,0.5022878646850586,0.0865730494260788
851,0,0.5022878646850586,0.0865730494260788
851,0,0.5022878646850586,0.0865730494260788
851,0,0.5022878646850586,0.0865730494260788
851,0,0.5022878646850586,0.0865730494260788
851,0,0.5022878646850586,0.0865730494260788
851,0,0.5022878646850586,0.0865730494260788
851,0,0.5022878646850586,0.0865730494260788
851,0,0.5022878646850586,0.0865730494260788
851,0,0.5022878646850586,0.0865730494260788
851,0,0.5022878646850586,0.0865730494260788
851,0,0.5022878646850586,0.0865730494260788
851,0,0.5022878646850586,0.0865730494260788
851,0,0.5022878646850586,0.0865730494260788
851,0,0.5022878646850586,0.0865730494260788
851,0,0.5022878646850586,0.0865730494260788
851,0,0.5022878646850586,0.0865730494260788
851,0,0.5022878646850586,0.0865730494260788
851,0,0.5022878646850586,0.0865730494260788
851,0,0.5022878646850586,0.0865730494260788
851,0,0.5022878646850586,0.0865730494260788
851,0,0.5022878646850586,0.0865730494260788
851,0,0.5022878646850586,0.0865730494260788
851,0,0.5022878646850586,0.0865730494260788
851,0,0.5022878646850586,0.0865730494260788
851,0,0.5022878646850586,0.0865730494260788
851,0,0.5022878646850586,0.0865730494260788
851,0,0.5022878646850586,0.0865730494260788
851,0,0.5022878646850586,0.0865730494260788
851,0,0.5022878646850586,0.0865730494260788
851,0,0.5022878646850586,0.0865730494260788
851,0,0.5022878646850586,0.0865730494260788
851,0,0.5022878646850586,0.0865730494260788
851,0,0.5022878646850586,0.0865730494260788
851,0,0.5022878646850586,0.0865730494260788
851,0,0.5022878646850586,0.0865730494260788
851,0,0.5022878646850586,0.0865730494260788
851,0,0.5022878646850586,0.0865730494260788
851,0,0.5022878646850586,0.0865730494260788
851,0,0.5022878646850586,0.0865730494260788
851,0,0.5022878646850586,0.0865730494260788
851,0,0.5022878646850586,0.0865730494260788
851,0,0.5022878646850586,0.0865730494260788
851,0,0.5022878646850586,0.0865730494260788
851,0,0.5022878646850586,0.0865730494260788
851,0,0.5022878646850586,0.0865730494260788
851,0,0.5022878646850586,0.0865730494260788
851,0,0.5022878646850586,0.0865730494260788
851,0,0.5022878646850586,0.0865730494260788
851,0,0.5022878646850586,0.0865730494260788
851,0,0.5022878646850586,0.0865730494260788
851,0,0.5022878646850586,0.0865730494260788
851,0,0.5022878646850586,0.0865730494260788
851,0,0.5022878646850586,0.0865730494260788
851,0,0.5022878646850586,0.0865730494260788
851,0,0.5022878646850586,0.0865730494260788
851,0,0.5022878646850586,0.0865730494260788
851,0,0.5022878646850586,0.0865730494260788
851,0,0.5022878646850586,0.0865730494260788
851,0,0.5022878646850586,0.0865730494260788
851,0,0.5022878646850586,0.0865730494260788
851,0,0.5022878646850586,0.0865730494260788
851,0,0.5022878646850586,0.0865730494260788
851,0,0.5022878646850586,0.0865730494260788
851,0,0.5022878646850586,0.0865730494260788
851,0,0.5022878646850586,0.0865730494260788
851,0,0.5022878646850586,0.0865730494260788
851,0,0.5022878646850586,0.0865730494260788
851,0,0.5022878646850586,0.0865730494260788
851,0,0.5022878646850586,0.0865730494260788
851,0,0.5022878646850586,0.0865730494260788
851,0,0.5022878646850586,0.0865730494260788
851,0,0.5022878646850586,0.0865730494260788
851,0,0.5022878646850586,0.0865730494260788
851,0,0.5022878646850586,0.0865730494260788
851,0,0.5022878646850586,0.0865730494260788
851,0,0.5022878646850586,0.0865730494260788
851,0,0.5022878646850586,0.0865730494260788
851,0,0.5022878646850586,0.0865730494260788
851,0,0.5022878646850586,0.0865730494260788
851,0,0.5022878646850586,0.0865730494260788
851,0,0.5022878646850586,0.0865730494260788
851,0,0.5022878646850586,0.0865730494260788
851,0,0.5022878646850586,0.0865730494260788
851,0,0.5022878646850586,0.0865730494260788
851,0,0.5022878646850586,0.0865730494260788
851,0,0.5022878646850586,0.0865730494260788
851,0,0.5022878646850586,0.0865730494260788
851,0,0.5022878646850586,0.0865730494260788
851,0,0.5022878646850586,0.0865730494260788
851,0,0.5022878646850586,0.0865730494260788
851,0,0.5022878646850586,0.0865730494260788
851,0,0.5022878646850586,0.0865730494260788
851,0,0.5022878646850586,0.0865730494260788
851,0,0.5022878646850586,0.0865730494260788
851,0,0.5022878646850586,0.0865730494260788
851,0,0.5022878646850586,0.0865730494260788
851,0,0.5022878646850586,0.0865730494260788
851,0,0.5022878646850586,0.0865730494260788
851,0,0.5022878646850586,0.0865730494260788
851,0,0.5022878646850586,0.0865730494260788
851,0,0.5022878646850586,0.0865730494260788
851,0,0.5022878646850586,0.0865730494260788
851,0,0.5022878646850586,0.0865730494260788
851,0,0.5022878646850586,0.0865730494260788
851,0,0.5022878646850586,0.0865730494260788
851,0,0.5022878646850586,0.0865730494260788
851,0,0.5022878646850586,0.0865730494260788
851,0,0.5022878646850586,0.0865730494260788
851,0,0.5022878646850586,0.0865730494260788
851,0,0.5022878646850586,0.0865730494260788
851,0,0.5022878646850586,0.0865730494260788
851,0,0.5022878646850586,0.0865730494260788
851,0,0.5022878646850586,0.0865730494260788
851,0,0.5022878646850586,0.0865730494260788
851,0,0.5022878646850586,0.0865730494260788
851,0,0.5022878646850586,0.0865730494260788
851,0,0.5022878646850586,0.0865730494260788
851,0,0.5022878646850586,0.0865730494260788
851,0,0.5022878646850586,0.0865730494260788
851,0,0.5022878646850586,0.0865730494260788
851,0,0.5022878646850586,0.0865730494260788
851,0,0.5022878646850586,0.0865730494260788
851,0,0.5022878646850586,0.0865730494260788
851,0,0.5022878646850586,0.0865730494260788
851,0,0.5022878646850586,0.0865730494260788
851,0,0.5022878646850586,0.0865730494260788
851,0,0.5022878646850586,0.0865730494260788
851,0,0.5022878646850586,0.0865730494260788
851,0,0.5022878646850586,0.0865730494260788
851,0,0.5022878646850586,0.0865730494260788
851,0,0.5022878646850586,0.0865730494260788
851,0,0.5022878646850586,0.0865730494260788
851,0,0.5022878646850586,0.0865730494260788
851,0,0.5022878646850586,0.0865730494260788
851,0,0.5022878646850586,0.0865730494260788
851,0,0.5022878646850586,0.0865730494260788
851,0,0.5022878646850586,0.0865730494260788
851,0,0.5022878646850586,0.0865730494260788
851,0,0.5022878646850586,0.0865730494260788
851,0,0.5022878646850586,0.0865730494260788
851,0,0.5022878646850586,0.0865730494260788
851,0,0.5022878646850586,0.0865730494260788
851,0,0.5022878646850586,0.0865730494260788
851,0,0.5022878646850586,0.0865730494260788
294,92,0.48472878336906433,0.32596343755722046
294,93,0.46508118510246277,0.8094995021820068
294,94,0.48857659101486206,0.33659642934799194
294,95,0.5132967829704285,0.6409187316894531
294,96,0.5260341167449951,0.38228434324264526
294,97,0.5172958970069885,0.48400166630744934
294,98,0.5008795261383057,0.37876686453819275
294,99,0.5093701481819153,0.6418600082397461
294,92,0.48472878336906433,0.32596343755722046
294,93,0.46508118510246277,0.8094995021820068
294,94,0.48857659101486206,0.33659642934799194
294,95,0.5132967829704285,0.6409187316894531
294,96,0.5260341167449951,0.38228434324264526
294,97,0.5172958970069885,0.48400166630744934
294,98,0.5008795261383057,0.37876686453819275
294,99,0.5093701481819153,0.6418600082397461
294,92,0.48472878336906433,0.32596343755722046
294,93,0.46508118510246277,0.8094995021820068
294,94,0.48857659101486206,0.33659642934799194
294,95,0.5132967829704285,0.6409187316894531
294,96,0.5260341167449951,0.38228434324264526
294,97,0.5172958970069885,0.48400166630744934
294,98,0.5008795261383057,0.37876686453819275
294,99,0.5093701481819153,0.6418600082397461
294,94,0.48857659101486206,0.33659642934799194
294,100,0.5093295574188232,5.424485038929561e-07
294,101,0.5061541795730591,9.21155951516539e-09
294,102,0.4776623547077179,3.7364804459109042e-22
294,101,0.5061541795730591,9.21155951516539e-09
294,103,0.4842333197593689,0.00023187155602499843
294,94,0.48857659101486206,0.33659642934799194
294,100,0.5093295574188232,5.424485038929561e-07
294,102,0.4776623547077179,3.7364804459109042e-22
294,101,0.5061541795730591,9.21155951516539e-09
294,102,0.4776623547077179,3.7364804459109042e-22
294,101,0.5061541795730591,9.21155951516539e-09
294,103,0.4842333197593689,0.00023187155602499843
294,94,0.48857659101486206,0.33659642934799194
294,100,0.5093295574188232,5.424485038929561e-07
294,101,0.5061541795730591,9.21155951516539e-09
294,102,0.4776623547077179,3.7364804459109042e-22
294,101,0.5061541795730591,9.21155951516539e-09
294,103,0.4842333197593689,0.00023187155602499843
294,94,0.48857659101486206,0.33659642934799194
294,100,0.5093295574188232,5.424485038929561e-07
294,101,0.5061541795730591,9.21155951516539e-09
294,102,0.4776623547077179,3.7364804459109042e-22
294,101,0.5061541795730591,9.21155951516539e-09
294,103,0.4842333197593689,0.00023187155602499843
294,94,0.48857659101486206,0.33659642934799194
294,100,0.5093295574188232,5.424485038929561e-07
294,101,0.5061541795730591,9.21155951516539e-09
294,102,0.4776623547077179,3.7364804459109042e-22
294,101,0.5061541795730591,9.21155951516539e-09
294,103,0.4842333197593689,0.00023187155602499843
294,94,0.48857659101486206,0.33659642934799194
294,100,0.5093295574188232,5.424485038929561e-07
294,101,0.5061541795730591,9.21155951516539e-09
294,102,0.4776623547077179,3.7364804459109042e-22
294,101,0.5061541795730591,9.21155951516539e-09
294,103,0.4842333197593689,0.00023187155602499843
294,94,0.48857659101486206,0.33659642934799194
294,100,0.5093295574188232,5.424485038929561e-07
294,101,0.5061541795730591,9.21155951516539e-09
294,102,0.4776623547077179,3.7364804459109042e-22
294,101,0.5061541795730591,9.21155951516539e-09
294,103,0.4842333197593689,0.00023187155602499843
294,94,0.48857659101486206,0.33659642934799194
294,100,0.5093295574188232,5.424485038929561e-07
294,101,0.5061541795730591,9.21155951516539e-09
294,102,0.4776623547077179,3.7364804459109042e-22
294,101,0.5061541795730591,9.21155951516539e-09
294,0,0.5020660758018494,0.0865730494260788
294,0,0.5020660758018494,0.0865730494260788
294,0,0.5020660758018494,0.0865730494260788
294,0,0.5020660758018494,0.0865730494260788
294,0,0.5020660758018494,0.0865730494260788
294,0,0.5020660758018494,0.0865730494260788
294,0,0.5020660758018494,0.0865730494260788
294,0,0.5020660758018494,0.0865730494260788
294,0,0.5020660758018494,0.0865730494260788
294,0,0.5020660758018494,0.0865730494260788
294,0,0.5020660758018494,0.0865730494260788
294,0,0.5020660758018494,0.0865730494260788
294,0,0.5020660758018494,0.0865730494260788
294,0,0.5020660758018494,0.0865730494260788
294,0,0.5020660758018494,0.0865730494260788
294,0,0.5020660758018494,0.0865730494260788
294,0,0.5020660758018494,0.0865730494260788
294,0,0.5020660758018494,0.0865730494260788
294,0,0.5020660758018494,0.0865730494260788
294,0,0.5020660758018494,0.0865730494260788
294,0,0.5020660758018494,0.0865730494260788
294,0,0.5020660758018494,0.0865730494260788
294,0,0.5020660758018494,0.0865730494260788
294,0,0.5020660758018494,0.0865730494260788
294,0,0.5020660758018494,0.0865730494260788
294,0,0.5020660758018494,0.0865730494260788
294,0,0.5020660758018494,0.0865730494260788
294,0,0.5020660758018494,0.0865730494260788
294,0,0.5020660758018494,0.0865730494260788
294,0,0.5020660758018494,0.0865730494260788
294,0,0.5020660758018494,0.0865730494260788
294,0,0.5020660758018494,0.0865730494260788
294,0,0.5020660758018494,0.0865730494260788
294,0,0.5020660758018494,0.0865730494260788
294,0,0.5020660758018494,0.0865730494260788
294,0,0.5020660758018494,0.0865730494260788
294,0,0.5020660758018494,0.0865730494260788
294,0,0.5020660758018494,0.0865730494260788
294,0,0.5020660758018494,0.0865730494260788
294,0,0.5020660758018494,0.0865730494260788
294,0,0.5020660758018494,0.0865730494260788
294,0,0.5020660758018494,0.0865730494260788
294,0,0.5020660758018494,0.0865730494260788
294,0,0.5020660758018494,0.0865730494260788
294,0,0.5020660758018494,0.0865730494260788
294,0,0.5020660758018494,0.0865730494260788
294,0,0.5020660758018494,0.0865730494260788
294,0,0.5020660758018494,0.0865730494260788
294,0,0.5020660758018494,0.0865730494260788
294,0,0.5020660758018494,0.0865730494260788
294,0,0.5020660758018494,0.0865730494260788
294,0,0.5020660758018494,0.0865730494260788
294,0,0.5020660758018494,0.0865730494260788
294,0,0.5020660758018494,0.0865730494260788
294,0,0.5020660758018494,0.0865730494260788
294,0,0.5020660758018494,0.0865730494260788
294,0,0.5020660758018494,0.0865730494260788
294,0,0.5020660758018494,0.0865730494260788
294,0,0.5020660758018494,0.0865730494260788
294,0,0.5020660758018494,0.0865730494260788
294,0,0.5020660758018494,0.0865730494260788
294,0,0.5020660758018494,0.0865730494260788
294,0,0.5020660758018494,0.0865730494260788
294,0,0.5020660758018494,0.0865730494260788
294,0,0.5020660758018494,0.0865730494260788
294,0,0.5020660758018494,0.0865730494260788
294,0,0.5020660758018494,0.0865730494260788
294,0,0.5020660758018494,0.0865730494260788
294,0,0.5020660758018494,0.0865730494260788
294,0,0.5020660758018494,0.0865730494260788
294,0,0.5020660758018494,0.0865730494260788
294,0,0.5020660758018494,0.0865730494260788
294,0,0.5020660758018494,0.0865730494260788
294,0,0.5020660758018494,0.0865730494260788
294,0,0.5020660758018494,0.0865730494260788
294,0,0.5020660758018494,0.0865730494260788
294,0,0.5020660758018494,0.0865730494260788
294,0,0.5020660758018494,0.0865730494260788
294,0,0.5020660758018494,0.0865730494260788
294,0,0.5020660758018494,0.0865730494260788
294,0,0.5020660758018494,0.0865730494260788
294,0,0.5020660758018494,0.0865730494260788
294,0,0.5020660758018494,0.0865730494260788
294,0,0.5020660758018494,0.0865730494260788
294,0,0.5020660758018494,0.0865730494260788
294,0,0.5020660758018494,0.0865730494260788
294,0,0.5020660758018494,0.0865730494260788
294,0,0.5020660758018494,0.0865730494260788
294,0,0.5020660758018494,0.0865730494260788
294,0,0.5020660758018494,0.0865730494260788
294,0,0.5020660758018494,0.0865730494260788
294,0,0.5020660758018494,0.0865730494260788
294,0,0.5020660758018494,0.0865730494260788
294,0,0.5020660758018494,0.0865730494260788
294,0,0.5020660758018494,0.0865730494260788
294,0,0.5020660758018494,0.0865730494260788
294,0,0.5020660758018494,0.0865730494260788
294,0,0.5020660758018494,0.0865730494260788
294,0,0.5020660758018494,0.0865730494260788
294,0,0.5020660758018494,0.0865730494260788
294,0,0.5020660758018494,0.0865730494260788
294,0,0.5020660758018494,0.0865730494260788
294,0,0.5020660758018494,0.0865730494260788
294,0,0.5020660758018494,0.0865730494260788
294,0,0.5020660758018494,0.0865730494260788
294,0,0.5020660758018494,0.0865730494260788
294,0,0.5020660758018494,0.0865730494260788
294,0,0.5020660758018494,0.0865730494260788
294,0,0.5020660758018494,0.0865730494260788
294,0,0.5020660758018494,0.0865730494260788
294,0,0.5020660758018494,0.0865730494260788
294,0,0.5020660758018494,0.0865730494260788
294,0,0.5020660758018494,0.0865730494260788
294,0,0.5020660758018494,0.0865730494260788
294,0,0.5020660758018494,0.0865730494260788
294,0,0.5020660758018494,0.0865730494260788
294,0,0.5020660758018494,0.0865730494260788
294,0,0.5020660758018494,0.0865730494260788
294,0,0.5020660758018494,0.0865730494260788
294,0,0.5020660758018494,0.0865730494260788
294,0,0.5020660758018494,0.0865730494260788
294,0,0.5020660758018494,0.0865730494260788
294,0,0.5020660758018494,0.0865730494260788
294,0,0.5020660758018494,0.0865730494260788
294,0,0.5020660758018494,0.0865730494260788
294,0,0.5020660758018494,0.0865730494260788
294,0,0.5020660758018494,0.0865730494260788
294,0,0.5020660758018494,0.0865730494260788
748,0,0.500124990940094,0.0865730494260788
748,2,0.4958306550979614,0.4455474615097046
748,1,0.5204876661300659,0.10744237899780273
748,3,0.4788327217102051,0.7426278591156006
748,4,0.5046194791793823,0.6352908611297607
748,5,0.48778679966926575,0.3134657144546509
748,6,0.5113183259963989,0.9404323101043701
748,6,0.5113183259963989,0.9404323101043701
748,0,0.500124990940094,0.0865730494260788
748,2,0.4958306550979614,0.4455474615097046
748,1,0.5204876661300659,0.10744237899780273
748,3,0.4788327217102051,0.7426278591156006
748,4,0.5046194791793823,0.6352908611297607
748,5,0.48778679966926575,0.3134657144546509
748,6,0.5113183259963989,0.9404323101043701
748,6,0.5113183259963989,0.9404323101043701
748,0,0.500124990940094,0.0865730494260788
748,1,0.5204876661300659,0.10744237899780273
748,2,0.4958306550979614,0.4455474615097046
748,4,0.5046194791793823,0.6352908611297607
748,3,0.4788327217102051,0.7426278591156006
748,5,0.48778679966926575,0.3134657144546509
748,6,0.5113183259963989,0.9404323101043701
748,6,0.5113183259963989,0.9404323101043701
748,0,0.500124990940094,0.0865730494260788
748,2,0.4958306550979614,0.4455474615097046
748,1,0.5204876661300659,0.10744237899780273
748,3,0.4788327217102051,0.7426278591156006
748,4,0.5046194791793823,0.6352908611297607
748,5,0.48778679966926575,0.3134657144546509
748,6,0.5113183259963989,0.9404323101043701
748,6,0.5113183259963989,0.9404323101043701
748,0,0.500124990940094,0.0865730494260788
748,1,0.5204876661300659,0.10744237899780273
748,2,0.4958306550979614,0.4455474615097046
748,3,0.4788327217102051,0.7426278591156006
748,4,0.5046194791793823,0.6352908611297607
748,5,0.48778679966926575,0.3134657144546509
748,6,0.5113183259963989,0.9404323101043701
748,6,0.5113183259963989,0.9404323101043701
748,0,0.500124990940094,0.0865730494260788
748,1,0.5204876661300659,0.10744237899780273
748,2,0.4958306550979614,0.4455474615097046
748,3,0.4788327217102051,0.7426278591156006
748,4,0.5046194791793823,0.6352908611297607
748,5,0.48778679966926575,0.3134657144546509
748,6,0.5113183259963989,0.9404323101043701
748,6,0.5113183259963989,0.9404323101043701
748,0,0.500124990940094,0.0865730494260788
748,1,0.5204876661300659,0.10744237899780273
748,2,0.4958306550979614,0.4455474615097046
748,4,0.5046194791793823,0.6352908611297607
748,3,0.4788327217102051,0.7426278591156006
748,5,0.48778679966926575,0.3134657144546509
748,6,0.5113183259963989,0.9404323101043701
748,6,0.5113183259963989,0.9404323101043701
748,0,0.500124990940094,0.0865730494260788
748,0,0.500124990940094,0.0865730494260788
748,0,0.500124990940094,0.0865730494260788
748,0,0.500124990940094,0.0865730494260788
748,0,0.500124990940094,0.0865730494260788
748,0,0.500124990940094,0.0865730494260788
748,0,0.500124990940094,0.0865730494260788
748,0,0.500124990940094,0.0865730494260788
748,0,0.500124990940094,0.0865730494260788
748,0,0.500124990940094,0.0865730494260788
748,0,0.500124990940094,0.0865730494260788
748,0,0.500124990940094,0.0865730494260788
748,0,0.500124990940094,0.0865730494260788
748,0,0.500124990940094,0.0865730494260788
748,0,0.500124990940094,0.0865730494260788
748,0,0.500124990940094,0.0865730494260788
748,0,0.500124990940094,0.0865730494260788
748,0,0.500124990940094,0.0865730494260788
748,0,0.500124990940094,0.0865730494260788
748,0,0.500124990940094,0.0865730494260788
748,0,0.500124990940094,0.0865730494260788
748,0,0.500124990940094,0.0865730494260788
748,0,0.500124990940094,0.0865730494260788
748,0,0.500124990940094,0.0865730494260788
748,0,0.500124990940094,0.0865730494260788
748,0,0.500124990940094,0.0865730494260788
748,0,0.500124990940094,0.0865730494260788
748,0,0.500124990940094,0.0865730494260788
748,0,0.500124990940094,0.0865730494260788
748,0,0.500124990940094,0.0865730494260788
748,0,0.500124990940094,0.0865730494260788
748,0,0.500124990940094,0.0865730494260788
748,0,0.500124990940094,0.0865730494260788
748,0,0.500124990940094,0.0865730494260788
748,0,0.500124990940094,0.0865730494260788
748,0,0.500124990940094,0.0865730494260788
748,0,0.500124990940094,0.0865730494260788
748,0,0.500124990940094,0.0865730494260788
748,0,0.500124990940094,0.0865730494260788
748,0,0.500124990940094,0.0865730494260788
748,0,0.500124990940094,0.0865730494260788
748,0,0.500124990940094,0.0865730494260788
748,0,0.500124990940094,0.0865730494260788
748,0,0.500124990940094,0.0865730494260788
748,0,0.500124990940094,0.0865730494260788
748,0,0.500124990940094,0.0865730494260788
748,0,0.500124990940094,0.0865730494260788
748,0,0.500124990940094,0.0865730494260788
748,0,0.500124990940094,0.0865730494260788
748,0,0.500124990940094,0.0865730494260788
748,0,0.500124990940094,0.0865730494260788
748,0,0.500124990940094,0.0865730494260788
748,0,0.500124990940094,0.0865730494260788
748,0,0.500124990940094,0.0865730494260788
748,0,0.500124990940094,0.0865730494260788
748,0,0.500124990940094,0.0865730494260788
748,0,0.500124990940094,0.0865730494260788
748,0,0.500124990940094,0.0865730494260788
748,0,0.500124990940094,0.0865730494260788
748,0,0.500124990940094,0.0865730494260788
748,0,0.500124990940094,0.0865730494260788
748,0,0.500124990940094,0.0865730494260788
748,0,0.500124990940094,0.0865730494260788
748,0,0.500124990940094,0.0865730494260788
748,0,0.500124990940094,0.0865730494260788
748,0,0.500124990940094,0.0865730494260788
748,0,0.500124990940094,0.0865730494260788
748,0,0.500124990940094,0.0865730494260788
748,0,0.500124990940094,0.0865730494260788
748,0,0.500124990940094,0.0865730494260788
748,0,0.500124990940094,0.0865730494260788
748,0,0.500124990940094,0.0865730494260788
748,0,0.500124990940094,0.0865730494260788
748,0,0.500124990940094,0.0865730494260788
748,0,0.500124990940094,0.0865730494260788
748,0,0.500124990940094,0.0865730494260788
748,0,0.500124990940094,0.0865730494260788
748,0,0.500124990940094,0.0865730494260788
748,0,0.500124990940094,0.0865730494260788
748,0,0.500124990940094,0.0865730494260788
748,0,0.500124990940094,0.0865730494260788
748,0,0.500124990940094,0.0865730494260788
748,0,0.500124990940094,0.0865730494260788
748,0,0.500124990940094,0.0865730494260788
748,0,0.500124990940094,0.0865730494260788
748,0,0.500124990940094,0.0865730494260788
748,0,0.500124990940094,0.0865730494260788
748,0,0.500124990940094,0.0865730494260788
748,0,0.500124990940094,0.0865730494260788
748,0,0.500124990940094,0.0865730494260788
748,0,0.500124990940094,0.0865730494260788
748,0,0.500124990940094,0.0865730494260788
748,0,0.500124990940094,0.0865730494260788
748,0,0.500124990940094,0.0865730494260788
748,0,0.500124990940094,0.0865730494260788
748,0,0.500124990940094,0.0865730494260788
748,0,0.500124990940094,0.0865730494260788
748,0,0.500124990940094,0.0865730494260788
748,0,0.500124990940094,0.0865730494260788
748,0,0.500124990940094,0.0865730494260788
748,0,0.500124990940094,0.0865730494260788
748,0,0.500124990940094,0.0865730494260788
748,0,0.500124990940094,0.0865730494260788
748,0,0.500124990940094,0.0865730494260788
748,0,0.500124990940094,0.0865730494260788
748,0,0.500124990940094,0.0865730494260788
748,0,0.500124990940094,0.0865730494260788
748,0,0.500124990940094,0.0865730494260788
748,0,0.500124990940094,0.0865730494260788
748,0,0.500124990940094,0.0865730494260788
748,0,0.500124990940094,0.0865730494260788
748,0,0.500124990940094,0.0865730494260788
748,0,0.500124990940094,0.0865730494260788
748,0,0.500124990940094,0.0865730494260788
748,0,0.500124990940094,0.0865730494260788
748,0,0.500124990940094,0.0865730494260788
748,0,0.500124990940094,0.0865730494260788
748,0,0.500124990940094,0.0865730494260788
748,0,0.500124990940094,0.0865730494260788
748,0,0.500124990940094,0.0865730494260788
748,0,0.500124990940094,0.0865730494260788
748,0,0.500124990940094,0.0865730494260788
748,0,0.500124990940094,0.0865730494260788
748,0,0.500124990940094,0.0865730494260788
748,0,0.500124990940094,0.0865730494260788
748,0,0.500124990940094,0.0865730494260788
748,0,0.500124990940094,0.0865730494260788
748,0,0.500124990940094,0.0865730494260788
748,0,0.500124990940094,0.0865730494260788
748,0,0.500124990940094,0.0865730494260788
748,0,0.500124990940094,0.0865730494260788
748,0,0.500124990940094,0.0865730494260788
748,0,0.500124990940094,0.0865730494260788
748,0,0.500124990940094,0.0865730494260788
748,0,0.500124990940094,0.0865730494260788
748,0,0.500124990940094,0.0865730494260788
748,0,0.500124990940094,0.0865730494260788
748,0,0.500124990940094,0.0865730494260788
748,0,0.500124990940094,0.0865730494260788
748,0,0.500124990940094,0.0865730494260788
748,0,0.500124990940094,0.0865730494260788
748,0,0.500124990940094,0.0865730494260788
748,0,0.500124990940094,0.0865730494260788
748,0,0.500124990940094,0.0865730494260788
762,0,0.5019421577453613,0.0865730494260788
762,2,0.4976469576358795,0.4455474615097046
762,1,0.522298276424408,0.10744237899780273
762,3,0.48064932227134705,0.7426278591156006
762,4,0.5064413547515869,0.6352908611297607
762,5,0.48960328102111816,0.3134657144546509
762,6,0.5131401419639587,0.9404323101043701
762,6,0.5131401419639587,0.9404323101043701
762,0,0.5019421577453613,0.0865730494260788
762,1,0.522298276424408,0.10744237899780273
762,2,0.4976469576358795,0.4455474615097046
762,3,0.48064932227134705,0.7426278591156006
762,4,0.5064413547515869,0.6352908611297607
762,5,0.48960328102111816,0.3134657144546509
762,6,0.5131401419639587,0.9404323101043701
762,6,0.5131401419639587,0.9404323101043701
762,0,0.5019421577453613,0.0865730494260788
762,1,0.522298276424408,0.10744237899780273
762,2,0.4976469576358795,0.4455474615097046
762,3,0.48064932227134705,0.7426278591156006
762,4,0.5064413547515869,0.6352908611297607
762,5,0.48960328102111816,0.3134657144546509
762,6,0.5131401419639587,0.9404323101043701
762,6,0.5131401419639587,0.9404323101043701
762,0,0.5019421577453613,0.0865730494260788
762,1,0.522298276424408,0.10744237899780273
762,2,0.4976469576358795,0.4455474615097046
762,3,0.48064932227134705,0.7426278591156006
762,4,0.5064413547515869,0.6352908611297607
762,5,0.48960328102111816,0.3134657144546509
762,6,0.5131401419639587,0.9404323101043701
762,6,0.5131401419639587,0.9404323101043701
762,0,0.5019421577453613,0.0865730494260788
762,2,0.4976469576358795,0.4455474615097046
762,1,0.522298276424408,0.10744237899780273
762,3,0.48064932227134705,0.7426278591156006
762,4,0.5064413547515869,0.6352908611297607
762,5,0.48960328102111816,0.3134657144546509
762,6,0.5131401419639587,0.9404323101043701
762,6,0.5131401419639587,0.9404323101043701
762,0,0.5019421577453613,0.0865730494260788
762,2,0.4976469576358795,0.4455474615097046
762,1,0.522298276424408,0.10744237899780273
762,3,0.48064932227134705,0.7426278591156006
762,4,0.5064413547515869,0.6352908611297607
762,5,0.48960328102111816,0.3134657144546509
762,6,0.5131401419639587,0.9404323101043701
762,6,0.5131401419639587,0.9404323101043701
762,0,0.5019421577453613,0.0865730494260788
762,1,0.522298276424408,0.10744237899780273
762,2,0.4976469576358795,0.4455474615097046
762,4,0.5064413547515869,0.6352908611297607
762,3,0.48064932227134705,0.7426278591156006
762,5,0.48960328102111816,0.3134657144546509
762,6,0.5131401419639587,0.9404323101043701
762,6,0.5131401419639587,0.9404323101043701
762,0,0.5019421577453613,0.0865730494260788
762,2,0.4976469576358795,0.4455474615097046
762,1,0.522298276424408,0.10744237899780273
762,4,0.5064413547515869,0.6352908611297607
762,3,0.48064932227134705,0.7426278591156006
762,5,0.48960328102111816,0.3134657144546509
762,6,0.5131401419639587,0.9404323101043701
762,6,0.5131401419639587,0.9404323101043701
762,0,0.5019421577453613,0.0865730494260788
762,2,0.4976469576358795,0.4455474615097046
762,1,0.522298276424408,0.10744237899780273
762,4,0.5064413547515869,0.6352908611297607
762,3,0.48064932227134705,0.7426278591156006
762,5,0.48960328102111816,0.3134657144546509
762,6,0.5131401419639587,0.9404323101043701
762,6,0.5131401419639587,0.9404323101043701
762,0,0.5019421577453613,0.0865730494260788
762,1,0.522298276424408,0.10744237899780273
762,2,0.4976469576358795,0.4455474615097046
762,4,0.5064413547515869,0.6352908611297607
762,3,0.48064932227134705,0.7426278591156006
762,5,0.48960328102111816,0.3134657144546509
762,6,0.5131401419639587,0.9404323101043701
762,6,0.5131401419639587,0.9404323101043701
762,0,0.5019421577453613,0.0865730494260788
762,2,0.4976469576358795,0.4455474615097046
762,1,0.522298276424408,0.10744237899780273
762,4,0.5064413547515869,0.6352908611297607
762,3,0.48064932227134705,0.7426278591156006
762,5,0.48960328102111816,0.3134657144546509
762,6,0.5131401419639587,0.9404323101043701
762,6,0.5131401419639587,0.9404323101043701
762,0,0.5019421577453613,0.0865730494260788
762,1,0.522298276424408,0.10744237899780273
762,2,0.4976469576358795,0.4455474615097046
762,4,0.5064413547515869,0.6352908611297607
762,3,0.48064932227134705,0.7426278591156006
762,5,0.48960328102111816,0.3134657144546509
762,6,0.5131401419639587,0.9404323101043701
762,6,0.5131401419639587,0.9404323101043701
762,0,0.5019421577453613,0.0865730494260788
762,1,0.522298276424408,0.10744237899780273
762,2,0.4976469576358795,0.4455474615097046
762,4,0.5064413547515869,0.6352908611297607
762,3,0.48064932227134705,0.7426278591156006
762,5,0.48960328102111816,0.3134657144546509
762,6,0.5131401419639587,0.9404323101043701
762,6,0.5131401419639587,0.9404323101043701
762,0,0.5019421577453613,0.0865730494260788
762,2,0.4976469576358795,0.4455474615097046
762,1,0.522298276424408,0.10744237899780273
762,3,0.48064932227134705,0.7426278591156006
762,4,0.5064413547515869,0.6352908611297607
762,5,0.48960328102111816,0.3134657144546509
762,6,0.5131401419639587,0.9404323101043701
762,6,0.5131401419639587,0.9404323101043701
762,0,0.5019421577453613,0.0865730494260788
762,1,0.522298276424408,0.10744237899780273
762,2,0.4976469576358795,0.4455474615097046
762,4,0.5064413547515869,0.6352908611297607
762,3,0.48064932227134705,0.7426278591156006
762,5,0.48960328102111816,0.3134657144546509
762,6,0.5131401419639587,0.9404323101043701
762,6,0.5131401419639587,0.9404323101043701
762,0,0.5019421577453613,0.0865730494260788
762,2,0.4976469576358795,0.4455474615097046
762,1,0.522298276424408,0.10744237899780273
762,3,0.48064932227134705,0.7426278591156006
762,4,0.5064413547515869,0.6352908611297607
762,5,0.48960328102111816,0.3134657144546509
762,6,0.5131401419639587,0.9404323101043701
762,6,0.5131401419639587,0.9404323101043701
762,0,0.5019421577453613,0.0865730494260788
762,1,0.522298276424408,0.10744237899780273
762,2,0.4976469576358795,0.4455474615097046
762,4,0.5064413547515869,0.6352908611297607
762,3,0.48064932227134705,0.7426278591156006
762,5,0.48960328102111816,0.3134657144546509
762,6,0.5131401419639587,0.9404323101043701
762,6,0.5131401419639587,0.9404323101043701
762,7,0.517515242099762,0.37016135454177856
762,9,0.5059914588928223,0.7043098211288452
762,8,0.48511120676994324,0.3491012752056122
762,10,0.4797251224517822,0.6246944665908813
762,12,0.48372623324394226,0.999262273311615
762,11,0.5014649629592896,0.6153284907341003
762,13,0.5141314268112183,0.16971169412136078
762,6,0.5131401419639587,0.9404323101043701
762,14,0.4899873435497284,0.6417677998542786
762,7,0.517515242099762,0.37016135454177856
762,9,0.5059914588928223,0.7043098211288452
762,8,0.48511120676994324,0.3491012752056122
762,10,0.4797251224517822,0.6246944665908813
762,12,0.48372623324394226,0.999262273311615
762,11,0.5014649629592896,0.6153284907341003
762,13,0.5141314268112183,0.16971169412136078
762,6,0.5131401419639587,0.9404323101043701
762,14,0.4899873435497284,0.6417677998542786
762,7,0.517515242099762,0.37016135454177856
762,9,0.5059914588928223,0.7043098211288452
762,8,0.48511120676994324,0.3491012752056122
762,12,0.48372623324394226,0.999262273311615
762,11,0.5014649629592896,0.6153284907341003
762,10,0.4797251224517822,0.6246944665908813
762,13,0.5141314268112183,0.16971169412136078
762,6,0.5131401419639587,0.9404323101043701
762,14,0.4899873435497284,0.6417677998542786
762,7,0.517515242099762,0.37016135454177856
762,9,0.5059914588928223,0.7043098211288452
762,8,0.48511120676994324,0.3491012752056122
762,10,0.4797251224517822,0.6246944665908813
762,12,0.48372623324394226,0.999262273311615
762,11,0.5014649629592896,0.6153284907341003
762,13,0.5141314268112183,0.16971169412136078
762,6,0.5131401419639587,0.9404323101043701
762,14,0.4899873435497284,0.6417677998542786
762,7,0.517515242099762,0.37016135454177856
762,9,0.5059914588928223,0.7043098211288452
762,0,0.5019421577453613,0.0865730494260788
762,0,0.5019421577453613,0.0865730494260788
762,0,0.5019421577453613,0.0865730494260788
762,0,0.5019421577453613,0.0865730494260788
762,0,0.5019421577453613,0.0865730494260788
762,0,0.5019421577453613,0.0865730494260788
762,0,0.5019421577453613,0.0865730494260788
762,0,0.5019421577453613,0.0865730494260788
762,0,0.5019421577453613,0.0865730494260788
762,0,0.5019421577453613,0.0865730494260788
762,0,0.5019421577453613,0.0865730494260788
762,0,0.5019421577453613,0.0865730494260788
762,0,0.5019421577453613,0.0865730494260788
762,0,0.5019421577453613,0.0865730494260788
762,0,0.5019421577453613,0.0865730494260788
762,0,0.5019421577453613,0.0865730494260788
762,0,0.5019421577453613,0.0865730494260788
762,0,0.5019421577453613,0.0865730494260788
762,0,0.5019421577453613,0.0865730494260788
762,0,0.5019421577453613,0.0865730494260788
762,0,0.5019421577453613,0.0865730494260788
762,0,0.5019421577453613,0.0865730494260788
762,0,0.5019421577453613,0.0865730494260788
762,0,0.5019421577453613,0.0865730494260788
762,0,0.5019421577453613,0.0865730494260788
762,0,0.5019421577453613,0.0865730494260788
735,0,0.5023080706596375,0.0865730494260788
735,2,0.4980127215385437,0.4455474615097046
735,1,0.5226628184318542,0.10744237899780273
735,3,0.481015145778656,0.7426278591156006
735,4,0.5068081617355347,0.6352908611297607
735,5,0.48996904492378235,0.3134657144546509
735,6,0.5135069489479065,0.9404323101043701
735,6,0.5135069489479065,0.9404323101043701
735,0,0.5023080706596375,0.0865730494260788
735,0,0.5023080706596375,0.0865730494260788
735,0,0.5023080706596375,0.0865730494260788
735,0,0.5023080706596375,0.0865730494260788
735,0,0.5023080706596375,0.0865730494260788
735,0,0.5023080706596375,0.0865730494260788
735,0,0.5023080706596375,0.0865730494260788
735,0,0.5023080706596375,0.0865730494260788
735,0,0.5023080706596375,0.0865730494260788
735,0,0.5023080706596375,0.0865730494260788
735,0,0.5023080706596375,0.0865730494260788
735,0,0.5023080706596375,0.0865730494260788
735,0,0.5023080706596375,0.0865730494260788
735,0,0.5023080706596375,0.0865730494260788
735,0,0.5023080706596375,0.0865730494260788
735,0,0.5023080706596375,0.0865730494260788
735,0,0.5023080706596375,0.0865730494260788
735,0,0.5023080706596375,0.0865730494260788
735,0,0.5023080706596375,0.0865730494260788
735,0,0.5023080706596375,0.0865730494260788
735,0,0.5023080706596375,0.0865730494260788
735,0,0.5023080706596375,0.0865730494260788
735,0,0.5023080706596375,0.0865730494260788
735,0,0.5023080706596375,0.0865730494260788
735,0,0.5023080706596375,0.0865730494260788
735,0,0.5023080706596375,0.0865730494260788
735,0,0.5023080706596375,0.0865730494260788
735,0,0.5023080706596375,0.0865730494260788
735,0,0.5023080706596375,0.0865730494260788
735,0,0.5023080706596375,0.0865730494260788
735,0,0.5023080706596375,0.0865730494260788
735,0,0.5023080706596375,0.0865730494260788
735,0,0.5023080706596375,0.0865730494260788
735,0,0.5023080706596375,0.0865730494260788
735,0,0.5023080706596375,0.0865730494260788
735,0,0.5023080706596375,0.0865730494260788
735,0,0.5023080706596375,0.0865730494260788
735,0,0.5023080706596375,0.0865730494260788
735,0,0.5023080706596375,0.0865730494260788
735,0,0.5023080706596375,0.0865730494260788
735,0,0.5023080706596375,0.0865730494260788
735,0,0.5023080706596375,0.0865730494260788
735,0,0.5023080706596375,0.0865730494260788
735,0,0.5023080706596375,0.0865730494260788
735,0,0.5023080706596375,0.0865730494260788
735,0,0.5023080706596375,0.0865730494260788
735,0,0.5023080706596375,0.0865730494260788
735,0,0.5023080706596375,0.0865730494260788
735,0,0.5023080706596375,0.0865730494260788
735,0,0.5023080706596375,0.0865730494260788
735,0,0.5023080706596375,0.0865730494260788
735,0,0.5023080706596375,0.0865730494260788
735,0,0.5023080706596375,0.0865730494260788
735,0,0.5023080706596375,0.0865730494260788
735,0,0.5023080706596375,0.0865730494260788
735,0,0.5023080706596375,0.0865730494260788
735,0,0.5023080706596375,0.0865730494260788
735,0,0.5023080706596375,0.0865730494260788
735,0,0.5023080706596375,0.0865730494260788
735,0,0.5023080706596375,0.0865730494260788
735,0,0.5023080706596375,0.0865730494260788
735,0,0.5023080706596375,0.0865730494260788
735,0,0.5023080706596375,0.0865730494260788
735,0,0.5023080706596375,0.0865730494260788
735,0,0.5023080706596375,0.0865730494260788
735,0,0.5023080706596375,0.0865730494260788
735,0,0.5023080706596375,0.0865730494260788
735,0,0.5023080706596375,0.0865730494260788
735,0,0.5023080706596375,0.0865730494260788
735,0,0.5023080706596375,0.0865730494260788
735,0,0.5023080706596375,0.0865730494260788
735,0,0.5023080706596375,0.0865730494260788
735,0,0.5023080706596375,0.0865730494260788
735,0,0.5023080706596375,0.0865730494260788
735,0,0.5023080706596375,0.0865730494260788
735,0,0.5023080706596375,0.0865730494260788
735,0,0.5023080706596375,0.0865730494260788
735,0,0.5023080706596375,0.0865730494260788
735,0,0.5023080706596375,0.0865730494260788
735,0,0.5023080706596375,0.0865730494260788
735,0,0.5023080706596375,0.0865730494260788
735,0,0.5023080706596375,0.0865730494260788
735,0,0.5023080706596375,0.0865730494260788
735,0,0.5023080706596375,0.0865730494260788
735,0,0.5023080706596375,0.0865730494260788
735,0,0.5023080706596375,0.0865730494260788
735,0,0.5023080706596375,0.0865730494260788
735,0,0.5023080706596375,0.0865730494260788
735,0,0.5023080706596375,0.0865730494260788
735,0,0.5023080706596375,0.0865730494260788
735,0,0.5023080706596375,0.0865730494260788
735,0,0.5023080706596375,0.0865730494260788
735,0,0.5023080706596375,0.0865730494260788
735,0,0.5023080706596375,0.0865730494260788
735,0,0.5023080706596375,0.0865730494260788
735,0,0.5023080706596375,0.0865730494260788
735,0,0.5023080706596375,0.0865730494260788
735,0,0.5023080706596375,0.0865730494260788
735,0,0.5023080706596375,0.0865730494260788
735,0,0.5023080706596375,0.0865730494260788
735,0,0.5023080706596375,0.0865730494260788
735,0,0.5023080706596375,0.0865730494260788
735,0,0.5023080706596375,0.0865730494260788
735,0,0.5023080706596375,0.0865730494260788
735,0,0.5023080706596375,0.0865730494260788
735,0,0.5023080706596375,0.0865730494260788
735,0,0.5023080706596375,0.0865730494260788
735,0,0.5023080706596375,0.0865730494260788
735,0,0.5023080706596375,0.0865730494260788
735,0,0.5023080706596375,0.0865730494260788
735,0,0.5023080706596375,0.0865730494260788
735,0,0.5023080706596375,0.0865730494260788
735,0,0.5023080706596375,0.0865730494260788
735,0,0.5023080706596375,0.0865730494260788
735,0,0.5023080706596375,0.0865730494260788
735,0,0.5023080706596375,0.0865730494260788
735,0,0.5023080706596375,0.0865730494260788
735,0,0.5023080706596375,0.0865730494260788
735,0,0.5023080706596375,0.0865730494260788
735,0,0.5023080706596375,0.0865730494260788
735,0,0.5023080706596375,0.0865730494260788
735,0,0.5023080706596375,0.0865730494260788
735,0,0.5023080706596375,0.0865730494260788
735,0,0.5023080706596375,0.0865730494260788
735,0,0.5023080706596375,0.0865730494260788
735,0,0.5023080706596375,0.0865730494260788
735,0,0.5023080706596375,0.0865730494260788
735,0,0.5023080706596375,0.0865730494260788
735,0,0.5023080706596375,0.0865730494260788
735,0,0.5023080706596375,0.0865730494260788
735,0,0.5023080706596375,0.0865730494260788
735,0,0.5023080706596375,0.0865730494260788
735,0,0.5023080706596375,0.0865730494260788
735,0,0.5023080706596375,0.0865730494260788
735,0,0.5023080706596375,0.0865730494260788
735,0,0.5023080706596375,0.0865730494260788
735,0,0.5023080706596375,0.0865730494260788
735,0,0.5023080706596375,0.0865730494260788
735,0,0.5023080706596375,0.0865730494260788
735,0,0.5023080706596375,0.0865730494260788
735,0,0.5023080706596375,0.0865730494260788
735,0,0.5023080706596375,0.0865730494260788
735,0,0.5023080706596375,0.0865730494260788
735,0,0.5023080706596375,0.0865730494260788
735,0,0.5023080706596375,0.0865730494260788
735,0,0.5023080706596375,0.0865730494260788
735,0,0.5023080706596375,0.0865730494260788
735,0,0.5023080706596375,0.0865730494260788
735,0,0.5023080706596375,0.0865730494260788
735,0,0.5023080706596375,0.0865730494260788
735,0,0.5023080706596375,0.0865730494260788
735,0,0.5023080706596375,0.0865730494260788
735,0,0.5023080706596375,0.0865730494260788
735,0,0.5023080706596375,0.0865730494260788
735,0,0.5023080706596375,0.0865730494260788
735,0,0.5023080706596375,0.0865730494260788
735,0,0.5023080706596375,0.0865730494260788
735,0,0.5023080706596375,0.0865730494260788
735,0,0.5023080706596375,0.0865730494260788
735,0,0.5023080706596375,0.0865730494260788
735,0,0.5023080706596375,0.0865730494260788
735,0,0.5023080706596375,0.0865730494260788
735,0,0.5023080706596375,0.0865730494260788
735,0,0.5023080706596375,0.0865730494260788
735,0,0.5023080706596375,0.0865730494260788
735,0,0.5023080706596375,0.0865730494260788
735,0,0.5023080706596375,0.0865730494260788
735,0,0.5023080706596375,0.0865730494260788
735,0,0.5023080706596375,0.0865730494260788
735,0,0.5023080706596375,0.0865730494260788
735,0,0.5023080706596375,0.0865730494260788
735,0,0.5023080706596375,0.0865730494260788
735,0,0.5023080706596375,0.0865730494260788
735,0,0.5023080706596375,0.0865730494260788
735,0,0.5023080706596375,0.0865730494260788
735,0,0.5023080706596375,0.0865730494260788
735,0,0.5023080706596375,0.0865730494260788
735,0,0.5023080706596375,0.0865730494260788
735,0,0.5023080706596375,0.0865730494260788
735,0,0.5023080706596375,0.0865730494260788
735,0,0.5023080706596375,0.0865730494260788
735,0,0.5023080706596375,0.0865730494260788
735,0,0.5023080706596375,0.0865730494260788
735,0,0.5023080706596375,0.0865730494260788
735,0,0.5023080706596375,0.0865730494260788
735,0,0.5023080706596375,0.0865730494260788
735,0,0.5023080706596375,0.0865730494260788
735,0,0.5023080706596375,0.0865730494260788
735,0,0.5023080706596375,0.0865730494260788
735,0,0.5023080706596375,0.0865730494260788
735,0,0.5023080706596375,0.0865730494260788
735,0,0.5023080706596375,0.0865730494260788
838,92,0.4849971532821655,0.32596343755722046
838,93,0.4653492867946625,0.8094995021820068
838,94,0.48884525895118713,0.33659642934799194
838,95,0.5135655403137207,0.6409187316894531
838,96,0.526301920413971,0.38228434324264526
838,97,0.5175642371177673,0.48400166630744934
838,98,0.501147985458374,0.37876686453819275
838,99,0.5096385478973389,0.6418600082397461
838,92,0.4849971532821655,0.32596343755722046
838,93,0.4653492867946625,0.8094995021820068
838,94,0.48884525895118713,0.33659642934799194
838,95,0.5135655403137207,0.6409187316894531
838,96,0.526301920413971,0.38228434324264526
838,97,0.5175642371177673,0.48400166630744934
838,98,0.501147985458374,0.37876686453819275
838,99,0.5096385478973389,0.6418600082397461
838,92,0.4849971532821655,0.32596343755722046
838,93,0.4653492867946625,0.8094995021820068
838,94,0.48884525895118713,0.33659642934799194
838,95,0.5135655403137207,0.6409187316894531
838,96,0.526301920413971,0.38228434324264526
838,97,0.5175642371177673,0.48400166630744934
838,98,0.501147985458374,0.37876686453819275
838,99,0.5096385478973389,0.6418600082397461
838,92,0.4849971532821655,0.32596343755722046
838,93,0.4653492867946625,0.8094995021820068
838,94,0.48884525895118713,0.33659642934799194
838,95,0.5135655403137207,0.6409187316894531
838,96,0.526301920413971,0.38228434324264526
838,97,0.5175642371177673,0.48400166630744934
838,98,0.501147985458374,0.37876686453819275
838,99,0.5096385478973389,0.6418600082397461
838,92,0.4849971532821655,0.32596343755722046
838,93,0.4653492867946625,0.8094995021820068
838,94,0.48884525895118713,0.33659642934799194
838,95,0.5135655403137207,0.6409187316894531
838,96,0.526301920413971,0.38228434324264526
838,97,0.5175642371177673,0.48400166630744934
838,98,0.501147985458374,0.37876686453819275
838,99,0.5096385478973389,0.6418600082397461
838,92,0.4849971532821655,0.32596343755722046
838,93,0.4653492867946625,0.8094995021820068
838,94,0.48884525895118713,0.33659642934799194
838,95,0.5135655403137207,0.6409187316894531
838,96,0.526301920413971,0.38228434324264526
838,97,0.5175642371177673,0.48400166630744934
838,98,0.501147985458374,0.37876686453819275
838,99,0.5096385478973389,0.6418600082397461
838,92,0.4849971532821655,0.32596343755722046
838,93,0.4653492867946625,0.8094995021820068
838,94,0.48884525895118713,0.33659642934799194
838,95,0.5135655403137207,0.6409187316894531
838,96,0.526301920413971,0.38228434324264526
838,97,0.5175642371177673,0.48400166630744934
838,98,0.501147985458374,0.37876686453819275
838,99,0.5096385478973389,0.6418600082397461
838,92,0.4849971532821655,0.32596343755722046
838,93,0.4653492867946625,0.8094995021820068
838,94,0.48884525895118713,0.33659642934799194
838,95,0.5135655403137207,0.6409187316894531
838,96,0.526301920413971,0.38228434324264526
838,97,0.5175642371177673,0.48400166630744934
838,98,0.501147985458374,0.37876686453819275
838,99,0.5096385478973389,0.6418600082397461
838,92,0.4849971532821655,0.32596343755722046
838,93,0.4653492867946625,0.8094995021820068
838,94,0.48884525895118713,0.33659642934799194
838,95,0.5135655403137207,0.6409187316894531
838,96,0.526301920413971,0.38228434324264526
838,97,0.5175642371177673,0.48400166630744934
838,98,0.501147985458374,0.37876686453819275
838,99,0.5096385478973389,0.6418600082397461
838,92,0.4849971532821655,0.32596343755722046
838,93,0.4653492867946625,0.8094995021820068
838,94,0.48884525895118713,0.33659642934799194
838,95,0.5135655403137207,0.6409187316894531
838,96,0.526301920413971,0.38228434324264526
838,97,0.5175642371177673,0.48400166630744934
838,98,0.501147985458374,0.37876686453819275
838,99,0.5096385478973389,0.6418600082397461
838,92,0.4849971532821655,0.32596343755722046
838,93,0.4653492867946625,0.8094995021820068
838,94,0.48884525895118713,0.33659642934799194
838,95,0.5135655403137207,0.6409187316894531
838,96,0.526301920413971,0.38228434324264526
838,98,0.501147985458374,0.37876686453819275
838,99,0.5096385478973389,0.6418600082397461
838,97,0.5175642371177673,0.48400166630744934
838,92,0.4849971532821655,0.32596343755722046
838,93,0.4653492867946625,0.8094995021820068
838,94,0.48884525895118713,0.33659642934799194
838,95,0.5135655403137207,0.6409187316894531
838,96,0.526301920413971,0.38228434324264526
838,97,0.5175642371177673,0.48400166630744934
838,98,0.501147985458374,0.37876686453819275
838,99,0.5096385478973389,0.6418600082397461
838,92,0.4849971532821655,0.32596343755722046
838,93,0.4653492867946625,0.8094995021820068
838,94,0.48884525895118713,0.33659642934799194
838,95,0.5135655403137207,0.6409187316894531
838,96,0.526301920413971,0.38228434324264526
838,97,0.5175642371177673,0.48400166630744934
838,98,0.501147985458374,0.37876686453819275
838,99,0.5096385478973389,0.6418600082397461
838,92,0.4849971532821655,0.32596343755722046
838,93,0.4653492867946625,0.8094995021820068
838,94,0.48884525895118713,0.33659642934799194
838,95,0.5135655403137207,0.6409187316894531
838,96,0.526301920413971,0.38228434324264526
838,97,0.5175642371177673,0.48400166630744934
838,98,0.501147985458374,0.37876686453819275
838,99,0.5096385478973389,0.6418600082397461
838,92,0.4849971532821655,0.32596343755722046
838,93,0.4653492867946625,0.8094995021820068
838,94,0.48884525895118713,0.33659642934799194
838,95,0.5135655403137207,0.6409187316894531
838,96,0.526301920413971,0.38228434324264526
838,97,0.5175642371177673,0.48400166630744934
838,98,0.501147985458374,0.37876686453819275
838,99,0.5096385478973389,0.6418600082397461
838,94,0.48884525895118713,0.33659642934799194
838,100,0.5095986127853394,5.424485038929561e-07
838,101,0.5064232349395752,9.21155951516539e-09
838,101,0.5064232349395752,9.21155951516539e-09
838,102,0.4779309034347534,3.7364804459109042e-22
838,101,0.5064232349395752,9.21155951516539e-09
838,101,0.5064232349395752,9.21155951516539e-09
838,103,0.48450201749801636,0.00023187155602499843
838,94,0.48884525895118713,0.33659642934799194
838,100,0.5095986127853394,5.424485038929561e-07
838,101,0.5064232349395752,9.21155951516539e-09
838,102,0.4779309034347534,3.7364804459109042e-22
838,101,0.5064232349395752,9.21155951516539e-09
838,103,0.48450201749801636,0.00023187155602499843
838,94,0.48884525895118713,0.33659642934799194
838,100,0.5095986127853394,5.424485038929561e-07
838,101,0.5064232349395752,9.21155951516539e-09
838,102,0.4779309034347534,3.7364804459109042e-22
838,101,0.5064232349395752,9.21155951516539e-09
838,103,0.48450201749801636,0.00023187155602499843
838,94,0.48884525895118713,0.33659642934799194
838,100,0.5095986127853394,5.424485038929561e-07
838,101,0.5064232349395752,9.21155951516539e-09
838,102,0.4779309034347534,3.7364804459109042e-22
838,101,0.5064232349395752,9.21155951516539e-09
838,103,0.48450201749801636,0.00023187155602499843
838,94,0.48884525895118713,0.33659642934799194
838,100,0.5095986127853394,5.424485038929561e-07
838,101,0.5064232349395752,9.21155951516539e-09
838,102,0.4779309034347534,3.7364804459109042e-22
838,101,0.5064232349395752,9.21155951516539e-09
838,103,0.48450201749801636,0.00023187155602499843
838,94,0.48884525895118713,0.33659642934799194
838,0,0.5023348927497864,0.0865730494260788
838,0,0.5023348927497864,0.0865730494260788
838,0,0.5023348927497864,0.0865730494260788
838,0,0.5023348927497864,0.0865730494260788
838,0,0.5023348927497864,0.0865730494260788
838,0,0.5023348927497864,0.0865730494260788
838,0,0.5023348927497864,0.0865730494260788
838,0,0.5023348927497864,0.0865730494260788
838,0,0.5023348927497864,0.0865730494260788
838,0,0.5023348927497864,0.0865730494260788
838,0,0.5023348927497864,0.0865730494260788
838,0,0.5023348927497864,0.0865730494260788
838,0,0.5023348927497864,0.0865730494260788
838,0,0.5023348927497864,0.0865730494260788
838,0,0.5023348927497864,0.0865730494260788
838,0,0.5023348927497864,0.0865730494260788
838,0,0.5023348927497864,0.0865730494260788
838,0,0.5023348927497864,0.0865730494260788
838,0,0.5023348927497864,0.0865730494260788
838,0,0.5023348927497864,0.0865730494260788
838,0,0.5023348927497864,0.0865730494260788
838,0,0.5023348927497864,0.0865730494260788
838,0,0.5023348927497864,0.0865730494260788
838,0,0.5023348927497864,0.0865730494260788
838,0,0.5023348927497864,0.0865730494260788
838,0,0.5023348927497864,0.0865730494260788
838,0,0.5023348927497864,0.0865730494260788
838,0,0.5023348927497864,0.0865730494260788
838,0,0.5023348927497864,0.0865730494260788
838,0,0.5023348927497864,0.0865730494260788
838,0,0.5023348927497864,0.0865730494260788
838,0,0.5023348927497864,0.0865730494260788
838,0,0.5023348927497864,0.0865730494260788
838,0,0.5023348927497864,0.0865730494260788
838,0,0.5023348927497864,0.0865730494260788
838,0,0.5023348927497864,0.0865730494260788
838,0,0.5023348927497864,0.0865730494260788
838,0,0.5023348927497864,0.0865730494260788
838,0,0.5023348927497864,0.0865730494260788
838,0,0.5023348927497864,0.0865730494260788
838,0,0.5023348927497864,0.0865730494260788
838,0,0.5023348927497864,0.0865730494260788
838,0,0.5023348927497864,0.0865730494260788
838,0,0.5023348927497864,0.0865730494260788
838,0,0.5023348927497864,0.0865730494260788
838,0,0.5023348927497864,0.0865730494260788
838,0,0.5023348927497864,0.0865730494260788
734,0,0.502275288105011,0.0865730494260788
734,1,0.5226302146911621,0.10744237899780273
734,2,0.4979799687862396,0.4455474615097046
734,3,0.48098239302635193,0.7426278591156006
734,4,0.5067753791809082,0.6352908611297607
734,5,0.48993635177612305,0.3134657144546509
734,6,0.5134741067886353,0.9404323101043701
734,6,0.5134741067886353,0.9404323101043701
734,0,0.502275288105011,0.0865730494260788
734,2,0.4979799687862396,0.4455474615097046
734,1,0.5226302146911621,0.10744237899780273
734,3,0.48098239302635193,0.7426278591156006
734,5,0.48993635177612305,0.3134657144546509
734,4,0.5067753791809082,0.6352908611297607
734,6,0.5134741067886353,0.9404323101043701
734,6,0.5134741067886353,0.9404323101043701
734,0,0.502275288105011,0.0865730494260788
734,2,0.4979799687862396,0.4455474615097046
734,1,0.5226302146911621,0.10744237899780273
734,4,0.5067753791809082,0.6352908611297607
734,5,0.48993635177612305,0.3134657144546509
734,3,0.48098239302635193,0.7426278591156006
734,6,0.5134741067886353,0.9404323101043701
734,6,0.5134741067886353,0.9404323101043701
734,0,0.502275288105011,0.0865730494260788
734,1,0.5226302146911621,0.10744237899780273
734,2,0.4979799687862396,0.4455474615097046
734,3,0.48098239302635193,0.7426278591156006
734,4,0.5067753791809082,0.6352908611297607
734,5,0.48993635177612305,0.3134657144546509
734,6,0.5134741067886353,0.9404323101043701
734,6,0.5134741067886353,0.9404323101043701
734,0,0.502275288105011,0.0865730494260788
734,1,0.5226302146911621,0.10744237899780273
734,2,0.4979799687862396,0.4455474615097046
734,4,0.5067753791809082,0.6352908611297607
734,3,0.48098239302635193,0.7426278591156006
734,5,0.48993635177612305,0.3134657144546509
734,6,0.5134741067886353,0.9404323101043701
734,6,0.5134741067886353,0.9404323101043701
734,0,0.502275288105011,0.0865730494260788
734,1,0.5226302146911621,0.10744237899780273
734,2,0.4979799687862396,0.4455474615097046
734,4,0.5067753791809082,0.6352908611297607
734,3,0.48098239302635193,0.7426278591156006
734,5,0.48993635177612305,0.3134657144546509
734,6,0.5134741067886353,0.9404323101043701
734,6,0.5134741067886353,0.9404323101043701
734,7,0.5178481936454773,0.37016135454177856
734,8,0.48544371128082275,0.3491012752056122
734,9,0.5063253045082092,0.7043098211288452
734,12,0.4840604066848755,0.999262273311615
734,10,0.4800584316253662,0.6246944665908813
734,11,0.501798152923584,0.6153284907341003
734,13,0.5144637227058411,0.16971169412136078
734,6,0.5134741067886353,0.9404323101043701
734,14,0.49032101035118103,0.6417677998542786
734,7,0.5178481936454773,0.37016135454177856
734,8,0.48544371128082275,0.3491012752056122
734,9,0.5063253045082092,0.7043098211288452
734,12,0.4840604066848755,0.999262273311615
734,11,0.501798152923584,0.6153284907341003
734,10,0.4800584316253662,0.6246944665908813
734,13,0.5144637227058411,0.16971169412136078
734,6,0.5134741067886353,0.9404323101043701
734,14,0.49032101035118103,0.6417677998542786
734,7,0.5178481936454773,0.37016135454177856
734,9,0.5063253045082092,0.7043098211288452
734,8,0.48544371128082275,0.3491012752056122
734,12,0.4840604066848755,0.999262273311615
734,10,0.4800584316253662,0.6246944665908813
734,11,0.501798152923584,0.6153284907341003
734,13,0.5144637227058411,0.16971169412136078
734,6,0.5134741067886353,0.9404323101043701
734,14,0.49032101035118103,0.6417677998542786
734,7,0.5178481936454773,0.37016135454177856
734,9,0.5063253045082092,0.7043098211288452
734,8,0.48544371128082275,0.3491012752056122
734,10,0.4800584316253662,0.6246944665908813
734,12,0.4840604066848755,0.999262273311615
734,11,0.501798152923584,0.6153284907341003
734,13,0.5144637227058411,0.16971169412136078
734,6,0.5134741067886353,0.9404323101043701
734,0,0.502275288105011,0.0865730494260788
734,0,0.502275288105011,0.0865730494260788
734,0,0.502275288105011,0.0865730494260788
734,0,0.502275288105011,0.0865730494260788
734,0,0.502275288105011,0.0865730494260788
734,0,0.502275288105011,0.0865730494260788
734,0,0.502275288105011,0.0865730494260788
734,0,0.502275288105011,0.0865730494260788
734,0,0.502275288105011,0.0865730494260788
734,0,0.502275288105011,0.0865730494260788
734,0,0.502275288105011,0.0865730494260788
734,0,0.502275288105011,0.0865730494260788
734,0,0.502275288105011,0.0865730494260788
734,0,0.502275288105011,0.0865730494260788
734,0,0.502275288105011,0.0865730494260788
734,0,0.502275288105011,0.0865730494260788
734,0,0.502275288105011,0.0865730494260788
734,0,0.502275288105011,0.0865730494260788
734,0,0.502275288105011,0.0865730494260788
734,0,0.502275288105011,0.0865730494260788
734,0,0.502275288105011,0.0865730494260788
734,0,0.502275288105011,0.0865730494260788
734,0,0.502275288105011,0.0865730494260788
734,0,0.502275288105011,0.0865730494260788
734,0,0.502275288105011,0.0865730494260788
734,0,0.502275288105011,0.0865730494260788
734,0,0.502275288105011,0.0865730494260788
734,0,0.502275288105011,0.0865730494260788
734,0,0.502275288105011,0.0865730494260788
734,0,0.502275288105011,0.0865730494260788
734,0,0.502275288105011,0.0865730494260788
734,0,0.502275288105011,0.0865730494260788
734,0,0.502275288105011,0.0865730494260788
734,0,0.502275288105011,0.0865730494260788
734,0,0.502275288105011,0.0865730494260788
734,0,0.502275288105011,0.0865730494260788
734,0,0.502275288105011,0.0865730494260788
734,0,0.502275288105011,0.0865730494260788
734,0,0.502275288105011,0.0865730494260788
734,0,0.502275288105011,0.0865730494260788
734,0,0.502275288105011,0.0865730494260788
734,0,0.502275288105011,0.0865730494260788
734,0,0.502275288105011,0.0865730494260788
734,0,0.502275288105011,0.0865730494260788
734,0,0.502275288105011,0.0865730494260788
734,0,0.502275288105011,0.0865730494260788
734,0,0.502275288105011,0.0865730494260788
734,0,0.502275288105011,0.0865730494260788
734,0,0.502275288105011,0.0865730494260788
734,0,0.502275288105011,0.0865730494260788
734,0,0.502275288105011,0.0865730494260788
734,0,0.502275288105011,0.0865730494260788
734,0,0.502275288105011,0.0865730494260788
734,0,0.502275288105011,0.0865730494260788
734,0,0.502275288105011,0.0865730494260788
734,0,0.502275288105011,0.0865730494260788
734,0,0.502275288105011,0.0865730494260788
734,0,0.502275288105011,0.0865730494260788
734,0,0.502275288105011,0.0865730494260788
734,0,0.502275288105011,0.0865730494260788
734,0,0.502275288105011,0.0865730494260788
734,0,0.502275288105011,0.0865730494260788
734,0,0.502275288105011,0.0865730494260788
734,0,0.502275288105011,0.0865730494260788
734,0,0.502275288105011,0.0865730494260788
734,0,0.502275288105011,0.0865730494260788
734,0,0.502275288105011,0.0865730494260788
734,0,0.502275288105011,0.0865730494260788
734,0,0.502275288105011,0.0865730494260788
734,0,0.502275288105011,0.0865730494260788
734,0,0.502275288105011,0.0865730494260788
734,0,0.502275288105011,0.0865730494260788
734,0,0.502275288105011,0.0865730494260788
734,0,0.502275288105011,0.0865730494260788
734,0,0.502275288105011,0.0865730494260788
734,0,0.502275288105011,0.0865730494260788
734,0,0.502275288105011,0.0865730494260788
734,0,0.502275288105011,0.0865730494260788
734,0,0.502275288105011,0.0865730494260788
734,0,0.502275288105011,0.0865730494260788
734,0,0.502275288105011,0.0865730494260788
734,0,0.502275288105011,0.0865730494260788
734,0,0.502275288105011,0.0865730494260788
734,0,0.502275288105011,0.0865730494260788
734,0,0.502275288105011,0.0865730494260788
734,0,0.502275288105011,0.0865730494260788
734,0,0.502275288105011,0.0865730494260788
734,0,0.502275288105011,0.0865730494260788
734,0,0.502275288105011,0.0865730494260788
734,0,0.502275288105011,0.0865730494260788
734,0,0.502275288105011,0.0865730494260788
734,0,0.502275288105011,0.0865730494260788
734,0,0.502275288105011,0.0865730494260788
734,0,0.502275288105011,0.0865730494260788
734,0,0.502275288105011,0.0865730494260788
734,0,0.502275288105011,0.0865730494260788
734,0,0.502275288105011,0.0865730494260788
734,0,0.502275288105011,0.0865730494260788
734,0,0.502275288105011,0.0865730494260788
734,0,0.502275288105011,0.0865730494260788
734,0,0.502275288105011,0.0865730494260788
734,0,0.502275288105011,0.0865730494260788
734,0,0.502275288105011,0.0865730494260788
734,0,0.502275288105011,0.0865730494260788
734,0,0.502275288105011,0.0865730494260788
734,0,0.502275288105011,0.0865730494260788
734,0,0.502275288105011,0.0865730494260788
734,0,0.502275288105011,0.0865730494260788
734,0,0.502275288105011,0.0865730494260788
734,0,0.502275288105011,0.0865730494260788
734,0,0.502275288105011,0.0865730494260788
734,0,0.502275288105011,0.0865730494260788
734,0,0.502275288105011,0.0865730494260788
734,0,0.502275288105011,0.0865730494260788
734,0,0.502275288105011,0.0865730494260788
734,0,0.502275288105011,0.0865730494260788
734,0,0.502275288105011,0.0865730494260788
1053,0,0.5022827982902527,0.0865730494260788
1053,1,0.522637665271759,0.10744237899780273
1053,2,0.49798741936683655,0.4455474615097046
1053,3,0.48098990321159363,0.7426278591156006
1053,4,0.5067828893661499,0.6352908611297607
1053,5,0.48994380235671997,0.3134657144546509
1053,6,0.513481616973877,0.9404323101043701
1053,6,0.513481616973877,0.9404323101043701
1053,0,0.5022827982902527,0.0865730494260788
1053,2,0.49798741936683655,0.4455474615097046
1053,1,0.522637665271759,0.10744237899780273
1053,3,0.48098990321159363,0.7426278591156006
1053,4,0.5067828893661499,0.6352908611297607
1053,5,0.48994380235671997,0.3134657144546509
1053,6,0.513481616973877,0.9404323101043701
1053,6,0.513481616973877,0.9404323101043701
1053,0,0.5022827982902527,0.0865730494260788
1053,2,0.49798741936683655,0.4455474615097046
1053,1,0.522637665271759,0.10744237899780273
1053,3,0.48098990321159363,0.7426278591156006
1053,4,0.5067828893661499,0.6352908611297607
1053,5,0.48994380235671997,0.3134657144546509
1053,6,0.513481616973877,0.9404323101043701
1053,6,0.513481616973877,0.9404323101043701
1053,0,0.5022827982902527,0.0865730494260788
1053,1,0.522637665271759,0.10744237899780273
1053,2,0.49798741936683655,0.4455474615097046
1053,4,0.5067828893661499,0.6352908611297607
1053,3,0.48098990321159363,0.7426278591156006
1053,5,0.48994380235671997,0.3134657144546509
1053,6,0.513481616973877,0.9404323101043701
1053,6,0.513481616973877,0.9404323101043701
1053,6,0.513481616973877,0.9404323101043701
1053,6,0.513481616973877,0.9404323101043701
1053,0,0.5022827982902527,0.0865730494260788
1053,2,0.49798741936683655,0.4455474615097046
1053,1,0.522637665271759,0.10744237899780273
1053,3,0.48098990321159363,0.7426278591156006
1053,4,0.5067828893661499,0.6352908611297607
1053,5,0.48994380235671997,0.3134657144546509
1053,6,0.513481616973877,0.9404323101043701
1053,6,0.513481616973877,0.9404323101043701
1053,0,0.5022827982902527,0.0865730494260788
1053,2,0.49798741936683655,0.4455474615097046
1053,1,0.522637665271759,0.10744237899780273
1053,3,0.48098990321159363,0.7426278591156006
1053,5,0.48994380235671997,0.3134657144546509
1053,4,0.5067828893661499,0.6352908611297607
1053,6,0.513481616973877,0.9404323101043701
1053,6,0.513481616973877,0.9404323101043701
1053,0,0.5022827982902527,0.0865730494260788
1053,1,0.522637665271759,0.10744237899780273
1053,2,0.49798741936683655,0.4455474615097046
1053,3,0.48098990321159363,0.7426278591156006
1053,4,0.5067828893661499,0.6352908611297607
1053,5,0.48994380235671997,0.3134657144546509
1053,6,0.513481616973877,0.9404323101043701
1053,6,0.513481616973877,0.9404323101043701
1053,0,0.5022827982902527,0.0865730494260788
1053,1,0.522637665271759,0.10744237899780273
1053,2,0.49798741936683655,0.4455474615097046
1053,3,0.48098990321159363,0.7426278591156006
1053,4,0.5067828893661499,0.6352908611297607
1053,5,0.48994380235671997,0.3134657144546509
1053,6,0.513481616973877,0.9404323101043701
1053,6,0.513481616973877,0.9404323101043701
1053,0,0.5022827982902527,0.0865730494260788
1053,1,0.522637665271759,0.10744237899780273
1053,2,0.49798741936683655,0.4455474615097046
1053,4,0.5067828893661499,0.6352908611297607
1053,5,0.48994380235671997,0.3134657144546509
1053,3,0.48098990321159363,0.7426278591156006
1053,0,0.5022827982902527,0.0865730494260788
1053,0,0.5022827982902527,0.0865730494260788
1053,0,0.5022827982902527,0.0865730494260788
1053,0,0.5022827982902527,0.0865730494260788
1053,0,0.5022827982902527,0.0865730494260788
1053,0,0.5022827982902527,0.0865730494260788
1053,0,0.5022827982902527,0.0865730494260788
1053,0,0.5022827982902527,0.0865730494260788
1053,0,0.5022827982902527,0.0865730494260788
1053,0,0.5022827982902527,0.0865730494260788
1053,0,0.5022827982902527,0.0865730494260788
1053,0,0.5022827982902527,0.0865730494260788
1053,0,0.5022827982902527,0.0865730494260788
1053,0,0.5022827982902527,0.0865730494260788
1053,0,0.5022827982902527,0.0865730494260788
1053,0,0.5022827982902527,0.0865730494260788
1053,0,0.5022827982902527,0.0865730494260788
1053,0,0.5022827982902527,0.0865730494260788
1053,0,0.5022827982902527,0.0865730494260788
1053,0,0.5022827982902527,0.0865730494260788
1053,0,0.5022827982902527,0.0865730494260788
1053,0,0.5022827982902527,0.0865730494260788
1053,0,0.5022827982902527,0.0865730494260788
1053,0,0.5022827982902527,0.0865730494260788
1053,0,0.5022827982902527,0.0865730494260788
1053,0,0.5022827982902527,0.0865730494260788
1053,0,0.5022827982902527,0.0865730494260788
1053,0,0.5022827982902527,0.0865730494260788
1053,0,0.5022827982902527,0.0865730494260788
1053,0,0.5022827982902527,0.0865730494260788
1053,0,0.5022827982902527,0.0865730494260788
1053,0,0.5022827982902527,0.0865730494260788
1053,0,0.5022827982902527,0.0865730494260788
1053,0,0.5022827982902527,0.0865730494260788
1053,0,0.5022827982902527,0.0865730494260788
1053,0,0.5022827982902527,0.0865730494260788
1053,0,0.5022827982902527,0.0865730494260788
1053,0,0.5022827982902527,0.0865730494260788
1053,0,0.5022827982902527,0.0865730494260788
1053,0,0.5022827982902527,0.0865730494260788
1053,0,0.5022827982902527,0.0865730494260788
1053,0,0.5022827982902527,0.0865730494260788
1053,0,0.5022827982902527,0.0865730494260788
1053,0,0.5022827982902527,0.0865730494260788
1053,0,0.5022827982902527,0.0865730494260788
1053,0,0.5022827982902527,0.0865730494260788
1053,0,0.5022827982902527,0.0865730494260788
1053,0,0.5022827982902527,0.0865730494260788
1053,0,0.5022827982902527,0.0865730494260788
1053,0,0.5022827982902527,0.0865730494260788
1053,0,0.5022827982902527,0.0865730494260788
1053,0,0.5022827982902527,0.0865730494260788
1053,0,0.5022827982902527,0.0865730494260788
1053,0,0.5022827982902527,0.0865730494260788
1053,0,0.5022827982902527,0.0865730494260788
1053,0,0.5022827982902527,0.0865730494260788
1053,0,0.5022827982902527,0.0865730494260788
1053,0,0.5022827982902527,0.0865730494260788
1053,0,0.5022827982902527,0.0865730494260788
1053,0,0.5022827982902527,0.0865730494260788
1053,0,0.5022827982902527,0.0865730494260788
1053,0,0.5022827982902527,0.0865730494260788
1053,0,0.5022827982902527,0.0865730494260788
1053,0,0.5022827982902527,0.0865730494260788
1053,0,0.5022827982902527,0.0865730494260788
1053,0,0.5022827982902527,0.0865730494260788
1053,0,0.5022827982902527,0.0865730494260788
1053,0,0.5022827982902527,0.0865730494260788
1053,0,0.5022827982902527,0.0865730494260788
1053,0,0.5022827982902527,0.0865730494260788
1053,0,0.5022827982902527,0.0865730494260788
1053,0,0.5022827982902527,0.0865730494260788
1053,0,0.5022827982902527,0.0865730494260788
1053,0,0.5022827982902527,0.0865730494260788
1053,0,0.5022827982902527,0.0865730494260788
1053,0,0.5022827982902527,0.0865730494260788
1053,0,0.5022827982902527,0.0865730494260788
1053,0,0.5022827982902527,0.0865730494260788
1053,0,0.5022827982902527,0.0865730494260788
1053,0,0.5022827982902527,0.0865730494260788
1053,0,0.5022827982902527,0.0865730494260788
1053,0,0.5022827982902527,0.0865730494260788
1053,0,0.5022827982902527,0.0865730494260788
1053,0,0.5022827982902527,0.0865730494260788
1053,0,0.5022827982902527,0.0865730494260788
1053,0,0.5022827982902527,0.0865730494260788
1053,0,0.5022827982902527,0.0865730494260788
1053,0,0.5022827982902527,0.0865730494260788
1053,0,0.5022827982902527,0.0865730494260788
1053,0,0.5022827982902527,0.0865730494260788
1053,0,0.5022827982902527,0.0865730494260788
1053,0,0.5022827982902527,0.0865730494260788
1053,0,0.5022827982902527,0.0865730494260788
1053,0,0.5022827982902527,0.0865730494260788
1053,0,0.5022827982902527,0.0865730494260788
1053,0,0.5022827982902527,0.0865730494260788
1053,0,0.5022827982902527,0.0865730494260788
1053,0,0.5022827982902527,0.0865730494260788
1053,0,0.5022827982902527,0.0865730494260788
1053,0,0.5022827982902527,0.0865730494260788
1053,0,0.5022827982902527,0.0865730494260788
1053,0,0.5022827982902527,0.0865730494260788
1053,0,0.5022827982902527,0.0865730494260788
1053,0,0.5022827982902527,0.0865730494260788
1053,0,0.5022827982902527,0.0865730494260788
1053,0,0.5022827982902527,0.0865730494260788
1053,0,0.5022827982902527,0.0865730494260788
1053,0,0.5022827982902527,0.0865730494260788
1053,0,0.5022827982902527,0.0865730494260788
1053,0,0.5022827982902527,0.0865730494260788
1053,0,0.5022827982902527,0.0865730494260788
1053,0,0.5022827982902527,0.0865730494260788
1053,0,0.5022827982902527,0.0865730494260788
1053,0,0.5022827982902527,0.0865730494260788
1053,0,0.5022827982902527,0.0865730494260788
1053,0,0.5022827982902527,0.0865730494260788
1053,0,0.5022827982902527,0.0865730494260788
1053,0,0.5022827982902527,0.0865730494260788
1053,0,0.5022827982902527,0.0865730494260788
1053,0,0.5022827982902527,0.0865730494260788
1053,0,0.5022827982902527,0.0865730494260788
1053,0,0.5022827982902527,0.0865730494260788
1053,0,0.5022827982902527,0.0865730494260788
1053,0,0.5022827982902527,0.0865730494260788
1053,0,0.5022827982902527,0.0865730494260788
1053,0,0.5022827982902527,0.0865730494260788
1053,0,0.5022827982902527,0.0865730494260788
1053,0,0.5022827982902527,0.0865730494260788
438,279,0.5262333750724792,0.23227645456790924
438,280,0.5140688419342041,0.8001254200935364
438,279,0.5262333750724792,0.23227645456790924
438,280,0.5140688419342041,0.8001254200935364
438,279,0.5262333750724792,0.23227645456790924
438,280,0.5140688419342041,0.8001254200935364
438,281,0.5235695242881775,0.31475210189819336
438,0,0.5023099184036255,0.0865730494260788
438,0,0.5023099184036255,0.0865730494260788
438,0,0.5023099184036255,0.0865730494260788
438,0,0.5023099184036255,0.0865730494260788
438,0,0.5023099184036255,0.0865730494260788
438,0,0.5023099184036255,0.0865730494260788
438,0,0.5023099184036255,0.0865730494260788
438,0,0.5023099184036255,0.0865730494260788
438,0,0.5023099184036255,0.0865730494260788
438,0,0.5023099184036255,0.0865730494260788
438,0,0.5023099184036255,0.0865730494260788
438,0,0.5023099184036255,0.0865730494260788
438,0,0.5023099184036255,0.0865730494260788
438,0,0.5023099184036255,0.0865730494260788
438,0,0.5023099184036255,0.0865730494260788
438,0,0.5023099184036255,0.0865730494260788
438,0,0.5023099184036255,0.0865730494260788
438,0,0.5023099184036255,0.0865730494260788
438,0,0.5023099184036255,0.0865730494260788
438,0,0.5023099184036255,0.0865730494260788
438,0,0.5023099184036255,0.0865730494260788
438,0,0.5023099184036255,0.0865730494260788
438,0,0.5023099184036255,0.0865730494260788
438,0,0.5023099184036255,0.0865730494260788
438,0,0.5023099184036255,0.0865730494260788
438,0,0.5023099184036255,0.0865730494260788
438,0,0.5023099184036255,0.0865730494260788
438,0,0.5023099184036255,0.0865730494260788
438,0,0.5023099184036255,0.0865730494260788
438,0,0.5023099184036255,0.0865730494260788
438,0,0.5023099184036255,0.0865730494260788
438,0,0.5023099184036255,0.0865730494260788
438,0,0.5023099184036255,0.0865730494260788
438,0,0.5023099184036255,0.0865730494260788
438,0,0.5023099184036255,0.0865730494260788
438,0,0.5023099184036255,0.0865730494260788
438,0,0.5023099184036255,0.0865730494260788
438,0,0.5023099184036255,0.0865730494260788
438,0,0.5023099184036255,0.0865730494260788
438,0,0.5023099184036255,0.0865730494260788
438,0,0.5023099184036255,0.0865730494260788
438,0,0.5023099184036255,0.0865730494260788
438,0,0.5023099184036255,0.0865730494260788
438,0,0.5023099184036255,0.0865730494260788
438,0,0.5023099184036255,0.0865730494260788
438,0,0.5023099184036255,0.0865730494260788
438,0,0.5023099184036255,0.0865730494260788
438,0,0.5023099184036255,0.0865730494260788
438,0,0.5023099184036255,0.0865730494260788
438,0,0.5023099184036255,0.0865730494260788
438,0,0.5023099184036255,0.0865730494260788
438,0,0.5023099184036255,0.0865730494260788
438,0,0.5023099184036255,0.0865730494260788
438,0,0.5023099184036255,0.0865730494260788
438,0,0.5023099184036255,0.0865730494260788
438,0,0.5023099184036255,0.0865730494260788
438,0,0.5023099184036255,0.0865730494260788
438,0,0.5023099184036255,0.0865730494260788
438,0,0.5023099184036255,0.0865730494260788
438,0,0.5023099184036255,0.0865730494260788
438,0,0.5023099184036255,0.0865730494260788
438,0,0.5023099184036255,0.0865730494260788
438,0,0.5023099184036255,0.0865730494260788
438,0,0.5023099184036255,0.0865730494260788
438,0,0.5023099184036255,0.0865730494260788
438,0,0.5023099184036255,0.0865730494260788
438,0,0.5023099184036255,0.0865730494260788
438,0,0.5023099184036255,0.0865730494260788
438,0,0.5023099184036255,0.0865730494260788
438,0,0.5023099184036255,0.0865730494260788
438,0,0.5023099184036255,0.0865730494260788
438,0,0.5023099184036255,0.0865730494260788
438,0,0.5023099184036255,0.0865730494260788
438,0,0.5023099184036255,0.0865730494260788
438,0,0.5023099184036255,0.0865730494260788
438,0,0.5023099184036255,0.0865730494260788
438,0,0.5023099184036255,0.0865730494260788
438,0,0.5023099184036255,0.0865730494260788
438,0,0.5023099184036255,0.0865730494260788
438,0,0.5023099184036255,0.0865730494260788
438,0,0.5023099184036255,0.0865730494260788
438,0,0.5023099184036255,0.0865730494260788
438,0,0.5023099184036255,0.0865730494260788
438,0,0.5023099184036255,0.0865730494260788
438,0,0.5023099184036255,0.0865730494260788
438,0,0.5023099184036255,0.0865730494260788
438,0,0.5023099184036255,0.0865730494260788
438,0,0.5023099184036255,0.0865730494260788
438,0,0.5023099184036255,0.0865730494260788
438,0,0.5023099184036255,0.0865730494260788
438,0,0.5023099184036255,0.0865730494260788
438,0,0.5023099184036255,0.0865730494260788
438,0,0.5023099184036255,0.0865730494260788
438,0,0.5023099184036255,0.0865730494260788
438,0,0.5023099184036255,0.0865730494260788
438,0,0.5023099184036255,0.0865730494260788
438,0,0.5023099184036255,0.0865730494260788
438,0,0.5023099184036255,0.0865730494260788
438,0,0.5023099184036255,0.0865730494260788
438,0,0.5023099184036255,0.0865730494260788
438,0,0.5023099184036255,0.0865730494260788
438,0,0.5023099184036255,0.0865730494260788
438,0,0.5023099184036255,0.0865730494260788
438,0,0.5023099184036255,0.0865730494260788
438,0,0.5023099184036255,0.0865730494260788
438,0,0.5023099184036255,0.0865730494260788
438,0,0.5023099184036255,0.0865730494260788
438,0,0.5023099184036255,0.0865730494260788
438,0,0.5023099184036255,0.0865730494260788
438,0,0.5023099184036255,0.0865730494260788
438,0,0.5023099184036255,0.0865730494260788
438,0,0.5023099184036255,0.0865730494260788
438,0,0.5023099184036255,0.0865730494260788
438,0,0.5023099184036255,0.0865730494260788
438,0,0.5023099184036255,0.0865730494260788
438,0,0.5023099184036255,0.0865730494260788
438,0,0.5023099184036255,0.0865730494260788
438,0,0.5023099184036255,0.0865730494260788
438,0,0.5023099184036255,0.0865730494260788
438,0,0.5023099184036255,0.0865730494260788
438,0,0.5023099184036255,0.0865730494260788
438,0,0.5023099184036255,0.0865730494260788
438,0,0.5023099184036255,0.0865730494260788
438,0,0.5023099184036255,0.0865730494260788
438,0,0.5023099184036255,0.0865730494260788
438,0,0.5023099184036255,0.0865730494260788
438,0,0.5023099184036255,0.0865730494260788
438,0,0.5023099184036255,0.0865730494260788
438,0,0.5023099184036255,0.0865730494260788
438,0,0.5023099184036255,0.0865730494260788
438,0,0.5023099184036255,0.0865730494260788
438,0,0.5023099184036255,0.0865730494260788
438,0,0.5023099184036255,0.0865730494260788
438,0,0.5023099184036255,0.0865730494260788
438,0,0.5023099184036255,0.0865730494260788
438,0,0.5023099184036255,0.0865730494260788
438,0,0.5023099184036255,0.0865730494260788
438,0,0.5023099184036255,0.0865730494260788
438,0,0.5023099184036255,0.0865730494260788
438,0,0.5023099184036255,0.0865730494260788
438,0,0.5023099184036255,0.0865730494260788
438,0,0.5023099184036255,0.0865730494260788
438,0,0.5023099184036255,0.0865730494260788
438,0,0.5023099184036255,0.0865730494260788
438,0,0.5023099184036255,0.0865730494260788
438,0,0.5023099184036255,0.0865730494260788
438,0,0.5023099184036255,0.0865730494260788
438,0,0.5023099184036255,0.0865730494260788
438,0,0.5023099184036255,0.0865730494260788
438,0,0.5023099184036255,0.0865730494260788
438,0,0.5023099184036255,0.0865730494260788
438,0,0.5023099184036255,0.0865730494260788
438,0,0.5023099184036255,0.0865730494260788
438,0,0.5023099184036255,0.0865730494260788
438,0,0.5023099184036255,0.0865730494260788
438,0,0.5023099184036255,0.0865730494260788
438,0,0.5023099184036255,0.0865730494260788
438,0,0.5023099184036255,0.0865730494260788
438,0,0.5023099184036255,0.0865730494260788
438,0,0.5023099184036255,0.0865730494260788
438,0,0.5023099184036255,0.0865730494260788
438,0,0.5023099184036255,0.0865730494260788
438,0,0.5023099184036255,0.0865730494260788
438,0,0.5023099184036255,0.0865730494260788
438,0,0.5023099184036255,0.0865730494260788
438,0,0.5023099184036255,0.0865730494260788
438,0,0.5023099184036255,0.0865730494260788
438,0,0.5023099184036255,0.0865730494260788
438,0,0.5023099184036255,0.0865730494260788
438,0,0.5023099184036255,0.0865730494260788
438,0,0.5023099184036255,0.0865730494260788
438,0,0.5023099184036255,0.0865730494260788
438,0,0.5023099184036255,0.0865730494260788
438,0,0.5023099184036255,0.0865730494260788
438,0,0.5023099184036255,0.0865730494260788
438,0,0.5023099184036255,0.0865730494260788
438,0,0.5023099184036255,0.0865730494260788
438,0,0.5023099184036255,0.0865730494260788
438,0,0.5023099184036255,0.0865730494260788
438,0,0.5023099184036255,0.0865730494260788
438,0,0.5023099184036255,0.0865730494260788
438,0,0.5023099184036255,0.0865730494260788
438,0,0.5023099184036255,0.0865730494260788
438,0,0.5023099184036255,0.0865730494260788
438,0,0.5023099184036255,0.0865730494260788
438,0,0.5023099184036255,0.0865730494260788
438,0,0.5023099184036255,0.0865730494260788
438,0,0.5023099184036255,0.0865730494260788
438,0,0.5023099184036255,0.0865730494260788
438,0,0.5023099184036255,0.0865730494260788
438,0,0.5023099184036255,0.0865730494260788
438,0,0.5023099184036255,0.0865730494260788
438,0,0.5023099184036255,0.0865730494260788
824,0,0.5007436871528625,0.0865730494260788
824,2,0.4964491128921509,0.4455474615097046
824,1,0.5211041569709778,0.10744237899780273
824,3,0.47945117950439453,0.7426278591156006
824,4,0.5052398443222046,0.6352908611297607
824,5,0.4884052276611328,0.3134657144546509
824,6,0.5119386911392212,0.9404323101043701
824,6,0.5119386911392212,0.9404323101043701
824,0,0.5007436871528625,0.0865730494260788
824,2,0.4964491128921509,0.4455474615097046
824,1,0.5211041569709778,0.10744237899780273
824,3,0.47945117950439453,0.7426278591156006
824,4,0.5052398443222046,0.6352908611297607
824,5,0.4884052276611328,0.3134657144546509
824,6,0.5119386911392212,0.9404323101043701
824,6,0.5119386911392212,0.9404323101043701
824,0,0.5007436871528625,0.0865730494260788
824,2,0.4964491128921509,0.4455474615097046
824,1,0.5211041569709778,0.10744237899780273
824,3,0.47945117950439453,0.7426278591156006
824,4,0.5052398443222046,0.6352908611297607
824,5,0.4884052276611328,0.3134657144546509
824,6,0.5119386911392212,0.9404323101043701
824,6,0.5119386911392212,0.9404323101043701
824,0,0.5007436871528625,0.0865730494260788
824,2,0.4964491128921509,0.4455474615097046
824,1,0.5211041569709778,0.10744237899780273
824,3,0.47945117950439453,0.7426278591156006
824,5,0.4884052276611328,0.3134657144546509
824,4,0.5052398443222046,0.6352908611297607
824,6,0.5119386911392212,0.9404323101043701
824,6,0.5119386911392212,0.9404323101043701
824,0,0.5007436871528625,0.0865730494260788
824,1,0.5211041569709778,0.10744237899780273
824,2,0.4964491128921509,0.4455474615097046
824,2,0.4964491128921509,0.4455474615097046
824,3,0.47945117950439453,0.7426278591156006
824,4,0.5052398443222046,0.6352908611297607
824,5,0.4884052276611328,0.3134657144546509
824,6,0.5119386911392212,0.9404323101043701
824,6,0.5119386911392212,0.9404323101043701
824,0,0.5007436871528625,0.0865730494260788
824,1,0.5211041569709778,0.10744237899780273
824,2,0.4964491128921509,0.4455474615097046
824,4,0.5052398443222046,0.6352908611297607
824,3,0.47945117950439453,0.7426278591156006
824,5,0.4884052276611328,0.3134657144546509
824,6,0.5119386911392212,0.9404323101043701
824,6,0.5119386911392212,0.9404323101043701
824,0,0.5007436871528625,0.0865730494260788
824,1,0.5211041569709778,0.10744237899780273
824,2,0.4964491128921509,0.4455474615097046
824,4,0.5052398443222046,0.6352908611297607
824,3,0.47945117950439453,0.7426278591156006
824,5,0.4884052276611328,0.3134657144546509
824,6,0.5119386911392212,0.9404323101043701
824,6,0.5119386911392212,0.9404323101043701
824,0,0.5007436871528625,0.0865730494260788
824,1,0.5211041569709778,0.10744237899780273
824,2,0.4964491128921509,0.4455474615097046
824,4,0.5052398443222046,0.6352908611297607
824,3,0.47945117950439453,0.7426278591156006
824,5,0.4884052276611328,0.3134657144546509
824,6,0.5119386911392212,0.9404323101043701
824,6,0.5119386911392212,0.9404323101043701
824,0,0.5007436871528625,0.0865730494260788
824,1,0.5211041569709778,0.10744237899780273
824,2,0.4964491128921509,0.4455474615097046
824,3,0.47945117950439453,0.7426278591156006
824,4,0.5052398443222046,0.6352908611297607
824,5,0.4884052276611328,0.3134657144546509
824,6,0.5119386911392212,0.9404323101043701
824,6,0.5119386911392212,0.9404323101043701
824,0,0.5007436871528625,0.0865730494260788
824,2,0.4964491128921509,0.4455474615097046
824,1,0.5211041569709778,0.10744237899780273
824,3,0.47945117950439453,0.7426278591156006
824,4,0.5052398443222046,0.6352908611297607
824,5,0.4884052276611328,0.3134657144546509
824,6,0.5119386911392212,0.9404323101043701
824,6,0.5119386911392212,0.9404323101043701
824,0,0.5007436871528625,0.0865730494260788
824,1,0.5211041569709778,0.10744237899780273
824,2,0.4964491128921509,0.4455474615097046
824,3,0.47945117950439453,0.7426278591156006
824,4,0.5052398443222046,0.6352908611297607
824,5,0.4884052276611328,0.3134657144546509
824,6,0.5119386911392212,0.9404323101043701
824,6,0.5119386911392212,0.9404323101043701
824,0,0.5007436871528625,0.0865730494260788
824,2,0.4964491128921509,0.4455474615097046
824,1,0.5211041569709778,0.10744237899780273
824,3,0.47945117950439453,0.7426278591156006
824,4,0.5052398443222046,0.6352908611297607
824,5,0.4884052276611328,0.3134657144546509
824,6,0.5119386911392212,0.9404323101043701
824,6,0.5119386911392212,0.9404323101043701
824,0,0.5007436871528625,0.0865730494260788
824,2,0.4964491128921509,0.4455474615097046
824,1,0.5211041569709778,0.10744237899780273
824,3,0.47945117950439453,0.7426278591156006
824,4,0.5052398443222046,0.6352908611297607
824,5,0.4884052276611328,0.3134657144546509
824,6,0.5119386911392212,0.9404323101043701
824,6,0.5119386911392212,0.9404323101043701
824,7,0.5163174867630005,0.37016135454177856
824,9,0.5047903656959534,0.7043098211288452
824,8,0.48391520977020264,0.3491012752056122
824,10,0.47852668166160583,0.6246944665908813
824,12,0.4825240969657898,0.999262273311615
824,11,0.5002663135528564,0.6153284907341003
824,13,0.5129358768463135,0.16971169412136078
824,6,0.5119386911392212,0.9404323101043701
824,14,0.4887870252132416,0.6417677998542786
824,7,0.5163174867630005,0.37016135454177856
824,8,0.48391520977020264,0.3491012752056122
824,9,0.5047903656959534,0.7043098211288452
824,12,0.4825240969657898,0.999262273311615
824,10,0.47852668166160583,0.6246944665908813
824,11,0.5002663135528564,0.6153284907341003
824,13,0.5129358768463135,0.16971169412136078
824,6,0.5119386911392212,0.9404323101043701
824,14,0.4887870252132416,0.6417677998542786
824,7,0.5163174867630005,0.37016135454177856
824,9,0.5047903656959534,0.7043098211288452
824,8,0.48391520977020264,0.3491012752056122
824,10,0.47852668166160583,0.6246944665908813
824,12,0.4825240969657898,0.999262273311615
824,11,0.5002663135528564,0.6153284907341003
824,13,0.5129358768463135,0.16971169412136078
824,6,0.5119386911392212,0.9404323101043701
824,14,0.4887870252132416,0.6417677998542786
824,7,0.5163174867630005,0.37016135454177856
824,9,0.5047903656959534,0.7043098211288452
824,8,0.48391520977020264,0.3491012752056122
824,12,0.4825240969657898,0.999262273311615
824,10,0.47852668166160583,0.6246944665908813
824,11,0.5002663135528564,0.6153284907341003
824,13,0.5129358768463135,0.16971169412136078
824,6,0.5119386911392212,0.9404323101043701
824,14,0.4887870252132416,0.6417677998542786
824,7,0.5163174867630005,0.37016135454177856
824,8,0.48391520977020264,0.3491012752056122
824,0,0.5007436871528625,0.0865730494260788
824,0,0.5007436871528625,0.0865730494260788
824,0,0.5007436871528625,0.0865730494260788
824,0,0.5007436871528625,0.0865730494260788
824,0,0.5007436871528625,0.0865730494260788
824,0,0.5007436871528625,0.0865730494260788
824,0,0.5007436871528625,0.0865730494260788
824,0,0.5007436871528625,0.0865730494260788
824,0,0.5007436871528625,0.0865730494260788
824,0,0.5007436871528625,0.0865730494260788
824,0,0.5007436871528625,0.0865730494260788
824,0,0.5007436871528625,0.0865730494260788
824,0,0.5007436871528625,0.0865730494260788
824,0,0.5007436871528625,0.0865730494260788
824,0,0.5007436871528625,0.0865730494260788
824,0,0.5007436871528625,0.0865730494260788
824,0,0.5007436871528625,0.0865730494260788
824,0,0.5007436871528625,0.0865730494260788
824,0,0.5007436871528625,0.0865730494260788
824,0,0.5007436871528625,0.0865730494260788
824,0,0.5007436871528625,0.0865730494260788
824,0,0.5007436871528625,0.0865730494260788
824,0,0.5007436871528625,0.0865730494260788
824,0,0.5007436871528625,0.0865730494260788
824,0,0.5007436871528625,0.0865730494260788
824,0,0.5007436871528625,0.0865730494260788
824,0,0.5007436871528625,0.0865730494260788
824,0,0.5007436871528625,0.0865730494260788
824,0,0.5007436871528625,0.0865730494260788
824,0,0.5007436871528625,0.0865730494260788
824,0,0.5007436871528625,0.0865730494260788
824,0,0.5007436871528625,0.0865730494260788
824,0,0.5007436871528625,0.0865730494260788
824,0,0.5007436871528625,0.0865730494260788
824,0,0.5007436871528625,0.0865730494260788
824,0,0.5007436871528625,0.0865730494260788
824,0,0.5007436871528625,0.0865730494260788
824,0,0.5007436871528625,0.0865730494260788
824,0,0.5007436871528625,0.0865730494260788
824,0,0.5007436871528625,0.0865730494260788
824,0,0.5007436871528625,0.0865730494260788
824,0,0.5007436871528625,0.0865730494260788
824,0,0.5007436871528625,0.0865730494260788
824,0,0.5007436871528625,0.0865730494260788
824,0,0.5007436871528625,0.0865730494260788
824,0,0.5007436871528625,0.0865730494260788
824,0,0.5007436871528625,0.0865730494260788
824,0,0.5007436871528625,0.0865730494260788
824,0,0.5007436871528625,0.0865730494260788
824,0,0.5007436871528625,0.0865730494260788
824,0,0.5007436871528625,0.0865730494260788
824,0,0.5007436871528625,0.0865730494260788
824,0,0.5007436871528625,0.0865730494260788
824,0,0.5007436871528625,0.0865730494260788
824,0,0.5007436871528625,0.0865730494260788
824,0,0.5007436871528625,0.0865730494260788
824,0,0.5007436871528625,0.0865730494260788
459,92,0.48330211639404297,0.32596343755722046
459,93,0.4636562466621399,0.8094995021820068
459,94,0.4871484041213989,0.33659642934799194
459,95,0.5118678212165833,0.6409187316894531
459,96,0.5246104001998901,0.38228434324264526
459,97,0.5158693194389343,0.48400166630744934
459,98,0.4994521737098694,0.37876686453819275
459,99,0.5079430937767029,0.6418600082397461
459,92,0.48330211639404297,0.32596343755722046
459,93,0.4636562466621399,0.8094995021820068
459,94,0.4871484041213989,0.33659642934799194
459,95,0.5118678212165833,0.6409187316894531
459,96,0.5246104001998901,0.38228434324264526
459,97,0.5158693194389343,0.48400166630744934
459,98,0.4994521737098694,0.37876686453819275
459,99,0.5079430937767029,0.6418600082397461
459,92,0.48330211639404297,0.32596343755722046
459,93,0.4636562466621399,0.8094995021820068
459,94,0.4871484041213989,0.33659642934799194
459,95,0.5118678212165833,0.6409187316894531
459,96,0.5246104001998901,0.38228434324264526
459,98,0.4994521737098694,0.37876686453819275
459,97,0.5158693194389343,0.48400166630744934
459,99,0.5079430937767029,0.6418600082397461
459,0,0.500636875629425,0.0865730494260788
459,0,0.500636875629425,0.0865730494260788
459,0,0.500636875629425,0.0865730494260788
459,0,0.500636875629425,0.0865730494260788
459,0,0.500636875629425,0.0865730494260788
459,0,0.500636875629425,0.0865730494260788
459,0,0.500636875629425,0.0865730494260788
459,0,0.500636875629425,0.0865730494260788
459,0,0.500636875629425,0.0865730494260788
459,0,0.500636875629425,0.0865730494260788
459,0,0.500636875629425,0.0865730494260788
459,0,0.500636875629425,0.0865730494260788
459,0,0.500636875629425,0.0865730494260788
459,0,0.500636875629425,0.0865730494260788
459,0,0.500636875629425,0.0865730494260788
459,0,0.500636875629425,0.0865730494260788
459,0,0.500636875629425,0.0865730494260788
459,0,0.500636875629425,0.0865730494260788
459,0,0.500636875629425,0.0865730494260788
459,0,0.500636875629425,0.0865730494260788
459,0,0.500636875629425,0.0865730494260788
459,0,0.500636875629425,0.0865730494260788
459,0,0.500636875629425,0.0865730494260788
459,0,0.500636875629425,0.0865730494260788
459,0,0.500636875629425,0.0865730494260788
459,0,0.500636875629425,0.0865730494260788
459,0,0.500636875629425,0.0865730494260788
459,0,0.500636875629425,0.0865730494260788
459,0,0.500636875629425,0.0865730494260788
459,0,0.500636875629425,0.0865730494260788
459,0,0.500636875629425,0.0865730494260788
459,0,0.500636875629425,0.0865730494260788
459,0,0.500636875629425,0.0865730494260788
459,0,0.500636875629425,0.0865730494260788
459,0,0.500636875629425,0.0865730494260788
459,0,0.500636875629425,0.0865730494260788
459,0,0.500636875629425,0.0865730494260788
459,0,0.500636875629425,0.0865730494260788
459,0,0.500636875629425,0.0865730494260788
459,0,0.500636875629425,0.0865730494260788
459,0,0.500636875629425,0.0865730494260788
459,0,0.500636875629425,0.0865730494260788
459,0,0.500636875629425,0.0865730494260788
459,0,0.500636875629425,0.0865730494260788
459,0,0.500636875629425,0.0865730494260788
459,0,0.500636875629425,0.0865730494260788
459,0,0.500636875629425,0.0865730494260788
459,0,0.500636875629425,0.0865730494260788
459,0,0.500636875629425,0.0865730494260788
459,0,0.500636875629425,0.0865730494260788
459,0,0.500636875629425,0.0865730494260788
459,0,0.500636875629425,0.0865730494260788
459,0,0.500636875629425,0.0865730494260788
459,0,0.500636875629425,0.0865730494260788
459,0,0.500636875629425,0.0865730494260788
459,0,0.500636875629425,0.0865730494260788
459,0,0.500636875629425,0.0865730494260788
459,0,0.500636875629425,0.0865730494260788
459,0,0.500636875629425,0.0865730494260788
459,0,0.500636875629425,0.0865730494260788
459,0,0.500636875629425,0.0865730494260788
459,0,0.500636875629425,0.0865730494260788
459,0,0.500636875629425,0.0865730494260788
459,0,0.500636875629425,0.0865730494260788
459,0,0.500636875629425,0.0865730494260788
459,0,0.500636875629425,0.0865730494260788
459,0,0.500636875629425,0.0865730494260788
459,0,0.500636875629425,0.0865730494260788
459,0,0.500636875629425,0.0865730494260788
459,0,0.500636875629425,0.0865730494260788
459,0,0.500636875629425,0.0865730494260788
459,0,0.500636875629425,0.0865730494260788
459,0,0.500636875629425,0.0865730494260788
459,0,0.500636875629425,0.0865730494260788
459,0,0.500636875629425,0.0865730494260788
459,0,0.500636875629425,0.0865730494260788
459,0,0.500636875629425,0.0865730494260788
459,0,0.500636875629425,0.0865730494260788
459,0,0.500636875629425,0.0865730494260788
459,0,0.500636875629425,0.0865730494260788
459,0,0.500636875629425,0.0865730494260788
459,0,0.500636875629425,0.0865730494260788
459,0,0.500636875629425,0.0865730494260788
459,0,0.500636875629425,0.0865730494260788
459,0,0.500636875629425,0.0865730494260788
459,0,0.500636875629425,0.0865730494260788
459,0,0.500636875629425,0.0865730494260788
459,0,0.500636875629425,0.0865730494260788
459,0,0.500636875629425,0.0865730494260788
459,0,0.500636875629425,0.0865730494260788
459,0,0.500636875629425,0.0865730494260788
459,0,0.500636875629425,0.0865730494260788
459,0,0.500636875629425,0.0865730494260788
459,0,0.500636875629425,0.0865730494260788
459,0,0.500636875629425,0.0865730494260788
459,0,0.500636875629425,0.0865730494260788
459,0,0.500636875629425,0.0865730494260788
459,0,0.500636875629425,0.0865730494260788
459,0,0.500636875629425,0.0865730494260788
459,0,0.500636875629425,0.0865730494260788
459,0,0.500636875629425,0.0865730494260788
459,0,0.500636875629425,0.0865730494260788
459,0,0.500636875629425,0.0865730494260788
459,0,0.500636875629425,0.0865730494260788
459,0,0.500636875629425,0.0865730494260788
459,0,0.500636875629425,0.0865730494260788
459,0,0.500636875629425,0.0865730494260788
459,0,0.500636875629425,0.0865730494260788
459,0,0.500636875629425,0.0865730494260788
459,0,0.500636875629425,0.0865730494260788
459,0,0.500636875629425,0.0865730494260788
459,0,0.500636875629425,0.0865730494260788
459,0,0.500636875629425,0.0865730494260788
459,0,0.500636875629425,0.0865730494260788
459,0,0.500636875629425,0.0865730494260788
459,0,0.500636875629425,0.0865730494260788
459,0,0.500636875629425,0.0865730494260788
459,0,0.500636875629425,0.0865730494260788
459,0,0.500636875629425,0.0865730494260788
459,0,0.500636875629425,0.0865730494260788
459,0,0.500636875629425,0.0865730494260788
459,0,0.500636875629425,0.0865730494260788
459,0,0.500636875629425,0.0865730494260788
459,0,0.500636875629425,0.0865730494260788
459,0,0.500636875629425,0.0865730494260788
459,0,0.500636875629425,0.0865730494260788
459,0,0.500636875629425,0.0865730494260788
459,0,0.500636875629425,0.0865730494260788
459,0,0.500636875629425,0.0865730494260788
459,0,0.500636875629425,0.0865730494260788
459,0,0.500636875629425,0.0865730494260788
459,0,0.500636875629425,0.0865730494260788
459,0,0.500636875629425,0.0865730494260788
459,0,0.500636875629425,0.0865730494260788
459,0,0.500636875629425,0.0865730494260788
459,0,0.500636875629425,0.0865730494260788
459,0,0.500636875629425,0.0865730494260788
459,0,0.500636875629425,0.0865730494260788
459,0,0.500636875629425,0.0865730494260788
459,0,0.500636875629425,0.0865730494260788
459,0,0.500636875629425,0.0865730494260788
459,0,0.500636875629425,0.0865730494260788
459,0,0.500636875629425,0.0865730494260788
459,0,0.500636875629425,0.0865730494260788
459,0,0.500636875629425,0.0865730494260788
459,0,0.500636875629425,0.0865730494260788
459,0,0.500636875629425,0.0865730494260788
459,0,0.500636875629425,0.0865730494260788
459,0,0.500636875629425,0.0865730494260788
459,0,0.500636875629425,0.0865730494260788
459,0,0.500636875629425,0.0865730494260788
459,0,0.500636875629425,0.0865730494260788
459,0,0.500636875629425,0.0865730494260788
459,0,0.500636875629425,0.0865730494260788
459,0,0.500636875629425,0.0865730494260788
459,0,0.500636875629425,0.0865730494260788
459,0,0.500636875629425,0.0865730494260788
459,0,0.500636875629425,0.0865730494260788
459,0,0.500636875629425,0.0865730494260788
459,0,0.500636875629425,0.0865730494260788
459,0,0.500636875629425,0.0865730494260788
459,0,0.500636875629425,0.0865730494260788
459,0,0.500636875629425,0.0865730494260788
459,0,0.500636875629425,0.0865730494260788
459,0,0.500636875629425,0.0865730494260788
459,0,0.500636875629425,0.0865730494260788
459,0,0.500636875629425,0.0865730494260788
459,0,0.500636875629425,0.0865730494260788
459,0,0.500636875629425,0.0865730494260788
459,0,0.500636875629425,0.0865730494260788
459,0,0.500636875629425,0.0865730494260788
459,0,0.500636875629425,0.0865730494260788
459,0,0.500636875629425,0.0865730494260788
459,0,0.500636875629425,0.0865730494260788
459,0,0.500636875629425,0.0865730494260788
459,0,0.500636875629425,0.0865730494260788
707,0,0.5009002685546875,0.0865730494260788
707,2,0.49660560488700867,0.4455474615097046
707,1,0.5212602019309998,0.10744237899780273
707,3,0.47960764169692993,0.7426278591156006
707,4,0.5053967833518982,0.6352908611297607
707,5,0.488561749458313,0.3134657144546509
707,6,0.5120956301689148,0.9404323101043701
707,6,0.5120956301689148,0.9404323101043701
707,0,0.5009002685546875,0.0865730494260788
707,2,0.49660560488700867,0.4455474615097046
707,1,0.5212602019309998,0.10744237899780273
707,3,0.47960764169692993,0.7426278591156006
707,4,0.5053967833518982,0.6352908611297607
707,5,0.488561749458313,0.3134657144546509
707,6,0.5120956301689148,0.9404323101043701
707,6,0.5120956301689148,0.9404323101043701
707,0,0.5009002685546875,0.0865730494260788
707,2,0.49660560488700867,0.4455474615097046
707,1,0.5212602019309998,0.10744237899780273
707,3,0.47960764169692993,0.7426278591156006
707,4,0.5053967833518982,0.6352908611297607
707,5,0.488561749458313,0.3134657144546509
707,6,0.5120956301689148,0.9404323101043701
707,6,0.5120956301689148,0.9404323101043701
707,0,0.5009002685546875,0.0865730494260788
707,1,0.5212602019309998,0.10744237899780273
707,2,0.49660560488700867,0.4455474615097046
707,3,0.47960764169692993,0.7426278591156006
707,4,0.5053967833518982,0.6352908611297607
707,5,0.488561749458313,0.3134657144546509
707,6,0.5120956301689148,0.9404323101043701
707,6,0.5120956301689148,0.9404323101043701
707,0,0.5009002685546875,0.0865730494260788
707,2,0.49660560488700867,0.4455474615097046
707,1,0.5212602019309998,0.10744237899780273
707,3,0.47960764169692993,0.7426278591156006
707,4,0.5053967833518982,0.6352908611297607
707,5,0.488561749458313,0.3134657144546509
707,6,0.5120956301689148,0.9404323101043701
707,6,0.5120956301689148,0.9404323101043701
707,0,0.5009002685546875,0.0865730494260788
707,2,0.49660560488700867,0.4455474615097046
707,1,0.5212602019309998,0.10744237899780273
707,3,0.47960764169692993,0.7426278591156006
707,4,0.5053967833518982,0.6352908611297607
707,5,0.488561749458313,0.3134657144546509
707,6,0.5120956301689148,0.9404323101043701
707,6,0.5120956301689148,0.9404323101043701
707,7,0.5164739489555359,0.37016135454177856
707,9,0.5049472451210022,0.7043098211288452
707,8,0.48407140374183655,0.3491012752056122
707,12,0.48268112540245056,0.999262273311615
707,10,0.4786832630634308,0.6246944665908813
707,11,0.5004228949546814,0.6153284907341003
707,13,0.5130921006202698,0.16971169412136078
707,6,0.5120956301689148,0.9404323101043701
707,14,0.48894384503364563,0.6417677998542786
707,7,0.5164739489555359,0.37016135454177856
707,8,0.48407140374183655,0.3491012752056122
707,9,0.5049472451210022,0.7043098211288452
707,12,0.48268112540245056,0.999262273311615
707,10,0.4786832630634308,0.6246944665908813
707,11,0.5004228949546814,0.6153284907341003
707,13,0.5130921006202698,0.16971169412136078
707,6,0.5120956301689148,0.9404323101043701
707,14,0.48894384503364563,0.6417677998542786
707,7,0.5164739489555359,0.37016135454177856
707,8,0.48407140374183655,0.3491012752056122
707,9,0.5049472451210022,0.7043098211288452
707,10,0.4786832630634308,0.6246944665908813
707,11,0.5004228949546814,0.6153284907341003
707,12,0.48268112540245056,0.999262273311615
707,13,0.5130921006202698,0.16971169412136078
707,6,0.5120956301689148,0.9404323101043701
707,14,0.48894384503364563,0.6417677998542786
707,7,0.5164739489555359,0.37016135454177856
707,9,0.5049472451210022,0.7043098211288452
707,8,0.48407140374183655,0.3491012752056122
707,10,0.4786832630634308,0.6246944665908813
707,12,0.48268112540245056,0.999262273311615
707,11,0.5004228949546814,0.6153284907341003
707,13,0.5130921006202698,0.16971169412136078
707,6,0.5120956301689148,0.9404323101043701
707,14,0.48894384503364563,0.6417677998542786
707,7,0.5164739489555359,0.37016135454177856
707,8,0.48407140374183655,0.3491012752056122
707,9,0.5049472451210022,0.7043098211288452
707,10,0.4786832630634308,0.6246944665908813
707,11,0.5004228949546814,0.6153284907341003
707,12,0.48268112540245056,0.999262273311615
707,13,0.5130921006202698,0.16971169412136078
707,6,0.5120956301689148,0.9404323101043701
707,14,0.48894384503364563,0.6417677998542786
707,7,0.5164739489555359,0.37016135454177856
707,8,0.48407140374183655,0.3491012752056122
707,9,0.5049472451210022,0.7043098211288452
707,10,0.4786832630634308,0.6246944665908813
707,12,0.48268112540245056,0.999262273311615
707,11,0.5004228949546814,0.6153284907341003
707,13,0.5130921006202698,0.16971169412136078
707,6,0.5120956301689148,0.9404323101043701
707,14,0.48894384503364563,0.6417677998542786
707,7,0.5164739489555359,0.37016135454177856
707,8,0.48407140374183655,0.3491012752056122
707,9,0.5049472451210022,0.7043098211288452
707,10,0.4786832630634308,0.6246944665908813
707,11,0.5004228949546814,0.6153284907341003
707,12,0.48268112540245056,0.999262273311615
707,13,0.5130921006202698,0.16971169412136078
707,6,0.5120956301689148,0.9404323101043701
707,14,0.48894384503364563,0.6417677998542786
707,7,0.5164739489555359,0.37016135454177856
707,8,0.48407140374183655,0.3491012752056122
707,9,0.5049472451210022,0.7043098211288452
707,12,0.48268112540245056,0.999262273311615
707,10,0.4786832630634308,0.6246944665908813
707,11,0.5004228949546814,0.6153284907341003
707,13,0.5130921006202698,0.16971169412136078
707,6,0.5120956301689148,0.9404323101043701
707,14,0.48894384503364563,0.6417677998542786
707,0,0.5009002685546875,0.0865730494260788
707,0,0.5009002685546875,0.0865730494260788
707,0,0.5009002685546875,0.0865730494260788
707,0,0.5009002685546875,0.0865730494260788
707,0,0.5009002685546875,0.0865730494260788
707,0,0.5009002685546875,0.0865730494260788
707,0,0.5009002685546875,0.0865730494260788
707,0,0.5009002685546875,0.0865730494260788
707,0,0.5009002685546875,0.0865730494260788
707,0,0.5009002685546875,0.0865730494260788
707,0,0.5009002685546875,0.0865730494260788
707,0,0.5009002685546875,0.0865730494260788
707,0,0.5009002685546875,0.0865730494260788
707,0,0.5009002685546875,0.0865730494260788
707,0,0.5009002685546875,0.0865730494260788
707,0,0.5009002685546875,0.0865730494260788
707,0,0.5009002685546875,0.0865730494260788
707,0,0.5009002685546875,0.0865730494260788
707,0,0.5009002685546875,0.0865730494260788
707,0,0.5009002685546875,0.0865730494260788
707,0,0.5009002685546875,0.0865730494260788
707,0,0.5009002685546875,0.0865730494260788
707,0,0.5009002685546875,0.0865730494260788
707,0,0.5009002685546875,0.0865730494260788
707,0,0.5009002685546875,0.0865730494260788
707,0,0.5009002685546875,0.0865730494260788
707,0,0.5009002685546875,0.0865730494260788
707,0,0.5009002685546875,0.0865730494260788
707,0,0.5009002685546875,0.0865730494260788
707,0,0.5009002685546875,0.0865730494260788
707,0,0.5009002685546875,0.0865730494260788
707,0,0.5009002685546875,0.0865730494260788
707,0,0.5009002685546875,0.0865730494260788
707,0,0.5009002685546875,0.0865730494260788
707,0,0.5009002685546875,0.0865730494260788
707,0,0.5009002685546875,0.0865730494260788
707,0,0.5009002685546875,0.0865730494260788
707,0,0.5009002685546875,0.0865730494260788
707,0,0.5009002685546875,0.0865730494260788
707,0,0.5009002685546875,0.0865730494260788
707,0,0.5009002685546875,0.0865730494260788
707,0,0.5009002685546875,0.0865730494260788
707,0,0.5009002685546875,0.0865730494260788
707,0,0.5009002685546875,0.0865730494260788
707,0,0.5009002685546875,0.0865730494260788
707,0,0.5009002685546875,0.0865730494260788
707,0,0.5009002685546875,0.0865730494260788
707,0,0.5009002685546875,0.0865730494260788
707,0,0.5009002685546875,0.0865730494260788
707,0,0.5009002685546875,0.0865730494260788
707,0,0.5009002685546875,0.0865730494260788
707,0,0.5009002685546875,0.0865730494260788
707,0,0.5009002685546875,0.0865730494260788
707,0,0.5009002685546875,0.0865730494260788
707,0,0.5009002685546875,0.0865730494260788
707,0,0.5009002685546875,0.0865730494260788
707,0,0.5009002685546875,0.0865730494260788
707,0,0.5009002685546875,0.0865730494260788
707,0,0.5009002685546875,0.0865730494260788
707,0,0.5009002685546875,0.0865730494260788
707,0,0.5009002685546875,0.0865730494260788
707,0,0.5009002685546875,0.0865730494260788
707,0,0.5009002685546875,0.0865730494260788
707,0,0.5009002685546875,0.0865730494260788
707,0,0.5009002685546875,0.0865730494260788
707,0,0.5009002685546875,0.0865730494260788
707,0,0.5009002685546875,0.0865730494260788
707,0,0.5009002685546875,0.0865730494260788
707,0,0.5009002685546875,0.0865730494260788
707,0,0.5009002685546875,0.0865730494260788
707,0,0.5009002685546875,0.0865730494260788
707,0,0.5009002685546875,0.0865730494260788
707,0,0.5009002685546875,0.0865730494260788
707,0,0.5009002685546875,0.0865730494260788
707,0,0.5009002685546875,0.0865730494260788
707,0,0.5009002685546875,0.0865730494260788
707,0,0.5009002685546875,0.0865730494260788
707,0,0.5009002685546875,0.0865730494260788
707,0,0.5009002685546875,0.0865730494260788
707,0,0.5009002685546875,0.0865730494260788
