student_id,skill_id,idkt_rate,bkt_rate
181,0,0.5199642777442932,0.032456640154123306
181,2,0.5080920457839966,0.0007838447345420718
181,1,0.5043935775756836,0.2004593163728714
181,3,0.4972609281539917,0.1976579874753952
181,0,0.5199642777442932,0.032456640154123306
181,0,0.5199642777442932,0.032456640154123306
181,0,0.5199642777442932,0.032456640154123306
181,0,0.5199642777442932,0.032456640154123306
181,0,0.5199642777442932,0.032456640154123306
181,0,0.5199642777442932,0.032456640154123306
181,0,0.5199642777442932,0.032456640154123306
181,0,0.5199642777442932,0.032456640154123306
181,0,0.5199642777442932,0.032456640154123306
181,0,0.5199642777442932,0.032456640154123306
181,0,0.5199642777442932,0.032456640154123306
181,0,0.5199642777442932,0.032456640154123306
181,0,0.5199642777442932,0.032456640154123306
181,0,0.5199642777442932,0.032456640154123306
181,0,0.5199642777442932,0.032456640154123306
181,0,0.5199642777442932,0.032456640154123306
181,0,0.5199642777442932,0.032456640154123306
181,0,0.5199642777442932,0.032456640154123306
181,0,0.5199642777442932,0.032456640154123306
181,0,0.5199642777442932,0.032456640154123306
181,0,0.5199642777442932,0.032456640154123306
181,0,0.5199642777442932,0.032456640154123306
181,0,0.5199642777442932,0.032456640154123306
181,0,0.5199642777442932,0.032456640154123306
181,0,0.5199642777442932,0.032456640154123306
181,0,0.5199642777442932,0.032456640154123306
181,0,0.5199642777442932,0.032456640154123306
181,0,0.5199642777442932,0.032456640154123306
181,0,0.5199642777442932,0.032456640154123306
181,0,0.5199642777442932,0.032456640154123306
181,0,0.5199642777442932,0.032456640154123306
181,0,0.5199642777442932,0.032456640154123306
181,0,0.5199642777442932,0.032456640154123306
181,0,0.5199642777442932,0.032456640154123306
181,0,0.5199642777442932,0.032456640154123306
181,0,0.5199642777442932,0.032456640154123306
181,0,0.5199642777442932,0.032456640154123306
181,0,0.5199642777442932,0.032456640154123306
181,0,0.5199642777442932,0.032456640154123306
181,0,0.5199642777442932,0.032456640154123306
181,0,0.5199642777442932,0.032456640154123306
181,0,0.5199642777442932,0.032456640154123306
181,0,0.5199642777442932,0.032456640154123306
181,0,0.5199642777442932,0.032456640154123306
181,0,0.5199642777442932,0.032456640154123306
181,0,0.5199642777442932,0.032456640154123306
181,0,0.5199642777442932,0.032456640154123306
181,0,0.5199642777442932,0.032456640154123306
181,0,0.5199642777442932,0.032456640154123306
181,0,0.5199642777442932,0.032456640154123306
181,0,0.5199642777442932,0.032456640154123306
181,0,0.5199642777442932,0.032456640154123306
181,0,0.5199642777442932,0.032456640154123306
181,0,0.5199642777442932,0.032456640154123306
181,0,0.5199642777442932,0.032456640154123306
181,0,0.5199642777442932,0.032456640154123306
181,0,0.5199642777442932,0.032456640154123306
181,0,0.5199642777442932,0.032456640154123306
181,0,0.5199642777442932,0.032456640154123306
181,0,0.5199642777442932,0.032456640154123306
181,0,0.5199642777442932,0.032456640154123306
181,0,0.5199642777442932,0.032456640154123306
181,0,0.5199642777442932,0.032456640154123306
181,0,0.5199642777442932,0.032456640154123306
181,0,0.5199642777442932,0.032456640154123306
181,0,0.5199642777442932,0.032456640154123306
181,0,0.5199642777442932,0.032456640154123306
181,0,0.5199642777442932,0.032456640154123306
181,0,0.5199642777442932,0.032456640154123306
181,0,0.5199642777442932,0.032456640154123306
181,0,0.5199642777442932,0.032456640154123306
181,0,0.5199642777442932,0.032456640154123306
181,0,0.5199642777442932,0.032456640154123306
181,0,0.5199642777442932,0.032456640154123306
181,0,0.5199642777442932,0.032456640154123306
181,0,0.5199642777442932,0.032456640154123306
181,0,0.5199642777442932,0.032456640154123306
181,0,0.5199642777442932,0.032456640154123306
181,0,0.5199642777442932,0.032456640154123306
181,0,0.5199642777442932,0.032456640154123306
181,0,0.5199642777442932,0.032456640154123306
181,0,0.5199642777442932,0.032456640154123306
181,0,0.5199642777442932,0.032456640154123306
181,0,0.5199642777442932,0.032456640154123306
181,0,0.5199642777442932,0.032456640154123306
181,0,0.5199642777442932,0.032456640154123306
181,0,0.5199642777442932,0.032456640154123306
181,0,0.5199642777442932,0.032456640154123306
181,0,0.5199642777442932,0.032456640154123306
181,0,0.5199642777442932,0.032456640154123306
181,0,0.5199642777442932,0.032456640154123306
181,0,0.5199642777442932,0.032456640154123306
181,0,0.5199642777442932,0.032456640154123306
181,0,0.5199642777442932,0.032456640154123306
181,0,0.5199642777442932,0.032456640154123306
181,0,0.5199642777442932,0.032456640154123306
181,0,0.5199642777442932,0.032456640154123306
181,0,0.5199642777442932,0.032456640154123306
181,0,0.5199642777442932,0.032456640154123306
181,0,0.5199642777442932,0.032456640154123306
181,0,0.5199642777442932,0.032456640154123306
181,0,0.5199642777442932,0.032456640154123306
181,0,0.5199642777442932,0.032456640154123306
181,0,0.5199642777442932,0.032456640154123306
181,0,0.5199642777442932,0.032456640154123306
181,0,0.5199642777442932,0.032456640154123306
181,0,0.5199642777442932,0.032456640154123306
181,0,0.5199642777442932,0.032456640154123306
181,0,0.5199642777442932,0.032456640154123306
181,0,0.5199642777442932,0.032456640154123306
181,0,0.5199642777442932,0.032456640154123306
181,0,0.5199642777442932,0.032456640154123306
181,0,0.5199642777442932,0.032456640154123306
181,0,0.5199642777442932,0.032456640154123306
181,0,0.5199642777442932,0.032456640154123306
181,0,0.5199642777442932,0.032456640154123306
181,0,0.5199642777442932,0.032456640154123306
181,0,0.5199642777442932,0.032456640154123306
181,0,0.5199642777442932,0.032456640154123306
181,0,0.5199642777442932,0.032456640154123306
181,0,0.5199642777442932,0.032456640154123306
181,0,0.5199642777442932,0.032456640154123306
181,0,0.5199642777442932,0.032456640154123306
181,0,0.5199642777442932,0.032456640154123306
181,0,0.5199642777442932,0.032456640154123306
181,0,0.5199642777442932,0.032456640154123306
181,0,0.5199642777442932,0.032456640154123306
181,0,0.5199642777442932,0.032456640154123306
181,0,0.5199642777442932,0.032456640154123306
181,0,0.5199642777442932,0.032456640154123306
181,0,0.5199642777442932,0.032456640154123306
181,0,0.5199642777442932,0.032456640154123306
181,0,0.5199642777442932,0.032456640154123306
181,0,0.5199642777442932,0.032456640154123306
181,0,0.5199642777442932,0.032456640154123306
181,0,0.5199642777442932,0.032456640154123306
181,0,0.5199642777442932,0.032456640154123306
181,0,0.5199642777442932,0.032456640154123306
181,0,0.5199642777442932,0.032456640154123306
181,0,0.5199642777442932,0.032456640154123306
181,0,0.5199642777442932,0.032456640154123306
181,0,0.5199642777442932,0.032456640154123306
181,0,0.5199642777442932,0.032456640154123306
181,0,0.5199642777442932,0.032456640154123306
181,0,0.5199642777442932,0.032456640154123306
181,0,0.5199642777442932,0.032456640154123306
181,0,0.5199642777442932,0.032456640154123306
181,0,0.5199642777442932,0.032456640154123306
181,0,0.5199642777442932,0.032456640154123306
181,0,0.5199642777442932,0.032456640154123306
181,0,0.5199642777442932,0.032456640154123306
181,0,0.5199642777442932,0.032456640154123306
181,0,0.5199642777442932,0.032456640154123306
181,0,0.5199642777442932,0.032456640154123306
181,0,0.5199642777442932,0.032456640154123306
181,0,0.5199642777442932,0.032456640154123306
181,0,0.5199642777442932,0.032456640154123306
181,0,0.5199642777442932,0.032456640154123306
181,0,0.5199642777442932,0.032456640154123306
181,0,0.5199642777442932,0.032456640154123306
181,0,0.5199642777442932,0.032456640154123306
181,0,0.5199642777442932,0.032456640154123306
181,0,0.5199642777442932,0.032456640154123306
181,0,0.5199642777442932,0.032456640154123306
181,0,0.5199642777442932,0.032456640154123306
181,0,0.5199642777442932,0.032456640154123306
181,0,0.5199642777442932,0.032456640154123306
181,0,0.5199642777442932,0.032456640154123306
181,0,0.5199642777442932,0.032456640154123306
181,0,0.5199642777442932,0.032456640154123306
181,0,0.5199642777442932,0.032456640154123306
181,0,0.5199642777442932,0.032456640154123306
181,0,0.5199642777442932,0.032456640154123306
181,0,0.5199642777442932,0.032456640154123306
181,0,0.5199642777442932,0.032456640154123306
181,0,0.5199642777442932,0.032456640154123306
181,0,0.5199642777442932,0.032456640154123306
181,0,0.5199642777442932,0.032456640154123306
181,0,0.5199642777442932,0.032456640154123306
181,0,0.5199642777442932,0.032456640154123306
181,0,0.5199642777442932,0.032456640154123306
181,0,0.5199642777442932,0.032456640154123306
181,0,0.5199642777442932,0.032456640154123306
181,0,0.5199642777442932,0.032456640154123306
181,0,0.5199642777442932,0.032456640154123306
181,0,0.5199642777442932,0.032456640154123306
181,0,0.5199642777442932,0.032456640154123306
181,0,0.5199642777442932,0.032456640154123306
181,0,0.5199642777442932,0.032456640154123306
181,0,0.5199642777442932,0.032456640154123306
181,0,0.5199642777442932,0.032456640154123306
181,0,0.5199642777442932,0.032456640154123306
181,0,0.5199642777442932,0.032456640154123306
181,0,0.5199642777442932,0.032456640154123306
181,0,0.5199642777442932,0.032456640154123306
181,0,0.5199642777442932,0.032456640154123306
458,141,0.5122072696685791,1.0
458,142,0.48163214325904846,0.8074261546134949
458,142,0.48163214325904846,0.8074261546134949
458,142,0.48163214325904846,0.8074261546134949
458,142,0.48163214325904846,0.8074261546134949
458,142,0.48163214325904846,0.8074261546134949
458,143,0.4933846592903137,1.0
458,0,0.5199621319770813,0.032456640154123306
458,0,0.5199621319770813,0.032456640154123306
458,0,0.5199621319770813,0.032456640154123306
458,0,0.5199621319770813,0.032456640154123306
458,0,0.5199621319770813,0.032456640154123306
458,0,0.5199621319770813,0.032456640154123306
458,0,0.5199621319770813,0.032456640154123306
458,0,0.5199621319770813,0.032456640154123306
458,0,0.5199621319770813,0.032456640154123306
458,0,0.5199621319770813,0.032456640154123306
458,0,0.5199621319770813,0.032456640154123306
458,0,0.5199621319770813,0.032456640154123306
458,0,0.5199621319770813,0.032456640154123306
458,0,0.5199621319770813,0.032456640154123306
458,0,0.5199621319770813,0.032456640154123306
458,0,0.5199621319770813,0.032456640154123306
458,0,0.5199621319770813,0.032456640154123306
458,0,0.5199621319770813,0.032456640154123306
458,0,0.5199621319770813,0.032456640154123306
458,0,0.5199621319770813,0.032456640154123306
458,0,0.5199621319770813,0.032456640154123306
458,0,0.5199621319770813,0.032456640154123306
458,0,0.5199621319770813,0.032456640154123306
458,0,0.5199621319770813,0.032456640154123306
458,0,0.5199621319770813,0.032456640154123306
458,0,0.5199621319770813,0.032456640154123306
458,0,0.5199621319770813,0.032456640154123306
458,0,0.5199621319770813,0.032456640154123306
458,0,0.5199621319770813,0.032456640154123306
458,0,0.5199621319770813,0.032456640154123306
458,0,0.5199621319770813,0.032456640154123306
458,0,0.5199621319770813,0.032456640154123306
458,0,0.5199621319770813,0.032456640154123306
458,0,0.5199621319770813,0.032456640154123306
458,0,0.5199621319770813,0.032456640154123306
458,0,0.5199621319770813,0.032456640154123306
458,0,0.5199621319770813,0.032456640154123306
458,0,0.5199621319770813,0.032456640154123306
458,0,0.5199621319770813,0.032456640154123306
458,0,0.5199621319770813,0.032456640154123306
458,0,0.5199621319770813,0.032456640154123306
458,0,0.5199621319770813,0.032456640154123306
458,0,0.5199621319770813,0.032456640154123306
458,0,0.5199621319770813,0.032456640154123306
458,0,0.5199621319770813,0.032456640154123306
458,0,0.5199621319770813,0.032456640154123306
458,0,0.5199621319770813,0.032456640154123306
458,0,0.5199621319770813,0.032456640154123306
458,0,0.5199621319770813,0.032456640154123306
458,0,0.5199621319770813,0.032456640154123306
458,0,0.5199621319770813,0.032456640154123306
458,0,0.5199621319770813,0.032456640154123306
458,0,0.5199621319770813,0.032456640154123306
458,0,0.5199621319770813,0.032456640154123306
458,0,0.5199621319770813,0.032456640154123306
458,0,0.5199621319770813,0.032456640154123306
458,0,0.5199621319770813,0.032456640154123306
458,0,0.5199621319770813,0.032456640154123306
458,0,0.5199621319770813,0.032456640154123306
458,0,0.5199621319770813,0.032456640154123306
458,0,0.5199621319770813,0.032456640154123306
458,0,0.5199621319770813,0.032456640154123306
458,0,0.5199621319770813,0.032456640154123306
458,0,0.5199621319770813,0.032456640154123306
458,0,0.5199621319770813,0.032456640154123306
458,0,0.5199621319770813,0.032456640154123306
458,0,0.5199621319770813,0.032456640154123306
458,0,0.5199621319770813,0.032456640154123306
458,0,0.5199621319770813,0.032456640154123306
458,0,0.5199621319770813,0.032456640154123306
458,0,0.5199621319770813,0.032456640154123306
458,0,0.5199621319770813,0.032456640154123306
458,0,0.5199621319770813,0.032456640154123306
458,0,0.5199621319770813,0.032456640154123306
458,0,0.5199621319770813,0.032456640154123306
458,0,0.5199621319770813,0.032456640154123306
458,0,0.5199621319770813,0.032456640154123306
458,0,0.5199621319770813,0.032456640154123306
458,0,0.5199621319770813,0.032456640154123306
458,0,0.5199621319770813,0.032456640154123306
458,0,0.5199621319770813,0.032456640154123306
458,0,0.5199621319770813,0.032456640154123306
458,0,0.5199621319770813,0.032456640154123306
458,0,0.5199621319770813,0.032456640154123306
458,0,0.5199621319770813,0.032456640154123306
458,0,0.5199621319770813,0.032456640154123306
458,0,0.5199621319770813,0.032456640154123306
458,0,0.5199621319770813,0.032456640154123306
458,0,0.5199621319770813,0.032456640154123306
458,0,0.5199621319770813,0.032456640154123306
458,0,0.5199621319770813,0.032456640154123306
458,0,0.5199621319770813,0.032456640154123306
458,0,0.5199621319770813,0.032456640154123306
458,0,0.5199621319770813,0.032456640154123306
458,0,0.5199621319770813,0.032456640154123306
458,0,0.5199621319770813,0.032456640154123306
458,0,0.5199621319770813,0.032456640154123306
458,0,0.5199621319770813,0.032456640154123306
458,0,0.5199621319770813,0.032456640154123306
458,0,0.5199621319770813,0.032456640154123306
458,0,0.5199621319770813,0.032456640154123306
458,0,0.5199621319770813,0.032456640154123306
458,0,0.5199621319770813,0.032456640154123306
458,0,0.5199621319770813,0.032456640154123306
458,0,0.5199621319770813,0.032456640154123306
458,0,0.5199621319770813,0.032456640154123306
458,0,0.5199621319770813,0.032456640154123306
458,0,0.5199621319770813,0.032456640154123306
458,0,0.5199621319770813,0.032456640154123306
458,0,0.5199621319770813,0.032456640154123306
458,0,0.5199621319770813,0.032456640154123306
458,0,0.5199621319770813,0.032456640154123306
458,0,0.5199621319770813,0.032456640154123306
458,0,0.5199621319770813,0.032456640154123306
458,0,0.5199621319770813,0.032456640154123306
458,0,0.5199621319770813,0.032456640154123306
458,0,0.5199621319770813,0.032456640154123306
458,0,0.5199621319770813,0.032456640154123306
458,0,0.5199621319770813,0.032456640154123306
458,0,0.5199621319770813,0.032456640154123306
458,0,0.5199621319770813,0.032456640154123306
458,0,0.5199621319770813,0.032456640154123306
458,0,0.5199621319770813,0.032456640154123306
458,0,0.5199621319770813,0.032456640154123306
458,0,0.5199621319770813,0.032456640154123306
458,0,0.5199621319770813,0.032456640154123306
458,0,0.5199621319770813,0.032456640154123306
458,0,0.5199621319770813,0.032456640154123306
458,0,0.5199621319770813,0.032456640154123306
458,0,0.5199621319770813,0.032456640154123306
458,0,0.5199621319770813,0.032456640154123306
458,0,0.5199621319770813,0.032456640154123306
458,0,0.5199621319770813,0.032456640154123306
458,0,0.5199621319770813,0.032456640154123306
458,0,0.5199621319770813,0.032456640154123306
458,0,0.5199621319770813,0.032456640154123306
458,0,0.5199621319770813,0.032456640154123306
458,0,0.5199621319770813,0.032456640154123306
458,0,0.5199621319770813,0.032456640154123306
458,0,0.5199621319770813,0.032456640154123306
458,0,0.5199621319770813,0.032456640154123306
458,0,0.5199621319770813,0.032456640154123306
458,0,0.5199621319770813,0.032456640154123306
458,0,0.5199621319770813,0.032456640154123306
458,0,0.5199621319770813,0.032456640154123306
458,0,0.5199621319770813,0.032456640154123306
458,0,0.5199621319770813,0.032456640154123306
458,0,0.5199621319770813,0.032456640154123306
458,0,0.5199621319770813,0.032456640154123306
458,0,0.5199621319770813,0.032456640154123306
458,0,0.5199621319770813,0.032456640154123306
458,0,0.5199621319770813,0.032456640154123306
458,0,0.5199621319770813,0.032456640154123306
458,0,0.5199621319770813,0.032456640154123306
458,0,0.5199621319770813,0.032456640154123306
458,0,0.5199621319770813,0.032456640154123306
458,0,0.5199621319770813,0.032456640154123306
458,0,0.5199621319770813,0.032456640154123306
458,0,0.5199621319770813,0.032456640154123306
458,0,0.5199621319770813,0.032456640154123306
458,0,0.5199621319770813,0.032456640154123306
458,0,0.5199621319770813,0.032456640154123306
458,0,0.5199621319770813,0.032456640154123306
458,0,0.5199621319770813,0.032456640154123306
458,0,0.5199621319770813,0.032456640154123306
458,0,0.5199621319770813,0.032456640154123306
458,0,0.5199621319770813,0.032456640154123306
458,0,0.5199621319770813,0.032456640154123306
458,0,0.5199621319770813,0.032456640154123306
458,0,0.5199621319770813,0.032456640154123306
458,0,0.5199621319770813,0.032456640154123306
458,0,0.5199621319770813,0.032456640154123306
458,0,0.5199621319770813,0.032456640154123306
458,0,0.5199621319770813,0.032456640154123306
458,0,0.5199621319770813,0.032456640154123306
458,0,0.5199621319770813,0.032456640154123306
458,0,0.5199621319770813,0.032456640154123306
458,0,0.5199621319770813,0.032456640154123306
458,0,0.5199621319770813,0.032456640154123306
458,0,0.5199621319770813,0.032456640154123306
458,0,0.5199621319770813,0.032456640154123306
458,0,0.5199621319770813,0.032456640154123306
458,0,0.5199621319770813,0.032456640154123306
458,0,0.5199621319770813,0.032456640154123306
458,0,0.5199621319770813,0.032456640154123306
458,0,0.5199621319770813,0.032456640154123306
458,0,0.5199621319770813,0.032456640154123306
458,0,0.5199621319770813,0.032456640154123306
458,0,0.5199621319770813,0.032456640154123306
458,0,0.5199621319770813,0.032456640154123306
458,0,0.5199621319770813,0.032456640154123306
458,0,0.5199621319770813,0.032456640154123306
458,0,0.5199621319770813,0.032456640154123306
126,35,0.47818025946617126,0.000231342957704328
126,36,0.5290889739990234,1.0
126,35,0.47818025946617126,0.000231342957704328
126,36,0.5290889739990234,1.0
126,38,0.5000686645507812,0.7595815658569336
126,39,0.48906105756759644,0.7443006038665771
126,31,0.49713897705078125,1.0
126,32,0.4993864595890045,1.0
126,35,0.47818025946617126,0.000231342957704328
126,36,0.5290889739990234,1.0
126,42,0.507302463054657,1.0
126,43,0.47810065746307373,1.0
126,38,0.5000686645507812,0.7595815658569336
126,39,0.48906105756759644,0.7443006038665771
126,38,0.5000686645507812,0.7595815658569336
126,39,0.48906105756759644,0.7443006038665771
126,35,0.47818025946617126,0.000231342957704328
126,36,0.5290889739990234,1.0
126,35,0.47818025946617126,0.000231342957704328
126,36,0.5290889739990234,1.0
126,35,0.47818025946617126,0.000231342957704328
126,36,0.5290889739990234,1.0
126,35,0.47818025946617126,0.000231342957704328
126,36,0.5290889739990234,1.0
126,35,0.47818025946617126,0.000231342957704328
126,36,0.5290889739990234,1.0
126,35,0.47818025946617126,0.000231342957704328
126,36,0.5290889739990234,1.0
126,35,0.47818025946617126,0.000231342957704328
126,36,0.5290889739990234,1.0
126,35,0.47818025946617126,0.000231342957704328
126,36,0.5290889739990234,1.0
126,35,0.47818025946617126,0.000231342957704328
126,36,0.5290889739990234,1.0
126,38,0.5000686645507812,0.7595815658569336
126,39,0.48906105756759644,0.7443006038665771
126,38,0.5000686645507812,0.7595815658569336
126,39,0.48906105756759644,0.7443006038665771
126,38,0.5000686645507812,0.7595815658569336
126,39,0.48906105756759644,0.7443006038665771
126,38,0.5000686645507812,0.7595815658569336
126,39,0.48906105756759644,0.7443006038665771
126,38,0.5000686645507812,0.7595815658569336
126,39,0.48906105756759644,0.7443006038665771
126,38,0.5000686645507812,0.7595815658569336
126,39,0.48906105756759644,0.7443006038665771
126,38,0.5000686645507812,0.7595815658569336
126,39,0.48906105756759644,0.7443006038665771
126,35,0.47818025946617126,0.000231342957704328
126,36,0.5290889739990234,1.0
126,35,0.47818025946617126,0.000231342957704328
126,36,0.5290889739990234,1.0
126,35,0.47818025946617126,0.000231342957704328
126,36,0.5290889739990234,1.0
126,35,0.47818025946617126,0.000231342957704328
126,36,0.5290889739990234,1.0
126,35,0.47818025946617126,0.000231342957704328
126,36,0.5290889739990234,1.0
126,35,0.47818025946617126,0.000231342957704328
126,36,0.5290889739990234,1.0
126,35,0.47818025946617126,0.000231342957704328
126,36,0.5290889739990234,1.0
126,48,0.5081623196601868,0.9999995231628418
126,49,0.5210385918617249,0.40029922127723694
126,50,0.48933520913124084,0.8403054475784302
126,48,0.5081623196601868,0.9999995231628418
126,50,0.48933520913124084,0.8403054475784302
126,48,0.5081623196601868,0.9999995231628418
126,49,0.5210385918617249,0.40029922127723694
126,50,0.48933520913124084,0.8403054475784302
126,48,0.5081623196601868,0.9999995231628418
126,50,0.48933520913124084,0.8403054475784302
126,48,0.5081623196601868,0.9999995231628418
126,49,0.5210385918617249,0.40029922127723694
126,50,0.48933520913124084,0.8403054475784302
126,48,0.5081623196601868,0.9999995231628418
126,50,0.48933520913124084,0.8403054475784302
126,48,0.5081623196601868,0.9999995231628418
126,49,0.5210385918617249,0.40029922127723694
126,50,0.48933520913124084,0.8403054475784302
126,48,0.5081623196601868,0.9999995231628418
126,50,0.48933520913124084,0.8403054475784302
126,48,0.5081623196601868,0.9999995231628418
126,49,0.5210385918617249,0.40029922127723694
126,50,0.48933520913124084,0.8403054475784302
126,48,0.5081623196601868,0.9999995231628418
126,50,0.48933520913124084,0.8403054475784302
126,51,0.5056571364402771,0.6667000651359558
126,52,0.5149377584457397,1.0
126,48,0.5081623196601868,0.9999995231628418
126,51,0.5056571364402771,0.6667000651359558
126,52,0.5149377584457397,1.0
126,48,0.5081623196601868,0.9999995231628418
126,51,0.5056571364402771,0.6667000651359558
126,52,0.5149377584457397,1.0
126,48,0.5081623196601868,0.9999995231628418
126,51,0.5056571364402771,0.6667000651359558
126,52,0.5149377584457397,1.0
126,48,0.5081623196601868,0.9999995231628418
126,51,0.5056571364402771,0.6667000651359558
126,52,0.5149377584457397,1.0
126,48,0.5081623196601868,0.9999995231628418
126,51,0.5056571364402771,0.6667000651359558
126,52,0.5149377584457397,1.0
126,48,0.5081623196601868,0.9999995231628418
126,51,0.5056571364402771,0.6667000651359558
126,52,0.5149377584457397,1.0
126,48,0.5081623196601868,0.9999995231628418
126,51,0.5056571364402771,0.6667000651359558
126,52,0.5149377584457397,1.0
126,48,0.5081623196601868,0.9999995231628418
126,312,0.5194195508956909,0.010067073628306389
126,313,0.5123746991157532,0.3334343731403351
126,314,0.4778914451599121,0.5001991391181946
126,312,0.5194195508956909,0.010067073628306389
126,313,0.5123746991157532,0.3334343731403351
126,314,0.4778914451599121,0.5001991391181946
126,312,0.5194195508956909,0.010067073628306389
126,313,0.5123746991157532,0.3334343731403351
126,314,0.4778914451599121,0.5001991391181946
126,312,0.5194195508956909,0.010067073628306389
126,313,0.5123746991157532,0.3334343731403351
126,314,0.4778914451599121,0.5001991391181946
126,312,0.5194195508956909,0.010067073628306389
126,313,0.5123746991157532,0.3334343731403351
126,314,0.4778914451599121,0.5001991391181946
126,312,0.5194195508956909,0.010067073628306389
126,313,0.5123746991157532,0.3334343731403351
126,314,0.4778914451599121,0.5001991391181946
126,312,0.5194195508956909,0.010067073628306389
126,313,0.5123746991157532,0.3334343731403351
126,314,0.4778914451599121,0.5001991391181946
126,312,0.5194195508956909,0.010067073628306389
126,313,0.5123746991157532,0.3334343731403351
126,314,0.4778914451599121,0.5001991391181946
126,312,0.5194195508956909,0.010067073628306389
126,53,0.4850592017173767,0.00036915054079145193
126,54,0.4861750900745392,0.2639874517917633
126,55,0.5034489631652832,0.14340974390506744
126,53,0.4850592017173767,0.00036915054079145193
126,54,0.4861750900745392,0.2639874517917633
126,56,0.5055568814277649,0.8804444670677185
126,57,0.4767562448978424,0.053641874343156815
126,53,0.4850592017173767,0.00036915054079145193
126,54,0.4861750900745392,0.2639874517917633
126,55,0.5034489631652832,0.14340974390506744
126,53,0.4850592017173767,0.00036915054079145193
126,54,0.4861750900745392,0.2639874517917633
126,56,0.5055568814277649,0.8804444670677185
126,58,0.5006818771362305,0.2678964138031006
126,53,0.4850592017173767,0.00036915054079145193
126,54,0.4861750900745392,0.2639874517917633
126,55,0.5034489631652832,0.14340974390506744
126,53,0.4850592017173767,0.00036915054079145193
126,54,0.4861750900745392,0.2639874517917633
126,56,0.5055568814277649,0.8804444670677185
126,57,0.4767562448978424,0.053641874343156815
126,53,0.4850592017173767,0.00036915054079145193
126,54,0.4861750900745392,0.2639874517917633
126,55,0.5034489631652832,0.14340974390506744
126,53,0.4850592017173767,0.00036915054079145193
126,54,0.4861750900745392,0.2639874517917633
126,56,0.5055568814277649,0.8804444670677185
126,57,0.4767562448978424,0.053641874343156815
126,53,0.4850592017173767,0.00036915054079145193
126,54,0.4861750900745392,0.2639874517917633
126,55,0.5034489631652832,0.14340974390506744
126,53,0.4850592017173767,0.00036915054079145193
126,54,0.4861750900745392,0.2639874517917633
126,56,0.5055568814277649,0.8804444670677185
126,58,0.5006818771362305,0.2678964138031006
126,53,0.4850592017173767,0.00036915054079145193
126,54,0.4861750900745392,0.2639874517917633
126,55,0.5034489631652832,0.14340974390506744
126,53,0.4850592017173767,0.00036915054079145193
126,54,0.4861750900745392,0.2639874517917633
126,56,0.5055568814277649,0.8804444670677185
126,57,0.4767562448978424,0.053641874343156815
126,53,0.4850592017173767,0.00036915054079145193
126,54,0.4861750900745392,0.2639874517917633
126,55,0.5034489631652832,0.14340974390506744
126,53,0.4850592017173767,0.00036915054079145193
126,54,0.4861750900745392,0.2639874517917633
126,56,0.5055568814277649,0.8804444670677185
126,58,0.5006818771362305,0.2678964138031006
126,53,0.4850592017173767,0.00036915054079145193
126,54,0.4861750900745392,0.2639874517917633
126,55,0.5034489631652832,0.14340974390506744
126,53,0.4850592017173767,0.00036915054079145193
126,54,0.4861750900745392,0.2639874517917633
126,56,0.5055568814277649,0.8804444670677185
126,57,0.4767562448978424,0.053641874343156815
126,0,0.5199649333953857,0.032456640154123306
126,0,0.5199649333953857,0.032456640154123306
126,0,0.5199649333953857,0.032456640154123306
126,0,0.5199649333953857,0.032456640154123306
126,0,0.5199649333953857,0.032456640154123306
126,0,0.5199649333953857,0.032456640154123306
126,0,0.5199649333953857,0.032456640154123306
126,0,0.5199649333953857,0.032456640154123306
385,279,0.49194207787513733,0.8794111013412476
385,280,0.48337456583976746,0.04054993763566017
385,279,0.49194207787513733,0.8794111013412476
385,279,0.49194207787513733,0.8794111013412476
385,280,0.48337456583976746,0.04054993763566017
385,280,0.48337456583976746,0.04054993763566017
385,280,0.48337456583976746,0.04054993763566017
385,279,0.49194207787513733,0.8794111013412476
385,280,0.48337456583976746,0.04054993763566017
385,279,0.49194207787513733,0.8794111013412476
385,280,0.48337456583976746,0.04054993763566017
385,281,0.5191413164138794,0.3140147626399994
385,282,0.4914686977863312,0.18377628922462463
385,282,0.4914686977863312,0.18377628922462463
385,282,0.4914686977863312,0.18377628922462463
385,282,0.4914686977863312,0.18377628922462463
385,281,0.5191413164138794,0.3140147626399994
385,0,0.5199647545814514,0.032456640154123306
385,0,0.5199647545814514,0.032456640154123306
385,0,0.5199647545814514,0.032456640154123306
385,0,0.5199647545814514,0.032456640154123306
385,0,0.5199647545814514,0.032456640154123306
385,0,0.5199647545814514,0.032456640154123306
385,0,0.5199647545814514,0.032456640154123306
385,0,0.5199647545814514,0.032456640154123306
385,0,0.5199647545814514,0.032456640154123306
385,0,0.5199647545814514,0.032456640154123306
385,0,0.5199647545814514,0.032456640154123306
385,0,0.5199647545814514,0.032456640154123306
385,0,0.5199647545814514,0.032456640154123306
385,0,0.5199647545814514,0.032456640154123306
385,0,0.5199647545814514,0.032456640154123306
385,0,0.5199647545814514,0.032456640154123306
385,0,0.5199647545814514,0.032456640154123306
385,0,0.5199647545814514,0.032456640154123306
385,0,0.5199647545814514,0.032456640154123306
385,0,0.5199647545814514,0.032456640154123306
385,0,0.5199647545814514,0.032456640154123306
385,0,0.5199647545814514,0.032456640154123306
385,0,0.5199647545814514,0.032456640154123306
385,0,0.5199647545814514,0.032456640154123306
385,0,0.5199647545814514,0.032456640154123306
385,0,0.5199647545814514,0.032456640154123306
385,0,0.5199647545814514,0.032456640154123306
385,0,0.5199647545814514,0.032456640154123306
385,0,0.5199647545814514,0.032456640154123306
385,0,0.5199647545814514,0.032456640154123306
385,0,0.5199647545814514,0.032456640154123306
385,0,0.5199647545814514,0.032456640154123306
385,0,0.5199647545814514,0.032456640154123306
385,0,0.5199647545814514,0.032456640154123306
385,0,0.5199647545814514,0.032456640154123306
385,0,0.5199647545814514,0.032456640154123306
385,0,0.5199647545814514,0.032456640154123306
385,0,0.5199647545814514,0.032456640154123306
385,0,0.5199647545814514,0.032456640154123306
385,0,0.5199647545814514,0.032456640154123306
385,0,0.5199647545814514,0.032456640154123306
385,0,0.5199647545814514,0.032456640154123306
385,0,0.5199647545814514,0.032456640154123306
385,0,0.5199647545814514,0.032456640154123306
385,0,0.5199647545814514,0.032456640154123306
385,0,0.5199647545814514,0.032456640154123306
385,0,0.5199647545814514,0.032456640154123306
385,0,0.5199647545814514,0.032456640154123306
385,0,0.5199647545814514,0.032456640154123306
385,0,0.5199647545814514,0.032456640154123306
385,0,0.5199647545814514,0.032456640154123306
385,0,0.5199647545814514,0.032456640154123306
385,0,0.5199647545814514,0.032456640154123306
385,0,0.5199647545814514,0.032456640154123306
385,0,0.5199647545814514,0.032456640154123306
385,0,0.5199647545814514,0.032456640154123306
385,0,0.5199647545814514,0.032456640154123306
385,0,0.5199647545814514,0.032456640154123306
385,0,0.5199647545814514,0.032456640154123306
385,0,0.5199647545814514,0.032456640154123306
385,0,0.5199647545814514,0.032456640154123306
385,0,0.5199647545814514,0.032456640154123306
385,0,0.5199647545814514,0.032456640154123306
385,0,0.5199647545814514,0.032456640154123306
385,0,0.5199647545814514,0.032456640154123306
385,0,0.5199647545814514,0.032456640154123306
385,0,0.5199647545814514,0.032456640154123306
385,0,0.5199647545814514,0.032456640154123306
385,0,0.5199647545814514,0.032456640154123306
385,0,0.5199647545814514,0.032456640154123306
385,0,0.5199647545814514,0.032456640154123306
385,0,0.5199647545814514,0.032456640154123306
385,0,0.5199647545814514,0.032456640154123306
385,0,0.5199647545814514,0.032456640154123306
385,0,0.5199647545814514,0.032456640154123306
385,0,0.5199647545814514,0.032456640154123306
385,0,0.5199647545814514,0.032456640154123306
385,0,0.5199647545814514,0.032456640154123306
385,0,0.5199647545814514,0.032456640154123306
385,0,0.5199647545814514,0.032456640154123306
385,0,0.5199647545814514,0.032456640154123306
385,0,0.5199647545814514,0.032456640154123306
385,0,0.5199647545814514,0.032456640154123306
385,0,0.5199647545814514,0.032456640154123306
385,0,0.5199647545814514,0.032456640154123306
385,0,0.5199647545814514,0.032456640154123306
385,0,0.5199647545814514,0.032456640154123306
385,0,0.5199647545814514,0.032456640154123306
385,0,0.5199647545814514,0.032456640154123306
385,0,0.5199647545814514,0.032456640154123306
385,0,0.5199647545814514,0.032456640154123306
385,0,0.5199647545814514,0.032456640154123306
385,0,0.5199647545814514,0.032456640154123306
385,0,0.5199647545814514,0.032456640154123306
385,0,0.5199647545814514,0.032456640154123306
385,0,0.5199647545814514,0.032456640154123306
385,0,0.5199647545814514,0.032456640154123306
385,0,0.5199647545814514,0.032456640154123306
385,0,0.5199647545814514,0.032456640154123306
385,0,0.5199647545814514,0.032456640154123306
385,0,0.5199647545814514,0.032456640154123306
385,0,0.5199647545814514,0.032456640154123306
385,0,0.5199647545814514,0.032456640154123306
385,0,0.5199647545814514,0.032456640154123306
385,0,0.5199647545814514,0.032456640154123306
385,0,0.5199647545814514,0.032456640154123306
385,0,0.5199647545814514,0.032456640154123306
385,0,0.5199647545814514,0.032456640154123306
385,0,0.5199647545814514,0.032456640154123306
385,0,0.5199647545814514,0.032456640154123306
385,0,0.5199647545814514,0.032456640154123306
385,0,0.5199647545814514,0.032456640154123306
385,0,0.5199647545814514,0.032456640154123306
385,0,0.5199647545814514,0.032456640154123306
385,0,0.5199647545814514,0.032456640154123306
385,0,0.5199647545814514,0.032456640154123306
385,0,0.5199647545814514,0.032456640154123306
385,0,0.5199647545814514,0.032456640154123306
385,0,0.5199647545814514,0.032456640154123306
385,0,0.5199647545814514,0.032456640154123306
385,0,0.5199647545814514,0.032456640154123306
385,0,0.5199647545814514,0.032456640154123306
385,0,0.5199647545814514,0.032456640154123306
385,0,0.5199647545814514,0.032456640154123306
385,0,0.5199647545814514,0.032456640154123306
385,0,0.5199647545814514,0.032456640154123306
385,0,0.5199647545814514,0.032456640154123306
385,0,0.5199647545814514,0.032456640154123306
385,0,0.5199647545814514,0.032456640154123306
385,0,0.5199647545814514,0.032456640154123306
385,0,0.5199647545814514,0.032456640154123306
385,0,0.5199647545814514,0.032456640154123306
385,0,0.5199647545814514,0.032456640154123306
385,0,0.5199647545814514,0.032456640154123306
385,0,0.5199647545814514,0.032456640154123306
385,0,0.5199647545814514,0.032456640154123306
385,0,0.5199647545814514,0.032456640154123306
385,0,0.5199647545814514,0.032456640154123306
385,0,0.5199647545814514,0.032456640154123306
385,0,0.5199647545814514,0.032456640154123306
385,0,0.5199647545814514,0.032456640154123306
385,0,0.5199647545814514,0.032456640154123306
385,0,0.5199647545814514,0.032456640154123306
385,0,0.5199647545814514,0.032456640154123306
385,0,0.5199647545814514,0.032456640154123306
385,0,0.5199647545814514,0.032456640154123306
385,0,0.5199647545814514,0.032456640154123306
385,0,0.5199647545814514,0.032456640154123306
385,0,0.5199647545814514,0.032456640154123306
385,0,0.5199647545814514,0.032456640154123306
385,0,0.5199647545814514,0.032456640154123306
385,0,0.5199647545814514,0.032456640154123306
385,0,0.5199647545814514,0.032456640154123306
385,0,0.5199647545814514,0.032456640154123306
385,0,0.5199647545814514,0.032456640154123306
385,0,0.5199647545814514,0.032456640154123306
385,0,0.5199647545814514,0.032456640154123306
385,0,0.5199647545814514,0.032456640154123306
385,0,0.5199647545814514,0.032456640154123306
385,0,0.5199647545814514,0.032456640154123306
385,0,0.5199647545814514,0.032456640154123306
385,0,0.5199647545814514,0.032456640154123306
385,0,0.5199647545814514,0.032456640154123306
385,0,0.5199647545814514,0.032456640154123306
385,0,0.5199647545814514,0.032456640154123306
385,0,0.5199647545814514,0.032456640154123306
385,0,0.5199647545814514,0.032456640154123306
385,0,0.5199647545814514,0.032456640154123306
385,0,0.5199647545814514,0.032456640154123306
385,0,0.5199647545814514,0.032456640154123306
385,0,0.5199647545814514,0.032456640154123306
385,0,0.5199647545814514,0.032456640154123306
385,0,0.5199647545814514,0.032456640154123306
385,0,0.5199647545814514,0.032456640154123306
385,0,0.5199647545814514,0.032456640154123306
385,0,0.5199647545814514,0.032456640154123306
385,0,0.5199647545814514,0.032456640154123306
385,0,0.5199647545814514,0.032456640154123306
385,0,0.5199647545814514,0.032456640154123306
385,0,0.5199647545814514,0.032456640154123306
385,0,0.5199647545814514,0.032456640154123306
385,0,0.5199647545814514,0.032456640154123306
385,0,0.5199647545814514,0.032456640154123306
441,0,0.5199641585350037,0.032456640154123306
441,1,0.504393458366394,0.2004593163728714
441,2,0.508091926574707,0.0007838447345420718
441,3,0.49726080894470215,0.1976579874753952
441,4,0.5170773267745972,0.03917420655488968
441,5,0.5166935324668884,0.08894893527030945
441,6,0.49689409136772156,0.03206264227628708
441,6,0.49689409136772156,0.03206264227628708
441,0,0.5199641585350037,0.032456640154123306
441,1,0.504393458366394,0.2004593163728714
441,2,0.508091926574707,0.0007838447345420718
441,4,0.5170773267745972,0.03917420655488968
441,5,0.5166935324668884,0.08894893527030945
441,3,0.49726080894470215,0.1976579874753952
441,6,0.49689409136772156,0.03206264227628708
441,6,0.49689409136772156,0.03206264227628708
441,0,0.5199641585350037,0.032456640154123306
441,1,0.504393458366394,0.2004593163728714
441,2,0.508091926574707,0.0007838447345420718
441,4,0.5170773267745972,0.03917420655488968
441,3,0.49726080894470215,0.1976579874753952
441,5,0.5166935324668884,0.08894893527030945
441,6,0.49689409136772156,0.03206264227628708
441,6,0.49689409136772156,0.03206264227628708
441,0,0.5199641585350037,0.032456640154123306
441,2,0.508091926574707,0.0007838447345420718
441,1,0.504393458366394,0.2004593163728714
441,3,0.49726080894470215,0.1976579874753952
441,4,0.5170773267745972,0.03917420655488968
441,5,0.5166935324668884,0.08894893527030945
441,6,0.49689409136772156,0.03206264227628708
441,6,0.49689409136772156,0.03206264227628708
441,0,0.5199641585350037,0.032456640154123306
441,2,0.508091926574707,0.0007838447345420718
441,1,0.504393458366394,0.2004593163728714
441,3,0.49726080894470215,0.1976579874753952
441,4,0.5170773267745972,0.03917420655488968
441,5,0.5166935324668884,0.08894893527030945
441,6,0.49689409136772156,0.03206264227628708
441,6,0.49689409136772156,0.03206264227628708
441,0,0.5199641585350037,0.032456640154123306
441,1,0.504393458366394,0.2004593163728714
441,2,0.508091926574707,0.0007838447345420718
441,4,0.5170773267745972,0.03917420655488968
441,3,0.49726080894470215,0.1976579874753952
441,5,0.5166935324668884,0.08894893527030945
441,6,0.49689409136772156,0.03206264227628708
441,6,0.49689409136772156,0.03206264227628708
441,0,0.5199641585350037,0.032456640154123306
441,1,0.504393458366394,0.2004593163728714
441,2,0.508091926574707,0.0007838447345420718
441,4,0.5170773267745972,0.03917420655488968
441,3,0.49726080894470215,0.1976579874753952
441,0,0.5199641585350037,0.032456640154123306
441,0,0.5199641585350037,0.032456640154123306
441,0,0.5199641585350037,0.032456640154123306
441,0,0.5199641585350037,0.032456640154123306
441,0,0.5199641585350037,0.032456640154123306
441,0,0.5199641585350037,0.032456640154123306
441,0,0.5199641585350037,0.032456640154123306
441,0,0.5199641585350037,0.032456640154123306
441,0,0.5199641585350037,0.032456640154123306
441,0,0.5199641585350037,0.032456640154123306
441,0,0.5199641585350037,0.032456640154123306
441,0,0.5199641585350037,0.032456640154123306
441,0,0.5199641585350037,0.032456640154123306
441,0,0.5199641585350037,0.032456640154123306
441,0,0.5199641585350037,0.032456640154123306
441,0,0.5199641585350037,0.032456640154123306
441,0,0.5199641585350037,0.032456640154123306
441,0,0.5199641585350037,0.032456640154123306
441,0,0.5199641585350037,0.032456640154123306
441,0,0.5199641585350037,0.032456640154123306
441,0,0.5199641585350037,0.032456640154123306
441,0,0.5199641585350037,0.032456640154123306
441,0,0.5199641585350037,0.032456640154123306
441,0,0.5199641585350037,0.032456640154123306
441,0,0.5199641585350037,0.032456640154123306
441,0,0.5199641585350037,0.032456640154123306
441,0,0.5199641585350037,0.032456640154123306
441,0,0.5199641585350037,0.032456640154123306
441,0,0.5199641585350037,0.032456640154123306
441,0,0.5199641585350037,0.032456640154123306
441,0,0.5199641585350037,0.032456640154123306
441,0,0.5199641585350037,0.032456640154123306
441,0,0.5199641585350037,0.032456640154123306
441,0,0.5199641585350037,0.032456640154123306
441,0,0.5199641585350037,0.032456640154123306
441,0,0.5199641585350037,0.032456640154123306
441,0,0.5199641585350037,0.032456640154123306
441,0,0.5199641585350037,0.032456640154123306
441,0,0.5199641585350037,0.032456640154123306
441,0,0.5199641585350037,0.032456640154123306
441,0,0.5199641585350037,0.032456640154123306
441,0,0.5199641585350037,0.032456640154123306
441,0,0.5199641585350037,0.032456640154123306
441,0,0.5199641585350037,0.032456640154123306
441,0,0.5199641585350037,0.032456640154123306
441,0,0.5199641585350037,0.032456640154123306
441,0,0.5199641585350037,0.032456640154123306
441,0,0.5199641585350037,0.032456640154123306
441,0,0.5199641585350037,0.032456640154123306
441,0,0.5199641585350037,0.032456640154123306
441,0,0.5199641585350037,0.032456640154123306
441,0,0.5199641585350037,0.032456640154123306
441,0,0.5199641585350037,0.032456640154123306
441,0,0.5199641585350037,0.032456640154123306
441,0,0.5199641585350037,0.032456640154123306
441,0,0.5199641585350037,0.032456640154123306
441,0,0.5199641585350037,0.032456640154123306
441,0,0.5199641585350037,0.032456640154123306
441,0,0.5199641585350037,0.032456640154123306
441,0,0.5199641585350037,0.032456640154123306
441,0,0.5199641585350037,0.032456640154123306
441,0,0.5199641585350037,0.032456640154123306
441,0,0.5199641585350037,0.032456640154123306
441,0,0.5199641585350037,0.032456640154123306
441,0,0.5199641585350037,0.032456640154123306
441,0,0.5199641585350037,0.032456640154123306
441,0,0.5199641585350037,0.032456640154123306
441,0,0.5199641585350037,0.032456640154123306
441,0,0.5199641585350037,0.032456640154123306
441,0,0.5199641585350037,0.032456640154123306
441,0,0.5199641585350037,0.032456640154123306
441,0,0.5199641585350037,0.032456640154123306
441,0,0.5199641585350037,0.032456640154123306
441,0,0.5199641585350037,0.032456640154123306
441,0,0.5199641585350037,0.032456640154123306
441,0,0.5199641585350037,0.032456640154123306
441,0,0.5199641585350037,0.032456640154123306
441,0,0.5199641585350037,0.032456640154123306
441,0,0.5199641585350037,0.032456640154123306
441,0,0.5199641585350037,0.032456640154123306
441,0,0.5199641585350037,0.032456640154123306
441,0,0.5199641585350037,0.032456640154123306
441,0,0.5199641585350037,0.032456640154123306
441,0,0.5199641585350037,0.032456640154123306
441,0,0.5199641585350037,0.032456640154123306
441,0,0.5199641585350037,0.032456640154123306
441,0,0.5199641585350037,0.032456640154123306
441,0,0.5199641585350037,0.032456640154123306
441,0,0.5199641585350037,0.032456640154123306
441,0,0.5199641585350037,0.032456640154123306
441,0,0.5199641585350037,0.032456640154123306
441,0,0.5199641585350037,0.032456640154123306
441,0,0.5199641585350037,0.032456640154123306
441,0,0.5199641585350037,0.032456640154123306
441,0,0.5199641585350037,0.032456640154123306
441,0,0.5199641585350037,0.032456640154123306
441,0,0.5199641585350037,0.032456640154123306
441,0,0.5199641585350037,0.032456640154123306
441,0,0.5199641585350037,0.032456640154123306
441,0,0.5199641585350037,0.032456640154123306
441,0,0.5199641585350037,0.032456640154123306
441,0,0.5199641585350037,0.032456640154123306
441,0,0.5199641585350037,0.032456640154123306
441,0,0.5199641585350037,0.032456640154123306
441,0,0.5199641585350037,0.032456640154123306
441,0,0.5199641585350037,0.032456640154123306
441,0,0.5199641585350037,0.032456640154123306
441,0,0.5199641585350037,0.032456640154123306
441,0,0.5199641585350037,0.032456640154123306
441,0,0.5199641585350037,0.032456640154123306
441,0,0.5199641585350037,0.032456640154123306
441,0,0.5199641585350037,0.032456640154123306
441,0,0.5199641585350037,0.032456640154123306
441,0,0.5199641585350037,0.032456640154123306
441,0,0.5199641585350037,0.032456640154123306
441,0,0.5199641585350037,0.032456640154123306
441,0,0.5199641585350037,0.032456640154123306
441,0,0.5199641585350037,0.032456640154123306
441,0,0.5199641585350037,0.032456640154123306
441,0,0.5199641585350037,0.032456640154123306
441,0,0.5199641585350037,0.032456640154123306
441,0,0.5199641585350037,0.032456640154123306
441,0,0.5199641585350037,0.032456640154123306
441,0,0.5199641585350037,0.032456640154123306
441,0,0.5199641585350037,0.032456640154123306
441,0,0.5199641585350037,0.032456640154123306
441,0,0.5199641585350037,0.032456640154123306
441,0,0.5199641585350037,0.032456640154123306
441,0,0.5199641585350037,0.032456640154123306
441,0,0.5199641585350037,0.032456640154123306
441,0,0.5199641585350037,0.032456640154123306
441,0,0.5199641585350037,0.032456640154123306
441,0,0.5199641585350037,0.032456640154123306
441,0,0.5199641585350037,0.032456640154123306
441,0,0.5199641585350037,0.032456640154123306
441,0,0.5199641585350037,0.032456640154123306
441,0,0.5199641585350037,0.032456640154123306
441,0,0.5199641585350037,0.032456640154123306
441,0,0.5199641585350037,0.032456640154123306
441,0,0.5199641585350037,0.032456640154123306
441,0,0.5199641585350037,0.032456640154123306
441,0,0.5199641585350037,0.032456640154123306
441,0,0.5199641585350037,0.032456640154123306
441,0,0.5199641585350037,0.032456640154123306
441,0,0.5199641585350037,0.032456640154123306
441,0,0.5199641585350037,0.032456640154123306
441,0,0.5199641585350037,0.032456640154123306
851,53,0.48748302459716797,0.00036915054079145193
851,54,0.48860323429107666,0.2639874517917633
851,55,0.5058736205101013,0.14340974390506744
851,0,0.5223960280418396,0.032456640154123306
851,0,0.5223960280418396,0.032456640154123306
851,0,0.5223960280418396,0.032456640154123306
851,0,0.5223960280418396,0.032456640154123306
851,0,0.5223960280418396,0.032456640154123306
851,0,0.5223960280418396,0.032456640154123306
851,0,0.5223960280418396,0.032456640154123306
851,0,0.5223960280418396,0.032456640154123306
851,0,0.5223960280418396,0.032456640154123306
851,0,0.5223960280418396,0.032456640154123306
851,0,0.5223960280418396,0.032456640154123306
851,0,0.5223960280418396,0.032456640154123306
851,0,0.5223960280418396,0.032456640154123306
851,0,0.5223960280418396,0.032456640154123306
851,0,0.5223960280418396,0.032456640154123306
851,0,0.5223960280418396,0.032456640154123306
851,0,0.5223960280418396,0.032456640154123306
851,0,0.5223960280418396,0.032456640154123306
851,0,0.5223960280418396,0.032456640154123306
851,0,0.5223960280418396,0.032456640154123306
851,0,0.5223960280418396,0.032456640154123306
851,0,0.5223960280418396,0.032456640154123306
851,0,0.5223960280418396,0.032456640154123306
851,0,0.5223960280418396,0.032456640154123306
851,0,0.5223960280418396,0.032456640154123306
851,0,0.5223960280418396,0.032456640154123306
851,0,0.5223960280418396,0.032456640154123306
851,0,0.5223960280418396,0.032456640154123306
851,0,0.5223960280418396,0.032456640154123306
851,0,0.5223960280418396,0.032456640154123306
851,0,0.5223960280418396,0.032456640154123306
851,0,0.5223960280418396,0.032456640154123306
851,0,0.5223960280418396,0.032456640154123306
851,0,0.5223960280418396,0.032456640154123306
851,0,0.5223960280418396,0.032456640154123306
851,0,0.5223960280418396,0.032456640154123306
851,0,0.5223960280418396,0.032456640154123306
851,0,0.5223960280418396,0.032456640154123306
851,0,0.5223960280418396,0.032456640154123306
851,0,0.5223960280418396,0.032456640154123306
851,0,0.5223960280418396,0.032456640154123306
851,0,0.5223960280418396,0.032456640154123306
851,0,0.5223960280418396,0.032456640154123306
851,0,0.5223960280418396,0.032456640154123306
851,0,0.5223960280418396,0.032456640154123306
851,0,0.5223960280418396,0.032456640154123306
851,0,0.5223960280418396,0.032456640154123306
851,0,0.5223960280418396,0.032456640154123306
851,0,0.5223960280418396,0.032456640154123306
851,0,0.5223960280418396,0.032456640154123306
851,0,0.5223960280418396,0.032456640154123306
851,0,0.5223960280418396,0.032456640154123306
851,0,0.5223960280418396,0.032456640154123306
851,0,0.5223960280418396,0.032456640154123306
851,0,0.5223960280418396,0.032456640154123306
851,0,0.5223960280418396,0.032456640154123306
851,0,0.5223960280418396,0.032456640154123306
851,0,0.5223960280418396,0.032456640154123306
851,0,0.5223960280418396,0.032456640154123306
851,0,0.5223960280418396,0.032456640154123306
851,0,0.5223960280418396,0.032456640154123306
851,0,0.5223960280418396,0.032456640154123306
851,0,0.5223960280418396,0.032456640154123306
851,0,0.5223960280418396,0.032456640154123306
851,0,0.5223960280418396,0.032456640154123306
851,0,0.5223960280418396,0.032456640154123306
851,0,0.5223960280418396,0.032456640154123306
851,0,0.5223960280418396,0.032456640154123306
851,0,0.5223960280418396,0.032456640154123306
851,0,0.5223960280418396,0.032456640154123306
851,0,0.5223960280418396,0.032456640154123306
851,0,0.5223960280418396,0.032456640154123306
851,0,0.5223960280418396,0.032456640154123306
851,0,0.5223960280418396,0.032456640154123306
851,0,0.5223960280418396,0.032456640154123306
851,0,0.5223960280418396,0.032456640154123306
851,0,0.5223960280418396,0.032456640154123306
851,0,0.5223960280418396,0.032456640154123306
851,0,0.5223960280418396,0.032456640154123306
851,0,0.5223960280418396,0.032456640154123306
851,0,0.5223960280418396,0.032456640154123306
851,0,0.5223960280418396,0.032456640154123306
851,0,0.5223960280418396,0.032456640154123306
851,0,0.5223960280418396,0.032456640154123306
851,0,0.5223960280418396,0.032456640154123306
851,0,0.5223960280418396,0.032456640154123306
851,0,0.5223960280418396,0.032456640154123306
851,0,0.5223960280418396,0.032456640154123306
851,0,0.5223960280418396,0.032456640154123306
851,0,0.5223960280418396,0.032456640154123306
851,0,0.5223960280418396,0.032456640154123306
851,0,0.5223960280418396,0.032456640154123306
851,0,0.5223960280418396,0.032456640154123306
851,0,0.5223960280418396,0.032456640154123306
851,0,0.5223960280418396,0.032456640154123306
851,0,0.5223960280418396,0.032456640154123306
851,0,0.5223960280418396,0.032456640154123306
851,0,0.5223960280418396,0.032456640154123306
851,0,0.5223960280418396,0.032456640154123306
851,0,0.5223960280418396,0.032456640154123306
851,0,0.5223960280418396,0.032456640154123306
851,0,0.5223960280418396,0.032456640154123306
851,0,0.5223960280418396,0.032456640154123306
851,0,0.5223960280418396,0.032456640154123306
851,0,0.5223960280418396,0.032456640154123306
851,0,0.5223960280418396,0.032456640154123306
851,0,0.5223960280418396,0.032456640154123306
851,0,0.5223960280418396,0.032456640154123306
851,0,0.5223960280418396,0.032456640154123306
851,0,0.5223960280418396,0.032456640154123306
851,0,0.5223960280418396,0.032456640154123306
851,0,0.5223960280418396,0.032456640154123306
851,0,0.5223960280418396,0.032456640154123306
851,0,0.5223960280418396,0.032456640154123306
851,0,0.5223960280418396,0.032456640154123306
851,0,0.5223960280418396,0.032456640154123306
851,0,0.5223960280418396,0.032456640154123306
851,0,0.5223960280418396,0.032456640154123306
851,0,0.5223960280418396,0.032456640154123306
851,0,0.5223960280418396,0.032456640154123306
851,0,0.5223960280418396,0.032456640154123306
851,0,0.5223960280418396,0.032456640154123306
851,0,0.5223960280418396,0.032456640154123306
851,0,0.5223960280418396,0.032456640154123306
851,0,0.5223960280418396,0.032456640154123306
851,0,0.5223960280418396,0.032456640154123306
851,0,0.5223960280418396,0.032456640154123306
851,0,0.5223960280418396,0.032456640154123306
851,0,0.5223960280418396,0.032456640154123306
851,0,0.5223960280418396,0.032456640154123306
851,0,0.5223960280418396,0.032456640154123306
851,0,0.5223960280418396,0.032456640154123306
851,0,0.5223960280418396,0.032456640154123306
851,0,0.5223960280418396,0.032456640154123306
851,0,0.5223960280418396,0.032456640154123306
851,0,0.5223960280418396,0.032456640154123306
851,0,0.5223960280418396,0.032456640154123306
851,0,0.5223960280418396,0.032456640154123306
851,0,0.5223960280418396,0.032456640154123306
851,0,0.5223960280418396,0.032456640154123306
851,0,0.5223960280418396,0.032456640154123306
851,0,0.5223960280418396,0.032456640154123306
851,0,0.5223960280418396,0.032456640154123306
851,0,0.5223960280418396,0.032456640154123306
851,0,0.5223960280418396,0.032456640154123306
851,0,0.5223960280418396,0.032456640154123306
851,0,0.5223960280418396,0.032456640154123306
851,0,0.5223960280418396,0.032456640154123306
851,0,0.5223960280418396,0.032456640154123306
851,0,0.5223960280418396,0.032456640154123306
851,0,0.5223960280418396,0.032456640154123306
851,0,0.5223960280418396,0.032456640154123306
851,0,0.5223960280418396,0.032456640154123306
851,0,0.5223960280418396,0.032456640154123306
851,0,0.5223960280418396,0.032456640154123306
851,0,0.5223960280418396,0.032456640154123306
851,0,0.5223960280418396,0.032456640154123306
851,0,0.5223960280418396,0.032456640154123306
851,0,0.5223960280418396,0.032456640154123306
851,0,0.5223960280418396,0.032456640154123306
851,0,0.5223960280418396,0.032456640154123306
851,0,0.5223960280418396,0.032456640154123306
851,0,0.5223960280418396,0.032456640154123306
851,0,0.5223960280418396,0.032456640154123306
851,0,0.5223960280418396,0.032456640154123306
851,0,0.5223960280418396,0.032456640154123306
851,0,0.5223960280418396,0.032456640154123306
851,0,0.5223960280418396,0.032456640154123306
851,0,0.5223960280418396,0.032456640154123306
851,0,0.5223960280418396,0.032456640154123306
851,0,0.5223960280418396,0.032456640154123306
851,0,0.5223960280418396,0.032456640154123306
851,0,0.5223960280418396,0.032456640154123306
851,0,0.5223960280418396,0.032456640154123306
851,0,0.5223960280418396,0.032456640154123306
851,0,0.5223960280418396,0.032456640154123306
851,0,0.5223960280418396,0.032456640154123306
851,0,0.5223960280418396,0.032456640154123306
851,0,0.5223960280418396,0.032456640154123306
851,0,0.5223960280418396,0.032456640154123306
851,0,0.5223960280418396,0.032456640154123306
851,0,0.5223960280418396,0.032456640154123306
851,0,0.5223960280418396,0.032456640154123306
851,0,0.5223960280418396,0.032456640154123306
851,0,0.5223960280418396,0.032456640154123306
851,0,0.5223960280418396,0.032456640154123306
851,0,0.5223960280418396,0.032456640154123306
851,0,0.5223960280418396,0.032456640154123306
851,0,0.5223960280418396,0.032456640154123306
851,0,0.5223960280418396,0.032456640154123306
851,0,0.5223960280418396,0.032456640154123306
851,0,0.5223960280418396,0.032456640154123306
851,0,0.5223960280418396,0.032456640154123306
851,0,0.5223960280418396,0.032456640154123306
851,0,0.5223960280418396,0.032456640154123306
851,0,0.5223960280418396,0.032456640154123306
851,0,0.5223960280418396,0.032456640154123306
294,92,0.49416249990463257,0.6652054190635681
294,93,0.4817275106906891,0.2796517610549927
294,94,0.5129795074462891,0.5896811485290527
294,95,0.49607592821121216,0.9985159635543823
294,96,0.4932388663291931,0.00010241693235002458
294,97,0.510913610458374,0.715758740901947
294,98,0.4931219518184662,0.7940895557403564
294,99,0.48221448063850403,3.476095571386395e-06
294,92,0.49416249990463257,0.6652054190635681
294,93,0.4817275106906891,0.2796517610549927
294,94,0.5129795074462891,0.5896811485290527
294,95,0.49607592821121216,0.9985159635543823
294,96,0.4932388663291931,0.00010241693235002458
294,97,0.510913610458374,0.715758740901947
294,98,0.4931219518184662,0.7940895557403564
294,99,0.48221448063850403,3.476095571386395e-06
294,92,0.49416249990463257,0.6652054190635681
294,93,0.4817275106906891,0.2796517610549927
294,94,0.5129795074462891,0.5896811485290527
294,95,0.49607592821121216,0.9985159635543823
294,96,0.4932388663291931,0.00010241693235002458
294,97,0.510913610458374,0.715758740901947
294,98,0.4931219518184662,0.7940895557403564
294,99,0.48221448063850403,3.476095571386395e-06
294,94,0.5129795074462891,0.5896811485290527
294,100,0.4874085485935211,0.4130973517894745
294,101,0.49590200185775757,0.06661196798086166
294,102,0.48235228657722473,0.16244398057460785
294,101,0.49590200185775757,0.06661196798086166
294,103,0.5001653432846069,0.9999990463256836
294,94,0.5129795074462891,0.5896811485290527
294,100,0.4874085485935211,0.4130973517894745
294,102,0.48235228657722473,0.16244398057460785
294,101,0.49590200185775757,0.06661196798086166
294,102,0.48235228657722473,0.16244398057460785
294,101,0.49590200185775757,0.06661196798086166
294,103,0.5001653432846069,0.9999990463256836
294,94,0.5129795074462891,0.5896811485290527
294,100,0.4874085485935211,0.4130973517894745
294,101,0.49590200185775757,0.06661196798086166
294,102,0.48235228657722473,0.16244398057460785
294,101,0.49590200185775757,0.06661196798086166
294,103,0.5001653432846069,0.9999990463256836
294,94,0.5129795074462891,0.5896811485290527
294,100,0.4874085485935211,0.4130973517894745
294,101,0.49590200185775757,0.06661196798086166
294,102,0.48235228657722473,0.16244398057460785
294,101,0.49590200185775757,0.06661196798086166
294,103,0.5001653432846069,0.9999990463256836
294,94,0.5129795074462891,0.5896811485290527
294,100,0.4874085485935211,0.4130973517894745
294,101,0.49590200185775757,0.06661196798086166
294,102,0.48235228657722473,0.16244398057460785
294,101,0.49590200185775757,0.06661196798086166
294,103,0.5001653432846069,0.9999990463256836
294,94,0.5129795074462891,0.5896811485290527
294,100,0.4874085485935211,0.4130973517894745
294,101,0.49590200185775757,0.06661196798086166
294,102,0.48235228657722473,0.16244398057460785
294,101,0.49590200185775757,0.06661196798086166
294,103,0.5001653432846069,0.9999990463256836
294,94,0.5129795074462891,0.5896811485290527
294,100,0.4874085485935211,0.4130973517894745
294,101,0.49590200185775757,0.06661196798086166
294,102,0.48235228657722473,0.16244398057460785
294,101,0.49590200185775757,0.06661196798086166
294,103,0.5001653432846069,0.9999990463256836
294,94,0.5129795074462891,0.5896811485290527
294,100,0.4874085485935211,0.4130973517894745
294,101,0.49590200185775757,0.06661196798086166
294,102,0.48235228657722473,0.16244398057460785
294,101,0.49590200185775757,0.06661196798086166
294,0,0.519963264465332,0.032456640154123306
294,0,0.519963264465332,0.032456640154123306
294,0,0.519963264465332,0.032456640154123306
294,0,0.519963264465332,0.032456640154123306
294,0,0.519963264465332,0.032456640154123306
294,0,0.519963264465332,0.032456640154123306
294,0,0.519963264465332,0.032456640154123306
294,0,0.519963264465332,0.032456640154123306
294,0,0.519963264465332,0.032456640154123306
294,0,0.519963264465332,0.032456640154123306
294,0,0.519963264465332,0.032456640154123306
294,0,0.519963264465332,0.032456640154123306
294,0,0.519963264465332,0.032456640154123306
294,0,0.519963264465332,0.032456640154123306
294,0,0.519963264465332,0.032456640154123306
294,0,0.519963264465332,0.032456640154123306
294,0,0.519963264465332,0.032456640154123306
294,0,0.519963264465332,0.032456640154123306
294,0,0.519963264465332,0.032456640154123306
294,0,0.519963264465332,0.032456640154123306
294,0,0.519963264465332,0.032456640154123306
294,0,0.519963264465332,0.032456640154123306
294,0,0.519963264465332,0.032456640154123306
294,0,0.519963264465332,0.032456640154123306
294,0,0.519963264465332,0.032456640154123306
294,0,0.519963264465332,0.032456640154123306
294,0,0.519963264465332,0.032456640154123306
294,0,0.519963264465332,0.032456640154123306
294,0,0.519963264465332,0.032456640154123306
294,0,0.519963264465332,0.032456640154123306
294,0,0.519963264465332,0.032456640154123306
294,0,0.519963264465332,0.032456640154123306
294,0,0.519963264465332,0.032456640154123306
294,0,0.519963264465332,0.032456640154123306
294,0,0.519963264465332,0.032456640154123306
294,0,0.519963264465332,0.032456640154123306
294,0,0.519963264465332,0.032456640154123306
294,0,0.519963264465332,0.032456640154123306
294,0,0.519963264465332,0.032456640154123306
294,0,0.519963264465332,0.032456640154123306
294,0,0.519963264465332,0.032456640154123306
294,0,0.519963264465332,0.032456640154123306
294,0,0.519963264465332,0.032456640154123306
294,0,0.519963264465332,0.032456640154123306
294,0,0.519963264465332,0.032456640154123306
294,0,0.519963264465332,0.032456640154123306
294,0,0.519963264465332,0.032456640154123306
294,0,0.519963264465332,0.032456640154123306
294,0,0.519963264465332,0.032456640154123306
294,0,0.519963264465332,0.032456640154123306
294,0,0.519963264465332,0.032456640154123306
294,0,0.519963264465332,0.032456640154123306
294,0,0.519963264465332,0.032456640154123306
294,0,0.519963264465332,0.032456640154123306
294,0,0.519963264465332,0.032456640154123306
294,0,0.519963264465332,0.032456640154123306
294,0,0.519963264465332,0.032456640154123306
294,0,0.519963264465332,0.032456640154123306
294,0,0.519963264465332,0.032456640154123306
294,0,0.519963264465332,0.032456640154123306
294,0,0.519963264465332,0.032456640154123306
294,0,0.519963264465332,0.032456640154123306
294,0,0.519963264465332,0.032456640154123306
294,0,0.519963264465332,0.032456640154123306
294,0,0.519963264465332,0.032456640154123306
294,0,0.519963264465332,0.032456640154123306
294,0,0.519963264465332,0.032456640154123306
294,0,0.519963264465332,0.032456640154123306
294,0,0.519963264465332,0.032456640154123306
294,0,0.519963264465332,0.032456640154123306
294,0,0.519963264465332,0.032456640154123306
294,0,0.519963264465332,0.032456640154123306
294,0,0.519963264465332,0.032456640154123306
294,0,0.519963264465332,0.032456640154123306
294,0,0.519963264465332,0.032456640154123306
294,0,0.519963264465332,0.032456640154123306
294,0,0.519963264465332,0.032456640154123306
294,0,0.519963264465332,0.032456640154123306
294,0,0.519963264465332,0.032456640154123306
294,0,0.519963264465332,0.032456640154123306
294,0,0.519963264465332,0.032456640154123306
294,0,0.519963264465332,0.032456640154123306
294,0,0.519963264465332,0.032456640154123306
294,0,0.519963264465332,0.032456640154123306
294,0,0.519963264465332,0.032456640154123306
294,0,0.519963264465332,0.032456640154123306
294,0,0.519963264465332,0.032456640154123306
294,0,0.519963264465332,0.032456640154123306
294,0,0.519963264465332,0.032456640154123306
294,0,0.519963264465332,0.032456640154123306
294,0,0.519963264465332,0.032456640154123306
294,0,0.519963264465332,0.032456640154123306
294,0,0.519963264465332,0.032456640154123306
294,0,0.519963264465332,0.032456640154123306
294,0,0.519963264465332,0.032456640154123306
294,0,0.519963264465332,0.032456640154123306
294,0,0.519963264465332,0.032456640154123306
294,0,0.519963264465332,0.032456640154123306
294,0,0.519963264465332,0.032456640154123306
294,0,0.519963264465332,0.032456640154123306
294,0,0.519963264465332,0.032456640154123306
294,0,0.519963264465332,0.032456640154123306
294,0,0.519963264465332,0.032456640154123306
294,0,0.519963264465332,0.032456640154123306
294,0,0.519963264465332,0.032456640154123306
294,0,0.519963264465332,0.032456640154123306
294,0,0.519963264465332,0.032456640154123306
294,0,0.519963264465332,0.032456640154123306
294,0,0.519963264465332,0.032456640154123306
294,0,0.519963264465332,0.032456640154123306
294,0,0.519963264465332,0.032456640154123306
294,0,0.519963264465332,0.032456640154123306
294,0,0.519963264465332,0.032456640154123306
294,0,0.519963264465332,0.032456640154123306
294,0,0.519963264465332,0.032456640154123306
294,0,0.519963264465332,0.032456640154123306
294,0,0.519963264465332,0.032456640154123306
294,0,0.519963264465332,0.032456640154123306
294,0,0.519963264465332,0.032456640154123306
294,0,0.519963264465332,0.032456640154123306
294,0,0.519963264465332,0.032456640154123306
294,0,0.519963264465332,0.032456640154123306
294,0,0.519963264465332,0.032456640154123306
294,0,0.519963264465332,0.032456640154123306
294,0,0.519963264465332,0.032456640154123306
294,0,0.519963264465332,0.032456640154123306
294,0,0.519963264465332,0.032456640154123306
294,0,0.519963264465332,0.032456640154123306
748,0,0.5224385261535645,0.032456640154123306
748,2,0.5105690360069275,0.0007838447345420718
748,1,0.5068717002868652,0.2004593163728714
748,3,0.49973705410957336,0.1976579874753952
748,4,0.5195505619049072,0.03917420655488968
748,5,0.5191663503646851,0.08894893527030945
748,6,0.49937325716018677,0.03206264227628708
748,6,0.49937325716018677,0.03206264227628708
748,0,0.5224385261535645,0.032456640154123306
748,2,0.5105690360069275,0.0007838447345420718
748,1,0.5068717002868652,0.2004593163728714
748,3,0.49973705410957336,0.1976579874753952
748,4,0.5195505619049072,0.03917420655488968
748,5,0.5191663503646851,0.08894893527030945
748,6,0.49937325716018677,0.03206264227628708
748,6,0.49937325716018677,0.03206264227628708
748,0,0.5224385261535645,0.032456640154123306
748,1,0.5068717002868652,0.2004593163728714
748,2,0.5105690360069275,0.0007838447345420718
748,4,0.5195505619049072,0.03917420655488968
748,3,0.49973705410957336,0.1976579874753952
748,5,0.5191663503646851,0.08894893527030945
748,6,0.49937325716018677,0.03206264227628708
748,6,0.49937325716018677,0.03206264227628708
748,0,0.5224385261535645,0.032456640154123306
748,2,0.5105690360069275,0.0007838447345420718
748,1,0.5068717002868652,0.2004593163728714
748,3,0.49973705410957336,0.1976579874753952
748,4,0.5195505619049072,0.03917420655488968
748,5,0.5191663503646851,0.08894893527030945
748,6,0.49937325716018677,0.03206264227628708
748,6,0.49937325716018677,0.03206264227628708
748,0,0.5224385261535645,0.032456640154123306
748,1,0.5068717002868652,0.2004593163728714
748,2,0.5105690360069275,0.0007838447345420718
748,3,0.49973705410957336,0.1976579874753952
748,4,0.5195505619049072,0.03917420655488968
748,5,0.5191663503646851,0.08894893527030945
748,6,0.49937325716018677,0.03206264227628708
748,6,0.49937325716018677,0.03206264227628708
748,0,0.5224385261535645,0.032456640154123306
748,1,0.5068717002868652,0.2004593163728714
748,2,0.5105690360069275,0.0007838447345420718
748,3,0.49973705410957336,0.1976579874753952
748,4,0.5195505619049072,0.03917420655488968
748,5,0.5191663503646851,0.08894893527030945
748,6,0.49937325716018677,0.03206264227628708
748,6,0.49937325716018677,0.03206264227628708
748,0,0.5224385261535645,0.032456640154123306
748,1,0.5068717002868652,0.2004593163728714
748,2,0.5105690360069275,0.0007838447345420718
748,4,0.5195505619049072,0.03917420655488968
748,3,0.49973705410957336,0.1976579874753952
748,5,0.5191663503646851,0.08894893527030945
748,6,0.49937325716018677,0.03206264227628708
748,6,0.49937325716018677,0.03206264227628708
748,0,0.5224385261535645,0.032456640154123306
748,0,0.5224385261535645,0.032456640154123306
748,0,0.5224385261535645,0.032456640154123306
748,0,0.5224385261535645,0.032456640154123306
748,0,0.5224385261535645,0.032456640154123306
748,0,0.5224385261535645,0.032456640154123306
748,0,0.5224385261535645,0.032456640154123306
748,0,0.5224385261535645,0.032456640154123306
748,0,0.5224385261535645,0.032456640154123306
748,0,0.5224385261535645,0.032456640154123306
748,0,0.5224385261535645,0.032456640154123306
748,0,0.5224385261535645,0.032456640154123306
748,0,0.5224385261535645,0.032456640154123306
748,0,0.5224385261535645,0.032456640154123306
748,0,0.5224385261535645,0.032456640154123306
748,0,0.5224385261535645,0.032456640154123306
748,0,0.5224385261535645,0.032456640154123306
748,0,0.5224385261535645,0.032456640154123306
748,0,0.5224385261535645,0.032456640154123306
748,0,0.5224385261535645,0.032456640154123306
748,0,0.5224385261535645,0.032456640154123306
748,0,0.5224385261535645,0.032456640154123306
748,0,0.5224385261535645,0.032456640154123306
748,0,0.5224385261535645,0.032456640154123306
748,0,0.5224385261535645,0.032456640154123306
748,0,0.5224385261535645,0.032456640154123306
748,0,0.5224385261535645,0.032456640154123306
748,0,0.5224385261535645,0.032456640154123306
748,0,0.5224385261535645,0.032456640154123306
748,0,0.5224385261535645,0.032456640154123306
748,0,0.5224385261535645,0.032456640154123306
748,0,0.5224385261535645,0.032456640154123306
748,0,0.5224385261535645,0.032456640154123306
748,0,0.5224385261535645,0.032456640154123306
748,0,0.5224385261535645,0.032456640154123306
748,0,0.5224385261535645,0.032456640154123306
748,0,0.5224385261535645,0.032456640154123306
748,0,0.5224385261535645,0.032456640154123306
748,0,0.5224385261535645,0.032456640154123306
748,0,0.5224385261535645,0.032456640154123306
748,0,0.5224385261535645,0.032456640154123306
748,0,0.5224385261535645,0.032456640154123306
748,0,0.5224385261535645,0.032456640154123306
748,0,0.5224385261535645,0.032456640154123306
748,0,0.5224385261535645,0.032456640154123306
748,0,0.5224385261535645,0.032456640154123306
748,0,0.5224385261535645,0.032456640154123306
748,0,0.5224385261535645,0.032456640154123306
748,0,0.5224385261535645,0.032456640154123306
748,0,0.5224385261535645,0.032456640154123306
748,0,0.5224385261535645,0.032456640154123306
748,0,0.5224385261535645,0.032456640154123306
748,0,0.5224385261535645,0.032456640154123306
748,0,0.5224385261535645,0.032456640154123306
748,0,0.5224385261535645,0.032456640154123306
748,0,0.5224385261535645,0.032456640154123306
748,0,0.5224385261535645,0.032456640154123306
748,0,0.5224385261535645,0.032456640154123306
748,0,0.5224385261535645,0.032456640154123306
748,0,0.5224385261535645,0.032456640154123306
748,0,0.5224385261535645,0.032456640154123306
748,0,0.5224385261535645,0.032456640154123306
748,0,0.5224385261535645,0.032456640154123306
748,0,0.5224385261535645,0.032456640154123306
748,0,0.5224385261535645,0.032456640154123306
748,0,0.5224385261535645,0.032456640154123306
748,0,0.5224385261535645,0.032456640154123306
748,0,0.5224385261535645,0.032456640154123306
748,0,0.5224385261535645,0.032456640154123306
748,0,0.5224385261535645,0.032456640154123306
748,0,0.5224385261535645,0.032456640154123306
748,0,0.5224385261535645,0.032456640154123306
748,0,0.5224385261535645,0.032456640154123306
748,0,0.5224385261535645,0.032456640154123306
748,0,0.5224385261535645,0.032456640154123306
748,0,0.5224385261535645,0.032456640154123306
748,0,0.5224385261535645,0.032456640154123306
748,0,0.5224385261535645,0.032456640154123306
748,0,0.5224385261535645,0.032456640154123306
748,0,0.5224385261535645,0.032456640154123306
748,0,0.5224385261535645,0.032456640154123306
748,0,0.5224385261535645,0.032456640154123306
748,0,0.5224385261535645,0.032456640154123306
748,0,0.5224385261535645,0.032456640154123306
748,0,0.5224385261535645,0.032456640154123306
748,0,0.5224385261535645,0.032456640154123306
748,0,0.5224385261535645,0.032456640154123306
748,0,0.5224385261535645,0.032456640154123306
748,0,0.5224385261535645,0.032456640154123306
748,0,0.5224385261535645,0.032456640154123306
748,0,0.5224385261535645,0.032456640154123306
748,0,0.5224385261535645,0.032456640154123306
748,0,0.5224385261535645,0.032456640154123306
748,0,0.5224385261535645,0.032456640154123306
748,0,0.5224385261535645,0.032456640154123306
748,0,0.5224385261535645,0.032456640154123306
748,0,0.5224385261535645,0.032456640154123306
748,0,0.5224385261535645,0.032456640154123306
748,0,0.5224385261535645,0.032456640154123306
748,0,0.5224385261535645,0.032456640154123306
748,0,0.5224385261535645,0.032456640154123306
748,0,0.5224385261535645,0.032456640154123306
748,0,0.5224385261535645,0.032456640154123306
748,0,0.5224385261535645,0.032456640154123306
748,0,0.5224385261535645,0.032456640154123306
748,0,0.5224385261535645,0.032456640154123306
748,0,0.5224385261535645,0.032456640154123306
748,0,0.5224385261535645,0.032456640154123306
748,0,0.5224385261535645,0.032456640154123306
748,0,0.5224385261535645,0.032456640154123306
748,0,0.5224385261535645,0.032456640154123306
748,0,0.5224385261535645,0.032456640154123306
748,0,0.5224385261535645,0.032456640154123306
748,0,0.5224385261535645,0.032456640154123306
748,0,0.5224385261535645,0.032456640154123306
748,0,0.5224385261535645,0.032456640154123306
748,0,0.5224385261535645,0.032456640154123306
748,0,0.5224385261535645,0.032456640154123306
748,0,0.5224385261535645,0.032456640154123306
748,0,0.5224385261535645,0.032456640154123306
748,0,0.5224385261535645,0.032456640154123306
748,0,0.5224385261535645,0.032456640154123306
748,0,0.5224385261535645,0.032456640154123306
748,0,0.5224385261535645,0.032456640154123306
748,0,0.5224385261535645,0.032456640154123306
748,0,0.5224385261535645,0.032456640154123306
748,0,0.5224385261535645,0.032456640154123306
748,0,0.5224385261535645,0.032456640154123306
748,0,0.5224385261535645,0.032456640154123306
748,0,0.5224385261535645,0.032456640154123306
748,0,0.5224385261535645,0.032456640154123306
748,0,0.5224385261535645,0.032456640154123306
748,0,0.5224385261535645,0.032456640154123306
748,0,0.5224385261535645,0.032456640154123306
748,0,0.5224385261535645,0.032456640154123306
748,0,0.5224385261535645,0.032456640154123306
748,0,0.5224385261535645,0.032456640154123306
748,0,0.5224385261535645,0.032456640154123306
748,0,0.5224385261535645,0.032456640154123306
748,0,0.5224385261535645,0.032456640154123306
748,0,0.5224385261535645,0.032456640154123306
748,0,0.5224385261535645,0.032456640154123306
748,0,0.5224385261535645,0.032456640154123306
748,0,0.5224385261535645,0.032456640154123306
762,0,0.519965648651123,0.032456640154123306
762,2,0.5080933570861816,0.0007838447345420718
762,1,0.5043948292732239,0.2004593163728714
762,3,0.49726229906082153,0.1976579874753952
762,4,0.5170787572860718,0.03917420655488968
762,5,0.5166949033737183,0.08894893527030945
762,6,0.49689552187919617,0.03206264227628708
762,6,0.49689552187919617,0.03206264227628708
762,0,0.519965648651123,0.032456640154123306
762,1,0.5043948292732239,0.2004593163728714
762,2,0.5080933570861816,0.0007838447345420718
762,3,0.49726229906082153,0.1976579874753952
762,4,0.5170787572860718,0.03917420655488968
762,5,0.5166949033737183,0.08894893527030945
762,6,0.49689552187919617,0.03206264227628708
762,6,0.49689552187919617,0.03206264227628708
762,0,0.519965648651123,0.032456640154123306
762,1,0.5043948292732239,0.2004593163728714
762,2,0.5080933570861816,0.0007838447345420718
762,3,0.49726229906082153,0.1976579874753952
762,4,0.5170787572860718,0.03917420655488968
762,5,0.5166949033737183,0.08894893527030945
762,6,0.49689552187919617,0.03206264227628708
762,6,0.49689552187919617,0.03206264227628708
762,0,0.519965648651123,0.032456640154123306
762,1,0.5043948292732239,0.2004593163728714
762,2,0.5080933570861816,0.0007838447345420718
762,3,0.49726229906082153,0.1976579874753952
762,4,0.5170787572860718,0.03917420655488968
762,5,0.5166949033737183,0.08894893527030945
762,6,0.49689552187919617,0.03206264227628708
762,6,0.49689552187919617,0.03206264227628708
762,0,0.519965648651123,0.032456640154123306
762,2,0.5080933570861816,0.0007838447345420718
762,1,0.5043948292732239,0.2004593163728714
762,3,0.49726229906082153,0.1976579874753952
762,4,0.5170787572860718,0.03917420655488968
762,5,0.5166949033737183,0.08894893527030945
762,6,0.49689552187919617,0.03206264227628708
762,6,0.49689552187919617,0.03206264227628708
762,0,0.519965648651123,0.032456640154123306
762,2,0.5080933570861816,0.0007838447345420718
762,1,0.5043948292732239,0.2004593163728714
762,3,0.49726229906082153,0.1976579874753952
762,4,0.5170787572860718,0.03917420655488968
762,5,0.5166949033737183,0.08894893527030945
762,6,0.49689552187919617,0.03206264227628708
762,6,0.49689552187919617,0.03206264227628708
762,0,0.519965648651123,0.032456640154123306
762,1,0.5043948292732239,0.2004593163728714
762,2,0.5080933570861816,0.0007838447345420718
762,4,0.5170787572860718,0.03917420655488968
762,3,0.49726229906082153,0.1976579874753952
762,5,0.5166949033737183,0.08894893527030945
762,6,0.49689552187919617,0.03206264227628708
762,6,0.49689552187919617,0.03206264227628708
762,0,0.519965648651123,0.032456640154123306
762,2,0.5080933570861816,0.0007838447345420718
762,1,0.5043948292732239,0.2004593163728714
762,4,0.5170787572860718,0.03917420655488968
762,3,0.49726229906082153,0.1976579874753952
762,5,0.5166949033737183,0.08894893527030945
762,6,0.49689552187919617,0.03206264227628708
762,6,0.49689552187919617,0.03206264227628708
762,0,0.519965648651123,0.032456640154123306
762,2,0.5080933570861816,0.0007838447345420718
762,1,0.5043948292732239,0.2004593163728714
762,4,0.5170787572860718,0.03917420655488968
762,3,0.49726229906082153,0.1976579874753952
762,5,0.5166949033737183,0.08894893527030945
762,6,0.49689552187919617,0.03206264227628708
762,6,0.49689552187919617,0.03206264227628708
762,0,0.519965648651123,0.032456640154123306
762,1,0.5043948292732239,0.2004593163728714
762,2,0.5080933570861816,0.0007838447345420718
762,4,0.5170787572860718,0.03917420655488968
762,3,0.49726229906082153,0.1976579874753952
762,5,0.5166949033737183,0.08894893527030945
762,6,0.49689552187919617,0.03206264227628708
762,6,0.49689552187919617,0.03206264227628708
762,0,0.519965648651123,0.032456640154123306
762,2,0.5080933570861816,0.0007838447345420718
762,1,0.5043948292732239,0.2004593163728714
762,4,0.5170787572860718,0.03917420655488968
762,3,0.49726229906082153,0.1976579874753952
762,5,0.5166949033737183,0.08894893527030945
762,6,0.49689552187919617,0.03206264227628708
762,6,0.49689552187919617,0.03206264227628708
762,0,0.519965648651123,0.032456640154123306
762,1,0.5043948292732239,0.2004593163728714
762,2,0.5080933570861816,0.0007838447345420718
762,4,0.5170787572860718,0.03917420655488968
762,3,0.49726229906082153,0.1976579874753952
762,5,0.5166949033737183,0.08894893527030945
762,6,0.49689552187919617,0.03206264227628708
762,6,0.49689552187919617,0.03206264227628708
762,0,0.519965648651123,0.032456640154123306
762,1,0.5043948292732239,0.2004593163728714
762,2,0.5080933570861816,0.0007838447345420718
762,4,0.5170787572860718,0.03917420655488968
762,3,0.49726229906082153,0.1976579874753952
762,5,0.5166949033737183,0.08894893527030945
762,6,0.49689552187919617,0.03206264227628708
762,6,0.49689552187919617,0.03206264227628708
762,0,0.519965648651123,0.032456640154123306
762,2,0.5080933570861816,0.0007838447345420718
762,1,0.5043948292732239,0.2004593163728714
762,3,0.49726229906082153,0.1976579874753952
762,4,0.5170787572860718,0.03917420655488968
762,5,0.5166949033737183,0.08894893527030945
762,6,0.49689552187919617,0.03206264227628708
762,6,0.49689552187919617,0.03206264227628708
762,0,0.519965648651123,0.032456640154123306
762,1,0.5043948292732239,0.2004593163728714
762,2,0.5080933570861816,0.0007838447345420718
762,4,0.5170787572860718,0.03917420655488968
762,3,0.49726229906082153,0.1976579874753952
762,5,0.5166949033737183,0.08894893527030945
762,6,0.49689552187919617,0.03206264227628708
762,6,0.49689552187919617,0.03206264227628708
762,0,0.519965648651123,0.032456640154123306
762,2,0.5080933570861816,0.0007838447345420718
762,1,0.5043948292732239,0.2004593163728714
762,3,0.49726229906082153,0.1976579874753952
762,4,0.5170787572860718,0.03917420655488968
762,5,0.5166949033737183,0.08894893527030945
762,6,0.49689552187919617,0.03206264227628708
762,6,0.49689552187919617,0.03206264227628708
762,0,0.519965648651123,0.032456640154123306
762,1,0.5043948292732239,0.2004593163728714
762,2,0.5080933570861816,0.0007838447345420718
762,4,0.5170787572860718,0.03917420655488968
762,3,0.49726229906082153,0.1976579874753952
762,5,0.5166949033737183,0.08894893527030945
762,6,0.49689552187919617,0.03206264227628708
762,6,0.49689552187919617,0.03206264227628708
762,7,0.5153135061264038,0.0005712504498660564
762,9,0.5157443881034851,0.11330409348011017
762,8,0.5199598073959351,0.8536729216575623
762,10,0.5051325559616089,0.37062060832977295
762,12,0.480363130569458,0.38463085889816284
762,11,0.49767985939979553,0.7055796384811401
762,13,0.4658834934234619,0.19943803548812866
762,6,0.49689552187919617,0.03206264227628708
762,14,0.4949190020561218,0.11159210652112961
762,7,0.5153135061264038,0.0005712504498660564
762,9,0.5157443881034851,0.11330409348011017
762,8,0.5199598073959351,0.8536729216575623
762,10,0.5051325559616089,0.37062060832977295
762,12,0.480363130569458,0.38463085889816284
762,11,0.49767985939979553,0.7055796384811401
762,13,0.4658834934234619,0.19943803548812866
762,6,0.49689552187919617,0.03206264227628708
762,14,0.4949190020561218,0.11159210652112961
762,7,0.5153135061264038,0.0005712504498660564
762,9,0.5157443881034851,0.11330409348011017
762,8,0.5199598073959351,0.8536729216575623
762,12,0.480363130569458,0.38463085889816284
762,11,0.49767985939979553,0.7055796384811401
762,10,0.5051325559616089,0.37062060832977295
762,13,0.4658834934234619,0.19943803548812866
762,6,0.49689552187919617,0.03206264227628708
762,14,0.4949190020561218,0.11159210652112961
762,7,0.5153135061264038,0.0005712504498660564
762,9,0.5157443881034851,0.11330409348011017
762,8,0.5199598073959351,0.8536729216575623
762,10,0.5051325559616089,0.37062060832977295
762,12,0.480363130569458,0.38463085889816284
762,11,0.49767985939979553,0.7055796384811401
762,13,0.4658834934234619,0.19943803548812866
762,6,0.49689552187919617,0.03206264227628708
762,14,0.4949190020561218,0.11159210652112961
762,7,0.5153135061264038,0.0005712504498660564
762,9,0.5157443881034851,0.11330409348011017
762,0,0.519965648651123,0.032456640154123306
762,0,0.519965648651123,0.032456640154123306
762,0,0.519965648651123,0.032456640154123306
762,0,0.519965648651123,0.032456640154123306
762,0,0.519965648651123,0.032456640154123306
762,0,0.519965648651123,0.032456640154123306
762,0,0.519965648651123,0.032456640154123306
762,0,0.519965648651123,0.032456640154123306
762,0,0.519965648651123,0.032456640154123306
762,0,0.519965648651123,0.032456640154123306
762,0,0.519965648651123,0.032456640154123306
762,0,0.519965648651123,0.032456640154123306
762,0,0.519965648651123,0.032456640154123306
762,0,0.519965648651123,0.032456640154123306
762,0,0.519965648651123,0.032456640154123306
762,0,0.519965648651123,0.032456640154123306
762,0,0.519965648651123,0.032456640154123306
762,0,0.519965648651123,0.032456640154123306
762,0,0.519965648651123,0.032456640154123306
762,0,0.519965648651123,0.032456640154123306
762,0,0.519965648651123,0.032456640154123306
762,0,0.519965648651123,0.032456640154123306
762,0,0.519965648651123,0.032456640154123306
762,0,0.519965648651123,0.032456640154123306
762,0,0.519965648651123,0.032456640154123306
762,0,0.519965648651123,0.032456640154123306
735,0,0.5224563479423523,0.032456640154123306
735,2,0.5105869174003601,0.0007838447345420718
735,1,0.5068895816802979,0.2004593163728714
735,3,0.4997549057006836,0.1976579874753952
735,4,0.5195683240890503,0.03917420655488968
735,5,0.5191841721534729,0.08894893527030945
735,6,0.4993911683559418,0.03206264227628708
735,6,0.4993911683559418,0.03206264227628708
735,0,0.5224563479423523,0.032456640154123306
735,0,0.5224563479423523,0.032456640154123306
735,0,0.5224563479423523,0.032456640154123306
735,0,0.5224563479423523,0.032456640154123306
735,0,0.5224563479423523,0.032456640154123306
735,0,0.5224563479423523,0.032456640154123306
735,0,0.5224563479423523,0.032456640154123306
735,0,0.5224563479423523,0.032456640154123306
735,0,0.5224563479423523,0.032456640154123306
735,0,0.5224563479423523,0.032456640154123306
735,0,0.5224563479423523,0.032456640154123306
735,0,0.5224563479423523,0.032456640154123306
735,0,0.5224563479423523,0.032456640154123306
735,0,0.5224563479423523,0.032456640154123306
735,0,0.5224563479423523,0.032456640154123306
735,0,0.5224563479423523,0.032456640154123306
735,0,0.5224563479423523,0.032456640154123306
735,0,0.5224563479423523,0.032456640154123306
735,0,0.5224563479423523,0.032456640154123306
735,0,0.5224563479423523,0.032456640154123306
735,0,0.5224563479423523,0.032456640154123306
735,0,0.5224563479423523,0.032456640154123306
735,0,0.5224563479423523,0.032456640154123306
735,0,0.5224563479423523,0.032456640154123306
735,0,0.5224563479423523,0.032456640154123306
735,0,0.5224563479423523,0.032456640154123306
735,0,0.5224563479423523,0.032456640154123306
735,0,0.5224563479423523,0.032456640154123306
735,0,0.5224563479423523,0.032456640154123306
735,0,0.5224563479423523,0.032456640154123306
735,0,0.5224563479423523,0.032456640154123306
735,0,0.5224563479423523,0.032456640154123306
735,0,0.5224563479423523,0.032456640154123306
735,0,0.5224563479423523,0.032456640154123306
735,0,0.5224563479423523,0.032456640154123306
735,0,0.5224563479423523,0.032456640154123306
735,0,0.5224563479423523,0.032456640154123306
735,0,0.5224563479423523,0.032456640154123306
735,0,0.5224563479423523,0.032456640154123306
735,0,0.5224563479423523,0.032456640154123306
735,0,0.5224563479423523,0.032456640154123306
735,0,0.5224563479423523,0.032456640154123306
735,0,0.5224563479423523,0.032456640154123306
735,0,0.5224563479423523,0.032456640154123306
735,0,0.5224563479423523,0.032456640154123306
735,0,0.5224563479423523,0.032456640154123306
735,0,0.5224563479423523,0.032456640154123306
735,0,0.5224563479423523,0.032456640154123306
735,0,0.5224563479423523,0.032456640154123306
735,0,0.5224563479423523,0.032456640154123306
735,0,0.5224563479423523,0.032456640154123306
735,0,0.5224563479423523,0.032456640154123306
735,0,0.5224563479423523,0.032456640154123306
735,0,0.5224563479423523,0.032456640154123306
735,0,0.5224563479423523,0.032456640154123306
735,0,0.5224563479423523,0.032456640154123306
735,0,0.5224563479423523,0.032456640154123306
735,0,0.5224563479423523,0.032456640154123306
735,0,0.5224563479423523,0.032456640154123306
735,0,0.5224563479423523,0.032456640154123306
735,0,0.5224563479423523,0.032456640154123306
735,0,0.5224563479423523,0.032456640154123306
735,0,0.5224563479423523,0.032456640154123306
735,0,0.5224563479423523,0.032456640154123306
735,0,0.5224563479423523,0.032456640154123306
735,0,0.5224563479423523,0.032456640154123306
735,0,0.5224563479423523,0.032456640154123306
735,0,0.5224563479423523,0.032456640154123306
735,0,0.5224563479423523,0.032456640154123306
735,0,0.5224563479423523,0.032456640154123306
735,0,0.5224563479423523,0.032456640154123306
735,0,0.5224563479423523,0.032456640154123306
735,0,0.5224563479423523,0.032456640154123306
735,0,0.5224563479423523,0.032456640154123306
735,0,0.5224563479423523,0.032456640154123306
735,0,0.5224563479423523,0.032456640154123306
735,0,0.5224563479423523,0.032456640154123306
735,0,0.5224563479423523,0.032456640154123306
735,0,0.5224563479423523,0.032456640154123306
735,0,0.5224563479423523,0.032456640154123306
735,0,0.5224563479423523,0.032456640154123306
735,0,0.5224563479423523,0.032456640154123306
735,0,0.5224563479423523,0.032456640154123306
735,0,0.5224563479423523,0.032456640154123306
735,0,0.5224563479423523,0.032456640154123306
735,0,0.5224563479423523,0.032456640154123306
735,0,0.5224563479423523,0.032456640154123306
735,0,0.5224563479423523,0.032456640154123306
735,0,0.5224563479423523,0.032456640154123306
735,0,0.5224563479423523,0.032456640154123306
735,0,0.5224563479423523,0.032456640154123306
735,0,0.5224563479423523,0.032456640154123306
735,0,0.5224563479423523,0.032456640154123306
735,0,0.5224563479423523,0.032456640154123306
735,0,0.5224563479423523,0.032456640154123306
735,0,0.5224563479423523,0.032456640154123306
735,0,0.5224563479423523,0.032456640154123306
735,0,0.5224563479423523,0.032456640154123306
735,0,0.5224563479423523,0.032456640154123306
735,0,0.5224563479423523,0.032456640154123306
735,0,0.5224563479423523,0.032456640154123306
735,0,0.5224563479423523,0.032456640154123306
735,0,0.5224563479423523,0.032456640154123306
735,0,0.5224563479423523,0.032456640154123306
735,0,0.5224563479423523,0.032456640154123306
735,0,0.5224563479423523,0.032456640154123306
735,0,0.5224563479423523,0.032456640154123306
735,0,0.5224563479423523,0.032456640154123306
735,0,0.5224563479423523,0.032456640154123306
735,0,0.5224563479423523,0.032456640154123306
735,0,0.5224563479423523,0.032456640154123306
735,0,0.5224563479423523,0.032456640154123306
735,0,0.5224563479423523,0.032456640154123306
735,0,0.5224563479423523,0.032456640154123306
735,0,0.5224563479423523,0.032456640154123306
735,0,0.5224563479423523,0.032456640154123306
735,0,0.5224563479423523,0.032456640154123306
735,0,0.5224563479423523,0.032456640154123306
735,0,0.5224563479423523,0.032456640154123306
735,0,0.5224563479423523,0.032456640154123306
735,0,0.5224563479423523,0.032456640154123306
735,0,0.5224563479423523,0.032456640154123306
735,0,0.5224563479423523,0.032456640154123306
735,0,0.5224563479423523,0.032456640154123306
735,0,0.5224563479423523,0.032456640154123306
735,0,0.5224563479423523,0.032456640154123306
735,0,0.5224563479423523,0.032456640154123306
735,0,0.5224563479423523,0.032456640154123306
735,0,0.5224563479423523,0.032456640154123306
735,0,0.5224563479423523,0.032456640154123306
735,0,0.5224563479423523,0.032456640154123306
735,0,0.5224563479423523,0.032456640154123306
735,0,0.5224563479423523,0.032456640154123306
735,0,0.5224563479423523,0.032456640154123306
735,0,0.5224563479423523,0.032456640154123306
735,0,0.5224563479423523,0.032456640154123306
735,0,0.5224563479423523,0.032456640154123306
735,0,0.5224563479423523,0.032456640154123306
735,0,0.5224563479423523,0.032456640154123306
735,0,0.5224563479423523,0.032456640154123306
735,0,0.5224563479423523,0.032456640154123306
735,0,0.5224563479423523,0.032456640154123306
735,0,0.5224563479423523,0.032456640154123306
735,0,0.5224563479423523,0.032456640154123306
735,0,0.5224563479423523,0.032456640154123306
735,0,0.5224563479423523,0.032456640154123306
735,0,0.5224563479423523,0.032456640154123306
735,0,0.5224563479423523,0.032456640154123306
735,0,0.5224563479423523,0.032456640154123306
735,0,0.5224563479423523,0.032456640154123306
735,0,0.5224563479423523,0.032456640154123306
735,0,0.5224563479423523,0.032456640154123306
735,0,0.5224563479423523,0.032456640154123306
735,0,0.5224563479423523,0.032456640154123306
735,0,0.5224563479423523,0.032456640154123306
735,0,0.5224563479423523,0.032456640154123306
735,0,0.5224563479423523,0.032456640154123306
735,0,0.5224563479423523,0.032456640154123306
735,0,0.5224563479423523,0.032456640154123306
735,0,0.5224563479423523,0.032456640154123306
735,0,0.5224563479423523,0.032456640154123306
735,0,0.5224563479423523,0.032456640154123306
735,0,0.5224563479423523,0.032456640154123306
735,0,0.5224563479423523,0.032456640154123306
735,0,0.5224563479423523,0.032456640154123306
735,0,0.5224563479423523,0.032456640154123306
735,0,0.5224563479423523,0.032456640154123306
735,0,0.5224563479423523,0.032456640154123306
735,0,0.5224563479423523,0.032456640154123306
735,0,0.5224563479423523,0.032456640154123306
735,0,0.5224563479423523,0.032456640154123306
735,0,0.5224563479423523,0.032456640154123306
735,0,0.5224563479423523,0.032456640154123306
735,0,0.5224563479423523,0.032456640154123306
735,0,0.5224563479423523,0.032456640154123306
735,0,0.5224563479423523,0.032456640154123306
735,0,0.5224563479423523,0.032456640154123306
735,0,0.5224563479423523,0.032456640154123306
735,0,0.5224563479423523,0.032456640154123306
735,0,0.5224563479423523,0.032456640154123306
735,0,0.5224563479423523,0.032456640154123306
735,0,0.5224563479423523,0.032456640154123306
735,0,0.5224563479423523,0.032456640154123306
735,0,0.5224563479423523,0.032456640154123306
735,0,0.5224563479423523,0.032456640154123306
735,0,0.5224563479423523,0.032456640154123306
735,0,0.5224563479423523,0.032456640154123306
735,0,0.5224563479423523,0.032456640154123306
735,0,0.5224563479423523,0.032456640154123306
735,0,0.5224563479423523,0.032456640154123306
735,0,0.5224563479423523,0.032456640154123306
735,0,0.5224563479423523,0.032456640154123306
838,92,0.4941663444042206,0.6652054190635681
838,93,0.48173126578330994,0.2796517610549927
838,94,0.5129832625389099,0.5896811485290527
838,95,0.4960797429084778,0.9985159635543823
838,96,0.49324268102645874,0.00010241693235002458
838,97,0.5109173655509949,0.715758740901947
838,98,0.4931257665157318,0.7940895557403564
838,99,0.48221829533576965,3.476095571386395e-06
838,92,0.4941663444042206,0.6652054190635681
838,93,0.48173126578330994,0.2796517610549927
838,94,0.5129832625389099,0.5896811485290527
838,95,0.4960797429084778,0.9985159635543823
838,96,0.49324268102645874,0.00010241693235002458
838,97,0.5109173655509949,0.715758740901947
838,98,0.4931257665157318,0.7940895557403564
838,99,0.48221829533576965,3.476095571386395e-06
838,92,0.4941663444042206,0.6652054190635681
838,93,0.48173126578330994,0.2796517610549927
838,94,0.5129832625389099,0.5896811485290527
838,95,0.4960797429084778,0.9985159635543823
838,96,0.49324268102645874,0.00010241693235002458
838,97,0.5109173655509949,0.715758740901947
838,98,0.4931257665157318,0.7940895557403564
838,99,0.48221829533576965,3.476095571386395e-06
838,92,0.4941663444042206,0.6652054190635681
838,93,0.48173126578330994,0.2796517610549927
838,94,0.5129832625389099,0.5896811485290527
838,95,0.4960797429084778,0.9985159635543823
838,96,0.49324268102645874,0.00010241693235002458
838,97,0.5109173655509949,0.715758740901947
838,98,0.4931257665157318,0.7940895557403564
838,99,0.48221829533576965,3.476095571386395e-06
838,92,0.4941663444042206,0.6652054190635681
838,93,0.48173126578330994,0.2796517610549927
838,94,0.5129832625389099,0.5896811485290527
838,95,0.4960797429084778,0.9985159635543823
838,96,0.49324268102645874,0.00010241693235002458
838,97,0.5109173655509949,0.715758740901947
838,98,0.4931257665157318,0.7940895557403564
838,99,0.48221829533576965,3.476095571386395e-06
838,92,0.4941663444042206,0.6652054190635681
838,93,0.48173126578330994,0.2796517610549927
838,94,0.5129832625389099,0.5896811485290527
838,95,0.4960797429084778,0.9985159635543823
838,96,0.49324268102645874,0.00010241693235002458
838,97,0.5109173655509949,0.715758740901947
838,98,0.4931257665157318,0.7940895557403564
838,99,0.48221829533576965,3.476095571386395e-06
838,92,0.4941663444042206,0.6652054190635681
838,93,0.48173126578330994,0.2796517610549927
838,94,0.5129832625389099,0.5896811485290527
838,95,0.4960797429084778,0.9985159635543823
838,96,0.49324268102645874,0.00010241693235002458
838,97,0.5109173655509949,0.715758740901947
838,98,0.4931257665157318,0.7940895557403564
838,99,0.48221829533576965,3.476095571386395e-06
838,92,0.4941663444042206,0.6652054190635681
838,93,0.48173126578330994,0.2796517610549927
838,94,0.5129832625389099,0.5896811485290527
838,95,0.4960797429084778,0.9985159635543823
838,96,0.49324268102645874,0.00010241693235002458
838,97,0.5109173655509949,0.715758740901947
838,98,0.4931257665157318,0.7940895557403564
838,99,0.48221829533576965,3.476095571386395e-06
838,92,0.4941663444042206,0.6652054190635681
838,93,0.48173126578330994,0.2796517610549927
838,94,0.5129832625389099,0.5896811485290527
838,95,0.4960797429084778,0.9985159635543823
838,96,0.49324268102645874,0.00010241693235002458
838,97,0.5109173655509949,0.715758740901947
838,98,0.4931257665157318,0.7940895557403564
838,99,0.48221829533576965,3.476095571386395e-06
838,92,0.4941663444042206,0.6652054190635681
838,93,0.48173126578330994,0.2796517610549927
838,94,0.5129832625389099,0.5896811485290527
838,95,0.4960797429084778,0.9985159635543823
838,96,0.49324268102645874,0.00010241693235002458
838,97,0.5109173655509949,0.715758740901947
838,98,0.4931257665157318,0.7940895557403564
838,99,0.48221829533576965,3.476095571386395e-06
838,92,0.4941663444042206,0.6652054190635681
838,93,0.48173126578330994,0.2796517610549927
838,94,0.5129832625389099,0.5896811485290527
838,95,0.4960797429084778,0.9985159635543823
838,96,0.49324268102645874,0.00010241693235002458
838,98,0.4931257665157318,0.7940895557403564
838,99,0.48221829533576965,3.476095571386395e-06
838,97,0.5109173655509949,0.715758740901947
838,92,0.4941663444042206,0.6652054190635681
838,93,0.48173126578330994,0.2796517610549927
838,94,0.5129832625389099,0.5896811485290527
838,95,0.4960797429084778,0.9985159635543823
838,96,0.49324268102645874,0.00010241693235002458
838,97,0.5109173655509949,0.715758740901947
838,98,0.4931257665157318,0.7940895557403564
838,99,0.48221829533576965,3.476095571386395e-06
838,92,0.4941663444042206,0.6652054190635681
838,93,0.48173126578330994,0.2796517610549927
838,94,0.5129832625389099,0.5896811485290527
838,95,0.4960797429084778,0.9985159635543823
838,96,0.49324268102645874,0.00010241693235002458
838,97,0.5109173655509949,0.715758740901947
838,98,0.4931257665157318,0.7940895557403564
838,99,0.48221829533576965,3.476095571386395e-06
838,92,0.4941663444042206,0.6652054190635681
838,93,0.48173126578330994,0.2796517610549927
838,94,0.5129832625389099,0.5896811485290527
838,95,0.4960797429084778,0.9985159635543823
838,96,0.49324268102645874,0.00010241693235002458
838,97,0.5109173655509949,0.715758740901947
838,98,0.4931257665157318,0.7940895557403564
838,99,0.48221829533576965,3.476095571386395e-06
838,92,0.4941663444042206,0.6652054190635681
838,93,0.48173126578330994,0.2796517610549927
838,94,0.5129832625389099,0.5896811485290527
838,95,0.4960797429084778,0.9985159635543823
838,96,0.49324268102645874,0.00010241693235002458
838,97,0.5109173655509949,0.715758740901947
838,98,0.4931257665157318,0.7940895557403564
838,99,0.48221829533576965,3.476095571386395e-06
838,94,0.5129832625389099,0.5896811485290527
838,100,0.48741233348846436,0.4130973517894745
838,101,0.4959058165550232,0.06661196798086166
838,101,0.4959058165550232,0.06661196798086166
838,102,0.48235607147216797,0.16244398057460785
838,101,0.4959058165550232,0.06661196798086166
838,101,0.4959058165550232,0.06661196798086166
838,103,0.5001690983772278,0.9999990463256836
838,94,0.5129832625389099,0.5896811485290527
838,100,0.48741233348846436,0.4130973517894745
838,101,0.4959058165550232,0.06661196798086166
838,102,0.48235607147216797,0.16244398057460785
838,101,0.4959058165550232,0.06661196798086166
838,103,0.5001690983772278,0.9999990463256836
838,94,0.5129832625389099,0.5896811485290527
838,100,0.48741233348846436,0.4130973517894745
838,101,0.4959058165550232,0.06661196798086166
838,102,0.48235607147216797,0.16244398057460785
838,101,0.4959058165550232,0.06661196798086166
838,103,0.5001690983772278,0.9999990463256836
838,94,0.5129832625389099,0.5896811485290527
838,100,0.48741233348846436,0.4130973517894745
838,101,0.4959058165550232,0.06661196798086166
838,102,0.48235607147216797,0.16244398057460785
838,101,0.4959058165550232,0.06661196798086166
838,103,0.5001690983772278,0.9999990463256836
838,94,0.5129832625389099,0.5896811485290527
838,100,0.48741233348846436,0.4130973517894745
838,101,0.4959058165550232,0.06661196798086166
838,102,0.48235607147216797,0.16244398057460785
838,101,0.4959058165550232,0.06661196798086166
838,103,0.5001690983772278,0.9999990463256836
838,94,0.5129832625389099,0.5896811485290527
838,0,0.5199670195579529,0.032456640154123306
838,0,0.5199670195579529,0.032456640154123306
838,0,0.5199670195579529,0.032456640154123306
838,0,0.5199670195579529,0.032456640154123306
838,0,0.5199670195579529,0.032456640154123306
838,0,0.5199670195579529,0.032456640154123306
838,0,0.5199670195579529,0.032456640154123306
838,0,0.5199670195579529,0.032456640154123306
838,0,0.5199670195579529,0.032456640154123306
838,0,0.5199670195579529,0.032456640154123306
838,0,0.5199670195579529,0.032456640154123306
838,0,0.5199670195579529,0.032456640154123306
838,0,0.5199670195579529,0.032456640154123306
838,0,0.5199670195579529,0.032456640154123306
838,0,0.5199670195579529,0.032456640154123306
838,0,0.5199670195579529,0.032456640154123306
838,0,0.5199670195579529,0.032456640154123306
838,0,0.5199670195579529,0.032456640154123306
838,0,0.5199670195579529,0.032456640154123306
838,0,0.5199670195579529,0.032456640154123306
838,0,0.5199670195579529,0.032456640154123306
838,0,0.5199670195579529,0.032456640154123306
838,0,0.5199670195579529,0.032456640154123306
838,0,0.5199670195579529,0.032456640154123306
838,0,0.5199670195579529,0.032456640154123306
838,0,0.5199670195579529,0.032456640154123306
838,0,0.5199670195579529,0.032456640154123306
838,0,0.5199670195579529,0.032456640154123306
838,0,0.5199670195579529,0.032456640154123306
838,0,0.5199670195579529,0.032456640154123306
838,0,0.5199670195579529,0.032456640154123306
838,0,0.5199670195579529,0.032456640154123306
838,0,0.5199670195579529,0.032456640154123306
838,0,0.5199670195579529,0.032456640154123306
838,0,0.5199670195579529,0.032456640154123306
838,0,0.5199670195579529,0.032456640154123306
838,0,0.5199670195579529,0.032456640154123306
838,0,0.5199670195579529,0.032456640154123306
838,0,0.5199670195579529,0.032456640154123306
838,0,0.5199670195579529,0.032456640154123306
838,0,0.5199670195579529,0.032456640154123306
838,0,0.5199670195579529,0.032456640154123306
838,0,0.5199670195579529,0.032456640154123306
838,0,0.5199670195579529,0.032456640154123306
838,0,0.5199670195579529,0.032456640154123306
838,0,0.5199670195579529,0.032456640154123306
838,0,0.5199670195579529,0.032456640154123306
734,0,0.5199633836746216,0.032456640154123306
734,1,0.5043926239013672,0.2004593163728714
734,2,0.5080910921096802,0.0007838447345420718
734,3,0.4972600042819977,0.1976579874753952
734,4,0.5170764923095703,0.03917420655488968
734,5,0.5166926383972168,0.08894893527030945
734,6,0.4968932867050171,0.03206264227628708
734,6,0.4968932867050171,0.03206264227628708
734,0,0.5199633836746216,0.032456640154123306
734,2,0.5080910921096802,0.0007838447345420718
734,1,0.5043926239013672,0.2004593163728714
734,3,0.4972600042819977,0.1976579874753952
734,5,0.5166926383972168,0.08894893527030945
734,4,0.5170764923095703,0.03917420655488968
734,6,0.4968932867050171,0.03206264227628708
734,6,0.4968932867050171,0.03206264227628708
734,0,0.5199633836746216,0.032456640154123306
734,2,0.5080910921096802,0.0007838447345420718
734,1,0.5043926239013672,0.2004593163728714
734,4,0.5170764923095703,0.03917420655488968
734,5,0.5166926383972168,0.08894893527030945
734,3,0.4972600042819977,0.1976579874753952
734,6,0.4968932867050171,0.03206264227628708
734,6,0.4968932867050171,0.03206264227628708
734,0,0.5199633836746216,0.032456640154123306
734,1,0.5043926239013672,0.2004593163728714
734,2,0.5080910921096802,0.0007838447345420718
734,3,0.4972600042819977,0.1976579874753952
734,4,0.5170764923095703,0.03917420655488968
734,5,0.5166926383972168,0.08894893527030945
734,6,0.4968932867050171,0.03206264227628708
734,6,0.4968932867050171,0.03206264227628708
734,0,0.5199633836746216,0.032456640154123306
734,1,0.5043926239013672,0.2004593163728714
734,2,0.5080910921096802,0.0007838447345420718
734,4,0.5170764923095703,0.03917420655488968
734,3,0.4972600042819977,0.1976579874753952
734,5,0.5166926383972168,0.08894893527030945
734,6,0.4968932867050171,0.03206264227628708
734,6,0.4968932867050171,0.03206264227628708
734,0,0.5199633836746216,0.032456640154123306
734,1,0.5043926239013672,0.2004593163728714
734,2,0.5080910921096802,0.0007838447345420718
734,4,0.5170764923095703,0.03917420655488968
734,3,0.4972600042819977,0.1976579874753952
734,5,0.5166926383972168,0.08894893527030945
734,6,0.4968932867050171,0.03206264227628708
734,6,0.4968932867050171,0.03206264227628708
734,7,0.5153112411499023,0.0005712504498660564
734,8,0.5199575424194336,0.8536729216575623
734,9,0.5157421231269836,0.11330409348011017
734,12,0.4803609251976013,0.38463085889816284
734,10,0.5051302313804626,0.37062060832977295
734,11,0.4976775646209717,0.7055796384811401
734,13,0.46588122844696045,0.19943803548812866
734,6,0.4968932867050171,0.03206264227628708
734,14,0.49491673707962036,0.11159210652112961
734,7,0.5153112411499023,0.0005712504498660564
734,8,0.5199575424194336,0.8536729216575623
734,9,0.5157421231269836,0.11330409348011017
734,12,0.4803609251976013,0.38463085889816284
734,11,0.4976775646209717,0.7055796384811401
734,10,0.5051302313804626,0.37062060832977295
734,13,0.46588122844696045,0.19943803548812866
734,6,0.4968932867050171,0.03206264227628708
734,14,0.49491673707962036,0.11159210652112961
734,7,0.5153112411499023,0.0005712504498660564
734,9,0.5157421231269836,0.11330409348011017
734,8,0.5199575424194336,0.8536729216575623
734,12,0.4803609251976013,0.38463085889816284
734,10,0.5051302313804626,0.37062060832977295
734,11,0.4976775646209717,0.7055796384811401
734,13,0.46588122844696045,0.19943803548812866
734,6,0.4968932867050171,0.03206264227628708
734,14,0.49491673707962036,0.11159210652112961
734,7,0.5153112411499023,0.0005712504498660564
734,9,0.5157421231269836,0.11330409348011017
734,8,0.5199575424194336,0.8536729216575623
734,10,0.5051302313804626,0.37062060832977295
734,12,0.4803609251976013,0.38463085889816284
734,11,0.4976775646209717,0.7055796384811401
734,13,0.46588122844696045,0.19943803548812866
734,6,0.4968932867050171,0.03206264227628708
734,0,0.5199633836746216,0.032456640154123306
734,0,0.5199633836746216,0.032456640154123306
734,0,0.5199633836746216,0.032456640154123306
734,0,0.5199633836746216,0.032456640154123306
734,0,0.5199633836746216,0.032456640154123306
734,0,0.5199633836746216,0.032456640154123306
734,0,0.5199633836746216,0.032456640154123306
734,0,0.5199633836746216,0.032456640154123306
734,0,0.5199633836746216,0.032456640154123306
734,0,0.5199633836746216,0.032456640154123306
734,0,0.5199633836746216,0.032456640154123306
734,0,0.5199633836746216,0.032456640154123306
734,0,0.5199633836746216,0.032456640154123306
734,0,0.5199633836746216,0.032456640154123306
734,0,0.5199633836746216,0.032456640154123306
734,0,0.5199633836746216,0.032456640154123306
734,0,0.5199633836746216,0.032456640154123306
734,0,0.5199633836746216,0.032456640154123306
734,0,0.5199633836746216,0.032456640154123306
734,0,0.5199633836746216,0.032456640154123306
734,0,0.5199633836746216,0.032456640154123306
734,0,0.5199633836746216,0.032456640154123306
734,0,0.5199633836746216,0.032456640154123306
734,0,0.5199633836746216,0.032456640154123306
734,0,0.5199633836746216,0.032456640154123306
734,0,0.5199633836746216,0.032456640154123306
734,0,0.5199633836746216,0.032456640154123306
734,0,0.5199633836746216,0.032456640154123306
734,0,0.5199633836746216,0.032456640154123306
734,0,0.5199633836746216,0.032456640154123306
734,0,0.5199633836746216,0.032456640154123306
734,0,0.5199633836746216,0.032456640154123306
734,0,0.5199633836746216,0.032456640154123306
734,0,0.5199633836746216,0.032456640154123306
734,0,0.5199633836746216,0.032456640154123306
734,0,0.5199633836746216,0.032456640154123306
734,0,0.5199633836746216,0.032456640154123306
734,0,0.5199633836746216,0.032456640154123306
734,0,0.5199633836746216,0.032456640154123306
734,0,0.5199633836746216,0.032456640154123306
734,0,0.5199633836746216,0.032456640154123306
734,0,0.5199633836746216,0.032456640154123306
734,0,0.5199633836746216,0.032456640154123306
734,0,0.5199633836746216,0.032456640154123306
734,0,0.5199633836746216,0.032456640154123306
734,0,0.5199633836746216,0.032456640154123306
734,0,0.5199633836746216,0.032456640154123306
734,0,0.5199633836746216,0.032456640154123306
734,0,0.5199633836746216,0.032456640154123306
734,0,0.5199633836746216,0.032456640154123306
734,0,0.5199633836746216,0.032456640154123306
734,0,0.5199633836746216,0.032456640154123306
734,0,0.5199633836746216,0.032456640154123306
734,0,0.5199633836746216,0.032456640154123306
734,0,0.5199633836746216,0.032456640154123306
734,0,0.5199633836746216,0.032456640154123306
734,0,0.5199633836746216,0.032456640154123306
734,0,0.5199633836746216,0.032456640154123306
734,0,0.5199633836746216,0.032456640154123306
734,0,0.5199633836746216,0.032456640154123306
734,0,0.5199633836746216,0.032456640154123306
734,0,0.5199633836746216,0.032456640154123306
734,0,0.5199633836746216,0.032456640154123306
734,0,0.5199633836746216,0.032456640154123306
734,0,0.5199633836746216,0.032456640154123306
734,0,0.5199633836746216,0.032456640154123306
734,0,0.5199633836746216,0.032456640154123306
734,0,0.5199633836746216,0.032456640154123306
734,0,0.5199633836746216,0.032456640154123306
734,0,0.5199633836746216,0.032456640154123306
734,0,0.5199633836746216,0.032456640154123306
734,0,0.5199633836746216,0.032456640154123306
734,0,0.5199633836746216,0.032456640154123306
734,0,0.5199633836746216,0.032456640154123306
734,0,0.5199633836746216,0.032456640154123306
734,0,0.5199633836746216,0.032456640154123306
734,0,0.5199633836746216,0.032456640154123306
734,0,0.5199633836746216,0.032456640154123306
734,0,0.5199633836746216,0.032456640154123306
734,0,0.5199633836746216,0.032456640154123306
734,0,0.5199633836746216,0.032456640154123306
734,0,0.5199633836746216,0.032456640154123306
734,0,0.5199633836746216,0.032456640154123306
734,0,0.5199633836746216,0.032456640154123306
734,0,0.5199633836746216,0.032456640154123306
734,0,0.5199633836746216,0.032456640154123306
734,0,0.5199633836746216,0.032456640154123306
734,0,0.5199633836746216,0.032456640154123306
734,0,0.5199633836746216,0.032456640154123306
734,0,0.5199633836746216,0.032456640154123306
734,0,0.5199633836746216,0.032456640154123306
734,0,0.5199633836746216,0.032456640154123306
734,0,0.5199633836746216,0.032456640154123306
734,0,0.5199633836746216,0.032456640154123306
734,0,0.5199633836746216,0.032456640154123306
734,0,0.5199633836746216,0.032456640154123306
734,0,0.5199633836746216,0.032456640154123306
734,0,0.5199633836746216,0.032456640154123306
734,0,0.5199633836746216,0.032456640154123306
734,0,0.5199633836746216,0.032456640154123306
734,0,0.5199633836746216,0.032456640154123306
734,0,0.5199633836746216,0.032456640154123306
734,0,0.5199633836746216,0.032456640154123306
734,0,0.5199633836746216,0.032456640154123306
734,0,0.5199633836746216,0.032456640154123306
734,0,0.5199633836746216,0.032456640154123306
734,0,0.5199633836746216,0.032456640154123306
734,0,0.5199633836746216,0.032456640154123306
734,0,0.5199633836746216,0.032456640154123306
734,0,0.5199633836746216,0.032456640154123306
734,0,0.5199633836746216,0.032456640154123306
734,0,0.5199633836746216,0.032456640154123306
734,0,0.5199633836746216,0.032456640154123306
734,0,0.5199633836746216,0.032456640154123306
734,0,0.5199633836746216,0.032456640154123306
734,0,0.5199633836746216,0.032456640154123306
734,0,0.5199633836746216,0.032456640154123306
1053,0,0.519957959651947,0.032456640154123306
1053,1,0.5043871998786926,0.2004593163728714
1053,2,0.5080856680870056,0.0007838447345420718
1053,3,0.4972545802593231,0.1976579874753952
1053,4,0.5170711278915405,0.03917420655488968
1053,5,0.5166872143745422,0.08894893527030945
1053,6,0.49688786268234253,0.03206264227628708
1053,6,0.49688786268234253,0.03206264227628708
1053,0,0.519957959651947,0.032456640154123306
1053,2,0.5080856680870056,0.0007838447345420718
1053,1,0.5043871998786926,0.2004593163728714
1053,3,0.4972545802593231,0.1976579874753952
1053,4,0.5170711278915405,0.03917420655488968
1053,5,0.5166872143745422,0.08894893527030945
1053,6,0.49688786268234253,0.03206264227628708
1053,6,0.49688786268234253,0.03206264227628708
1053,0,0.519957959651947,0.032456640154123306
1053,2,0.5080856680870056,0.0007838447345420718
1053,1,0.5043871998786926,0.2004593163728714
1053,3,0.4972545802593231,0.1976579874753952
1053,4,0.5170711278915405,0.03917420655488968
1053,5,0.5166872143745422,0.08894893527030945
1053,6,0.49688786268234253,0.03206264227628708
1053,6,0.49688786268234253,0.03206264227628708
1053,0,0.519957959651947,0.032456640154123306
1053,1,0.5043871998786926,0.2004593163728714
1053,2,0.5080856680870056,0.0007838447345420718
1053,4,0.5170711278915405,0.03917420655488968
1053,3,0.4972545802593231,0.1976579874753952
1053,5,0.5166872143745422,0.08894893527030945
1053,6,0.49688786268234253,0.03206264227628708
1053,6,0.49688786268234253,0.03206264227628708
1053,6,0.49688786268234253,0.03206264227628708
1053,6,0.49688786268234253,0.03206264227628708
1053,0,0.519957959651947,0.032456640154123306
1053,2,0.5080856680870056,0.0007838447345420718
1053,1,0.5043871998786926,0.2004593163728714
1053,3,0.4972545802593231,0.1976579874753952
1053,4,0.5170711278915405,0.03917420655488968
1053,5,0.5166872143745422,0.08894893527030945
1053,6,0.49688786268234253,0.03206264227628708
1053,6,0.49688786268234253,0.03206264227628708
1053,0,0.519957959651947,0.032456640154123306
1053,2,0.5080856680870056,0.0007838447345420718
1053,1,0.5043871998786926,0.2004593163728714
1053,3,0.4972545802593231,0.1976579874753952
1053,5,0.5166872143745422,0.08894893527030945
1053,4,0.5170711278915405,0.03917420655488968
1053,6,0.49688786268234253,0.03206264227628708
1053,6,0.49688786268234253,0.03206264227628708
1053,0,0.519957959651947,0.032456640154123306
1053,1,0.5043871998786926,0.2004593163728714
1053,2,0.5080856680870056,0.0007838447345420718
1053,3,0.4972545802593231,0.1976579874753952
1053,4,0.5170711278915405,0.03917420655488968
1053,5,0.5166872143745422,0.08894893527030945
1053,6,0.49688786268234253,0.03206264227628708
1053,6,0.49688786268234253,0.03206264227628708
1053,0,0.519957959651947,0.032456640154123306
1053,1,0.5043871998786926,0.2004593163728714
1053,2,0.5080856680870056,0.0007838447345420718
1053,3,0.4972545802593231,0.1976579874753952
1053,4,0.5170711278915405,0.03917420655488968
1053,5,0.5166872143745422,0.08894893527030945
1053,6,0.49688786268234253,0.03206264227628708
1053,6,0.49688786268234253,0.03206264227628708
1053,0,0.519957959651947,0.032456640154123306
1053,1,0.5043871998786926,0.2004593163728714
1053,2,0.5080856680870056,0.0007838447345420718
1053,4,0.5170711278915405,0.03917420655488968
1053,5,0.5166872143745422,0.08894893527030945
1053,3,0.4972545802593231,0.1976579874753952
1053,0,0.519957959651947,0.032456640154123306
1053,0,0.519957959651947,0.032456640154123306
1053,0,0.519957959651947,0.032456640154123306
1053,0,0.519957959651947,0.032456640154123306
1053,0,0.519957959651947,0.032456640154123306
1053,0,0.519957959651947,0.032456640154123306
1053,0,0.519957959651947,0.032456640154123306
1053,0,0.519957959651947,0.032456640154123306
1053,0,0.519957959651947,0.032456640154123306
1053,0,0.519957959651947,0.032456640154123306
1053,0,0.519957959651947,0.032456640154123306
1053,0,0.519957959651947,0.032456640154123306
1053,0,0.519957959651947,0.032456640154123306
1053,0,0.519957959651947,0.032456640154123306
1053,0,0.519957959651947,0.032456640154123306
1053,0,0.519957959651947,0.032456640154123306
1053,0,0.519957959651947,0.032456640154123306
1053,0,0.519957959651947,0.032456640154123306
1053,0,0.519957959651947,0.032456640154123306
1053,0,0.519957959651947,0.032456640154123306
1053,0,0.519957959651947,0.032456640154123306
1053,0,0.519957959651947,0.032456640154123306
1053,0,0.519957959651947,0.032456640154123306
1053,0,0.519957959651947,0.032456640154123306
1053,0,0.519957959651947,0.032456640154123306
1053,0,0.519957959651947,0.032456640154123306
1053,0,0.519957959651947,0.032456640154123306
1053,0,0.519957959651947,0.032456640154123306
1053,0,0.519957959651947,0.032456640154123306
1053,0,0.519957959651947,0.032456640154123306
1053,0,0.519957959651947,0.032456640154123306
1053,0,0.519957959651947,0.032456640154123306
1053,0,0.519957959651947,0.032456640154123306
1053,0,0.519957959651947,0.032456640154123306
1053,0,0.519957959651947,0.032456640154123306
1053,0,0.519957959651947,0.032456640154123306
1053,0,0.519957959651947,0.032456640154123306
1053,0,0.519957959651947,0.032456640154123306
1053,0,0.519957959651947,0.032456640154123306
1053,0,0.519957959651947,0.032456640154123306
1053,0,0.519957959651947,0.032456640154123306
1053,0,0.519957959651947,0.032456640154123306
1053,0,0.519957959651947,0.032456640154123306
1053,0,0.519957959651947,0.032456640154123306
1053,0,0.519957959651947,0.032456640154123306
1053,0,0.519957959651947,0.032456640154123306
1053,0,0.519957959651947,0.032456640154123306
1053,0,0.519957959651947,0.032456640154123306
1053,0,0.519957959651947,0.032456640154123306
1053,0,0.519957959651947,0.032456640154123306
1053,0,0.519957959651947,0.032456640154123306
1053,0,0.519957959651947,0.032456640154123306
1053,0,0.519957959651947,0.032456640154123306
1053,0,0.519957959651947,0.032456640154123306
1053,0,0.519957959651947,0.032456640154123306
1053,0,0.519957959651947,0.032456640154123306
1053,0,0.519957959651947,0.032456640154123306
1053,0,0.519957959651947,0.032456640154123306
1053,0,0.519957959651947,0.032456640154123306
1053,0,0.519957959651947,0.032456640154123306
1053,0,0.519957959651947,0.032456640154123306
1053,0,0.519957959651947,0.032456640154123306
1053,0,0.519957959651947,0.032456640154123306
1053,0,0.519957959651947,0.032456640154123306
1053,0,0.519957959651947,0.032456640154123306
1053,0,0.519957959651947,0.032456640154123306
1053,0,0.519957959651947,0.032456640154123306
1053,0,0.519957959651947,0.032456640154123306
1053,0,0.519957959651947,0.032456640154123306
1053,0,0.519957959651947,0.032456640154123306
1053,0,0.519957959651947,0.032456640154123306
1053,0,0.519957959651947,0.032456640154123306
1053,0,0.519957959651947,0.032456640154123306
1053,0,0.519957959651947,0.032456640154123306
1053,0,0.519957959651947,0.032456640154123306
1053,0,0.519957959651947,0.032456640154123306
1053,0,0.519957959651947,0.032456640154123306
1053,0,0.519957959651947,0.032456640154123306
1053,0,0.519957959651947,0.032456640154123306
1053,0,0.519957959651947,0.032456640154123306
1053,0,0.519957959651947,0.032456640154123306
1053,0,0.519957959651947,0.032456640154123306
1053,0,0.519957959651947,0.032456640154123306
1053,0,0.519957959651947,0.032456640154123306
1053,0,0.519957959651947,0.032456640154123306
1053,0,0.519957959651947,0.032456640154123306
1053,0,0.519957959651947,0.032456640154123306
1053,0,0.519957959651947,0.032456640154123306
1053,0,0.519957959651947,0.032456640154123306
1053,0,0.519957959651947,0.032456640154123306
1053,0,0.519957959651947,0.032456640154123306
1053,0,0.519957959651947,0.032456640154123306
1053,0,0.519957959651947,0.032456640154123306
1053,0,0.519957959651947,0.032456640154123306
1053,0,0.519957959651947,0.032456640154123306
1053,0,0.519957959651947,0.032456640154123306
1053,0,0.519957959651947,0.032456640154123306
1053,0,0.519957959651947,0.032456640154123306
1053,0,0.519957959651947,0.032456640154123306
1053,0,0.519957959651947,0.032456640154123306
1053,0,0.519957959651947,0.032456640154123306
1053,0,0.519957959651947,0.032456640154123306
1053,0,0.519957959651947,0.032456640154123306
1053,0,0.519957959651947,0.032456640154123306
1053,0,0.519957959651947,0.032456640154123306
1053,0,0.519957959651947,0.032456640154123306
1053,0,0.519957959651947,0.032456640154123306
1053,0,0.519957959651947,0.032456640154123306
1053,0,0.519957959651947,0.032456640154123306
1053,0,0.519957959651947,0.032456640154123306
1053,0,0.519957959651947,0.032456640154123306
1053,0,0.519957959651947,0.032456640154123306
1053,0,0.519957959651947,0.032456640154123306
1053,0,0.519957959651947,0.032456640154123306
1053,0,0.519957959651947,0.032456640154123306
1053,0,0.519957959651947,0.032456640154123306
1053,0,0.519957959651947,0.032456640154123306
1053,0,0.519957959651947,0.032456640154123306
1053,0,0.519957959651947,0.032456640154123306
1053,0,0.519957959651947,0.032456640154123306
1053,0,0.519957959651947,0.032456640154123306
1053,0,0.519957959651947,0.032456640154123306
1053,0,0.519957959651947,0.032456640154123306
1053,0,0.519957959651947,0.032456640154123306
1053,0,0.519957959651947,0.032456640154123306
1053,0,0.519957959651947,0.032456640154123306
1053,0,0.519957959651947,0.032456640154123306
1053,0,0.519957959651947,0.032456640154123306
438,279,0.49194321036338806,0.8794111013412476
438,280,0.4833756983280182,0.04054993763566017
438,279,0.49194321036338806,0.8794111013412476
438,280,0.4833756983280182,0.04054993763566017
438,279,0.49194321036338806,0.8794111013412476
438,280,0.4833756983280182,0.04054993763566017
438,281,0.5191424489021301,0.3140147626399994
438,0,0.5199658870697021,0.032456640154123306
438,0,0.5199658870697021,0.032456640154123306
438,0,0.5199658870697021,0.032456640154123306
438,0,0.5199658870697021,0.032456640154123306
438,0,0.5199658870697021,0.032456640154123306
438,0,0.5199658870697021,0.032456640154123306
438,0,0.5199658870697021,0.032456640154123306
438,0,0.5199658870697021,0.032456640154123306
438,0,0.5199658870697021,0.032456640154123306
438,0,0.5199658870697021,0.032456640154123306
438,0,0.5199658870697021,0.032456640154123306
438,0,0.5199658870697021,0.032456640154123306
438,0,0.5199658870697021,0.032456640154123306
438,0,0.5199658870697021,0.032456640154123306
438,0,0.5199658870697021,0.032456640154123306
438,0,0.5199658870697021,0.032456640154123306
438,0,0.5199658870697021,0.032456640154123306
438,0,0.5199658870697021,0.032456640154123306
438,0,0.5199658870697021,0.032456640154123306
438,0,0.5199658870697021,0.032456640154123306
438,0,0.5199658870697021,0.032456640154123306
438,0,0.5199658870697021,0.032456640154123306
438,0,0.5199658870697021,0.032456640154123306
438,0,0.5199658870697021,0.032456640154123306
438,0,0.5199658870697021,0.032456640154123306
438,0,0.5199658870697021,0.032456640154123306
438,0,0.5199658870697021,0.032456640154123306
438,0,0.5199658870697021,0.032456640154123306
438,0,0.5199658870697021,0.032456640154123306
438,0,0.5199658870697021,0.032456640154123306
438,0,0.5199658870697021,0.032456640154123306
438,0,0.5199658870697021,0.032456640154123306
438,0,0.5199658870697021,0.032456640154123306
438,0,0.5199658870697021,0.032456640154123306
438,0,0.5199658870697021,0.032456640154123306
438,0,0.5199658870697021,0.032456640154123306
438,0,0.5199658870697021,0.032456640154123306
438,0,0.5199658870697021,0.032456640154123306
438,0,0.5199658870697021,0.032456640154123306
438,0,0.5199658870697021,0.032456640154123306
438,0,0.5199658870697021,0.032456640154123306
438,0,0.5199658870697021,0.032456640154123306
438,0,0.5199658870697021,0.032456640154123306
438,0,0.5199658870697021,0.032456640154123306
438,0,0.5199658870697021,0.032456640154123306
438,0,0.5199658870697021,0.032456640154123306
438,0,0.5199658870697021,0.032456640154123306
438,0,0.5199658870697021,0.032456640154123306
438,0,0.5199658870697021,0.032456640154123306
438,0,0.5199658870697021,0.032456640154123306
438,0,0.5199658870697021,0.032456640154123306
438,0,0.5199658870697021,0.032456640154123306
438,0,0.5199658870697021,0.032456640154123306
438,0,0.5199658870697021,0.032456640154123306
438,0,0.5199658870697021,0.032456640154123306
438,0,0.5199658870697021,0.032456640154123306
438,0,0.5199658870697021,0.032456640154123306
438,0,0.5199658870697021,0.032456640154123306
438,0,0.5199658870697021,0.032456640154123306
438,0,0.5199658870697021,0.032456640154123306
438,0,0.5199658870697021,0.032456640154123306
438,0,0.5199658870697021,0.032456640154123306
438,0,0.5199658870697021,0.032456640154123306
438,0,0.5199658870697021,0.032456640154123306
438,0,0.5199658870697021,0.032456640154123306
438,0,0.5199658870697021,0.032456640154123306
438,0,0.5199658870697021,0.032456640154123306
438,0,0.5199658870697021,0.032456640154123306
438,0,0.5199658870697021,0.032456640154123306
438,0,0.5199658870697021,0.032456640154123306
438,0,0.5199658870697021,0.032456640154123306
438,0,0.5199658870697021,0.032456640154123306
438,0,0.5199658870697021,0.032456640154123306
438,0,0.5199658870697021,0.032456640154123306
438,0,0.5199658870697021,0.032456640154123306
438,0,0.5199658870697021,0.032456640154123306
438,0,0.5199658870697021,0.032456640154123306
438,0,0.5199658870697021,0.032456640154123306
438,0,0.5199658870697021,0.032456640154123306
438,0,0.5199658870697021,0.032456640154123306
438,0,0.5199658870697021,0.032456640154123306
438,0,0.5199658870697021,0.032456640154123306
438,0,0.5199658870697021,0.032456640154123306
438,0,0.5199658870697021,0.032456640154123306
438,0,0.5199658870697021,0.032456640154123306
438,0,0.5199658870697021,0.032456640154123306
438,0,0.5199658870697021,0.032456640154123306
438,0,0.5199658870697021,0.032456640154123306
438,0,0.5199658870697021,0.032456640154123306
438,0,0.5199658870697021,0.032456640154123306
438,0,0.5199658870697021,0.032456640154123306
438,0,0.5199658870697021,0.032456640154123306
438,0,0.5199658870697021,0.032456640154123306
438,0,0.5199658870697021,0.032456640154123306
438,0,0.5199658870697021,0.032456640154123306
438,0,0.5199658870697021,0.032456640154123306
438,0,0.5199658870697021,0.032456640154123306
438,0,0.5199658870697021,0.032456640154123306
438,0,0.5199658870697021,0.032456640154123306
438,0,0.5199658870697021,0.032456640154123306
438,0,0.5199658870697021,0.032456640154123306
438,0,0.5199658870697021,0.032456640154123306
438,0,0.5199658870697021,0.032456640154123306
438,0,0.5199658870697021,0.032456640154123306
438,0,0.5199658870697021,0.032456640154123306
438,0,0.5199658870697021,0.032456640154123306
438,0,0.5199658870697021,0.032456640154123306
438,0,0.5199658870697021,0.032456640154123306
438,0,0.5199658870697021,0.032456640154123306
438,0,0.5199658870697021,0.032456640154123306
438,0,0.5199658870697021,0.032456640154123306
438,0,0.5199658870697021,0.032456640154123306
438,0,0.5199658870697021,0.032456640154123306
438,0,0.5199658870697021,0.032456640154123306
438,0,0.5199658870697021,0.032456640154123306
438,0,0.5199658870697021,0.032456640154123306
438,0,0.5199658870697021,0.032456640154123306
438,0,0.5199658870697021,0.032456640154123306
438,0,0.5199658870697021,0.032456640154123306
438,0,0.5199658870697021,0.032456640154123306
438,0,0.5199658870697021,0.032456640154123306
438,0,0.5199658870697021,0.032456640154123306
438,0,0.5199658870697021,0.032456640154123306
438,0,0.5199658870697021,0.032456640154123306
438,0,0.5199658870697021,0.032456640154123306
438,0,0.5199658870697021,0.032456640154123306
438,0,0.5199658870697021,0.032456640154123306
438,0,0.5199658870697021,0.032456640154123306
438,0,0.5199658870697021,0.032456640154123306
438,0,0.5199658870697021,0.032456640154123306
438,0,0.5199658870697021,0.032456640154123306
438,0,0.5199658870697021,0.032456640154123306
438,0,0.5199658870697021,0.032456640154123306
438,0,0.5199658870697021,0.032456640154123306
438,0,0.5199658870697021,0.032456640154123306
438,0,0.5199658870697021,0.032456640154123306
438,0,0.5199658870697021,0.032456640154123306
438,0,0.5199658870697021,0.032456640154123306
438,0,0.5199658870697021,0.032456640154123306
438,0,0.5199658870697021,0.032456640154123306
438,0,0.5199658870697021,0.032456640154123306
438,0,0.5199658870697021,0.032456640154123306
438,0,0.5199658870697021,0.032456640154123306
438,0,0.5199658870697021,0.032456640154123306
438,0,0.5199658870697021,0.032456640154123306
438,0,0.5199658870697021,0.032456640154123306
438,0,0.5199658870697021,0.032456640154123306
438,0,0.5199658870697021,0.032456640154123306
438,0,0.5199658870697021,0.032456640154123306
438,0,0.5199658870697021,0.032456640154123306
438,0,0.5199658870697021,0.032456640154123306
438,0,0.5199658870697021,0.032456640154123306
438,0,0.5199658870697021,0.032456640154123306
438,0,0.5199658870697021,0.032456640154123306
438,0,0.5199658870697021,0.032456640154123306
438,0,0.5199658870697021,0.032456640154123306
438,0,0.5199658870697021,0.032456640154123306
438,0,0.5199658870697021,0.032456640154123306
438,0,0.5199658870697021,0.032456640154123306
438,0,0.5199658870697021,0.032456640154123306
438,0,0.5199658870697021,0.032456640154123306
438,0,0.5199658870697021,0.032456640154123306
438,0,0.5199658870697021,0.032456640154123306
438,0,0.5199658870697021,0.032456640154123306
438,0,0.5199658870697021,0.032456640154123306
438,0,0.5199658870697021,0.032456640154123306
438,0,0.5199658870697021,0.032456640154123306
438,0,0.5199658870697021,0.032456640154123306
438,0,0.5199658870697021,0.032456640154123306
438,0,0.5199658870697021,0.032456640154123306
438,0,0.5199658870697021,0.032456640154123306
438,0,0.5199658870697021,0.032456640154123306
438,0,0.5199658870697021,0.032456640154123306
438,0,0.5199658870697021,0.032456640154123306
438,0,0.5199658870697021,0.032456640154123306
438,0,0.5199658870697021,0.032456640154123306
438,0,0.5199658870697021,0.032456640154123306
438,0,0.5199658870697021,0.032456640154123306
438,0,0.5199658870697021,0.032456640154123306
438,0,0.5199658870697021,0.032456640154123306
438,0,0.5199658870697021,0.032456640154123306
438,0,0.5199658870697021,0.032456640154123306
438,0,0.5199658870697021,0.032456640154123306
438,0,0.5199658870697021,0.032456640154123306
438,0,0.5199658870697021,0.032456640154123306
438,0,0.5199658870697021,0.032456640154123306
438,0,0.5199658870697021,0.032456640154123306
438,0,0.5199658870697021,0.032456640154123306
438,0,0.5199658870697021,0.032456640154123306
438,0,0.5199658870697021,0.032456640154123306
438,0,0.5199658870697021,0.032456640154123306
438,0,0.5199658870697021,0.032456640154123306
438,0,0.5199658870697021,0.032456640154123306
824,0,0.519963800907135,0.032456640154123306
824,2,0.5080915093421936,0.0007838447345420718
824,1,0.5043930411338806,0.2004593163728714
824,3,0.4972603917121887,0.1976579874753952
824,4,0.5170769095420837,0.03917420655488968
824,5,0.5166930556297302,0.08894893527030945
824,6,0.4968937039375305,0.03206264227628708
824,6,0.4968937039375305,0.03206264227628708
824,0,0.519963800907135,0.032456640154123306
824,2,0.5080915093421936,0.0007838447345420718
824,1,0.5043930411338806,0.2004593163728714
824,3,0.4972603917121887,0.1976579874753952
824,4,0.5170769095420837,0.03917420655488968
824,5,0.5166930556297302,0.08894893527030945
824,6,0.4968937039375305,0.03206264227628708
824,6,0.4968937039375305,0.03206264227628708
824,0,0.519963800907135,0.032456640154123306
824,2,0.5080915093421936,0.0007838447345420718
824,1,0.5043930411338806,0.2004593163728714
824,3,0.4972603917121887,0.1976579874753952
824,4,0.5170769095420837,0.03917420655488968
824,5,0.5166930556297302,0.08894893527030945
824,6,0.4968937039375305,0.03206264227628708
824,6,0.4968937039375305,0.03206264227628708
824,0,0.519963800907135,0.032456640154123306
824,2,0.5080915093421936,0.0007838447345420718
824,1,0.5043930411338806,0.2004593163728714
824,3,0.4972603917121887,0.1976579874753952
824,5,0.5166930556297302,0.08894893527030945
824,4,0.5170769095420837,0.03917420655488968
824,6,0.4968937039375305,0.03206264227628708
824,6,0.4968937039375305,0.03206264227628708
824,0,0.519963800907135,0.032456640154123306
824,1,0.5043930411338806,0.2004593163728714
824,2,0.5080915093421936,0.0007838447345420718
824,2,0.5080915093421936,0.0007838447345420718
824,3,0.4972603917121887,0.1976579874753952
824,4,0.5170769095420837,0.03917420655488968
824,5,0.5166930556297302,0.08894893527030945
824,6,0.4968937039375305,0.03206264227628708
824,6,0.4968937039375305,0.03206264227628708
824,0,0.519963800907135,0.032456640154123306
824,1,0.5043930411338806,0.2004593163728714
824,2,0.5080915093421936,0.0007838447345420718
824,4,0.5170769095420837,0.03917420655488968
824,3,0.4972603917121887,0.1976579874753952
824,5,0.5166930556297302,0.08894893527030945
824,6,0.4968937039375305,0.03206264227628708
824,6,0.4968937039375305,0.03206264227628708
824,0,0.519963800907135,0.032456640154123306
824,1,0.5043930411338806,0.2004593163728714
824,2,0.5080915093421936,0.0007838447345420718
824,4,0.5170769095420837,0.03917420655488968
824,3,0.4972603917121887,0.1976579874753952
824,5,0.5166930556297302,0.08894893527030945
824,6,0.4968937039375305,0.03206264227628708
824,6,0.4968937039375305,0.03206264227628708
824,0,0.519963800907135,0.032456640154123306
824,1,0.5043930411338806,0.2004593163728714
824,2,0.5080915093421936,0.0007838447345420718
824,4,0.5170769095420837,0.03917420655488968
824,3,0.4972603917121887,0.1976579874753952
824,5,0.5166930556297302,0.08894893527030945
824,6,0.4968937039375305,0.03206264227628708
824,6,0.4968937039375305,0.03206264227628708
824,0,0.519963800907135,0.032456640154123306
824,1,0.5043930411338806,0.2004593163728714
824,2,0.5080915093421936,0.0007838447345420718
824,3,0.4972603917121887,0.1976579874753952
824,4,0.5170769095420837,0.03917420655488968
824,5,0.5166930556297302,0.08894893527030945
824,6,0.4968937039375305,0.03206264227628708
824,6,0.4968937039375305,0.03206264227628708
824,0,0.519963800907135,0.032456640154123306
824,2,0.5080915093421936,0.0007838447345420718
824,1,0.5043930411338806,0.2004593163728714
824,3,0.4972603917121887,0.1976579874753952
824,4,0.5170769095420837,0.03917420655488968
824,5,0.5166930556297302,0.08894893527030945
824,6,0.4968937039375305,0.03206264227628708
824,6,0.4968937039375305,0.03206264227628708
824,0,0.519963800907135,0.032456640154123306
824,1,0.5043930411338806,0.2004593163728714
824,2,0.5080915093421936,0.0007838447345420718
824,3,0.4972603917121887,0.1976579874753952
824,4,0.5170769095420837,0.03917420655488968
824,5,0.5166930556297302,0.08894893527030945
824,6,0.4968937039375305,0.03206264227628708
824,6,0.4968937039375305,0.03206264227628708
824,0,0.519963800907135,0.032456640154123306
824,2,0.5080915093421936,0.0007838447345420718
824,1,0.5043930411338806,0.2004593163728714
824,3,0.4972603917121887,0.1976579874753952
824,4,0.5170769095420837,0.03917420655488968
824,5,0.5166930556297302,0.08894893527030945
824,6,0.4968937039375305,0.03206264227628708
824,6,0.4968937039375305,0.03206264227628708
824,0,0.519963800907135,0.032456640154123306
824,2,0.5080915093421936,0.0007838447345420718
824,1,0.5043930411338806,0.2004593163728714
824,3,0.4972603917121887,0.1976579874753952
824,4,0.5170769095420837,0.03917420655488968
824,5,0.5166930556297302,0.08894893527030945
824,6,0.4968937039375305,0.03206264227628708
824,6,0.4968937039375305,0.03206264227628708
824,7,0.5153116583824158,0.0005712504498660564
824,9,0.5157425403594971,0.11330409348011017
824,8,0.5199579000473022,0.8536729216575623
824,10,0.5051306486129761,0.37062060832977295
824,12,0.48036134243011475,0.38463085889816284
824,11,0.4976780414581299,0.7055796384811401
824,13,0.4658816456794739,0.19943803548812866
824,6,0.4968937039375305,0.03206264227628708
824,14,0.4949171543121338,0.11159210652112961
824,7,0.5153116583824158,0.0005712504498660564
824,8,0.5199579000473022,0.8536729216575623
824,9,0.5157425403594971,0.11330409348011017
824,12,0.48036134243011475,0.38463085889816284
824,10,0.5051306486129761,0.37062060832977295
824,11,0.4976780414581299,0.7055796384811401
824,13,0.4658816456794739,0.19943803548812866
824,6,0.4968937039375305,0.03206264227628708
824,14,0.4949171543121338,0.11159210652112961
824,7,0.5153116583824158,0.0005712504498660564
824,9,0.5157425403594971,0.11330409348011017
824,8,0.5199579000473022,0.8536729216575623
824,10,0.5051306486129761,0.37062060832977295
824,12,0.48036134243011475,0.38463085889816284
824,11,0.4976780414581299,0.7055796384811401
824,13,0.4658816456794739,0.19943803548812866
824,6,0.4968937039375305,0.03206264227628708
824,14,0.4949171543121338,0.11159210652112961
824,7,0.5153116583824158,0.0005712504498660564
824,9,0.5157425403594971,0.11330409348011017
824,8,0.5199579000473022,0.8536729216575623
824,12,0.48036134243011475,0.38463085889816284
824,10,0.5051306486129761,0.37062060832977295
824,11,0.4976780414581299,0.7055796384811401
824,13,0.4658816456794739,0.19943803548812866
824,6,0.4968937039375305,0.03206264227628708
824,14,0.4949171543121338,0.11159210652112961
824,7,0.5153116583824158,0.0005712504498660564
824,8,0.5199579000473022,0.8536729216575623
824,0,0.519963800907135,0.032456640154123306
824,0,0.519963800907135,0.032456640154123306
824,0,0.519963800907135,0.032456640154123306
824,0,0.519963800907135,0.032456640154123306
824,0,0.519963800907135,0.032456640154123306
824,0,0.519963800907135,0.032456640154123306
824,0,0.519963800907135,0.032456640154123306
824,0,0.519963800907135,0.032456640154123306
824,0,0.519963800907135,0.032456640154123306
824,0,0.519963800907135,0.032456640154123306
824,0,0.519963800907135,0.032456640154123306
824,0,0.519963800907135,0.032456640154123306
824,0,0.519963800907135,0.032456640154123306
824,0,0.519963800907135,0.032456640154123306
824,0,0.519963800907135,0.032456640154123306
824,0,0.519963800907135,0.032456640154123306
824,0,0.519963800907135,0.032456640154123306
824,0,0.519963800907135,0.032456640154123306
824,0,0.519963800907135,0.032456640154123306
824,0,0.519963800907135,0.032456640154123306
824,0,0.519963800907135,0.032456640154123306
824,0,0.519963800907135,0.032456640154123306
824,0,0.519963800907135,0.032456640154123306
824,0,0.519963800907135,0.032456640154123306
824,0,0.519963800907135,0.032456640154123306
824,0,0.519963800907135,0.032456640154123306
824,0,0.519963800907135,0.032456640154123306
824,0,0.519963800907135,0.032456640154123306
824,0,0.519963800907135,0.032456640154123306
824,0,0.519963800907135,0.032456640154123306
824,0,0.519963800907135,0.032456640154123306
824,0,0.519963800907135,0.032456640154123306
824,0,0.519963800907135,0.032456640154123306
824,0,0.519963800907135,0.032456640154123306
824,0,0.519963800907135,0.032456640154123306
824,0,0.519963800907135,0.032456640154123306
824,0,0.519963800907135,0.032456640154123306
824,0,0.519963800907135,0.032456640154123306
824,0,0.519963800907135,0.032456640154123306
824,0,0.519963800907135,0.032456640154123306
824,0,0.519963800907135,0.032456640154123306
824,0,0.519963800907135,0.032456640154123306
824,0,0.519963800907135,0.032456640154123306
824,0,0.519963800907135,0.032456640154123306
824,0,0.519963800907135,0.032456640154123306
824,0,0.519963800907135,0.032456640154123306
824,0,0.519963800907135,0.032456640154123306
824,0,0.519963800907135,0.032456640154123306
824,0,0.519963800907135,0.032456640154123306
824,0,0.519963800907135,0.032456640154123306
824,0,0.519963800907135,0.032456640154123306
824,0,0.519963800907135,0.032456640154123306
824,0,0.519963800907135,0.032456640154123306
824,0,0.519963800907135,0.032456640154123306
824,0,0.519963800907135,0.032456640154123306
824,0,0.519963800907135,0.032456640154123306
824,0,0.519963800907135,0.032456640154123306
459,92,0.4941730201244354,0.6652054190635681
459,93,0.48173800110816956,0.2796517610549927
459,94,0.5129899978637695,0.5896811485290527
459,95,0.4960864782333374,0.9985159635543823
459,96,0.49324941635131836,0.00010241693235002458
459,97,0.5109241008758545,0.715758740901947
459,98,0.49313250184059143,0.7940895557403564
459,99,0.4822250306606293,3.476095571386395e-06
459,92,0.4941730201244354,0.6652054190635681
459,93,0.48173800110816956,0.2796517610549927
459,94,0.5129899978637695,0.5896811485290527
459,95,0.4960864782333374,0.9985159635543823
459,96,0.49324941635131836,0.00010241693235002458
459,97,0.5109241008758545,0.715758740901947
459,98,0.49313250184059143,0.7940895557403564
459,99,0.4822250306606293,3.476095571386395e-06
459,92,0.4941730201244354,0.6652054190635681
459,93,0.48173800110816956,0.2796517610549927
459,94,0.5129899978637695,0.5896811485290527
459,95,0.4960864782333374,0.9985159635543823
459,96,0.49324941635131836,0.00010241693235002458
459,98,0.49313250184059143,0.7940895557403564
459,97,0.5109241008758545,0.715758740901947
459,99,0.4822250306606293,3.476095571386395e-06
459,0,0.5199737548828125,0.032456640154123306
459,0,0.5199737548828125,0.032456640154123306
459,0,0.5199737548828125,0.032456640154123306
459,0,0.5199737548828125,0.032456640154123306
459,0,0.5199737548828125,0.032456640154123306
459,0,0.5199737548828125,0.032456640154123306
459,0,0.5199737548828125,0.032456640154123306
459,0,0.5199737548828125,0.032456640154123306
459,0,0.5199737548828125,0.032456640154123306
459,0,0.5199737548828125,0.032456640154123306
459,0,0.5199737548828125,0.032456640154123306
459,0,0.5199737548828125,0.032456640154123306
459,0,0.5199737548828125,0.032456640154123306
459,0,0.5199737548828125,0.032456640154123306
459,0,0.5199737548828125,0.032456640154123306
459,0,0.5199737548828125,0.032456640154123306
459,0,0.5199737548828125,0.032456640154123306
459,0,0.5199737548828125,0.032456640154123306
459,0,0.5199737548828125,0.032456640154123306
459,0,0.5199737548828125,0.032456640154123306
459,0,0.5199737548828125,0.032456640154123306
459,0,0.5199737548828125,0.032456640154123306
459,0,0.5199737548828125,0.032456640154123306
459,0,0.5199737548828125,0.032456640154123306
459,0,0.5199737548828125,0.032456640154123306
459,0,0.5199737548828125,0.032456640154123306
459,0,0.5199737548828125,0.032456640154123306
459,0,0.5199737548828125,0.032456640154123306
459,0,0.5199737548828125,0.032456640154123306
459,0,0.5199737548828125,0.032456640154123306
459,0,0.5199737548828125,0.032456640154123306
459,0,0.5199737548828125,0.032456640154123306
459,0,0.5199737548828125,0.032456640154123306
459,0,0.5199737548828125,0.032456640154123306
459,0,0.5199737548828125,0.032456640154123306
459,0,0.5199737548828125,0.032456640154123306
459,0,0.5199737548828125,0.032456640154123306
459,0,0.5199737548828125,0.032456640154123306
459,0,0.5199737548828125,0.032456640154123306
459,0,0.5199737548828125,0.032456640154123306
459,0,0.5199737548828125,0.032456640154123306
459,0,0.5199737548828125,0.032456640154123306
459,0,0.5199737548828125,0.032456640154123306
459,0,0.5199737548828125,0.032456640154123306
459,0,0.5199737548828125,0.032456640154123306
459,0,0.5199737548828125,0.032456640154123306
459,0,0.5199737548828125,0.032456640154123306
459,0,0.5199737548828125,0.032456640154123306
459,0,0.5199737548828125,0.032456640154123306
459,0,0.5199737548828125,0.032456640154123306
459,0,0.5199737548828125,0.032456640154123306
459,0,0.5199737548828125,0.032456640154123306
459,0,0.5199737548828125,0.032456640154123306
459,0,0.5199737548828125,0.032456640154123306
459,0,0.5199737548828125,0.032456640154123306
459,0,0.5199737548828125,0.032456640154123306
459,0,0.5199737548828125,0.032456640154123306
459,0,0.5199737548828125,0.032456640154123306
459,0,0.5199737548828125,0.032456640154123306
459,0,0.5199737548828125,0.032456640154123306
459,0,0.5199737548828125,0.032456640154123306
459,0,0.5199737548828125,0.032456640154123306
459,0,0.5199737548828125,0.032456640154123306
459,0,0.5199737548828125,0.032456640154123306
459,0,0.5199737548828125,0.032456640154123306
459,0,0.5199737548828125,0.032456640154123306
459,0,0.5199737548828125,0.032456640154123306
459,0,0.5199737548828125,0.032456640154123306
459,0,0.5199737548828125,0.032456640154123306
459,0,0.5199737548828125,0.032456640154123306
459,0,0.5199737548828125,0.032456640154123306
459,0,0.5199737548828125,0.032456640154123306
459,0,0.5199737548828125,0.032456640154123306
459,0,0.5199737548828125,0.032456640154123306
459,0,0.5199737548828125,0.032456640154123306
459,0,0.5199737548828125,0.032456640154123306
459,0,0.5199737548828125,0.032456640154123306
459,0,0.5199737548828125,0.032456640154123306
459,0,0.5199737548828125,0.032456640154123306
459,0,0.5199737548828125,0.032456640154123306
459,0,0.5199737548828125,0.032456640154123306
459,0,0.5199737548828125,0.032456640154123306
459,0,0.5199737548828125,0.032456640154123306
459,0,0.5199737548828125,0.032456640154123306
459,0,0.5199737548828125,0.032456640154123306
459,0,0.5199737548828125,0.032456640154123306
459,0,0.5199737548828125,0.032456640154123306
459,0,0.5199737548828125,0.032456640154123306
459,0,0.5199737548828125,0.032456640154123306
459,0,0.5199737548828125,0.032456640154123306
459,0,0.5199737548828125,0.032456640154123306
459,0,0.5199737548828125,0.032456640154123306
459,0,0.5199737548828125,0.032456640154123306
459,0,0.5199737548828125,0.032456640154123306
459,0,0.5199737548828125,0.032456640154123306
459,0,0.5199737548828125,0.032456640154123306
459,0,0.5199737548828125,0.032456640154123306
459,0,0.5199737548828125,0.032456640154123306
459,0,0.5199737548828125,0.032456640154123306
459,0,0.5199737548828125,0.032456640154123306
459,0,0.5199737548828125,0.032456640154123306
459,0,0.5199737548828125,0.032456640154123306
459,0,0.5199737548828125,0.032456640154123306
459,0,0.5199737548828125,0.032456640154123306
459,0,0.5199737548828125,0.032456640154123306
459,0,0.5199737548828125,0.032456640154123306
459,0,0.5199737548828125,0.032456640154123306
459,0,0.5199737548828125,0.032456640154123306
459,0,0.5199737548828125,0.032456640154123306
459,0,0.5199737548828125,0.032456640154123306
459,0,0.5199737548828125,0.032456640154123306
459,0,0.5199737548828125,0.032456640154123306
459,0,0.5199737548828125,0.032456640154123306
459,0,0.5199737548828125,0.032456640154123306
459,0,0.5199737548828125,0.032456640154123306
459,0,0.5199737548828125,0.032456640154123306
459,0,0.5199737548828125,0.032456640154123306
459,0,0.5199737548828125,0.032456640154123306
459,0,0.5199737548828125,0.032456640154123306
459,0,0.5199737548828125,0.032456640154123306
459,0,0.5199737548828125,0.032456640154123306
459,0,0.5199737548828125,0.032456640154123306
459,0,0.5199737548828125,0.032456640154123306
459,0,0.5199737548828125,0.032456640154123306
459,0,0.5199737548828125,0.032456640154123306
459,0,0.5199737548828125,0.032456640154123306
459,0,0.5199737548828125,0.032456640154123306
459,0,0.5199737548828125,0.032456640154123306
459,0,0.5199737548828125,0.032456640154123306
459,0,0.5199737548828125,0.032456640154123306
459,0,0.5199737548828125,0.032456640154123306
459,0,0.5199737548828125,0.032456640154123306
459,0,0.5199737548828125,0.032456640154123306
459,0,0.5199737548828125,0.032456640154123306
459,0,0.5199737548828125,0.032456640154123306
459,0,0.5199737548828125,0.032456640154123306
459,0,0.5199737548828125,0.032456640154123306
459,0,0.5199737548828125,0.032456640154123306
459,0,0.5199737548828125,0.032456640154123306
459,0,0.5199737548828125,0.032456640154123306
459,0,0.5199737548828125,0.032456640154123306
459,0,0.5199737548828125,0.032456640154123306
459,0,0.5199737548828125,0.032456640154123306
459,0,0.5199737548828125,0.032456640154123306
459,0,0.5199737548828125,0.032456640154123306
459,0,0.5199737548828125,0.032456640154123306
459,0,0.5199737548828125,0.032456640154123306
459,0,0.5199737548828125,0.032456640154123306
459,0,0.5199737548828125,0.032456640154123306
459,0,0.5199737548828125,0.032456640154123306
459,0,0.5199737548828125,0.032456640154123306
459,0,0.5199737548828125,0.032456640154123306
459,0,0.5199737548828125,0.032456640154123306
459,0,0.5199737548828125,0.032456640154123306
459,0,0.5199737548828125,0.032456640154123306
459,0,0.5199737548828125,0.032456640154123306
459,0,0.5199737548828125,0.032456640154123306
459,0,0.5199737548828125,0.032456640154123306
459,0,0.5199737548828125,0.032456640154123306
459,0,0.5199737548828125,0.032456640154123306
459,0,0.5199737548828125,0.032456640154123306
459,0,0.5199737548828125,0.032456640154123306
459,0,0.5199737548828125,0.032456640154123306
459,0,0.5199737548828125,0.032456640154123306
459,0,0.5199737548828125,0.032456640154123306
459,0,0.5199737548828125,0.032456640154123306
459,0,0.5199737548828125,0.032456640154123306
459,0,0.5199737548828125,0.032456640154123306
459,0,0.5199737548828125,0.032456640154123306
459,0,0.5199737548828125,0.032456640154123306
459,0,0.5199737548828125,0.032456640154123306
459,0,0.5199737548828125,0.032456640154123306
459,0,0.5199737548828125,0.032456640154123306
459,0,0.5199737548828125,0.032456640154123306
459,0,0.5199737548828125,0.032456640154123306
459,0,0.5199737548828125,0.032456640154123306
707,0,0.5199632048606873,0.032456640154123306
707,2,0.5080909729003906,0.0007838447345420718
707,1,0.5043924450874329,0.2004593163728714
707,3,0.49725982546806335,0.1976579874753952
707,4,0.517076313495636,0.03917420655488968
707,5,0.5166925191879272,0.08894893527030945
707,6,0.49689310789108276,0.03206264227628708
707,6,0.49689310789108276,0.03206264227628708
707,0,0.5199632048606873,0.032456640154123306
707,2,0.5080909729003906,0.0007838447345420718
707,1,0.5043924450874329,0.2004593163728714
707,3,0.49725982546806335,0.1976579874753952
707,4,0.517076313495636,0.03917420655488968
707,5,0.5166925191879272,0.08894893527030945
707,6,0.49689310789108276,0.03206264227628708
707,6,0.49689310789108276,0.03206264227628708
707,0,0.5199632048606873,0.032456640154123306
707,2,0.5080909729003906,0.0007838447345420718
707,1,0.5043924450874329,0.2004593163728714
707,3,0.49725982546806335,0.1976579874753952
707,4,0.517076313495636,0.03917420655488968
707,5,0.5166925191879272,0.08894893527030945
707,6,0.49689310789108276,0.03206264227628708
707,6,0.49689310789108276,0.03206264227628708
707,0,0.5199632048606873,0.032456640154123306
707,1,0.5043924450874329,0.2004593163728714
707,2,0.5080909729003906,0.0007838447345420718
707,3,0.49725982546806335,0.1976579874753952
707,4,0.517076313495636,0.03917420655488968
707,5,0.5166925191879272,0.08894893527030945
707,6,0.49689310789108276,0.03206264227628708
707,6,0.49689310789108276,0.03206264227628708
707,0,0.5199632048606873,0.032456640154123306
707,2,0.5080909729003906,0.0007838447345420718
707,1,0.5043924450874329,0.2004593163728714
707,3,0.49725982546806335,0.1976579874753952
707,4,0.517076313495636,0.03917420655488968
707,5,0.5166925191879272,0.08894893527030945
707,6,0.49689310789108276,0.03206264227628708
707,6,0.49689310789108276,0.03206264227628708
707,0,0.5199632048606873,0.032456640154123306
707,2,0.5080909729003906,0.0007838447345420718
707,1,0.5043924450874329,0.2004593163728714
707,3,0.49725982546806335,0.1976579874753952
707,4,0.517076313495636,0.03917420655488968
707,5,0.5166925191879272,0.08894893527030945
707,6,0.49689310789108276,0.03206264227628708
707,6,0.49689310789108276,0.03206264227628708
707,7,0.515311062335968,0.0005712504498660564
707,9,0.5157419443130493,0.11330409348011017
707,8,0.5199573636054993,0.8536729216575623
707,12,0.480360746383667,0.38463085889816284
707,10,0.5051301121711731,0.37062060832977295
707,11,0.49767744541168213,0.7055796384811401
707,13,0.4658810794353485,0.19943803548812866
707,6,0.49689310789108276,0.03206264227628708
707,14,0.49491655826568604,0.11159210652112961
707,7,0.515311062335968,0.0005712504498660564
707,8,0.5199573636054993,0.8536729216575623
707,9,0.5157419443130493,0.11330409348011017
707,12,0.480360746383667,0.38463085889816284
707,10,0.5051301121711731,0.37062060832977295
707,11,0.49767744541168213,0.7055796384811401
707,13,0.4658810794353485,0.19943803548812866
707,6,0.49689310789108276,0.03206264227628708
707,14,0.49491655826568604,0.11159210652112961
707,7,0.515311062335968,0.0005712504498660564
707,8,0.5199573636054993,0.8536729216575623
707,9,0.5157419443130493,0.11330409348011017
707,10,0.5051301121711731,0.37062060832977295
707,11,0.49767744541168213,0.7055796384811401
707,12,0.480360746383667,0.38463085889816284
707,13,0.4658810794353485,0.19943803548812866
707,6,0.49689310789108276,0.03206264227628708
707,14,0.49491655826568604,0.11159210652112961
707,7,0.515311062335968,0.0005712504498660564
707,9,0.5157419443130493,0.11330409348011017
707,8,0.5199573636054993,0.8536729216575623
707,10,0.5051301121711731,0.37062060832977295
707,12,0.480360746383667,0.38463085889816284
707,11,0.49767744541168213,0.7055796384811401
707,13,0.4658810794353485,0.19943803548812866
707,6,0.49689310789108276,0.03206264227628708
707,14,0.49491655826568604,0.11159210652112961
707,7,0.515311062335968,0.0005712504498660564
707,8,0.5199573636054993,0.8536729216575623
707,9,0.5157419443130493,0.11330409348011017
707,10,0.5051301121711731,0.37062060832977295
707,11,0.49767744541168213,0.7055796384811401
707,12,0.480360746383667,0.38463085889816284
707,13,0.4658810794353485,0.19943803548812866
707,6,0.49689310789108276,0.03206264227628708
707,14,0.49491655826568604,0.11159210652112961
707,7,0.515311062335968,0.0005712504498660564
707,8,0.5199573636054993,0.8536729216575623
707,9,0.5157419443130493,0.11330409348011017
707,10,0.5051301121711731,0.37062060832977295
707,12,0.480360746383667,0.38463085889816284
707,11,0.49767744541168213,0.7055796384811401
707,13,0.4658810794353485,0.19943803548812866
707,6,0.49689310789108276,0.03206264227628708
707,14,0.49491655826568604,0.11159210652112961
707,7,0.515311062335968,0.0005712504498660564
707,8,0.5199573636054993,0.8536729216575623
707,9,0.5157419443130493,0.11330409348011017
707,10,0.5051301121711731,0.37062060832977295
707,11,0.49767744541168213,0.7055796384811401
707,12,0.480360746383667,0.38463085889816284
707,13,0.4658810794353485,0.19943803548812866
707,6,0.49689310789108276,0.03206264227628708
707,14,0.49491655826568604,0.11159210652112961
707,7,0.515311062335968,0.0005712504498660564
707,8,0.5199573636054993,0.8536729216575623
707,9,0.5157419443130493,0.11330409348011017
707,12,0.480360746383667,0.38463085889816284
707,10,0.5051301121711731,0.37062060832977295
707,11,0.49767744541168213,0.7055796384811401
707,13,0.4658810794353485,0.19943803548812866
707,6,0.49689310789108276,0.03206264227628708
707,14,0.49491655826568604,0.11159210652112961
707,0,0.5199632048606873,0.032456640154123306
707,0,0.5199632048606873,0.032456640154123306
707,0,0.5199632048606873,0.032456640154123306
707,0,0.5199632048606873,0.032456640154123306
707,0,0.5199632048606873,0.032456640154123306
707,0,0.5199632048606873,0.032456640154123306
707,0,0.5199632048606873,0.032456640154123306
707,0,0.5199632048606873,0.032456640154123306
707,0,0.5199632048606873,0.032456640154123306
707,0,0.5199632048606873,0.032456640154123306
707,0,0.5199632048606873,0.032456640154123306
707,0,0.5199632048606873,0.032456640154123306
707,0,0.5199632048606873,0.032456640154123306
707,0,0.5199632048606873,0.032456640154123306
707,0,0.5199632048606873,0.032456640154123306
707,0,0.5199632048606873,0.032456640154123306
707,0,0.5199632048606873,0.032456640154123306
707,0,0.5199632048606873,0.032456640154123306
707,0,0.5199632048606873,0.032456640154123306
707,0,0.5199632048606873,0.032456640154123306
707,0,0.5199632048606873,0.032456640154123306
707,0,0.5199632048606873,0.032456640154123306
707,0,0.5199632048606873,0.032456640154123306
707,0,0.5199632048606873,0.032456640154123306
707,0,0.5199632048606873,0.032456640154123306
707,0,0.5199632048606873,0.032456640154123306
707,0,0.5199632048606873,0.032456640154123306
707,0,0.5199632048606873,0.032456640154123306
707,0,0.5199632048606873,0.032456640154123306
707,0,0.5199632048606873,0.032456640154123306
707,0,0.5199632048606873,0.032456640154123306
707,0,0.5199632048606873,0.032456640154123306
707,0,0.5199632048606873,0.032456640154123306
707,0,0.5199632048606873,0.032456640154123306
707,0,0.5199632048606873,0.032456640154123306
707,0,0.5199632048606873,0.032456640154123306
707,0,0.5199632048606873,0.032456640154123306
707,0,0.5199632048606873,0.032456640154123306
707,0,0.5199632048606873,0.032456640154123306
707,0,0.5199632048606873,0.032456640154123306
707,0,0.5199632048606873,0.032456640154123306
707,0,0.5199632048606873,0.032456640154123306
707,0,0.5199632048606873,0.032456640154123306
707,0,0.5199632048606873,0.032456640154123306
707,0,0.5199632048606873,0.032456640154123306
707,0,0.5199632048606873,0.032456640154123306
707,0,0.5199632048606873,0.032456640154123306
707,0,0.5199632048606873,0.032456640154123306
707,0,0.5199632048606873,0.032456640154123306
707,0,0.5199632048606873,0.032456640154123306
707,0,0.5199632048606873,0.032456640154123306
707,0,0.5199632048606873,0.032456640154123306
707,0,0.5199632048606873,0.032456640154123306
707,0,0.5199632048606873,0.032456640154123306
707,0,0.5199632048606873,0.032456640154123306
707,0,0.5199632048606873,0.032456640154123306
707,0,0.5199632048606873,0.032456640154123306
707,0,0.5199632048606873,0.032456640154123306
707,0,0.5199632048606873,0.032456640154123306
707,0,0.5199632048606873,0.032456640154123306
707,0,0.5199632048606873,0.032456640154123306
707,0,0.5199632048606873,0.032456640154123306
707,0,0.5199632048606873,0.032456640154123306
707,0,0.5199632048606873,0.032456640154123306
707,0,0.5199632048606873,0.032456640154123306
707,0,0.5199632048606873,0.032456640154123306
707,0,0.5199632048606873,0.032456640154123306
707,0,0.5199632048606873,0.032456640154123306
707,0,0.5199632048606873,0.032456640154123306
707,0,0.5199632048606873,0.032456640154123306
707,0,0.5199632048606873,0.032456640154123306
707,0,0.5199632048606873,0.032456640154123306
707,0,0.5199632048606873,0.032456640154123306
707,0,0.5199632048606873,0.032456640154123306
707,0,0.5199632048606873,0.032456640154123306
707,0,0.5199632048606873,0.032456640154123306
707,0,0.5199632048606873,0.032456640154123306
707,0,0.5199632048606873,0.032456640154123306
707,0,0.5199632048606873,0.032456640154123306
707,0,0.5199632048606873,0.032456640154123306
