epoch,train_loss,train_auc,val_loss,val_auc,val_accuracy,monotonicity_violation_rate,negative_gain_rate,bounds_violation_rate,mastery_correlation,gain_correlation,main_loss_share,constraint_loss_share,alignment_loss_share,lag_loss_share,retention_loss_share
1,0.536934670852256,0.6941952591233607,0.5154104488236564,0.7177893673982293,0.7510438057791317,0.0,0.0,0.0,0.11105586413552167,0.007931801612555883,0.9838113889037784,0.01618861327293434,-0.005553207127460545,0.0,0.0
2,0.5187057471337096,0.7244631198960132,0.5098750603442289,0.7250079897204291,0.7538954150405357,0.0,0.0,0.0,0.1035182332584719,0.0085595049631516,0.990820212042369,0.00917979205093893,-0.02268702350840174,0.0,0.0
3,0.507576567521367,0.7368756253630886,0.5096229716223113,0.7257377349250834,0.7534769194834013,0.0,0.0,0.0,0.10984524729117279,0.01811547533565849,0.9967532767448375,0.0032467258030253812,-0.044008879885463176,0.0,0.0
