{
  "tail_metrics": {
    "epoch": 3.0,
    "train_loss": 0.507576567521367,
    "train_auc": 0.7368756253630886,
    "val_loss": 0.5096229716223113,
    "val_auc": 0.7257377349250834,
    "val_accuracy": 0.7534769194834013,
    "monotonicity_violation_rate": 0.0,
    "negative_gain_rate": 0.0,
    "bounds_violation_rate": 0.0,
    "mastery_correlation": 0.10984524729117279,
    "gain_correlation": 0.01811547533565849,
    "main_loss_share": 0.9967532767448375,
    "constraint_loss_share": 0.0032467258030253812,
    "alignment_loss_share": -0.044008879885463176,
    "lag_loss_share": 0.0,
    "retention_loss_share": 0.0
  },
  "best_summary": {
    "best_epoch": 3.0,
    "best_val_auc": 0.7257377349250834,
    "best_val_accuracy": 0.7534769194834013,
    "mastery_corr": null,
    "gain_corr": null
  },
  "config_md5": "5f39a0a9585cf8d6df24c3f03ec375e6"
}