{
  "experiment_id": "20251116_182928_gainakt3exp_lc_b2.5_m0.7_g1.0_o2.5_580932",
  "dataset": "assist2015",
  "fold": 0,
  "train_auc": 0.7001608669308191,
  "train_acc": 0.7482025361604671,
  "valid_auc": 0.6903256444875713,
  "valid_acc": 0.7413600132361385,
  "test_auc": 0.6860181657407145,
  "test_acc": 0.7358758321445554,
  "train_encoder1_auc": 0.7001608669308191,
  "train_encoder1_acc": 0.7482025361604671,
  "valid_encoder1_auc": 0.6903256444875713,
  "valid_encoder1_acc": 0.7413600132361385,
  "test_encoder1_auc": 0.6860181657407145,
  "test_encoder1_acc": 0.7358758321445554,
  "train_encoder2_auc": 0.5257440617985925,
  "train_encoder2_acc": 0.5064835412384198,
  "valid_encoder2_auc": 0.526604291453632,
  "valid_encoder2_acc": 0.5031095193140566,
  "test_encoder2_auc": 0.5247617565094926,
  "test_encoder2_acc": 0.5093913456966239,
  "train_mastery_correlation": 0.0,
  "train_gain_correlation": 0.0,
  "train_correlation_students": 0,
  "test_mastery_correlation": 0.0,
  "test_gain_correlation": 0.0,
  "test_correlation_students": 0,
  "timestamp": "2025-11-16T18:34:23.632599Z"
}