epoch,train_loss,train_auc,train_acc,val_loss,val_auc,val_acc,train_bce_loss,train_im_loss,val_bce_loss,val_im_loss,train_encoder1_auc,train_encoder1_acc,val_encoder1_auc,val_encoder1_acc,train_encoder2_auc,train_encoder2_acc,val_encoder2_auc,val_encoder2_acc
1,0.600183,0.677991,0.734370,0.600183,0.673812,0.740241,0.563586,0.609333,0.563586,0.609333,0.677991,0.734370,0.673812,0.740241,0.518814,0.734370,0.520236,0.740241
2,0.597777,0.688848,0.734370,0.597777,0.683124,0.740241,0.554694,0.608548,0.554694,0.608548,0.688848,0.734370,0.683124,0.740241,0.521558,0.734370,0.522638,0.740241
3,0.596717,0.693580,0.734370,0.596717,0.686981,0.740241,0.552456,0.607782,0.552456,0.607782,0.693580,0.734370,0.686981,0.740241,0.523309,0.734370,0.524260,0.740241
4,0.595816,0.697427,0.734370,0.595816,0.689418,0.740241,0.550926,0.607038,0.550926,0.607038,0.697427,0.734370,0.689418,0.740241,0.524761,0.734370,0.525672,0.740241
5,0.594973,0.700160,0.734370,0.594973,0.690326,0.740241,0.549595,0.606317,0.549595,0.606317,0.700160,0.734370,0.690326,0.740241,0.525745,0.734370,0.526605,0.740241
6,0.594166,0.701890,0.734370,0.594166,0.689858,0.740241,0.548361,0.605618,0.548361,0.605618,0.701890,0.734370,0.689858,0.740241,0.526434,0.734370,0.527293,0.740241
