{
  "experiment_name": "optimal_v1",
  "best_val_auc": 0.7250079897204291,
  "final_consistency_metrics": {
    "monotonicity_violation_rate": 0.0,
    "negative_gain_rate": 0.0,
    "bounds_violation_rate": 0.0,
    "mastery_correlation": 0.07163703361499191,
    "gain_correlation": 0.03272493143872535
  },
  "train_history": {
    "train_loss": [
      0.536934670852256,
      0.5187057471337096
    ],
    "train_auc": [
      0.6941952591233607,
      0.7244631198960132
    ],
    "val_auc": [
      0.7177893673982293,
      0.7250079897204291
    ],
    "consistency_metrics": [
      {
        "monotonicity_violation_rate": 0.0,
        "negative_gain_rate": 0.0,
        "bounds_violation_rate": 0.0,
        "mastery_correlation": 0.11105586413552167,
        "gain_correlation": 0.007931801612555883
      },
      {
        "monotonicity_violation_rate": 0.0,
        "negative_gain_rate": 0.0,
        "bounds_violation_rate": 0.0,
        "mastery_correlation": 0.1035182332584719,
        "gain_correlation": 0.0085595049631516
      }
    ],
    "semantic_trajectory": [
      {
        "epoch": 1,
        "mastery_correlation": 0.11105586413552167,
        "gain_correlation": 0.007931801612555883,
        "warmup_scale": 0.125,
        "alignment_corr_mastery": 0.028315162286162376,
        "alignment_corr_gain": 0.15257342159748077,
        "global_alignment_mastery_corr": 0.1038509571091951,
        "global_alignment_gain_corr": 0.021153286755579755,
        "effective_alignment_weight": 0.03125,
        "peak_mastery_corr": 0.1038509571091951,
        "retention_loss_value": 0.0,
        "mean_lag_corr": 0.0,
        "lag_corr_count": 0,
        "consistency_loss_weight_current": 0.3,
        "sparsity_loss_weight_current": 0.2,
        "loss_shares": {
          "main": 0.9838113889037784,
          "constraint_total": 0.01618861327293434,
          "alignment": -0.005553207127460545,
          "lag": 0.0,
          "retention": 0.0
        },
        "mean_mastery_variance": 0.014671182114398107,
        "min_mastery_variance": 0.009818008169531822,
        "max_mastery_variance": 0.04607861116528511,
        "per_lag_correlations": []
      },
      {
        "epoch": 2,
        "mastery_correlation": 0.1035182332584719,
        "gain_correlation": 0.0085595049631516,
        "warmup_scale": 0.25,
        "alignment_corr_mastery": 0.0662560984492302,
        "alignment_corr_gain": 0.1935359686613083,
        "global_alignment_mastery_corr": 0.10056719370467666,
        "global_alignment_gain_corr": 0.024885211393157077,
        "effective_alignment_weight": 0.0625,
        "peak_mastery_corr": 0.1038509571091951,
        "retention_loss_value": 0.0,
        "mean_lag_corr": 0.0,
        "lag_corr_count": 0,
        "consistency_loss_weight_current": 0.3,
        "sparsity_loss_weight_current": 0.2,
        "loss_shares": {
          "main": 0.990820212042369,
          "constraint_total": 0.00917979205093893,
          "alignment": -0.02268702350840174,
          "lag": 0.0,
          "retention": 0.0
        },
        "mean_mastery_variance": 0.009905706449300822,
        "min_mastery_variance": 0.00983949564397335,
        "max_mastery_variance": 0.009975009597837925,
        "per_lag_correlations": []
      }
    ]
  },
  "correlation_sampling": {
    "deterministic": true,
    "epoch": 2,
    "local_mastery_corr": 0.1035182332584719,
    "local_gain_corr": 0.0085595049631516,
    "global_mastery_corr": 0.10056719370467666,
    "global_gain_corr": 0.024885211393157077,
    "notes": "Deterministic stratified selection (sorted slice) applied; seeds fixed."
  }
}