{
  "tail_metrics": {
    "epoch": 2.0,
    "train_loss": 0.5187057471337096,
    "train_auc": 0.7244631198960132,
    "val_loss": 0.5098750603442289,
    "val_auc": 0.7250079897204291,
    "val_accuracy": 0.7538954150405357,
    "monotonicity_violation_rate": 0.0,
    "negative_gain_rate": 0.0,
    "bounds_violation_rate": 0.0,
    "mastery_correlation": 0.1035182332584719,
    "gain_correlation": 0.0085595049631516,
    "main_loss_share": 0.990820212042369,
    "constraint_loss_share": 0.00917979205093893,
    "alignment_loss_share": -0.02268702350840174,
    "lag_loss_share": 0.0,
    "retention_loss_share": 0.0
  },
  "best_summary": {
    "best_epoch": 2.0,
    "best_val_auc": 0.7250079897204291,
    "best_val_accuracy": 0.7538954150405357,
    "mastery_corr": null,
    "gain_corr": null
  },
  "config_md5": "360086246eab35d29d4b7cd24b383d4a"
}