epoch,train_loss,train_auc,train_acc,val_loss,val_auc,val_acc,train_bce_loss,train_im_loss,val_bce_loss,val_im_loss,train_encoder1_auc,train_encoder1_acc,val_encoder1_auc,val_encoder1_acc,train_encoder2_auc,train_encoder2_acc,val_encoder2_auc,val_encoder2_acc
1,0.597691,0.677991,0.734370,0.597691,0.673812,0.740241,0.563586,0.606217,0.563586,0.606217,0.677991,0.734370,0.673812,0.740241,0.513749,0.734370,0.515741,0.740241
2,0.595276,0.688848,0.734370,0.595276,0.683124,0.740241,0.554694,0.605422,0.554694,0.605422,0.688848,0.734370,0.683124,0.740241,0.517631,0.734370,0.519309,0.740241
3,0.594205,0.693580,0.734370,0.594205,0.686981,0.740241,0.552456,0.604643,0.552456,0.604643,0.693580,0.734370,0.686981,0.740241,0.519805,0.734370,0.521283,0.740241
4,0.593294,0.697427,0.734370,0.593294,0.689418,0.740241,0.550926,0.603886,0.550926,0.603886,0.697427,0.734370,0.689418,0.740241,0.521482,0.734370,0.522899,0.740241
5,0.592461,0.700160,0.734370,0.592461,0.690326,0.740241,0.549595,0.603178,0.549595,0.603178,0.700160,0.734370,0.690326,0.740241,0.523280,0.734370,0.524705,0.740241
6,0.591689,0.701890,0.734370,0.591689,0.689858,0.740241,0.548361,0.602521,0.548361,0.602521,0.701890,0.734370,0.689858,0.740241,0.524852,0.734370,0.526198,0.740241
