split,total_auc,bce_auc,mastery_auc,curve_r2,total_acc,bce_acc,mastery_acc,curve_acc,curve_mae,curve_rmse
training,0.6850969863361953,0.6927616418729564,0.5651835759986943,N/A,0.7393677432677236,0.7422493171514657,0.7171035958663025,N/A,N/A,N/A
validation,0.6830374960681935,0.6906934413297922,0.5642118593317976,N/A,0.7422164692600415,0.7438028593952253,0.720464432743871,N/A,N/A,N/A
test,0.6767068652174554,0.6844959558044299,0.5642714483596415,N/A,0.7360021398002853,0.7377332976699953,0.7128358297669996,N/A,N/A,N/A
