lambda_penalty,epsilon,test_auc,test_l1_auc,test_l2_mae,test_l2_mse,test_l2_penalty
100.0,0.05,0.7154155701884882,0.7154155701884882,0.1903628259897232,0.041575029492378235,0.02498483657836914
