split,auc,acc
test,0.822377,0.769207
