{
  "valid_auc": 0.7253088008411526,
  "valid_acc": 0.7542457834139505,
  "valid_metrics": {
    "l_sup": 0.5110784845622786,
    "l_reg": 0.24122136359920307,
    "l_ref": 0.0,
    "l_init": 0.011971777206541367,
    "l_rate": 0.08548644925774404
  },
  "test_auc": 0.7194131134797674,
  "test_acc": 0.748610615786971,
  "test_metrics": {
    "l_sup": 0.5201682228818829,
    "l_reg": 0.2434516150931843,
    "l_ref": 0.0,
    "l_init": 0.012068798035229727,
    "l_rate": 0.08557668303212747
  },
  "window_test_auc": 0.7195462259748269,
  "window_test_acc": 0.7486333927510398,
  "window_metrics": {
    "l_sup": 0.5281168082111599,
    "l_reg": 0.23825365817174315,
    "l_ref": 0.0,
    "l_init": 0.012013160062184988,
    "l_rate": 0.08711720490648084
  },
  "checkpoint": "/workspaces/pykt-toolkit/experiments/20251221_021519_idkt_my_experiment_593403/best_model.pt"
}