split,auc,acc,l_sup,l_ref,l_init,l_rate,l_reg
test,0.719413,0.748611,0.520168,0.000000,0.012069,0.085577,0.243452
