split,auc,acc,l_sup,l_ref,l_init,l_rate,l_reg
validation,0.725309,0.754246,0.511078,0.015600,0.011972,0.085486,0.241221
