{
  "valid_auc": 0.7253088008411526,
  "valid_acc": 0.7542457834139505,
  "valid_metrics": {
    "l_sup": 0.5139194697478152,
    "l_reg": 0.23615486581562734,
    "l_ref": 0.01585630219125626,
    "l_init": 0.009221495238505448,
    "l_rate": 0.0757159346369026
  },
  "test_auc": 0.7228507019045197,
  "test_acc": 0.7538467527664503,
  "test_metrics": {
    "l_sup": 0.5139194697478152,
    "l_reg": 0.23615486581562734,
    "l_ref": 0.01585630219125626,
    "l_init": 0.009221495238505448,
    "l_rate": 0.0757159346369026
  },
  "best_epoch": 21,
  "params": {
    "model_name": "idkt",
    "dataset_name": "assist2015",
    "fold": 0,
    "seed": 42,
    "emb_type": "qid",
    "save_dir": "/workspaces/pykt-toolkit/experiments/20251221_021519_idkt_my_experiment_593403",
    "d_model": 256,
    "d_ff": 512,
    "num_attn_heads": 8,
    "n_blocks": 4,
    "dropout": 0.2,
    "final_fc_dim": 512,
    "learning_rate": 0.0001,
    "weight_decay": 0.0,
    "batch_size": 64,
    "num_epochs": 200,
    "optimizer": "Adam",
    "gradient_clip": 1.0,
    "patience": 10,
    "seq_len": 200,
    "l2": 1e-05,
    "lambda_student": 1e-05,
    "lambda_gap": 1e-05,
    "lambda_ref": 0.1,
    "lambda_initmastery": 0.1,
    "lambda_rate": 0.1,
    "theory_guided": 1,
    "calibrate": 1,
    "use_wandb": 0,
    "add_uuid": 0
  }
}