{
  "train": {
    "total_auc": 0.754013373847426,
    "total_acc": 0.7618219619106619,
    "bce_auc": 0.754013373847426,
    "bce_acc": 0.7618219619106619,
    "mastery_auc": "N/A",
    "mastery_acc": "N/A"
  },
  "valid": {
    "total_auc": 0.725151434247489,
    "total_acc": 0.7544696298747433,
    "bce_auc": 0.725151434247489,
    "bce_acc": 0.7544696298747433,
    "mastery_auc": "N/A",
    "mastery_acc": "N/A"
  },
  "test": {
    "total_auc": 0.719216662639241,
    "total_acc": 0.7476298739895387,
    "bce_auc": 0.719216662639241,
    "bce_acc": 0.7476298739895387,
    "mastery_auc": "N/A",
    "mastery_acc": "N/A"
  },
  "checkpoint_epoch": 10,
  "checkpoint_val_auc": 0.7251514534591722
}