{
  "lambda_ref": 1.7796317595530153,
  "lambda_initmastery": 3.2415270635206386,
  "lambda_rate": 1.7488642215973398
}