{
  "valid_auc": 0.7248763448825433,
  "valid_acc": 0.7538252366260524,
  "valid_metrics": {
    "l_sup": 0.5092826488933727,
    "l_reg": 6.353652673614837e-07,
    "l_ref": 0.012600305917051932,
    "l_init": 0.025629402500252446,
    "l_rate": 0.053008879335938834
  },
  "test_auc": 0.718107666668371,
  "test_acc": 0.7490305114509402,
  "test_metrics": {
    "l_sup": 0.5187469250435122,
    "l_reg": 6.424806226771009e-07,
    "l_ref": 0.012668379093125716,
    "l_init": 0.02531108257986361,
    "l_rate": 0.05240202850800503
  },
  "window_test_auc": 0.718107666668371,
  "window_test_acc": 0.7490305114509402,
  "window_metrics": {
    "l_sup": 0.5187469250435122,
    "l_reg": 6.424806226771009e-07,
    "l_ref": 0.0,
    "l_init": 0.02531108257986361,
    "l_rate": 0.05240202850800503
  },
  "checkpoint": "/workspaces/pykt-toolkit/experiments/20251231_010604_idkt_assist2015_S_hr_sweep_l0.2_913249/best_model.pt"
}