split,auc,acc,l_sup,l_ref,l_init,l_rate,l_reg
test,0.718108,0.749031,0.518747,0.012668,0.025311,0.052402,0.000001
