{
  "r2_true": 0.3750740875479954,
  "pearson_true": 0.6127211125018419,
  "r2_control": -0.014976753805698406,
  "pearson_control": 0.008509968593234135,
  "selectivity_r2": 0.39005084135369383
}