{
  "0": {
    "r2": -1.6377674139567424,
    "pearson": 0.19765832769063915,
    "count": 1166
  },
  "1": {
    "r2": -4.582473735092854,
    "pearson": 0.11848454831697613,
    "count": 720
  },
  "2": {
    "r2": -0.023774146989693268,
    "pearson": 0.382542153148006,
    "count": 1044
  },
  "3": {
    "r2": -3.0301761148789126,
    "pearson": 0.09956981696251034,
    "count": 626
  },
  "4": {
    "r2": -1554996.9067814588,
    "pearson": -0.09636904216652675,
    "count": 350
  },
  "5": {
    "r2": -2.3280852475160376,
    "pearson": 0.2737733490672556,
    "count": 476
  },
  "6": {
    "r2": -8.491493911883484,
    "pearson": 0.06161912762625522,
    "count": 457
  },
  "7": {
    "r2": -0.12526235488961213,
    "pearson": 0.23499254138161266,
    "count": 1431
  },
  "8": {
    "r2": -2.9485361498249327,
    "pearson": 0.11266244840618249,
    "count": 843
  },
  "9": {
    "r2": -1.4789858135255076,
    "pearson": -0.014391104191063075,
    "count": 769
  },
  "10": {
    "r2": 0.05253918702463711,
    "pearson": 0.3943620961133674,
    "count": 1316
  },
  "11": {
    "r2": -2.823839883549647,
    "pearson": 0.04378887722265193,
    "count": 559
  },
  "12": {
    "r2": -10.516927014766003,
    "pearson": 0.027714681257581905,
    "count": 561
  },
  "13": {
    "r2": -18.75629435848825,
    "pearson": 0.21587975135611737,
    "count": 563
  },
  "14": {
    "r2": -1.450442476606177,
    "pearson": 0.3056225596097334,
    "count": 715
  },
  "15": {
    "r2": -832723431.2293389,
    "pearson": 0.0445160307877151,
    "count": 245
  },
  "16": {
    "r2": -85641845.93032888,
    "pearson": 0.026389485772872288,
    "count": 355
  },
  "17": {
    "r2": -11.66491986279742,
    "pearson": 0.01734901085047977,
    "count": 519
  },
  "18": {
    "r2": -218.38286708653794,
    "pearson": -0.07991188201375975,
    "count": 273
  },
  "19": {
    "r2": -3.062600964056223,
    "pearson": 0.20002865474732764,
    "count": 1122
  },
  "20": {
    "r2": -0.3613086083171768,
    "pearson": 0.37992868640748995,
    "count": 599
  },
  "21": {
    "r2": -0.9890573055986673,
    "pearson": 0.27069392397786196,
    "count": 703
  },
  "22": {
    "r2": -677.6673187386976,
    "pearson": -0.08149352839453744,
    "count": 358
  },
  "23": {
    "r2": -574.1214824039339,
    "pearson": 0.022106048047506828,
    "count": 201
  },
  "24": {
    "r2": -0.9871982484800719,
    "pearson": 0.3137431103979644,
    "count": 704
  },
  "25": {
    "r2": -0.7159265540982052,
    "pearson": 0.5647295150737088,
    "count": 485
  },
  "26": {
    "r2": -88913747.70197028,
    "pearson": 0.008329060862963164,
    "count": 319
  },
  "27": {
    "r2": -17.478200511923674,
    "pearson": 0.2266194821209738,
    "count": 527
  },
  "28": {
    "r2": -11.086950044939169,
    "pearson": 0.20866852103730144,
    "count": 417
  },
  "29": {
    "r2": -18101.445018592258,
    "pearson": -0.23504332767071778,
    "count": 327
  },
  "30": {
    "r2": -5.929845278206931,
    "pearson": 0.28038825726281813,
    "count": 473
  },
  "31": {
    "r2": -3.4767623306470785,
    "pearson": 0.08474741231116929,
    "count": 215
  },
  "32": {
    "r2": -4.29113204826744,
    "pearson": 0.06015218990753737,
    "count": 642
  },
  "33": {
    "r2": -0.0139772134381686,
    "pearson": 0.47503547257237677,
    "count": 655
  },
  "34": {
    "r2": -89.73146664303155,
    "pearson": 0.049415435799007285,
    "count": 456
  },
  "35": {
    "r2": -577.9272037161285,
    "pearson": 0.006342319198172998,
    "count": 214
  },
  "36": {
    "r2": -0.8858981148632932,
    "pearson": 0.17857344368743353,
    "count": 600
  },
  "37": {
    "r2": -0.1869618298049569,
    "pearson": 0.4887588315499492,
    "count": 818
  },
  "38": {
    "r2": 0.8150548521386554,
    "pearson": 0.9204860714449904,
    "count": 65
  },
  "39": {
    "r2": -0.10774879776770385,
    "pearson": 0.10405583276108221,
    "count": 172
  },
  "40": {
    "r2": -5252292.553805208,
    "pearson": 0.030192503434493183,
    "count": 345
  },
  "41": {
    "r2": -1689.572590053989,
    "pearson": 0.036281943988673,
    "count": 289
  },
  "42": {
    "r2": -6261004.376203695,
    "pearson": 0.04916600187184617,
    "count": 261
  },
  "43": {
    "r2": -1419049.695830201,
    "pearson": 0.0897564350470771,
    "count": 224
  },
  "44": {
    "r2": -61674.61391425602,
    "pearson": -0.06051189974986064,
    "count": 186
  },
  "45": {
    "r2": -3.219592393106635,
    "pearson": 0.14627757173744,
    "count": 686
  },
  "46": {
    "r2": 0.26286111641692256,
    "pearson": 0.7771998533276204,
    "count": 68
  },
  "47": {
    "r2": -25136546.811017904,
    "pearson": 0.08535535174192378,
    "count": 292
  },
  "48": {
    "r2": -1.4145685070472158,
    "pearson": 0.6735607991083383,
    "count": 71
  },
  "49": {
    "r2": -4.582937184260564,
    "pearson": -0.1933384599514529,
    "count": 217
  },
  "50": {
    "r2": -144.42040538800194,
    "pearson": 0.15381417180072285,
    "count": 365
  },
  "51": {
    "r2": -8.053199374039622,
    "pearson": -0.02090184573712624,
    "count": 430
  },
  "52": {
    "r2": -115.2476941560843,
    "pearson": 0.11314564705467797,
    "count": 405
  },
  "53": {
    "r2": -146677984.72462413,
    "pearson": -0.0076119535632578166,
    "count": 353
  },
  "54": {
    "r2": -475958581.2857225,
    "pearson": -0.138546255266347,
    "count": 156
  },
  "55": {
    "r2": 0.45572290716922625,
    "pearson": 0.7113649956816958,
    "count": 88
  },
  "56": {
    "r2": -40578.768710337754,
    "pearson": -0.14052775130165976,
    "count": 322
  },
  "57": {
    "r2": -16.922806168684566,
    "pearson": -0.05771901058159047,
    "count": 344
  },
  "58": {
    "r2": -0.4666638997503989,
    "pearson": 0.5702293070846538,
    "count": 182
  },
  "59": {
    "r2": -120.83162110903133,
    "pearson": 0.010849380171332622,
    "count": 186
  },
  "60": {
    "r2": -1.8845790241422167,
    "pearson": 0.2736573115059984,
    "count": 539
  },
  "61": {
    "r2": -44.66169821172536,
    "pearson": -0.05749580102487838,
    "count": 465
  },
  "62": {
    "r2": -3.4193269715781636,
    "pearson": -0.0017808421257015893,
    "count": 543
  },
  "63": {
    "r2": -6.873544110429924,
    "pearson": 0.10274164632841148,
    "count": 419
  },
  "64": {
    "r2": -3778.7731121385846,
    "pearson": -0.15434010679638288,
    "count": 393
  },
  "65": {
    "r2": -4240059.712924655,
    "pearson": -0.14413347239983101,
    "count": 240
  },
  "66": {
    "r2": -22.609167998069026,
    "pearson": -0.16331446715479475,
    "count": 382
  },
  "67": {
    "r2": -2097.208886142432,
    "pearson": -0.027980862323128405,
    "count": 469
  },
  "68": {
    "r2": -2.4220778556573976,
    "pearson": -0.5936800876224378,
    "count": 38
  },
  "69": {
    "r2": -0.38920490626839355,
    "pearson": 0.5998280741582861,
    "count": 703
  },
  "70": {
    "r2": -9843.96295419291,
    "pearson": 0.06475137630177379,
    "count": 181
  },
  "71": {
    "r2": -0.18507983671864903,
    "pearson": 0.17565277971076737,
    "count": 246
  },
  "72": {
    "r2": -169.55236580479544,
    "pearson": -0.6282603481381838,
    "count": 24
  },
  "73": {
    "r2": -166.35402485540038,
    "pearson": -0.044044545809788026,
    "count": 382
  },
  "74": {
    "r2": -398.35329988995164,
    "pearson": -0.006532991813028638,
    "count": 416
  },
  "75": {
    "r2": -4.0345998407425325,
    "pearson": 0.170371708546995,
    "count": 512
  },
  "76": {
    "r2": -4.284124273198673,
    "pearson": 0.1423597063363942,
    "count": 580
  },
  "77": {
    "r2": -0.9079835260499283,
    "pearson": 0.1787569709058821,
    "count": 861
  },
  "78": {
    "r2": -116.3424466437131,
    "pearson": 0.031037200174057873,
    "count": 352
  },
  "79": {
    "r2": -2879765.93826619,
    "pearson": -0.10219619216904786,
    "count": 310
  },
  "81": {
    "r2": -28.411970224507595,
    "pearson": 0.03729167647867507,
    "count": 487
  },