{
  "experiment_id": "20251116_182937_gainakt3exp_lc_b2.5_m0.7_g1.1_o2.5_186420",
  "dataset": "assist2015",
  "fold": 0,
  "train_auc": 0.7001608669308191,
  "train_acc": 0.7482025361604671,
  "valid_auc": 0.6903256444875713,
  "valid_acc": 0.7413600132361385,
  "test_auc": 0.6860181657407145,
  "test_acc": 0.7358758321445554,
  "train_encoder1_auc": 0.7001608669308191,
  "train_encoder1_acc": 0.7482025361604671,
  "valid_encoder1_auc": 0.6903256444875713,
  "valid_encoder1_acc": 0.7413600132361385,
  "test_encoder1_auc": 0.6860181657407145,
  "test_encoder1_acc": 0.7358758321445554,
  "train_encoder2_auc": 0.5298603283600937,
  "train_encoder2_acc": 0.5716498183763692,
  "valid_encoder2_auc": 0.5303166702176262,
  "valid_encoder2_acc": 0.571100448666167,
  "test_encoder2_auc": 0.5289644417985135,
  "test_encoder2_acc": 0.572842368045649,
  "train_mastery_correlation": 0.0,
  "train_gain_correlation": 0.0,
  "train_correlation_students": 0,
  "test_mastery_correlation": 0.0,
  "test_gain_correlation": 0.0,
  "test_correlation_students": 0,
  "timestamp": "2025-11-16T18:34:36.335648Z"
}