epoch,train_loss,train_auc,train_acc,val_loss,val_auc,val_acc,train_bce_loss,train_im_loss,val_bce_loss,val_im_loss,train_encoder1_auc,train_encoder1_acc,val_encoder1_auc,val_encoder1_acc,train_encoder2_auc,train_encoder2_acc,val_encoder2_auc,val_encoder2_acc
1,0.599814,0.677991,0.734370,0.599814,0.673812,0.740241,0.563586,0.608871,0.563586,0.608871,0.677991,0.734370,0.673812,0.740241,0.521662,0.734370,0.522824,0.740241
2,0.597385,0.688848,0.734370,0.597385,0.683124,0.740241,0.554694,0.608058,0.554694,0.608058,0.688848,0.734370,0.683124,0.740241,0.525289,0.734370,0.526284,0.740241
3,0.596301,0.693580,0.734370,0.596301,0.686981,0.740241,0.552456,0.607263,0.552456,0.607263,0.693580,0.734370,0.686981,0.740241,0.527810,0.734370,0.528512,0.740241
4,0.595377,0.697427,0.734370,0.595377,0.689418,0.740241,0.550926,0.606490,0.550926,0.606490,0.697427,0.734370,0.689418,0.740241,0.529034,0.734370,0.529536,0.740241
5,0.594511,0.700160,0.734370,0.594511,0.690326,0.740241,0.549595,0.605740,0.549595,0.605740,0.700160,0.734370,0.690326,0.740241,0.529862,0.734370,0.530317,0.740241
6,0.593683,0.701890,0.734370,0.593683,0.689858,0.740241,0.548361,0.605013,0.548361,0.605013,0.701890,0.734370,0.689858,0.740241,0.530589,0.734370,0.531035,0.740241
