{
  "timestamp": "2025-11-27T03:08:33.452871",
  "checkpoint": "model_best.pth",
  "dataset": "assist2015",
  "fold": 0,
  "num_concepts": 100,
  "num_parameters": 10725989,
  "results": {
    "test": {
      "auc": 0.517931343150337,
      "acc": 0.26662803138373753,
      "bce_loss": 0.6931224455598926,
      "rasch_loss": 0.0,
      "num_samples": 134592
    }
  }
}