{
  "experiment_id": "20251114_170755_gainakt3exp_threshold_452060_repro",
  "dataset": "assist2015",
  "fold": 0,
  "train_auc": 0.7495190688983385,
  "train_acc": 0.7605970583542178,
  "train_mastery_correlation": 0.02462221470908716,
  "train_gain_correlation": 0.061328779393551386,
  "train_correlation_students": 3334,
  "valid_auc": 0.7243328483072914,
  "valid_acc": 0.7540316694079747,
  "test_auc": 0.7184650221551206,
  "test_acc": 0.7484174393723253,
  "test_mastery_correlation": 0.02062136361142432,
  "test_gain_correlation": 0.03951753963885956,
  "test_correlation_students": 3177,
  "timestamp": "2025-11-14T17:30:41.804746Z"
}