epoch,train_loss,train_auc,val_loss,val_auc,val_accuracy,monotonicity_violation_rate,negative_gain_rate,bounds_violation_rate,mastery_correlation,gain_correlation,main_loss_share,constraint_loss_share,alignment_loss_share,lag_loss_share,retention_loss_share
1,0.547620497991384,0.6769665982064286,0.521219147711384,0.7071520762526889,0.748231126336996,0.0,0.0,0.0,0.08250836407538423,0.008613869127510046,0.9794348846682582,0.02056512291616252,-0.0016753065239625297,0.0,0.0
2,0.5269058434765573,0.7131868539123823,0.5144631242265507,0.7177265604641849,0.7521630380830957,0.0,0.0,0.0,0.10609665846605808,0.008642505221425465,0.9883552320754687,0.011644772885410165,-0.00910522523441275,0.0,0.0
