{
  "valid_auc": 0.7299656330737149,
  "valid_acc": 0.7585629869790305,
  "valid_metrics": {
    "l_sup": 0.5093083188421913,
    "l_reg": 1.1356090579006661e-07,
    "l_ref": 0.02574910925856481,
    "l_init": 0.04524012707003212,
    "l_rate": 0.08402046530282402
  },
  "test_auc": 0.7248411605413965,
  "test_acc": 0.7541523377478598,
  "test_metrics": {
    "l_sup": 0.5182598465187016,
    "l_reg": 1.1402376504381626e-07,
    "l_ref": 0.02608792044980041,
    "l_init": 0.044815042987752414,
    "l_rate": 0.0830854192100796
  },
  "window_test_auc": 0.7248411605413965,
  "window_test_acc": 0.7541523377478598,
  "window_metrics": {
    "l_sup": 0.5182598465187016,
    "l_reg": 1.1402376504381626e-07,
    "l_ref": 0.0,
    "l_init": 0.044815042987752414,
    "l_rate": 0.0830854192100796
  },
  "checkpoint": "/workspaces/pykt-toolkit/experiments/20251231_010600_idkt_assist2015_S_hr_sweep_l0.0_566415/best_model.pt"
}