{
  "prediction_mse": 0.025751737877726555,
  "prediction_corr": 0.5003608108421294,
  "initmastery_mse": 0.04533199593424797,
  "initmastery_corr": 0.004376459804042837,
  "learning_rate_mse": 0.08390360325574875,
  "learning_rate_corr": -0.10825567700620008,
  "h2_functional_alignment": 0.10028019724863571,
  "h3_discriminant_overlap": 0.16824169609418477,
  "h3_latent_overlap": -0.26592212394543824
}