split,auc,acc,l_sup,l_ref,l_init,l_rate,l_reg
test,0.724841,0.754152,0.518260,0.026088,0.044815,0.083085,0.000000
