split,auc,acc,l_sup,l_ref,l_init,l_rate,l_reg
validation,0.729966,0.758563,0.509308,0.025749,0.045240,0.084020,0.000000
