{
  "0": {
    "r2": -1.0775104606608643,
    "pearson": 0.1870692633319583,
    "count": 977
  },
  "1": {
    "r2": -7.515779464191093,
    "pearson": 0.025749909329215195,
    "count": 662
  },
  "2": {
    "r2": -0.26536324869616523,
    "pearson": 0.22268923571431043,
    "count": 996
  },
  "3": {
    "r2": -6.109714673468403,
    "pearson": 0.0019609775473896918,
    "count": 637
  },
  "4": {
    "r2": -1734.3717477064597,
    "pearson": -0.002781838100604641,
    "count": 319
  },
  "5": {
    "r2": -1.8702037779909615,
    "pearson": 0.14192564533374274,
    "count": 488
  },
  "6": {
    "r2": -981.2659601754598,
    "pearson": 0.07792780111065838,
    "count": 365
  },
  "7": {
    "r2": -0.715462819574451,
    "pearson": 0.10529589061405274,
    "count": 1412
  },
  "8": {
    "r2": -0.9766319772458778,
    "pearson": -0.016677259227371014,
    "count": 909
  },
  "9": {
    "r2": -2.128003957132308,
    "pearson": -0.028725201782280083,
    "count": 755
  },
  "10": {
    "r2": -0.1726427880235426,
    "pearson": 0.30365566832746055,
    "count": 1272
  },
  "11": {
    "r2": -6.261025795363888,
    "pearson": 0.16550318273500805,
    "count": 541
  },
  "12": {
    "r2": -14.731750431838988,
    "pearson": 0.20042327388714198,
    "count": 554
  },
  "13": {
    "r2": -12.727301271602126,
    "pearson": 0.16931148066407933,
    "count": 590
  },
  "14": {
    "r2": -4.476610421353673,
    "pearson": 0.05669617736448489,
    "count": 623
  },
  "15": {
    "r2": -519073.5914490879,
    "pearson": 0.037717355151330054,
    "count": 219
  },
  "16": {
    "r2": -83.44261785031817,
    "pearson": 0.05527510261871631,
    "count": 396
  },
  "17": {
    "r2": -1.6999049440256888,
    "pearson": 0.14987975392158964,
    "count": 583
  },
  "18": {
    "r2": -18.30499834974956,
    "pearson": 0.3362237324137966,
    "count": 214
  },
  "19": {
    "r2": -1.3272157337326593,
    "pearson": 0.3167785854081929,
    "count": 1042
  },
  "20": {
    "r2": -15.373815491684418,
    "pearson": 0.1310747016562483,
    "count": 565
  },
  "21": {
    "r2": -0.8025761911452647,
    "pearson": 0.19843451694698466,
    "count": 720
  },
  "22": {
    "r2": -409.24029531441624,
    "pearson": -0.07697416835020598,
    "count": 376
  },
  "23": {
    "r2": -76.68688228988843,
    "pearson": -0.011323180014710544,
    "count": 188
  },
  "24": {
    "r2": -2.3258321397011756,
    "pearson": 0.13495757647641063,
    "count": 667
  },
  "25": {
    "r2": -7.363747428320988,
    "pearson": 0.21663496819259126,
    "count": 470
  },
  "26": {
    "r2": -38760517.107202165,
    "pearson": -0.02366540908900956,
    "count": 332
  },
  "27": {
    "r2": -20.850188384470652,
    "pearson": 0.0872779657890818,
    "count": 518
  },
  "28": {
    "r2": -54.83197937279585,
    "pearson": 0.19814354416666688,
    "count": 425
  },
  "29": {
    "r2": -153.0901542639607,
    "pearson": 0.004427456320384196,
    "count": 265
  },
  "30": {
    "r2": -39.70241977875189,
    "pearson": 0.17296483086587994,
    "count": 407
  },
  "31": {
    "r2": -892.9346297057521,
    "pearson": 0.27002887270375264,
    "count": 158
  },
  "32": {
    "r2": -11.410511178916227,
    "pearson": -0.006928628616724538,
    "count": 583
  },
  "33": {
    "r2": -2.1564352592324627,
    "pearson": 0.25059158081967436,
    "count": 532
  },
  "34": {
    "r2": -95.91761809764515,
    "pearson": -0.18357365917495577,
    "count": 425
  },
  "35": {
    "r2": -53237.32897267052,
    "pearson": -0.17431352046785434,
    "count": 223
  },
  "36": {
    "r2": -0.7928855361949922,
    "pearson": 0.0638381699126766,
    "count": 732
  },
  "37": {
    "r2": -1.78750931513756,
    "pearson": 0.21262165383318174,
    "count": 836
  },
  "38": {
    "r2": 0.5439518313334571,
    "pearson": 0.7544010205920846,
    "count": 56
  },
  "39": {
    "r2": -245.20743350473688,
    "pearson": 0.08906412194689574,
    "count": 187
  },
  "40": {
    "r2": -57772852.10174687,
    "pearson": -0.03664226061720741,
    "count": 295
  },
  "41": {
    "r2": -6027.218996575426,
    "pearson": -0.06938915369028104,
    "count": 261
  },
  "42": {
    "r2": -14068479.480192797,
    "pearson": -0.19444456422900952,
    "count": 294
  },
  "43": {
    "r2": -9514255.963508828,
    "pearson": -0.3326184713782478,
    "count": 234
  },
  "44": {
    "r2": -1861.1946998160274,
    "pearson": 0.16372115731059522,
    "count": 197
  },
  "45": {
    "r2": -2.2145200669369736,
    "pearson": 0.008289257569193022,
    "count": 647
  },
  "46": {
    "r2": 0.9322459083795397,
    "pearson": 0.9657119783916688,
    "count": 77
  },
  "47": {
    "r2": -44974044.404954046,
    "pearson": -0.09319110303489798,
    "count": 299
  },
  "48": {
    "r2": -54935.48918448226,
    "pearson": 0.23132663204289394,
    "count": 86
  },
  "49": {
    "r2": -8.727378621254447,
    "pearson": 0.05972236083256613,
    "count": 175
  },
  "50": {
    "r2": -1.3903137133844168,
    "pearson": 0.20596291011412232,
    "count": 285
  },
  "51": {
    "r2": -56.837518884350494,
    "pearson": 0.15388413801527207,
    "count": 451
  },
  "52": {
    "r2": -2711600.370576054,
    "pearson": -0.0485221599751489,
    "count": 305
  },
  "53": {
    "r2": -2912590.0858444455,
    "pearson": -0.15927821866307898,
    "count": 374
  },
  "54": {
    "r2": -164353747.57725668,
    "pearson": -0.14640800336777385,
    "count": 150
  },
  "55": {
    "r2": -0.8013360919246202,
    "pearson": 0.46057121469950524,
    "count": 84
  },
  "56": {
    "r2": -727.4606983777752,
    "pearson": -0.135764616303613,
    "count": 348
  },
  "57": {
    "r2": -31296.51211889292,
    "pearson": 0.08142210984869803,
    "count": 365
  },
  "58": {
    "r2": -0.5863842412114275,
    "pearson": 0.6539283709653546,
    "count": 181
  },
  "59": {
    "r2": -22.91451988112901,
    "pearson": 0.032698732972428785,
    "count": 219
  },
  "60": {
    "r2": -11.757148307304336,
    "pearson": -0.04846530144940745,
    "count": 506
  },
  "61": {
    "r2": -49.357791784953584,
    "pearson": 0.04742693506502572,
    "count": 472
  },
  "62": {
    "r2": -4.039790731537427,
    "pearson": 0.07727635222376648,
    "count": 578
  },
  "63": {
    "r2": -8.253492610542413,
    "pearson": -0.010750221485460244,
    "count": 471
  },
  "64": {
    "r2": -1040.7133669066573,
    "pearson": 0.07646107461880629,
    "count": 412
  },
  "65": {
    "r2": -3613225.1957738786,
    "pearson": -0.06378795254009012,
    "count": 236
  },
  "66": {
    "r2": -63.37014609306732,
    "pearson": 0.11110927152549763,
    "count": 381
  },
  "67": {
    "r2": -564.2905877286738,
    "pearson": -0.03246832143606994,
    "count": 442
  },
  "68": {
    "r2": -2.7653358611849166,
    "pearson": 0.33812881612698736,
    "count": 38
  },
  "69": {
    "r2": -0.7710838582185786,
    "pearson": 0.4078772707426768,
    "count": 704
  },
  "70": {
    "r2": -14.508210182790414,
    "pearson": 0.18042094114402188,
    "count": 218
  },
  "71": {
    "r2": -3.4712321222521103,
    "pearson": 0.3714204386170797,
    "count": 238
  },
  "72": {
    "r2": -7399.25210315942,
    "pearson": 0.1772957421616672,
    "count": 22
  },
  "73": {
    "r2": -16197.586174981463,
    "pearson": 0.0770457391461747,
    "count": 359
  },
  "74": {
    "r2": -33.88550206156065,
    "pearson": 0.09045721743502474,
    "count": 440
  },
  "75": {
    "r2": -124.58290662045128,
    "pearson": 0.11850848332465877,
    "count": 433
  },
  "76": {
    "r2": -5.586762007579932,
    "pearson": 0.147035074935035,
    "count": 573
  },
  "77": {
    "r2": -1.083810687701261,
    "pearson": 0.12151072832316731,
    "count": 786
  },
  "78": {
    "r2": -10.732163241771119,
    "pearson": 0.1817066570632164,
    "count": 405
  },
  "79": {
    "r2": -15.312432162717162,
    "pearson": 0.042312049132415985,
    "count": 384
  },
  "81": {
    "r2": -40.32281494324001,
    "pearson": 0.13148449654146768,
    "count": 472
  },