{
  "r2_true": 0.37592163150847424,
  "pearson_true": 0.61316718213382,
  "r2_control": -0.054956078377925266,
  "pearson_control": -0.014835379082584105,
  "selectivity_r2": 0.4308777098863995
}