{
  "valid_auc": 0.7299656330737149,
  "valid_acc": 0.7585629869790305,
  "valid_metrics": {
    "l_sup": 0.5488467905093654,
    "l_reg": 5.082083702016386e-07,
    "l_ref": 0.03429273690562695,
    "l_init": 0.045154153561166886,
    "l_rate": 0.08379864804634533
  },
  "test_auc": 0.6690561382670158,
  "test_acc": 0.7393191444856978,
  "test_metrics": {
    "l_sup": 0.5488467905093654,
    "l_reg": 5.082083702016386e-07,
    "l_ref": 0.03429273690562695,
    "l_init": 0.045154153561166886,
    "l_rate": 0.08379864804634533
  },
  "best_epoch": 8,
  "params": {
    "model_name": "idkt",
    "dataset_name": "assist2015_S",
    "fold": 0,
    "seed": 42,
    "emb_type": "qid",
    "save_dir": "/workspaces/pykt-toolkit/experiments/20251231_010600_idkt_assist2015_S_hr_sweep_l0.0_566415",
    "d_model": 256,
    "d_ff": 512,
    "num_attn_heads": 8,
    "n_blocks": 4,
    "dropout": 0.2,
    "final_fc_dim": 512,
    "learning_rate": 0.0001,
    "weight_decay": 0.0,
    "batch_size": 64,
    "num_epochs": 100,
    "optimizer": "Adam",
    "gradient_clip": 1.0,
    "patience": 10,
    "seq_len": 200,
    "l2": 1e-05,
    "lambda_student": 1e-05,
    "lambda_gap": 1e-05,
    "lambda_ref": 0.0,
    "lambda_initmastery": 0.0,
    "lambda_rate": 0.0,
    "theory_guided": 1,
    "calibrate": 1,
    "use_wandb": 0,
    "add_uuid": 0
  }
}