epoch,train_loss,train_auc,train_acc,val_loss,val_auc,val_acc,train_bce_loss,train_im_loss,val_bce_loss,val_im_loss,train_encoder1_auc,train_encoder1_acc,val_encoder1_auc,val_encoder1_acc,train_encoder2_auc,train_encoder2_acc,val_encoder2_auc,val_encoder2_acc
1,0.598394,0.677991,0.734370,0.598394,0.673812,0.740241,0.563586,0.607096,0.563586,0.607096,0.677991,0.734370,0.673812,0.740241,0.521059,0.734370,0.522296,0.740241
2,0.595975,0.688848,0.734370,0.595975,0.683124,0.740241,0.554694,0.606295,0.554694,0.606295,0.688848,0.734370,0.683124,0.740241,0.524709,0.734370,0.525814,0.740241
3,0.594903,0.693580,0.734370,0.594903,0.686981,0.740241,0.552456,0.605515,0.552456,0.605515,0.693580,0.734370,0.686981,0.740241,0.527447,0.734370,0.528248,0.740241
4,0.593990,0.697427,0.734370,0.593990,0.689418,0.740241,0.550926,0.604756,0.550926,0.604756,0.697427,0.734370,0.689418,0.740241,0.528794,0.734370,0.529441,0.740241
5,0.593136,0.700160,0.734370,0.593136,0.690326,0.740241,0.549595,0.604021,0.549595,0.604021,0.700160,0.734370,0.690326,0.740241,0.529900,0.734370,0.530524,0.740241
6,0.592319,0.701890,0.734370,0.592319,0.689858,0.740241,0.548361,0.603309,0.548361,0.603309,0.701890,0.734370,0.689858,0.740241,0.530875,0.734370,0.531503,0.740241
