epoch,train_loss,train_auc,train_acc,val_loss,val_auc,val_acc,train_bce_loss,train_im_loss,val_bce_loss,val_im_loss,train_encoder1_auc,train_encoder1_acc,val_encoder1_auc,val_encoder1_acc,train_encoder2_auc,train_encoder2_acc,val_encoder2_auc,val_encoder2_acc
1,0.567751,0.680382,0.734370,0.567751,0.675598,0.740241,0.563305,0.607764,0.563305,0.607764,0.680382,0.734370,0.675598,0.740241,0.505025,0.734370,0.507753,0.740241
2,0.559331,0.693518,0.734370,0.559331,0.686649,0.740241,0.553997,0.607344,0.553997,0.607344,0.693518,0.734370,0.686649,0.740241,0.506632,0.734370,0.509259,0.740241
3,0.556808,0.698830,0.734370,0.556808,0.689919,0.740241,0.551237,0.606943,0.551237,0.606943,0.698830,0.734370,0.689919,0.740241,0.507287,0.734370,0.509899,0.740241
4,0.554851,0.700914,0.734370,0.554851,0.688637,0.740241,0.549107,0.606553,0.549107,0.606553,0.700914,0.734370,0.688637,0.740241,0.507640,0.734370,0.510249,0.740241
5,0.552954,0.705300,0.734370,0.552954,0.689311,0.740241,0.547041,0.606174,0.547041,0.606174,0.705300,0.734370,0.689311,0.740241,0.507780,0.734370,0.510401,0.740241
6,0.550952,0.708423,0.734370,0.550952,0.688419,0.740241,0.544857,0.605806,0.544857,0.605806,0.708423,0.734370,0.688419,0.740241,0.507768,0.734370,0.510457,0.740241
