{
  "experiment_id": "20251116_224330_gainakt3exp_p1bce09_b2.0_m0.8_g1.0_o1.5_622470",
  "dataset": "assist2015",
  "fold": 0,
  "train_auc": 0.6988300596151721,
  "train_acc": 0.7410337998291705,
  "valid_auc": 0.689919021572016,
  "valid_acc": 0.7362115446379041,
  "test_auc": 0.6857817397552349,
  "test_acc": 0.7304000237755587,
  "train_encoder1_auc": 0.6988300596151721,
  "train_encoder1_acc": 0.7410337998291705,
  "valid_encoder1_auc": 0.689919021572016,
  "valid_encoder1_acc": 0.7362115446379041,
  "test_encoder1_auc": 0.6857817397552349,
  "test_encoder1_acc": 0.7304000237755587,
  "train_encoder2_auc": 0.5175019524160521,
  "train_encoder2_acc": 0.5641619500840068,
  "valid_encoder2_auc": 0.5196532644829948,
  "valid_encoder2_acc": 0.5632658225384188,
  "test_encoder2_auc": 0.5167807961805002,
  "test_encoder2_acc": 0.5654570851165003,
  "train_mastery_correlation": 0.0,
  "train_gain_correlation": 0.0,
  "train_correlation_students": 0,
  "test_mastery_correlation": 0.0,
  "test_gain_correlation": 0.0,
  "test_correlation_students": 0,
  "timestamp": "2025-11-16T22:48:51.859904Z"
}