epoch,train_loss,train_auc,train_acc,val_loss,val_auc,val_acc,train_bce_loss,train_im_loss,val_bce_loss,val_im_loss,train_encoder1_auc,train_encoder1_acc,val_encoder1_auc,val_encoder1_acc,train_encoder2_auc,train_encoder2_acc,val_encoder2_auc,val_encoder2_acc
1,0.567685,0.680382,0.734370,0.567685,0.675598,0.740241,0.563305,0.607104,0.563305,0.607104,0.680382,0.734370,0.675598,0.740241,0.513324,0.734370,0.515510,0.740241
2,0.559249,0.693518,0.734370,0.559249,0.686649,0.740241,0.553997,0.606519,0.553997,0.606519,0.693518,0.734370,0.686649,0.740241,0.516053,0.734370,0.518156,0.740241
3,0.556709,0.698830,0.734370,0.556709,0.689919,0.740241,0.551237,0.605955,0.551237,0.605955,0.698830,0.734370,0.689919,0.740241,0.517503,0.734370,0.519653,0.740241
4,0.554737,0.700914,0.734370,0.554737,0.688637,0.740241,0.549107,0.605410,0.549107,0.605410,0.700914,0.734370,0.688637,0.740241,0.518960,0.734370,0.521055,0.740241
5,0.552825,0.705300,0.734370,0.552825,0.689311,0.740241,0.547041,0.604882,0.547041,0.604882,0.705300,0.734370,0.689311,0.740241,0.520346,0.734370,0.522405,0.740241
6,0.550809,0.708423,0.734370,0.550809,0.688419,0.740241,0.544857,0.604372,0.544857,0.604372,0.708423,0.734370,0.688419,0.740241,0.521560,0.734370,0.523612,0.740241
