split,auc,acc
test,0.830240,0.773666
