split,total_auc,bce_auc,mastery_auc,total_acc,bce_acc,mastery_acc
training,0.7407823465977245,0.7421444746553744,0.6634346053969497,0.7572180140605788,0.7583185500145486,0.7382742469893654
validation,0.7115071345960837,0.7119395602803292,0.6534778543550552,0.7501386874811433,0.7511995250562049,0.7373599743063193
test,0.7069265789648543,0.7073358205183433,0.646609376488197,0.7453340466000951,0.7457501188777936,0.7289660603899192
