{
  "experiment_id": "20251116_232505_gainakt3exp_p1bce09_b2.5_m0.9_g1.0_o1.5_758238",
  "dataset": "assist2015",
  "fold": 0,
  "train_auc": 0.6988300596151721,
  "train_acc": 0.7410337998291705,
  "valid_auc": 0.689919021572016,
  "valid_acc": 0.7362115446379041,
  "test_auc": 0.6857817397552349,
  "test_acc": 0.7304000237755587,
  "train_encoder1_auc": 0.6988300596151721,
  "train_encoder1_acc": 0.7410337998291705,
  "valid_encoder1_auc": 0.689919021572016,
  "valid_encoder1_acc": 0.7362115446379041,
  "test_encoder1_auc": 0.6857817397552349,
  "test_encoder1_acc": 0.7304000237755587,
  "train_encoder2_auc": 0.5241539567512555,
  "train_encoder2_acc": 0.5840396474530454,
  "valid_encoder2_auc": 0.5258953150639978,
  "valid_encoder2_acc": 0.5838207671120886,
  "test_encoder2_auc": 0.5238079985915591,
  "test_encoder2_acc": 0.5854879933428435,
  "train_mastery_correlation": 0.0,
  "train_gain_correlation": 0.0,
  "train_correlation_students": 0,
  "test_mastery_correlation": 0.0,
  "test_gain_correlation": 0.0,
  "test_correlation_students": 0,
  "timestamp": "2025-11-16T23:30:31.377242Z"
}