epoch,train_loss,train_auc,train_acc,val_loss,val_auc,val_acc,train_bce_loss,train_im_loss,val_bce_loss,val_im_loss,train_encoder1_auc,train_encoder1_acc,val_encoder1_auc,val_encoder1_acc,train_encoder2_auc,train_encoder2_acc,val_encoder2_auc,val_encoder2_acc
1,0.567460,0.680382,0.734370,0.567460,0.675598,0.740241,0.563305,0.604857,0.563305,0.604857,0.680382,0.734370,0.675598,0.740241,0.518056,0.734370,0.520202,0.740241
2,0.559027,0.693518,0.734370,0.559027,0.686649,0.740241,0.553997,0.604300,0.553997,0.604300,0.693518,0.734370,0.686649,0.740241,0.522320,0.734370,0.524216,0.740241
3,0.556490,0.698830,0.734370,0.556490,0.689919,0.740241,0.551237,0.603765,0.551237,0.603765,0.698830,0.734370,0.689919,0.740241,0.524155,0.734370,0.525896,0.740241
4,0.554521,0.700914,0.734370,0.554521,0.688637,0.740241,0.549107,0.603250,0.549107,0.603250,0.700914,0.734370,0.688637,0.740241,0.525367,0.734370,0.527135,0.740241
5,0.552613,0.705300,0.734370,0.552613,0.689311,0.740241,0.547041,0.602764,0.547041,0.602764,0.705300,0.734370,0.689311,0.740241,0.526386,0.734370,0.528215,0.740241
6,0.550602,0.708423,0.734370,0.550602,0.688419,0.740241,0.544857,0.602309,0.544857,0.602309,0.708423,0.734370,0.688419,0.740241,0.527147,0.734370,0.529004,0.740241
