{
  "experiment_id": "20251116_183942_gainakt3exp_lc_b2.5_m0.9_g1.0_o2.0_595327",
  "dataset": "assist2015",
  "fold": 0,
  "train_auc": 0.7001608669308191,
  "train_acc": 0.7482025361604671,
  "valid_auc": 0.6903256444875713,
  "valid_acc": 0.7413600132361385,
  "test_auc": 0.6860181657407145,
  "test_acc": 0.7358758321445554,
  "train_encoder1_auc": 0.7001608669308191,
  "train_encoder1_acc": 0.7482025361604671,
  "valid_encoder1_auc": 0.6903256444875713,
  "valid_encoder1_acc": 0.7413600132361385,
  "test_encoder1_auc": 0.6860181657407145,
  "test_encoder1_acc": 0.7358758321445554,
  "train_encoder2_auc": 0.5288515688084625,
  "train_encoder2_acc": 0.5840396474530454,
  "valid_encoder2_auc": 0.5295318271363659,
  "valid_encoder2_acc": 0.5838207671120886,
  "test_encoder2_auc": 0.5279229039126041,
  "test_encoder2_acc": 0.5854879933428435,
  "train_mastery_correlation": 0.0,
  "train_gain_correlation": 0.0,
  "train_correlation_students": 0,
  "test_mastery_correlation": 0.0,
  "test_gain_correlation": 0.0,
  "test_correlation_students": 0,
  "timestamp": "2025-11-16T18:44:44.586277Z"
}