epoch,train_loss,train_auc,train_acc,val_loss,val_auc,val_acc,train_bce_loss,train_im_loss,val_bce_loss,val_im_loss,train_encoder1_auc,train_encoder1_acc,val_encoder1_auc,val_encoder1_acc,train_encoder2_auc,train_encoder2_acc,val_encoder2_auc,val_encoder2_acc
1,0.597394,0.677991,0.734370,0.597394,0.673812,0.740241,0.563586,0.605846,0.563586,0.605846,0.677991,0.734370,0.673812,0.740241,0.520747,0.734370,0.522022,0.740241
2,0.595001,0.688848,0.734370,0.595001,0.683124,0.740241,0.554694,0.605078,0.554694,0.605078,0.688848,0.734370,0.683124,0.740241,0.523901,0.734370,0.525015,0.740241
3,0.593954,0.693580,0.734370,0.593954,0.686981,0.740241,0.552456,0.604329,0.552456,0.604329,0.693580,0.734370,0.686981,0.740241,0.526648,0.734370,0.527586,0.740241
4,0.593069,0.697427,0.734370,0.593069,0.689418,0.740241,0.550926,0.603605,0.550926,0.603605,0.697427,0.734370,0.689418,0.740241,0.528041,0.734370,0.528742,0.740241
5,0.592277,0.700160,0.734370,0.592277,0.690326,0.740241,0.549595,0.602947,0.549595,0.602947,0.700160,0.734370,0.690326,0.740241,0.528853,0.734370,0.529532,0.740241
6,0.591554,0.701890,0.734370,0.591554,0.689858,0.740241,0.548361,0.602352,0.548361,0.602352,0.701890,0.734370,0.689858,0.740241,0.529362,0.734370,0.530027,0.740241
