{
  "valid_auc": 0.7948947045185902,
  "valid_acc": 0.7634642688121155,
  "valid_metrics": {
    "l_sup": 0.5054649148202948,
    "l_reg": 0.0011851248224653925,
    "l_ref": 0.0,
    "l_init": 0.009407765859922231,
    "l_rate": 0.16722628732717257
  },
  "test_auc": 0.7885053478981247,
  "test_acc": 0.7490953734815198,
  "test_metrics": {
    "l_sup": 0.5235354458869517,
    "l_reg": 0.0011537228478118778,
    "l_ref": 0.0,
    "l_init": 0.009449135050030644,
    "l_rate": 0.16903534019755587
  },
  "window_test_auc": 0.7905652299003795,
  "window_test_acc": 0.7492585428755641,
  "window_metrics": {
    "l_sup": 0.5005004914348461,
    "l_reg": 0.0011100995822821132,
    "l_ref": 0.0,
    "l_init": 0.009771587217405968,
    "l_rate": 0.1647483469714004
  },
  "checkpoint": "/workspaces/pykt-toolkit/experiments/20251221_101726_idkt_pareto_v2_l0.35_assist2009_336878/best_model.pt"
}