split,auc,acc,l_sup,l_ref,l_init,l_rate,l_reg
test,0.788505,0.749095,0.523535,0.000000,0.009449,0.169035,0.001154
