split,auc,acc,l_sup,l_ref,l_init,l_rate,l_reg
validation,0.794895,0.763464,0.505465,0.020164,0.009408,0.167226,0.001185
