{
  "valid_auc": 0.7948947045185902,
  "valid_acc": 0.7634642688121155,
  "valid_metrics": {
    "l_sup": 0.5079351824448083,
    "l_reg": 0.0012015987110013764,
    "l_ref": 0.018364549924929936,
    "l_init": 0.008374668965351773,
    "l_rate": 0.15999536199549588
  },
  "test_auc": 0.7944307319560238,
  "test_acc": 0.7575958353052532,
  "test_metrics": {
    "l_sup": 0.5079351824448083,
    "l_reg": 0.0012015987110013764,
    "l_ref": 0.018364549924929936,
    "l_init": 0.008374668965351773,
    "l_rate": 0.15999536199549588
  },
  "best_epoch": 21,
  "params": {
    "model_name": "idkt",
    "dataset_name": "assist2009",
    "fold": 0,
    "seed": 42,
    "emb_type": "qid",
    "save_dir": "/workspaces/pykt-toolkit/experiments/20251221_101726_idkt_pareto_v2_l0.35_assist2009_336878",
    "d_model": 256,
    "d_ff": 512,
    "num_attn_heads": 8,
    "n_blocks": 4,
    "dropout": 0.2,
    "final_fc_dim": 512,
    "learning_rate": 0.0001,
    "weight_decay": 0.0,
    "batch_size": 64,
    "num_epochs": 100,
    "optimizer": "Adam",
    "gradient_clip": 1.0,
    "patience": 10,
    "seq_len": 200,
    "l2": 1e-05,
    "lambda_student": 1e-05,
    "lambda_gap": 1e-05,
    "lambda_ref": 0.35,
    "lambda_initmastery": 0.35,
    "lambda_rate": 0.35,
    "theory_guided": 1,
    "calibrate": 1,
    "use_wandb": 0,
    "add_uuid": 0
  }
}