{
  "lambda_ref": 2.8654802730758133,
  "lambda_initmastery": 4.821199186038904,
  "lambda_rate": 2.2225852415496052
}