{
  "valid_auc": 0.717143005825805,
  "valid_acc": 0.7488832008097402,
  "valid_metrics": {
    "l_sup": 0.5144496302467468,
    "l_reg": 8.291450524443555e-07,
    "l_ref": 0.008554006765159418,
    "l_init": 0.020092891807965654,
    "l_rate": 0.06015636982061715
  },
  "test_auc": 0.7092509438516842,
  "test_acc": 0.7416711245839277,
  "test_metrics": {
    "l_sup": 0.5245759989163975,
    "l_reg": 8.333986909106063e-07,
    "l_ref": 0.008454993382462712,
    "l_init": 0.019853815095302842,
    "l_rate": 0.060241633561598486
  },
  "window_test_auc": 0.709480556955566,
  "window_test_acc": 0.7417260843731432,
  "window_metrics": {
    "l_sup": 0.5319253014606348,
    "l_reg": 8.385419973204004e-07,
    "l_ref": 0.0,
    "l_init": 0.018938745600796673,
    "l_rate": 0.06230754497504657
  },
  "checkpoint": "/workspaces/pykt-toolkit/experiments/20251226_190425_idkt_assist2015_hr_sweep_l0.3_128896/best_model.pt"
}