{
  "prediction_mse": 0.008554850704967976,
  "prediction_corr": 0.8084037071621353,
  "initmastery_mse": 0.020144494250416756,
  "initmastery_corr": 0.9144076570425281,
  "learning_rate_mse": 0.06018303334712982,
  "learning_rate_corr": 0.8767456285850748,
  "h2_functional_alignment": 0.20063938721970476,
  "h3_discriminant_overlap": -0.23054103270008272,
  "h3_latent_overlap": -0.3953677195352751
}