split,auc,acc,l_sup,l_ref,l_init,l_rate,l_reg
validation,0.717143,0.748883,0.514450,0.008554,0.020093,0.060156,0.000001
