split,auc,acc,l_sup,l_ref,l_init,l_rate,l_reg
test,0.709251,0.741671,0.524576,0.008455,0.019854,0.060242,0.000001
