{
  "valid_auc": 0.717143005825805,
  "valid_acc": 0.7488832008097402,
  "valid_metrics": {
    "l_sup": 0.515502160755556,
    "l_reg": 1.9671073534148175e-06,
    "l_ref": 0.008658483852537311,
    "l_init": 0.01339256715735356,
    "l_rate": 0.045825510630123245
  },
  "test_auc": 0.7163755116336078,
  "test_acc": 0.7491751744542526,
  "test_metrics": {
    "l_sup": 0.515502160755556,
    "l_reg": 1.9671073534148175e-06,
    "l_ref": 0.008658483852537311,
    "l_init": 0.01339256715735356,
    "l_rate": 0.045825510630123245
  },
  "best_epoch": 19,
  "params": {
    "model_name": "idkt",
    "dataset_name": "assist2015",
    "fold": 0,
    "seed": 42,
    "emb_type": "qid",
    "save_dir": "/workspaces/pykt-toolkit/experiments/20251226_190425_idkt_assist2015_hr_sweep_l0.3_128896",
    "d_model": 256,
    "d_ff": 512,
    "num_attn_heads": 8,
    "n_blocks": 4,
    "dropout": 0.2,
    "final_fc_dim": 512,
    "learning_rate": 0.0001,
    "weight_decay": 0.0,
    "batch_size": 64,
    "num_epochs": 100,
    "optimizer": "Adam",
    "gradient_clip": 1.0,
    "patience": 10,
    "seq_len": 200,
    "l2": 1e-05,
    "lambda_student": 1e-05,
    "lambda_gap": 1e-05,
    "lambda_ref": 0.3,
    "lambda_initmastery": 0.3,
    "lambda_rate": 0.3,
    "theory_guided": 1,
    "calibrate": 1,
    "use_wandb": 0,
    "add_uuid": 0
  }
}