{
  "valid_auc": 0.7841543757303262,
  "valid_acc": 0.7547562707051585,
  "valid_metrics": {
    "l_sup": 0.5175761086810623,
    "l_reg": 0.0011788935905011992,
    "l_ref": 0.017659293254837394,
    "l_init": 0.01020813301745438,
    "l_rate": 0.17236822293901607
  },
  "test_auc": 0.7780421079558092,
  "test_acc": 0.7414383561643836,
  "test_metrics": {
    "l_sup": 0.5341699662215115,
    "l_reg": 0.001147642932482995,
    "l_ref": 0.0,
    "l_init": 0.010225302548112805,
    "l_rate": 0.17421960571491718
  },
  "window_test_auc": 0.7798603950675125,
  "window_test_acc": 0.7412798194713088,
  "window_metrics": {
    "l_sup": 0.5128648601194289,
    "l_reg": 0.0010838230763707817,
    "l_ref": 0.0,
    "l_init": 0.010609073394750507,
    "l_rate": 0.16985813680648224
  },
  "checkpoint": "/workspaces/pykt-toolkit/experiments/20251221_123420_idkt_pareto_v2_l0.45_assist2009_634520/best_model.pt"
}