split,auc,acc,l_sup,l_ref,l_init,l_rate,l_reg
test,0.778042,0.741438,0.534170,0.000000,0.010225,0.174220,0.001148
