split,auc,acc,l_sup,l_ref,l_init,l_rate,l_reg
validation,0.784154,0.754756,0.517576,0.017659,0.010208,0.172368,0.001179
