{
  "valid_auc": 0.7841543757303262,
  "valid_acc": 0.7547562707051585,
  "valid_metrics": {
    "l_sup": 0.5175807346317941,
    "l_reg": 0.0011875943309860304,
    "l_ref": 0.0163947397377342,
    "l_init": 0.009063798802120266,
    "l_rate": 0.16463812043909434
  },
  "test_auc": 0.7830540380692891,
  "test_acc": 0.7506105063890204,
  "test_metrics": {
    "l_sup": 0.5175807346317941,
    "l_reg": 0.0011875943309860304,
    "l_ref": 0.0163947397377342,
    "l_init": 0.009063798802120266,
    "l_rate": 0.16463812043909434
  },
  "best_epoch": 14,
  "params": {
    "model_name": "idkt",
    "dataset_name": "assist2009",
    "fold": 0,
    "seed": 42,
    "emb_type": "qid",
    "save_dir": "/workspaces/pykt-toolkit/experiments/20251221_123420_idkt_pareto_v2_l0.45_assist2009_634520",
    "d_model": 256,
    "d_ff": 512,
    "num_attn_heads": 8,
    "n_blocks": 4,
    "dropout": 0.2,
    "final_fc_dim": 512,
    "learning_rate": 0.0001,
    "weight_decay": 0.0,
    "batch_size": 64,
    "num_epochs": 100,
    "optimizer": "Adam",
    "gradient_clip": 1.0,
    "patience": 10,
    "seq_len": 200,
    "l2": 1e-05,
    "lambda_student": 1e-05,
    "lambda_gap": 1e-05,
    "lambda_ref": 0.45,
    "lambda_initmastery": 0.45,
    "lambda_rate": 0.45,
    "theory_guided": 1,
    "calibrate": 1,
    "use_wandb": 0,
    "add_uuid": 0
  }
}