{
  "valid_auc": 0.7729451109901733,
  "valid_acc": 0.7439848556554661,
  "valid_metrics": {
    "l_sup": 0.5287901840770485,
    "l_reg": 0.001178858830826357,
    "l_ref": 0.01444273783514897,
    "l_init": 0.010193660578621457,
    "l_rate": 0.1722244069953188
  },
  "test_auc": 0.7670442558333598,
  "test_acc": 0.7321982424399069,
  "test_metrics": {
    "l_sup": 0.5445298369363344,
    "l_reg": 0.00114758107617187,
    "l_ref": 0.013990587803224723,
    "l_init": 0.010211137243534748,
    "l_rate": 0.17407272748831526
  },
  "window_test_auc": 0.7689340141012349,
  "window_test_acc": 0.7325596389426177,
  "window_metrics": {
    "l_sup": 0.5245223148042015,
    "l_reg": 0.0010832635088887873,
    "l_ref": 0.0,
    "l_init": 0.010594583188434486,
    "l_rate": 0.16971577116526296
  },
  "checkpoint": "/workspaces/pykt-toolkit/experiments/20251221_133011_idkt_pareto_v2_l0.60_assist2009_759634/best_model.pt"
}