{
  "prediction_mse": 0.01848621480166912,
  "prediction_corr": 0.8141370266631661,
  "initmastery_mse": 0.010135178454220295,
  "initmastery_corr": 0.9880393642954064,
  "learning_rate_mse": 0.17135201394557953,
  "learning_rate_corr": 0.9983684494288726,
  "h2_functional_alignment": 0.2829425200593361,
  "h3_discriminant_overlap": -0.10167378631775435,
  "h3_latent_overlap": -0.03308164418620804
}