split,auc,acc,l_sup,l_ref,l_init,l_rate,l_reg
test,0.767044,0.732198,0.544530,0.013991,0.010211,0.174073,0.001148
