split,auc,acc
test,0.762098,0.728564
