{
  "experiment_id": "20251114_173947_gainakt3exp_debug_mastery_576954",
  "dataset": "assist2015",
  "fold": 0,
  "train_auc": 0.7209685681776825,
  "train_acc": 0.7499108307755845,
  "train_mastery_correlation": 0.026157978293102558,
  "train_gain_correlation": 0.024431167184022252,
  "train_correlation_students": 3334,
  "valid_auc": 0.7114515347526718,
  "valid_acc": 0.7497493892884602,
  "test_auc": 0.707381986371292,
  "test_acc": 0.7451705896338564,
  "test_mastery_correlation": 0.02211953483078784,
  "test_gain_correlation": 0.021032539686871535,
  "test_correlation_students": 3177,
  "timestamp": "2025-11-14T17:49:11.939082Z"
}