{
  "tail_metrics": {
    "epoch": 1.0,
    "train_loss": 0.5424499859927232,
    "train_auc": 0.6941095086064548,
    "val_loss": 0.5138462689733997,
    "val_auc": 0.7183945334563611,
    "val_accuracy": 0.7515304285199856,
    "monotonicity_violation_rate": 0.0,
    "negative_gain_rate": 0.0,
    "bounds_violation_rate": 0.0,
    "mastery_correlation": -0.0020437454481414155,
    "gain_correlation": 0.08903529209540299,
    "main_loss_share": 0.9775438326391696,
    "constraint_loss_share": 0.022456168909526942,
    "alignment_loss_share": -0.01552783459907744,
    "lag_loss_share": 0.0,
    "retention_loss_share": 0.0
  },
  "best_summary": {
    "best_epoch": 1.0,
    "best_val_auc": 0.7183945334563611,
    "best_val_accuracy": 0.7515304285199856,
    "mastery_corr": null,
    "gain_corr": null
  },
  "config_md5": "ac2495a0dc7ffded2261b19a55253f39"
}