epoch,phase,lambda_bce,epsilon,val_bce_auc,val_bce_acc,val_total_loss,val_bce_loss,val_rasch_loss,train_total_loss,train_bce_loss,train_rasch_loss
1,1,0.5,0.0,0.6872749163477736,0.743150784922481,0.09031439405314777,0.09031439405314777,0.0,0.10837181640180898,0.10837181640180898,0.0
2,1,0.5,0.0,0.7063293767955012,0.746498749379556,0.0884116506394075,0.0884116506394075,0.0,0.09349163967170246,0.09349163967170246,0.0
