{
  "valid_auc": 0.7245017635857427,
  "valid_acc": 0.7535353142123038,
  "test_auc": 0.7186541157689458,
  "test_acc": 0.7473103899191631,
  "test_mastery_correlation": -0.0077805208477907135,
  "test_gain_correlation": 0.049727088369396856,
  "test_correlation_students": 262,
  "timestamp": "2025-10-30T22:54:29.797136"
}