{
  "tail_metrics": {
    "epoch": 20.0,
    "train_loss": 0.20756466270879256,
    "train_auc": 0.9634992742124261,
    "val_loss": 1.1522171352848862,
    "val_auc": 0.6109139398797756,
    "val_accuracy": 0.7016807949469095,
    "monotonicity_violation_rate": 0.0,
    "negative_gain_rate": 0.0,
    "bounds_violation_rate": 0.0,
    "mastery_correlation": 0.03497918356686412,
    "gain_correlation": 0.091749022419038,
    "main_loss_share": 1.0032388769367524,
    "constraint_loss_share": -0.0032388767976235557,
    "alignment_loss_share": -0.2608173159162905,
    "lag_loss_share": -0.04455664241849504,
    "retention_loss_share": 0.0
  },
  "best_summary": {
    "best_epoch": 20.0,
    "best_val_auc": 0.6109139398797756,
    "best_val_accuracy": 0.7016807949469095,
    "mastery_corr": null,
    "gain_corr": null
  },
  "config_md5": "a46c25c18e72a51d465910c03fd99771"
}