{
  "prediction_mse": 0.0541684664785862,
  "prediction_corr": 0.5896276731787168,
  "initmastery_mse": 2.714304514483956e-07,
  "initmastery_corr": 0.9999932291307314,
  "learning_rate_mse": 2.546968573824415e-07,
  "learning_rate_corr": 0.9999884157953155,
  "h2_functional_alignment": 0.6919441466399379,
  "h3_discriminant_overlap": -0.10755585796260175,
  "h3_latent_overlap": -0.03680386431440652
}