{
  "r2_true": -336067.4939988342,
  "pearson_true": -0.024920078740159578,
  "r2_control": -126972.02908149052,
  "pearson_control": -0.1524056924303653,
  "selectivity_r2": -209095.4649173437
}