{
  "r2_true": -1730618.0548427387,
  "pearson_true": -0.0013280907081718032,
  "r2_control": -368044.83053231466,
  "pearson_control": 0.011149875844463782,
  "selectivity_r2": -1362573.224310424
}