epoch,train_loss,train_auc,train_acc,val_loss,val_auc,val_acc,train_bce_loss,train_im_loss,val_bce_loss,val_im_loss,train_encoder1_auc,train_encoder1_acc,val_encoder1_auc,val_encoder1_acc,train_encoder2_auc,train_encoder2_acc,val_encoder2_auc,val_encoder2_acc
1,0.567891,0.680382,0.734370,0.567891,0.675598,0.740241,0.563305,0.609165,0.563305,0.609165,0.680382,0.734370,0.675598,0.740241,0.501495,0.734370,0.504345,0.740241
2,0.559477,0.693518,0.734370,0.559477,0.686649,0.740241,0.553997,0.608804,0.553997,0.608804,0.693518,0.734370,0.686649,0.740241,0.502385,0.734370,0.505180,0.740241
3,0.556959,0.698830,0.734370,0.556959,0.689919,0.740241,0.551237,0.608457,0.551237,0.608457,0.698830,0.734370,0.689919,0.740241,0.502758,0.734370,0.505540,0.740241
4,0.555008,0.700914,0.734370,0.555008,0.688637,0.740241,0.549107,0.608119,0.549107,0.608119,0.700914,0.734370,0.688637,0.740241,0.502725,0.734370,0.505543,0.740241
5,0.553115,0.705300,0.734370,0.553115,0.689311,0.740241,0.547041,0.607786,0.547041,0.607786,0.705300,0.734370,0.689311,0.740241,0.502566,0.734370,0.505409,0.740241
6,0.551117,0.708423,0.734370,0.551117,0.688419,0.740241,0.544857,0.607459,0.544857,0.607459,0.708423,0.734370,0.688419,0.740241,0.502257,0.734370,0.505125,0.740241
