{
  "experiment_id": "20251116_221106_gainakt3exp_p1bce09_b1.5_m0.7_g1.1_o1.5_647519",
  "dataset": "assist2015",
  "fold": 0,
  "train_auc": 0.6988300596151721,
  "train_acc": 0.7410337998291705,
  "valid_auc": 0.689919021572016,
  "valid_acc": 0.7362115446379041,
  "test_auc": 0.6857817397552349,
  "test_acc": 0.7304000237755587,
  "train_encoder1_auc": 0.6988300596151721,
  "train_encoder1_acc": 0.7410337998291705,
  "valid_encoder1_auc": 0.689919021572016,
  "valid_encoder1_acc": 0.7362115446379041,
  "test_encoder1_auc": 0.6857817397552349,
  "test_encoder1_acc": 0.7304000237755587,
  "train_encoder2_auc": 0.513798081020387,
  "train_encoder2_acc": 0.4652779733243225,
  "valid_encoder2_auc": 0.5159748162613067,
  "valid_encoder2_acc": 0.4608317355886675,
  "test_encoder2_auc": 0.5126514951378094,
  "test_encoder2_acc": 0.4686385520684736,
  "train_mastery_correlation": 0.0,
  "train_gain_correlation": 0.0,
  "train_correlation_students": 0,
  "test_mastery_correlation": 0.0,
  "test_gain_correlation": 0.0,
  "test_correlation_students": 0,
  "timestamp": "2025-11-16T22:16:17.203591Z"
}