epoch,train_loss,train_auc,train_acc,val_loss,val_auc,val_acc,train_bce_loss,train_im_loss,val_bce_loss,val_im_loss,train_encoder1_auc,train_encoder1_acc,val_encoder1_auc,val_encoder1_acc,train_encoder2_auc,train_encoder2_acc,val_encoder2_auc,val_encoder2_acc
1,0.567887,0.680382,0.734370,0.567887,0.675598,0.740241,0.563305,0.609128,0.563305,0.609128,0.680382,0.734370,0.675598,0.740241,0.509124,0.734370,0.511493,0.740241
2,0.559447,0.693518,0.734370,0.559447,0.686649,0.740241,0.553997,0.608503,0.553997,0.608503,0.693518,0.734370,0.686649,0.740241,0.511927,0.734370,0.514228,0.740241
3,0.556903,0.698830,0.734370,0.556903,0.689919,0.740241,0.551237,0.607897,0.551237,0.607897,0.698830,0.734370,0.689919,0.740241,0.513798,0.734370,0.515975,0.740241
4,0.554927,0.700914,0.734370,0.554927,0.688637,0.740241,0.549107,0.607308,0.549107,0.607308,0.700914,0.734370,0.688637,0.740241,0.514933,0.734370,0.517094,0.740241
5,0.553010,0.705300,0.734370,0.553010,0.689311,0.740241,0.547041,0.606735,0.547041,0.606735,0.705300,0.734370,0.689311,0.740241,0.516391,0.734370,0.518615,0.740241
6,0.550989,0.708423,0.734370,0.550989,0.688419,0.740241,0.544857,0.606179,0.544857,0.606179,0.708423,0.734370,0.688419,0.740241,0.518096,0.734370,0.520405,0.740241
