epoch,train_loss,train_auc,val_loss,val_auc,val_accuracy,monotonicity_violation_rate,negative_gain_rate,bounds_violation_rate,mastery_correlation,gain_correlation,main_loss_share,constraint_loss_share,alignment_loss_share,lag_loss_share,retention_loss_share
1,0.5370905360718465,0.6938453430072097,0.5162359062506228,0.7173174444632472,0.7506058453123632,0.0,0.0,0.0,0.10618814178431726,0.01799057942308056,0.9837922880895426,0.016207711581960695,-0.00556001849761964,0.0,0.0
2,0.5185861859296887,0.72450944401717,0.5099558465334834,0.7249474418833153,0.7537104983990112,0.0,0.0,0.0,0.09930178902231208,0.03307610459048945,0.9908912392076773,0.009108764184038262,-0.022727093553422166,0.0,0.0
3,0.5071081068231652,0.7369002781529885,0.5097531688456632,0.7255450151393238,0.753691033489377,0.0,0.0,0.0,0.08439353561851166,0.027857289616020076,0.9975153262884429,0.0024846715800327505,-0.04472716280277961,0.0,0.0
4,0.4945608250835399,0.7470379475273216,0.5112589129379818,0.7235866482957652,0.7522700950860836,0.0,0.0,0.0,0.11450437922939864,-0.0042345820295641426,1.0089169258651982,-0.008916923269795509,-0.07273990928583592,0.0,0.0
5,0.47649548029034866,0.7587130227628381,0.5164223970199118,0.7179923144497805,0.7482213938821789,0.0,0.0,0.0,0.12201139408818557,0.008836307207937615,1.0293948912924618,-0.02939489345965587,-0.11173529670009413,0.0,0.0
6,0.4716422787910916,0.7746333115664619,0.5278636241445736,0.7082510628703769,0.7403283730255282,0.0,0.0,0.0,0.10572551742257409,0.01875316327889799,1.0139319558916935,-0.01393195818350082,-0.11315466771785192,0.0,0.0
7,0.46300600569482914,0.7974764692900755,0.5457301115503117,0.695094373232399,0.7337492335691832,0.0,0.0,0.0,0.1343398778149025,0.026870788278295477,0.9907751537634845,0.009224847528858694,-0.10837215554439894,0.0,0.0
8,0.43171488574749445,0.8242143221219371,0.5688906245085658,0.682751857990231,0.7253403926072273,0.0,0.0,0.0,0.12712553275430782,0.02776769846929463,1.0032757259344351,-0.0032757224470460833,-0.14743037482527277,0.0,0.0
