epoch,train_loss,train_auc,train_acc,val_loss,val_auc,val_acc,train_bce_loss,train_im_loss,val_bce_loss,val_im_loss,train_encoder1_auc,train_encoder1_acc,val_encoder1_auc,val_encoder1_acc,train_encoder2_auc,train_encoder2_acc,val_encoder2_auc,val_encoder2_acc
1,0.567421,0.680382,0.734370,0.567421,0.675598,0.740241,0.563305,0.604459,0.563305,0.604459,0.680382,0.734370,0.675598,0.740241,0.522217,0.734370,0.524062,0.740241
2,0.558984,0.693518,0.734370,0.558984,0.686649,0.740241,0.553997,0.603875,0.553997,0.603875,0.693518,0.734370,0.686649,0.740241,0.526006,0.734370,0.527652,0.740241
3,0.556445,0.698830,0.734370,0.556445,0.689919,0.740241,0.551237,0.603314,0.551237,0.603314,0.698830,0.734370,0.689919,0.740241,0.527233,0.734370,0.528873,0.740241
4,0.554473,0.700914,0.734370,0.554473,0.688637,0.740241,0.549107,0.602774,0.549107,0.602774,0.700914,0.734370,0.688637,0.740241,0.528994,0.734370,0.530605,0.740241
5,0.552563,0.705300,0.734370,0.552563,0.689311,0.740241,0.547041,0.602266,0.547041,0.602266,0.705300,0.734370,0.689311,0.740241,0.531017,0.734370,0.532861,0.740241
6,0.550551,0.708423,0.734370,0.550551,0.688419,0.740241,0.544857,0.601795,0.544857,0.601795,0.708423,0.734370,0.688419,0.740241,0.532737,0.734370,0.534682,0.740241
