{
  "experiment_id": "20251114_180421_gainakt3exp_debug_thresholds_v3_688724",
  "dataset": "assist2015",
  "fold": 0,
  "train_auc": 0.7242463919052146,
  "train_acc": 0.7510442185490759,
  "train_mastery_correlation": 0.025963236947217024,
  "train_gain_correlation": 0.02565062370295355,
  "train_correlation_students": 3334,
  "valid_auc": 0.7139118307177192,
  "valid_acc": 0.751209257511022,
  "test_auc": 0.7094766032534563,
  "test_acc": 0.7451780194959582,
  "test_mastery_correlation": 0.022146870953622357,
  "test_gain_correlation": 0.021599579882568366,
  "test_correlation_students": 3177,
  "timestamp": "2025-11-14T18:20:58.091103Z"
}