epoch,train_loss,train_auc,val_loss,val_auc,val_accuracy,monotonicity_violation_rate,negative_gain_rate,bounds_violation_rate,mastery_correlation,gain_correlation,main_loss_share,constraint_loss_share,alignment_loss_share,lag_loss_share,retention_loss_share
1,0.5288629198321406,0.6935322332976502,0.5148891441676081,0.7179024417020111,0.7513649767880952,0.0,0.0,0.0,0.14511937166653974,-0.011085145468718763,0.9995968433253907,0.00040315212605518153,-0.0016792455868125957,0.0,0.0
2,0.5101966424000696,0.7249231195479134,0.5111755540176314,0.7241479420117107,0.7533503975707793,0.0,0.0,0.0,0.17319396366531423,-0.0085174281183093,1.006789016115135,-0.006789020969667282,-0.007457259764432517,0.0,0.0
3,0.4986839164724004,0.7378546260349902,0.5108831749886883,0.7248544265474806,0.752698323098035,0.0,0.0,0.0,0.1576610929929473,0.014365110643949342,1.0131048471013715,-0.013104845406173116,-0.013787856614826049,0.0,0.0
4,0.48718980711358817,0.7497831641242244,0.5141329515953453,0.7210851839098249,0.7499148410203506,0.0,0.0,0.0,0.15651835316121687,0.026776519283890812,1.0201852835761416,-0.020185283152557625,-0.02089156080827131,0.0,0.0
