{
  "lambda_ref": 14.358910629075101,
  "lambda_initmastery": 14.269328784467643,
  "lambda_rate": 4.071865341098438
}