{
  "valid_auc": 0.7485929881910045,
  "valid_acc": 0.7268338854708944,
  "valid_metrics": {
    "l_sup": 0.5530774677168027,
    "l_reg": 8.227257778751589e-08,
    "l_ref": 0.0161698698066175,
    "l_init": 0.046781769767866604,
    "l_rate": 0.16394723719842977
  },
  "test_auc": 0.745601088279176,
  "test_acc": 0.7208096407340399,
  "test_metrics": {
    "l_sup": 0.5638809548898095,
    "l_reg": 7.417953220567597e-08,
    "l_ref": 0.01625227741897106,
    "l_init": 0.046847389000734166,
    "l_rate": 0.16726317663817525
  },
  "window_test_auc": 0.745615708509721,
  "window_test_acc": 0.7215989684074791,
  "window_metrics": {
    "l_sup": 0.5513296418798238,
    "l_reg": 2.3109696271281223e-07,
    "l_ref": 0.0,
    "l_init": 0.04927545763359236,
    "l_rate": 0.16011623250032142
  },
  "checkpoint": "/workspaces/pykt-toolkit/experiments/20251226_181543_idkt_assist2009_hr_sweep_l1.0_517932/best_model.pt"
}