{
  "prediction_mse": 0.01605912297964096,
  "prediction_corr": 0.7525831405419752,
  "initmastery_mse": 0.04700358957052231,
  "initmastery_corr": -0.08324585859046993,
  "learning_rate_mse": 0.1634712815284729,
  "learning_rate_corr": 0.006826958654910512,
  "h2_functional_alignment": 0.1898292973694631,
  "h3_discriminant_overlap": -0.10138180607364572,
  "h3_latent_overlap": 0.19530596388893515
}