split,auc,acc,l_sup,l_ref,l_init,l_rate,l_reg
test,0.745601,0.720810,0.563881,0.016252,0.046847,0.167263,0.000000
