split,auc,acc,l_sup,l_ref,l_init,l_rate,l_reg
validation,0.748593,0.726834,0.553077,0.016170,0.046782,0.163947,0.000000
