{
  "r2_true": 0.6258014497060321,
  "pearson_true": 0.7910834428639297,
  "r2_control": -0.015812295902936313,
  "pearson_control": -0.012944612737991844,
  "selectivity_r2": 0.6416137456089684
}