{
  "experiment_id": "20251116_223230_gainakt3exp_p1bce09_b2.0_m0.7_g0.9_o1.5_771355",
  "dataset": "assist2015",
  "fold": 0,
  "train_auc": 0.6988300596151721,
  "train_acc": 0.7410337998291705,
  "valid_auc": 0.689919021572016,
  "valid_acc": 0.7362115446379041,
  "test_auc": 0.6857817397552349,
  "test_acc": 0.7304000237755587,
  "train_encoder1_auc": 0.6988300596151721,
  "train_encoder1_acc": 0.7410337998291705,
  "valid_encoder1_auc": 0.689919021572016,
  "valid_encoder1_acc": 0.7362115446379041,
  "test_encoder1_auc": 0.6857817397552349,
  "test_encoder1_acc": 0.7304000237755587,
  "train_encoder2_auc": 0.5160192503353523,
  "train_encoder2_acc": 0.47242793718732107,
  "valid_encoder2_auc": 0.5180511081124136,
  "valid_encoder2_acc": 0.46835492316226923,
  "test_encoder2_auc": 0.5150632261212642,
  "test_encoder2_acc": 0.4763804683785069,
  "train_mastery_correlation": 0.0,
  "train_gain_correlation": 0.0,
  "train_correlation_students": 0,
  "test_mastery_correlation": 0.0,
  "test_gain_correlation": 0.0,
  "test_correlation_students": 0,
  "timestamp": "2025-11-16T22:37:51.361863Z"
}