epoch,train_loss,train_auc,train_acc,val_loss,val_auc,val_acc,train_bce_loss,train_im_loss,val_bce_loss,val_im_loss,train_encoder1_auc,train_encoder1_acc,val_encoder1_auc,val_encoder1_acc,train_encoder2_auc,train_encoder2_acc,val_encoder2_auc,val_encoder2_acc
1,0.567854,0.680382,0.734370,0.567854,0.675598,0.740241,0.563305,0.608795,0.563305,0.608795,0.680382,0.734370,0.675598,0.740241,0.511171,0.734370,0.513460,0.740241
2,0.559414,0.693518,0.734370,0.559414,0.686649,0.740241,0.553997,0.608168,0.553997,0.608168,0.693518,0.734370,0.686649,0.740241,0.514439,0.734370,0.516566,0.740241
3,0.556870,0.698830,0.734370,0.556870,0.689919,0.740241,0.551237,0.607562,0.551237,0.607562,0.698830,0.734370,0.689919,0.740241,0.516020,0.734370,0.518051,0.740241
4,0.554894,0.700914,0.734370,0.554894,0.688637,0.740241,0.549107,0.606976,0.549107,0.606976,0.700914,0.734370,0.688637,0.740241,0.517250,0.734370,0.519344,0.740241
5,0.552978,0.705300,0.734370,0.552978,0.689311,0.740241,0.547041,0.606409,0.547041,0.606409,0.705300,0.734370,0.689311,0.740241,0.518752,0.734370,0.520913,0.740241
6,0.550957,0.708423,0.734370,0.550957,0.688419,0.740241,0.544857,0.605861,0.544857,0.605861,0.708423,0.734370,0.688419,0.740241,0.520271,0.734370,0.522451,0.740241
