split,auc,acc,l_sup,l_ref,l_init,l_rate,l_reg
test,0.758533,0.732780,0.553149,0.000000,0.011974,0.185426,0.001149
