epoch,train_loss,valid_auc,valid_acc,train_l_sup,train_l_ref,train_l_init,train_l_rate,train_l_rasch,train_l_gap,train_l_student
1,0.7572006066408475,0.7626162907235108,0.741751064836725,0.5826345891223087,0.024315111377897363,0.01241375169170548,0.1841732248152765,0.0014112953225170106,62.08293096224467,59.90755444765091
