{
  "train": {
    "total_auc": 0.7473612017852385,
    "total_acc": 0.7593463426538638,
    "bce_auc": 0.7473612017852385,
    "bce_acc": 0.7593463426538638,
    "mastery_auc": "N/A",
    "mastery_acc": "N/A"
  },
  "valid": {
    "total_auc": 0.7242390016966922,
    "total_acc": 0.7527859151913887,
    "bce_auc": 0.7242390016966922,
    "bce_acc": 0.7527859151913887,
    "mastery_auc": "N/A",
    "mastery_acc": "N/A"
  },
  "test": {
    "total_auc": 0.7184140101114407,
    "total_acc": 0.7465153946742749,
    "bce_auc": 0.7184140101114407,
    "bce_acc": 0.7465153946742749,
    "mastery_auc": "N/A",
    "mastery_acc": "N/A"
  },
  "checkpoint_epoch": 6,
  "checkpoint_val_auc": 0.7242389787904542
}