split,total_auc,bce_auc,mastery_auc,total_acc,bce_acc,mastery_acc
training,0.7473612017852385,0.7473612017852385,N/A,0.7593463426538638,0.7593463426538638,N/A
validation,0.7242390016966922,0.7242390016966922,N/A,0.7527859151913887,0.7527859151913887,N/A
test,0.7184140101114407,0.7184140101114407,N/A,0.7465153946742749,0.7465153946742749,N/A
