{
  "valid_auc": 0.7304838071582685,
  "valid_acc": 0.7578518014955813,
  "valid_metrics": {
    "l_sup": 0.506096497628658,
    "l_reg": 1.1167490280665031e-06,
    "l_ref": 0.017909488175064325,
    "l_init": 0.025201191309786,
    "l_rate": 0.05175184224181061
  },
  "test_auc": 0.7244790202663135,
  "test_acc": 0.7532011414355747,
  "test_metrics": {
    "l_sup": 0.5154087841638183,
    "l_reg": 1.1278449064621334e-06,
    "l_ref": 0.01813788914074332,
    "l_init": 0.02491103219851553,
    "l_rate": 0.0511629795716423
  },
  "window_test_auc": 0.7244790202663135,
  "window_test_acc": 0.7532011414355747,
  "window_metrics": {
    "l_sup": 0.5154087841638183,
    "l_reg": 1.1278449064621334e-06,
    "l_ref": 0.0,
    "l_init": 0.02491103219851553,
    "l_rate": 0.0511629795716423
  },
  "checkpoint": "/workspaces/pykt-toolkit/experiments/20251231_010504_idkt_assist2015S_758501/best_model.pt"
}