split,auc,acc,l_sup,l_ref,l_init,l_rate,l_reg
test,0.724479,0.753201,0.515409,0.018138,0.024911,0.051163,0.000001
