{
  "0": {
    "r2": -0.4429704073759031,
    "pearson": 0.4373455047417926,
    "count": 1084
  },
  "1": {
    "r2": -5.89925169351492,
    "pearson": 0.042400367964164076,
    "count": 708
  },
  "2": {
    "r2": 0.0042795520582039615,
    "pearson": 0.37571124408324924,
    "count": 1051
  },
  "3": {
    "r2": -2.714033343117774,
    "pearson": -0.0018922329166101912,
    "count": 622
  },
  "4": {
    "r2": -18554.392139043535,
    "pearson": 0.2144939347462101,
    "count": 357
  },
  "5": {
    "r2": -20.882230515806576,
    "pearson": 0.2804799450821907,
    "count": 449
  },
  "6": {
    "r2": -14.695425432373076,
    "pearson": 0.13910612168740283,
    "count": 427
  },
  "7": {
    "r2": -0.4896863091238455,
    "pearson": 0.17544658646895342,
    "count": 1425
  },
  "8": {
    "r2": -1.9982462749871224,
    "pearson": 0.11915233326663445,
    "count": 817
  },
  "9": {
    "r2": -3.3516716927153016,
    "pearson": 0.079322210198052,
    "count": 781
  },
  "10": {
    "r2": -0.21128575694371432,
    "pearson": 0.28051999472189615,
    "count": 1237
  },
  "11": {
    "r2": -32.11751219465428,
    "pearson": 0.07670524167780221,
    "count": 531
  },
  "12": {
    "r2": -22.89547026117924,
    "pearson": 0.05531674353246881,
    "count": 577
  },
  "13": {
    "r2": -17.876077544202968,
    "pearson": 0.01920869244328119,
    "count": 527
  },
  "14": {
    "r2": -8.635516769823893,
    "pearson": 0.06320481836916074,
    "count": 625
  },
  "15": {
    "r2": -2683449.1531510535,
    "pearson": 0.004580357471670988,
    "count": 229
  },
  "16": {
    "r2": -302.6143032816362,
    "pearson": 0.04776879875448177,
    "count": 379
  },
  "17": {
    "r2": -6.046254584146135,
    "pearson": 0.07084383423479841,
    "count": 536
  },
  "18": {
    "r2": -13.28506003341663,
    "pearson": 0.13939625391783328,
    "count": 225
  },
  "19": {
    "r2": -0.6036496704893157,
    "pearson": 0.3246796187340127,
    "count": 1058
  },
  "20": {
    "r2": -1.8191681584904682,
    "pearson": 0.24292619208709917,
    "count": 589
  },
  "21": {
    "r2": -2.15091262633768,
    "pearson": 0.29409512678644006,
    "count": 676
  },
  "22": {
    "r2": -2067.2736376079542,
    "pearson": -0.18781040979177607,
    "count": 352
  },
  "23": {
    "r2": -42.16850018478773,
    "pearson": 0.0784505751043377,
    "count": 213
  },
  "24": {
    "r2": -0.9360686845766537,
    "pearson": 0.16655789271813634,
    "count": 686
  },
  "25": {
    "r2": -34.92737688295898,
    "pearson": 0.15392492646018627,
    "count": 406
  },
  "26": {
    "r2": -38939128.72136913,
    "pearson": 0.1423042540506236,
    "count": 329
  },
  "27": {
    "r2": -18.994911046984697,
    "pearson": -0.018810217432894943,
    "count": 515
  },
  "28": {
    "r2": -19.89370976309734,
    "pearson": 0.2141761768989544,
    "count": 432
  },
  "29": {
    "r2": -46.60904899967867,
    "pearson": 0.18953632830826908,
    "count": 286
  },
  "30": {
    "r2": -34.299188898570875,
    "pearson": -0.05721694859945429,
    "count": 466
  },
  "31": {
    "r2": -86.42484015482451,
    "pearson": 0.1912798094929809,
    "count": 189
  },
  "32": {
    "r2": -12.507061739637242,
    "pearson": 0.0366881551185204,
    "count": 588
  },
  "33": {
    "r2": -1.3332829760548304,
    "pearson": 0.2730124623064796,
    "count": 600
  },
  "34": {
    "r2": -28.687830727901222,
    "pearson": 0.20578375834920076,
    "count": 425
  },
  "35": {
    "r2": -17.876587071292196,
    "pearson": 0.019600438789732694,
    "count": 218
  },
  "36": {
    "r2": -1.7415995911486717,
    "pearson": 0.10956043265077531,
    "count": 647
  },
  "37": {
    "r2": -0.5412991232078641,
    "pearson": 0.24008103255292162,
    "count": 855
  },
  "38": {
    "r2": 0.6923358161798456,
    "pearson": 0.8413093877003301,
    "count": 69
  },
  "39": {
    "r2": -2.427836494712546,
    "pearson": 0.27315582510614095,
    "count": 159
  },
  "40": {
    "r2": -60074740.19218613,
    "pearson": -0.03450962518878738,
    "count": 298
  },
  "41": {
    "r2": -80.26518473827728,
    "pearson": 0.1563439910958789,
    "count": 277
  },
  "42": {
    "r2": -1685506.1697082864,
    "pearson": 0.02349873596353772,
    "count": 263
  },
  "43": {
    "r2": -1801000.0232293617,
    "pearson": 0.5225195429728562,
    "count": 229
  },
  "44": {
    "r2": -12728.120400117003,
    "pearson": -0.02607642667659225,
    "count": 184
  },
  "45": {
    "r2": -1.7867256531423465,
    "pearson": 0.127564072087147,
    "count": 675
  },
  "46": {
    "r2": 0.9057188398253873,
    "pearson": 0.9642410811387444,
    "count": 58
  },
  "47": {
    "r2": -27135373.04273175,
    "pearson": 0.23375591825280018,
    "count": 294
  },
  "48": {
    "r2": -7233.316067451786,
    "pearson": 0.33561136812903053,
    "count": 65
  },
  "49": {
    "r2": -3.128161131751,
    "pearson": 0.40182815410225725,
    "count": 194
  },
  "50": {
    "r2": -14093767.786815377,
    "pearson": 0.10937667729027989,
    "count": 337
  },
  "51": {
    "r2": -5.058255161671818,
    "pearson": 0.22841138143590275,
    "count": 422
  },
  "52": {
    "r2": -21325.849436810517,
    "pearson": 0.09275426223701713,
    "count": 341
  },
  "53": {
    "r2": -268718278.0103608,
    "pearson": -0.025092701548893884,
    "count": 328
  },
  "54": {
    "r2": -1279442193.8426378,
    "pearson": -0.09998200162005452,
    "count": 160
  },
  "55": {
    "r2": -1.6892187705194712,
    "pearson": 0.33828007882959127,
    "count": 84
  },
  "56": {
    "r2": -595598.3690254366,
    "pearson": 0.17058178903820698,
    "count": 333
  },
  "57": {
    "r2": -7880228.9951213,
    "pearson": 0.028431845277790534,
    "count": 347
  },
  "58": {
    "r2": 0.38476641665006595,
    "pearson": 0.7676854041064549,
    "count": 196
  },
  "59": {
    "r2": -50.78825236240113,
    "pearson": 0.12544076480948227,
    "count": 197
  },
  "60": {
    "r2": -6.794503758409986,
    "pearson": 0.22962831163616934,
    "count": 506
  },
  "61": {
    "r2": -121.94883061874503,
    "pearson": -0.0063017058255330355,
    "count": 448
  },
  "62": {
    "r2": -1.8087341692415366,
    "pearson": 0.01994933915165909,
    "count": 528
  },
  "63": {
    "r2": -4.818606718124861,
    "pearson": 0.08773165249062936,
    "count": 423
  },
  "64": {
    "r2": -1606126.5416326507,
    "pearson": 0.03782780227181371,
    "count": 374
  },
  "65": {
    "r2": -153.64424913516453,
    "pearson": -0.021529780528087426,
    "count": 227
  },
  "66": {
    "r2": -83.89866889615809,
    "pearson": 0.07436146861414873,
    "count": 376
  },
  "67": {
    "r2": -252.32666036091422,
    "pearson": 0.11348180904501351,
    "count": 449
  },
  "68": {
    "r2": -18.862337370863244,
    "pearson": -0.7709923647827616,
    "count": 45
  },
  "69": {
    "r2": -0.251392487257315,
    "pearson": 0.4464536395075521,
    "count": 726
  },
  "70": {
    "r2": -1.4357696355744376,
    "pearson": 0.1275390538822728,
    "count": 182
  },
  "71": {
    "r2": -1090.1278892526725,
    "pearson": 0.17841721934868607,
    "count": 234
  },
  "72": {
    "r2": -56057.43852449369,
    "pearson": 0.18562561432866698,
    "count": 25
  },
  "73": {
    "r2": -743227.5145903268,
    "pearson": -0.02628413100136657,
    "count": 356
  },
  "74": {
    "r2": -3994.8499918316543,
    "pearson": 0.08881351045929092,
    "count": 416
  },
  "75": {
    "r2": -56.323822862211316,
    "pearson": 0.19104621783293466,
    "count": 433
  },
  "76": {
    "r2": -1.7581387202670453,
    "pearson": 0.27833922342523004,
    "count": 594
  },
  "77": {
    "r2": -1.9987496055711351,
    "pearson": 0.0700925439970567,
    "count": 887
  },
  "78": {
    "r2": -216.50485069070433,
    "pearson": 0.15221606155114203,
    "count": 359
  },
  "79": {
    "r2": -9742926.33409564,
    "pearson": 0.011238107031394662,
    "count": 287
  },
  "81": {
    "r2": -19.829975338064635,
    "pearson": -0.031926052665537726,
    "count": 482
  },