{
  "r2_true": 0.35447825900032215,
  "pearson_true": 0.5955894991729072,
  "r2_control": -0.0156439399417716,
  "pearson_control": -0.0014921817358772161,
  "selectivity_r2": 0.37012219894209375
}