{
  "train": {
    "total_auc": 0.7513138760500184,
    "total_acc": 0.761352650203212,
    "bce_auc": 0.7515527662458967,
    "bce_acc": 0.7615380283276547,
    "mastery_auc": 0.625089547127884,
    "mastery_acc": 0.7329240935244371
  },
  "valid": {
    "total_auc": 0.7250106611296427,
    "total_acc": 0.7541581913205968,
    "bce_auc": 0.7251230379015332,
    "bce_acc": 0.754430700055475,
    "mastery_auc": 0.612087196402631,
    "mastery_acc": 0.7341579966715005
  },
  "test": {
    "total_auc": 0.7189175323209445,
    "total_acc": 0.7473921184022825,
    "bce_auc": 0.7190064428126757,
    "bce_acc": 0.7472583808844507,
    "mastery_auc": 0.6114046866322023,
    "mastery_acc": 0.7260089752734189
  },
  "checkpoint_epoch": 8,
  "checkpoint_val_auc": 0.7251230379015332
}