split,total_auc,bce_auc,mastery_auc,total_acc,bce_acc,mastery_acc
training,0.7513138760500184,0.7515527662458967,0.625089547127884,0.761352650203212,0.7615380283276547,0.7329240935244371
validation,0.7250106611296427,0.7251230379015332,0.612087196402631,0.7541581913205968,0.754430700055475,0.7341579966715005
test,0.7189175323209445,0.7190064428126757,0.6114046866322023,0.7473921184022825,0.7472583808844507,0.7260089752734189
