epoch,train_loss,train_auc,val_loss,val_auc,val_accuracy,monotonicity_violation_rate,negative_gain_rate,bounds_violation_rate,mastery_correlation,gain_correlation,bce_loss_share,incremental_mastery_loss_share
1,0.5467749637952123,0.6787594762323792,0.5197368008749825,0.7084427824170791,0.7487956087163865,0.0,0.0,0.0,0.09284243788531367,0.024425258860656433,0.9793157474501585,1.186158500290774
2,0.5162967448098672,0.7150803103729413,0.513704102258293,0.7186144904831748,0.7514039066073636,0.0,0.0,0.0,0.08708149008623035,0.071852694040073,1.0066549859447718,0.9401053624744569
