{
  "train": {
    "total_auc": 0.7504209572586029,
    "total_acc": 0.7609631214860286,
    "bce_auc": 0.7504209572586029,
    "bce_acc": 0.7609631214860286,
    "mastery_auc": "N/A",
    "mastery_acc": "N/A"
  },
  "valid": {
    "total_auc": 0.7243205754898201,
    "total_acc": 0.7529708318329132,
    "bce_auc": 0.7243205754898201,
    "bce_acc": 0.7529708318329132,
    "mastery_auc": "N/A",
    "mastery_acc": "N/A"
  },
  "test": {
    "total_auc": 0.7186656510918679,
    "total_acc": 0.7469314669519733,
    "bce_auc": 0.7186656510918679,
    "bce_acc": 0.7469314669519733,
    "mastery_auc": "N/A",
    "mastery_acc": "N/A"
  },
  "checkpoint_epoch": 7,
  "checkpoint_val_auc": 0.724320570810051
}