split,total_auc,bce_auc,mastery_auc,total_acc,bce_acc,mastery_acc
training,0.7504209572586029,0.7504209572586029,N/A,0.7609631214860286,0.7609631214860286,N/A
validation,0.7243205754898201,0.7243205754898201,N/A,0.7529708318329132,0.7529708318329132,N/A
test,0.7186656510918679,0.7186656510918679,N/A,0.7469314669519733,0.7469314669519733,N/A
