epoch,train_loss,train_auc,train_acc,val_loss,val_auc,val_acc,train_bce_loss,train_im_loss,val_bce_loss,val_im_loss,train_encoder1_auc,train_encoder1_acc,val_encoder1_auc,val_encoder1_acc,train_encoder2_auc,train_encoder2_acc,val_encoder2_auc,val_encoder2_acc
1,0.599916,0.677991,0.734370,0.599916,0.673812,0.740241,0.563586,0.608999,0.563586,0.608999,0.677991,0.734370,0.673812,0.740241,0.508846,0.734370,0.511280,0.740241
2,0.597572,0.688848,0.734370,0.597572,0.683124,0.740241,0.554694,0.608292,0.554694,0.608292,0.688848,0.734370,0.683124,0.740241,0.511211,0.734370,0.513329,0.740241
3,0.596570,0.693580,0.734370,0.596570,0.686981,0.740241,0.552456,0.607599,0.552456,0.607599,0.693580,0.734370,0.686981,0.740241,0.512496,0.734370,0.514437,0.740241
4,0.595724,0.697427,0.734370,0.595724,0.689418,0.740241,0.550926,0.606924,0.550926,0.606924,0.697427,0.734370,0.689418,0.740241,0.513457,0.734370,0.515329,0.740241
5,0.594944,0.700160,0.734370,0.594944,0.690326,0.740241,0.549595,0.606281,0.549595,0.606281,0.700160,0.734370,0.690326,0.740241,0.514213,0.734370,0.516050,0.740241
6,0.594214,0.701890,0.734370,0.594214,0.689858,0.740241,0.548361,0.605677,0.548361,0.605677,0.701890,0.734370,0.689858,0.740241,0.514899,0.734370,0.516761,0.740241
