epoch,train_loss,train_auc,train_acc,val_loss,val_auc,val_acc,train_bce_loss,train_im_loss,val_bce_loss,val_im_loss,train_encoder1_auc,train_encoder1_acc,val_encoder1_auc,val_encoder1_acc,train_encoder2_auc,train_encoder2_acc,val_encoder2_auc,val_encoder2_acc
1,0.567561,0.680382,0.734370,0.567561,0.675598,0.740241,0.563305,0.605859,0.563305,0.605859,0.680382,0.734370,0.675598,0.740241,0.511520,0.734370,0.513867,0.740241
2,0.559131,0.693518,0.734370,0.559131,0.686649,0.740241,0.553997,0.605343,0.553997,0.605343,0.693518,0.734370,0.686649,0.740241,0.514408,0.734370,0.516687,0.740241
3,0.556598,0.698830,0.734370,0.556598,0.689919,0.740241,0.551237,0.604846,0.551237,0.604846,0.698830,0.734370,0.689919,0.740241,0.515699,0.734370,0.518000,0.740241
4,0.554633,0.700914,0.734370,0.554633,0.688637,0.740241,0.549107,0.604366,0.549107,0.604366,0.700914,0.734370,0.688637,0.740241,0.516702,0.734370,0.519008,0.740241
5,0.552727,0.705300,0.734370,0.552727,0.689311,0.740241,0.547041,0.603904,0.547041,0.603904,0.705300,0.734370,0.689311,0.740241,0.517604,0.734370,0.519918,0.740241
6,0.550718,0.708423,0.734370,0.550718,0.688419,0.740241,0.544857,0.603464,0.544857,0.603464,0.708423,0.734370,0.688419,0.740241,0.518520,0.734370,0.520865,0.740241
