{
  "experiment_id": "20251116_182420_gainakt3exp_lc_b2.0_m0.9_g1.1_o1.5_818900",
  "dataset": "assist2015",
  "fold": 0,
  "train_auc": 0.7001608669308191,
  "train_acc": 0.7482025361604671,
  "valid_auc": 0.6903256444875713,
  "valid_acc": 0.7413600132361385,
  "test_auc": 0.6860181657407145,
  "test_acc": 0.7358758321445554,
  "train_encoder1_auc": 0.7001608669308191,
  "train_encoder1_acc": 0.7482025361604671,
  "valid_encoder1_auc": 0.6903256444875713,
  "valid_encoder1_acc": 0.7413600132361385,
  "test_encoder1_auc": 0.6860181657407145,
  "test_encoder1_acc": 0.7358758321445554,
  "train_encoder2_auc": 0.5312215689071453,
  "train_encoder2_acc": 0.6463806681121467,
  "valid_encoder2_auc": 0.5320456640927493,
  "valid_encoder2_acc": 0.6491060740250514,
  "test_encoder2_auc": 0.5303438871510301,
  "test_encoder2_acc": 0.6476016405135521,
  "train_mastery_correlation": 0.0,
  "train_gain_correlation": 0.0,
  "train_correlation_students": 0,
  "test_mastery_correlation": 0.0,
  "test_gain_correlation": 0.0,
  "test_correlation_students": 0,
  "timestamp": "2025-11-16T18:29:25.974684Z"
}