epoch,train_loss,train_auc,train_acc,val_loss,val_auc,val_acc,train_bce_loss,train_im_loss,val_bce_loss,val_im_loss,train_encoder1_auc,train_encoder1_acc,val_encoder1_auc,val_encoder1_acc,train_encoder2_auc,train_encoder2_acc,val_encoder2_auc,val_encoder2_acc
1,0.596938,0.677991,0.734370,0.596938,0.673812,0.740241,0.563586,0.605276,0.563586,0.605276,0.677991,0.734370,0.673812,0.740241,0.520055,0.734370,0.521519,0.740241
2,0.594489,0.688848,0.734370,0.594489,0.683124,0.740241,0.554694,0.604437,0.554694,0.604437,0.688848,0.734370,0.683124,0.740241,0.524219,0.734370,0.525417,0.740241
3,0.593384,0.693580,0.734370,0.593384,0.686981,0.740241,0.552456,0.603616,0.552456,0.603616,0.693580,0.734370,0.686981,0.740241,0.527460,0.734370,0.528389,0.740241
4,0.592441,0.697427,0.734370,0.592441,0.689418,0.740241,0.550926,0.602820,0.550926,0.602820,0.697427,0.734370,0.689418,0.740241,0.529574,0.734370,0.530373,0.740241
5,0.591593,0.700160,0.734370,0.591593,0.690326,0.740241,0.549595,0.602092,0.549595,0.602092,0.700160,0.734370,0.690326,0.740241,0.531222,0.734370,0.532046,0.740241
6,0.590816,0.701890,0.734370,0.590816,0.689858,0.740241,0.548361,0.601430,0.548361,0.601430,0.701890,0.734370,0.689858,0.740241,0.532715,0.734370,0.533495,0.740241
