{
  "0": {
    "r2": -26.781312312566637,
    "pearson": 0.06559450702605603,
    "count": 311
  },
  "1": {
    "r2": -2.9068093007212736,
    "pearson": 0.4633255174136078,
    "count": 540
  },
  "2": {
    "r2": -3.630693042595902,
    "pearson": 0.16777065890067142,
    "count": 296
  },
  "3": {
    "r2": 0.4213631405245344,
    "pearson": 0.8228410879887897,
    "count": 145
  },
  "4": {
    "r2": -6.901626291882018,
    "pearson": 0.16932786038982214,
    "count": 351
  },
  "5": {
    "r2": -13.75007742183564,
    "pearson": 0.13787194498849834,
    "count": 418
  },
  "6": {
    "r2": 0.6184620376728811,
    "pearson": 0.8167098654284738,
    "count": 21
  },
  "7": {
    "r2": 0.3314056393826035,
    "pearson": 0.7667132815543406,
    "count": 26
  },
  "8": {
    "r2": 0.12989890839498197,
    "pearson": 0.7265362734012764,
    "count": 186
  },
  "9": {
    "r2": -158.83060561573026,
    "pearson": 0.11451603634622472,
    "count": 322
  },
  "10": {
    "r2": -0.06300729473917333,
    "pearson": 0.8044283026144188,
    "count": 94
  },
  "11": {
    "r2": -0.6334037862702122,
    "pearson": 0.4826444872992316,
    "count": 796
  },
  "12": {
    "r2": -1.052896434536211,
    "pearson": 0.29012327983618885,
    "count": 687
  },
  "13": {
    "r2": -0.8500941017530959,
    "pearson": 0.7095925827444429,
    "count": 26
  },
  "14": {
    "r2": -0.8460546695170965,
    "pearson": 0.43642767968646823,
    "count": 78
  },
  "15": {
    "r2": -0.22924618715531042,
    "pearson": 0.6087266298318981,
    "count": 1264
  },
  "16": {
    "r2": 0.3864805662583337,
    "pearson": 0.8875683563283272,
    "count": 74
  },
  "17": {
    "r2": 0.40618580271957827,
    "pearson": 0.7912561085961122,
    "count": 121
  },
  "18": {
    "r2": -0.3258756613501954,
    "pearson": 0.5250577687126928,
    "count": 78
  },
  "19": {
    "r2": 0.46022358814582165,
    "pearson": 0.7872626774236386,
    "count": 119
  },
  "20": {
    "r2": -1.9854790610570774,
    "pearson": 0.36664325783722607,
    "count": 502
  },
  "21": {
    "r2": -0.3009268994653951,
    "pearson": 0.8131084356951521,
    "count": 124
  },
  "22": {
    "r2": 0.40083344133888876,
    "pearson": 0.7828347287964604,
    "count": 78
  },
  "23": {
    "r2": 0.3126959086022518,
    "pearson": 0.6945774474287163,
    "count": 742
  },
  "24": {
    "r2": -1.2526008562623456,
    "pearson": 0.4342148253384287,
    "count": 276
  },
  "25": {
    "r2": -0.3574596309600093,
    "pearson": 0.5118398613665692,
    "count": 700
  },
  "26": {
    "r2": -2.816405207960777,
    "pearson": 0.08818675196540017,
    "count": 118
  },
  "27": {
    "r2": 0.2781811151692529,
    "pearson": 0.701916468380076,
    "count": 69
  },
  "28": {
    "r2": -18.802572575713903,
    "pearson": 0.04011177735148134,
    "count": 344
  },
  "30": {
    "r2": 0.6960500380705341,
    "pearson": 0.8605148407877252,
    "count": 139
  },
  "31": {
    "r2": 0.124588342595787,
    "pearson": 0.6281871090197312,
    "count": 184
  },
  "32": {
    "r2": -11.342498005182234,
    "pearson": 0.44441661902526836,
    "count": 61
  },
  "33": {
    "r2": -1.9137757950340992,
    "pearson": 0.07024954473169384,
    "count": 23
  },
  "34": {
    "r2": -3.6320870362979134,
    "pearson": -0.1943796219327945,
    "count": 90
  },
  "35": {
    "r2": -4.0043280489583335,
    "pearson": 0.5899800657548269,
    "count": 24
  },
  "37": {
    "r2": -2.4193797082018076,
    "pearson": 0.033537177934467526,
    "count": 40
  },
  "38": {
    "r2": -86.63885191598769,
    "pearson": 0.27817128622548787,
    "count": 318
  },
  "40": {
    "r2": 0.14219418225635727,
    "pearson": 0.6222040308802209,
    "count": 89
  },
  "41": {
    "r2": -0.40255923519044057,
    "pearson": 0.7915979132192142,
    "count": 33
  },
  "42": {
    "r2": 0.4651057221084247,
    "pearson": 0.71567295038403,
    "count": 28
  },
  "44": {
    "r2": -2.552918472429229,
    "pearson": 0.3217431673222753,
    "count": 161
  },
  "45": {
    "r2": -0.6565123718968906,
    "pearson": 0.5869027068755958,
    "count": 783
  },
  "46": {
    "r2": 0.45940199813753857,
    "pearson": 0.7624579824829609,
    "count": 857
  },
  "47": {
    "r2": -0.04924349330026545,
    "pearson": 0.6079408022017643,
    "count": 666
  },
  "48": {
    "r2": -0.12017196202469527,
    "pearson": 0.48983282663544353,
    "count": 651
  },
  "49": {
    "r2": 0.4858692665668748,
    "pearson": 0.7609772341733334,
    "count": 106
  },
  "50": {
    "r2": 0.2951893232882419,
    "pearson": 0.5885219131534437,
    "count": 40
  },
  "51": {
    "r2": -0.2129982441984306,
    "pearson": 0.6381034083214345,
    "count": 227
  },
  "52": {
    "r2": -9.368748456167209,
    "pearson": 0.1280792210077438,
    "count": 374
  },
  "53": {
    "r2": -1.1612213570254406,
    "pearson": 0.26430346942924926,
    "count": 539
  },
  "54": {
    "r2": -6.995762064094199,
    "pearson": -0.03210882595478973,
    "count": 301
  },
  "55": {
    "r2": -0.8760950612800855,
    "pearson": 0.5148841904486,
    "count": 233
  },
  "56": {
    "r2": -1.7492142802923647,
    "pearson": 0.47160454341208113,
    "count": 842
  },
  "57": {
    "r2": -0.11433041225294849,
    "pearson": 0.6539741698337552,
    "count": 459
  },
  "58": {
    "r2": 0.5600102153504494,
    "pearson": 0.8011536808191364,
    "count": 102
  },
  "59": {
    "r2": 0.5145067402733146,
    "pearson": 0.7535530019320903,
    "count": 36
  },
  "60": {
    "r2": -2.0683075873363665,
    "pearson": 0.21419565578997232,
    "count": 99
  },
  "61": {
    "r2": -0.4380465824109554,
    "pearson": 0.5021122154464172,
    "count": 185
  },
  "62": {
    "r2": -0.02735052892682166,
    "pearson": 0.5966497646778797,
    "count": 712
  },
  "63": {
    "r2": -2.917348933417597,
    "pearson": 0.12678483240493335,
    "count": 364
  },
  "65": {
    "r2": -0.38338401717984283,
    "pearson": 0.22018272743860273,
    "count": 25
  },
  "66": {
    "r2": -2.734587489135004,
    "pearson": 0.2390252370580157,
    "count": 41
  },
  "67": {
    "r2": -0.9340670730491571,
    "pearson": 0.025592550803154795,
    "count": 36
  },
  "68": {
    "r2": -3.0784671758255167,
    "pearson": 0.2888749298102576,
    "count": 372
  },
  "69": {
    "r2": 0.8587834914978334,
    "pearson": 0.9310607011724005,
    "count": 97
  },
  "70": {
    "r2": -2.2365154420206466,
    "pearson": 0.4701351253788323,
    "count": 42
  },
  "72": {
    "r2": -2.306123066362452,
    "pearson": 0.23799766312896503,
    "count": 149
  },
  "73": {
    "r2": 0.21618267750723086,
    "pearson": 0.9723613357541485,
    "count": 24
  },
  "75": {
    "r2": 0.42896465329502786,
    "pearson": 0.9034415085687983,
    "count": 52
  },
  "76": {
    "r2": 0.47572587065374616,
    "pearson": 0.8357966707687824,
    "count": 32
  },
  "77": {
    "r2": -0.24711820585526323,
    "pearson": 0.5301749086295257,
    "count": 36
  },
  "79": {
    "r2": -0.2355613750715262,
    "pearson": 0.44086629347285433,
    "count": 39
  },
  "80": {
    "r2": 0.6719453669664157,
    "pearson": 0.8441006627007596,
    "count": 32
  },
  "81": {
    "r2": -0.2546521758952698,
    "pearson": 0.3862083059698808,
    "count": 44
  },
  "82": {
    "r2": -2.3099856195988946,
    "pearson": 0.02872287291069211,
    "count": 95
  },
  "83": {
    "r2": -1.0931993770067923,
    "pearson": 0.657923996360925,
    "count": 31
  },
  "85": {
    "r2": -0.884129886492742,
    "pearson": 0.4363823342090516,
    "count": 27
  },
  "86": {
    "r2": 0.5102374899080488,
    "pearson": 0.8019095045935044,
    "count": 98
  },
  "91": {
    "r2": 0.5643548838339432,
    "pearson": 0.7867452994328098,
    "count": 24
  }
}