{
  "r2_true": 0.6068398444424254,
  "pearson_true": 0.7803719970426212,
  "r2_control": -0.2663652839596764,
  "pearson_control": 0.0013604316816702901,
  "selectivity_r2": 0.8732051284021018
}