epoch,train_loss,train_auc,train_acc,val_loss,val_auc,val_acc,train_bce_loss,train_im_loss,val_bce_loss,val_im_loss,train_encoder1_auc,train_encoder1_acc,val_encoder1_auc,val_encoder1_acc,train_encoder2_auc,train_encoder2_acc,val_encoder2_auc,val_encoder2_acc
1,0.601175,0.677991,0.734370,0.601175,0.673812,0.740241,0.563586,0.610572,0.563586,0.610572,0.677991,0.734370,0.673812,0.740241,0.508485,0.734370,0.511040,0.740241
2,0.598720,0.688848,0.734370,0.598720,0.683124,0.740241,0.554694,0.609727,0.554694,0.609727,0.688848,0.734370,0.683124,0.740241,0.511373,0.734370,0.513550,0.740241
3,0.597607,0.693580,0.734370,0.597607,0.686981,0.740241,0.552456,0.608895,0.552456,0.608895,0.693580,0.734370,0.686981,0.740241,0.513303,0.734370,0.515236,0.740241
4,0.596649,0.697427,0.734370,0.596649,0.689418,0.740241,0.550926,0.608079,0.550926,0.608079,0.697427,0.734370,0.689418,0.740241,0.515346,0.734370,0.517213,0.740241
5,0.595745,0.700160,0.734370,0.595745,0.690326,0.740241,0.549595,0.607282,0.549595,0.607282,0.700160,0.734370,0.690326,0.740241,0.517487,0.734370,0.519324,0.740241
6,0.594875,0.701890,0.734370,0.594875,0.689858,0.740241,0.548361,0.606503,0.548361,0.606503,0.701890,0.734370,0.689858,0.740241,0.519634,0.734370,0.521441,0.740241
