{
  "train": {
    "total_auc": 0.7548970405846686,
    "total_acc": 0.7618993983423911,
    "bce_auc": 0.7548970408951696,
    "bce_acc": 0.7618993983423911,
    "mastery_auc": 0.5,
    "mastery_acc": 0.2656304264166174
  },
  "valid": {
    "total_auc": 0.7239507348200447,
    "total_acc": 0.7533212002063281,
    "bce_auc": 0.7239507382682956,
    "bce_acc": 0.7533212002063281,
    "mastery_auc": 0.5,
    "mastery_acc": 0.25975921906782545
  },
  "test": {
    "total_auc": 0.717769464767984,
    "total_acc": 0.7470577746077033,
    "bce_auc": 0.7177694658972373,
    "bce_acc": 0.7470577746077033,
    "mastery_auc": 0.5,
    "mastery_acc": 0.26662803138373753
  },
  "checkpoint_epoch": 9,
  "checkpoint_val_auc": 0.7239507382682956
}