epoch,train_loss,train_auc,train_acc,val_loss,val_auc,val_acc,train_bce_loss,train_im_loss,val_bce_loss,val_im_loss,train_encoder1_auc,train_encoder1_acc,val_encoder1_auc,val_encoder1_acc,train_encoder2_auc,train_encoder2_acc,val_encoder2_auc,val_encoder2_acc
1,0.586935,0.657263,0.734370,0.586935,0.653660,0.740241,0.565990,0.607881,0.565990,0.607881,0.657263,0.734370,0.653660,0.740241,0.583342,0.734370,0.583184,0.740241
2,0.582417,0.666869,0.734370,0.582417,0.662004,0.740241,0.558832,0.606002,0.558832,0.606002,0.666869,0.734370,0.662004,0.740241,0.589117,0.734370,0.588505,0.740241
