{
  "r2_true": -6.401316798378391,
  "pearson_true": 0.05148058426739052,
  "r2_control": -25.751637389980296,
  "pearson_control": -0.01374631466922047,
  "selectivity_r2": 19.350320591601903
}