epoch,train_loss,train_auc,val_loss,val_auc,val_accuracy,monotonicity_violation_rate,negative_gain_rate,bounds_violation_rate,mastery_correlation,gain_correlation,main_loss_share,constraint_loss_share,alignment_loss_share,lag_loss_share,retention_loss_share
1,0.5312810906165623,0.6937073416251924,0.515117923215944,0.7168823616553991,0.7506545075864486,0.0,0.0,0.0,0.0,0.0,1.0,0.0,0.0,0.0,0.0
2,0.5131515763275364,0.7258858531722383,0.510909764134154,0.7232192322389623,0.7533017352966939,0.0,0.0,0.0,0.0,0.0,1.0,0.0,0.0,0.0,0.0
3,0.5047477906849718,0.7387778414514925,0.5110828152724675,0.7233766503100857,0.7532920028418768,0.0,0.0,0.0,0.0,0.0,1.0,0.0,0.0,0.0,0.0
