split,total_auc,bce_auc,mastery_auc,curve_r2,total_acc,bce_acc,mastery_acc,curve_acc,curve_mae,curve_rmse
training,0.7046939459439021,0.7084613611111951,0.5952517904813226,N/A,0.7431151972517106,0.7448633833619613,0.7254033734125531,N/A,N/A,N/A
validation,0.6985616500778952,0.7026978637016872,0.587703599201998,N/A,0.7437249997566886,0.745262727617787,0.730381804202474,N/A,N/A,N/A
test,0.6946886938971002,0.699159323761721,0.5894352007096897,N/A,0.7389369353304802,0.7410693057536852,0.719121493105088,N/A,N/A,N/A
