{
  "train": {
    "total_auc": 0.7866581590181672,
    "total_acc": 0.7482949203073042,
    "bce_auc": 0.7893791614960592,
    "bce_acc": 0.7514780415090012,
    "mastery_auc": 0.5822894655787646,
    "mastery_acc": 0.6643504185299851
  },
  "valid": {
    "total_auc": 0.7917856273676226,
    "total_acc": 0.7515570279223852,
    "bce_auc": 0.7955948298375954,
    "bce_acc": 0.7550780880265026,
    "mastery_auc": 0.5975805876458926,
    "mastery_acc": 0.6577946048272598
  },
  "test": {
    "total_auc": 0.7833822879304353,
    "total_acc": 0.7315036185060739,
    "bce_auc": 0.7850527227281775,
    "bce_acc": 0.7380621607650556,
    "mastery_auc": 0.5779205190542596,
    "mastery_acc": 0.6357585939519256
  },
  "checkpoint_epoch": 2,
  "checkpoint_val_auc": 0.7955948298375954
}