split,total_auc,bce_auc,mastery_auc,total_acc,bce_acc,mastery_acc
training,0.7866581590181672,0.7893791614960592,0.5822894655787646,0.7482949203073042,0.7514780415090012,0.6643504185299851
validation,0.7917856273676226,0.7955948298375954,0.5975805876458926,0.7515570279223852,0.7550780880265026,0.6577946048272598
test,0.7833822879304353,0.7850527227281775,0.5779205190542596,0.7315036185060739,0.7380621607650556,0.6357585939519256
