{
  "lambda_ref": 4.30767318872253,
  "lambda_initmastery": 4.280798635340292,
  "lambda_rate": 1.2215596023295314
}