{
  "r2_true": 0.7672538626959198,
  "pearson_true": 0.8759734266752358,
  "r2_control": -0.011821594179899142,
  "pearson_control": -7.030249958377686e-05,
  "selectivity_r2": 0.7790754568758189
}