epoch,train_loss,train_auc,val_loss,val_auc,val_accuracy,monotonicity_violation_rate,negative_gain_rate,bounds_violation_rate,mastery_correlation,gain_correlation,bce_loss_share,incremental_mastery_loss_share
1,0.5352856796331357,0.679196957256595,0.5197581673155025,0.7083996630251018,0.7490583849964476,0.0,0.0,0.0,0.0,0.0,1.0,0.0
2,0.5195688535821252,0.7152679135411261,0.5137477079216315,0.7186107358305793,0.7516277530681564,0.0,0.0,0.0,0.0,0.0,1.0,0.0
3,0.5121273625391135,0.7272574453138899,0.5113878310943136,0.7224234944090626,0.7533114677515109,0.0,0.0,0.0,0.0,0.0,1.0,0.0
