{
  "experiment_id": "20251109_105244_gainakt2exp_intrinsic_seed2025_394383",
  "dataset": "assist2015",
  "fold": 0,
  "train_auc": 0.7539667101793331,
  "train_acc": 0.7629764687109885,
  "train_mastery_correlation": 0.04352154399377227,
  "train_gain_correlation": 0.025929919281205843,
  "train_correlation_students": 267,
  "valid_auc": 0.7209573003537496,
  "valid_acc": 0.7512968496043757,
  "test_auc": 0.7140655555778131,
  "test_acc": 0.7454826438421303,
  "test_mastery_correlation": 0.03189832762357026,
  "test_gain_correlation": -0.022598751467033395,
  "test_correlation_students": 262,
  "timestamp": "2025-11-09T17:29:43.033311Z"
}