split,total_auc,bce_auc,mastery_auc,total_acc,bce_acc,mastery_acc
training,0.751592434609171,0.7530543017776871,0.6493082353593593,0.7606909206957077,0.7623123926449469,0.7357305775349872
validation,0.7245554713246389,0.7252572630372713,0.6364905237558598,0.753817555401999,0.7545669544229141,0.7343039834937566
test,0.7182109878633847,0.7190466185412543,0.6324587923117211,0.7472063718497385,0.7478007608178793,0.7263284593437945
