{
  "timestamp": "2025-11-28T18:16:26.723017",
  "checkpoint": "model_best.pth",
  "dataset": "assist2015",
  "fold": 0,
  "num_concepts": 100,
  "num_parameters": 10726089,
  "hyperparameters": {
    "lambda_penalty": 100.0,
    "epsilon": 0.05,
    "phase": 2
  },
  "results": {
    "test": {
      "l1_bce": 0.09309333202535988,
      "auc": 0.7017508835410862,
      "accuracy": 0.7419906086543033,
      "l2_mse": 0.04028598964214325,
      "l2_mae": 0.18702131509780884,
      "corr_beta": -0.16742439572931206,
      "penalty_loss": 0.02402740548990789,
      "violation_rate": 0.954604801035701,
      "mean_violation": 0.14504103362560272,
      "max_violation": 0.3969097137451172,
      "total_loss": 2.495833869840278,
      "loss_ratio_l1": 0.03729949062327511,
      "loss_ratio_penalty": 0.9627005138545351,
      "num_samples": 134592
    }
  }
}