epoch,train_loss,train_auc,train_acc,val_loss,val_auc,val_acc,train_bce_loss,train_im_loss,val_bce_loss,val_im_loss,train_encoder1_auc,train_encoder1_acc,val_encoder1_auc,val_encoder1_acc,train_encoder2_auc,train_encoder2_acc,val_encoder2_auc,val_encoder2_acc
1,0.599668,0.677991,0.734370,0.599668,0.673812,0.740241,0.563586,0.608688,0.563586,0.608688,0.677991,0.734370,0.673812,0.740241,0.511640,0.734370,0.513809,0.740241
2,0.597268,0.688848,0.734370,0.597268,0.683124,0.740241,0.554694,0.607912,0.554694,0.607912,0.688848,0.734370,0.683124,0.740241,0.514384,0.734370,0.516279,0.740241
3,0.596212,0.693580,0.734370,0.596212,0.686981,0.740241,0.552456,0.607151,0.552456,0.607151,0.693580,0.734370,0.686981,0.740241,0.516507,0.734370,0.518205,0.740241
4,0.595312,0.697427,0.734370,0.595312,0.689418,0.740241,0.550926,0.606409,0.550926,0.606409,0.697427,0.734370,0.689418,0.740241,0.517899,0.734370,0.519465,0.740241
5,0.594468,0.700160,0.734370,0.594468,0.690326,0.740241,0.549595,0.605687,0.549595,0.605687,0.700160,0.734370,0.690326,0.740241,0.519019,0.734370,0.520554,0.740241
6,0.593660,0.701890,0.734370,0.593660,0.689858,0.740241,0.548361,0.604984,0.548361,0.604984,0.701890,0.734370,0.689858,0.740241,0.520372,0.734370,0.521959,0.740241
