split,bce_auc,bce_acc,mastery_auc,mastery_acc
training,0.7025512550178652,0.7449267404424671,0.613554098269699,0.7139803264532237
validation,0.6941772852966174,0.7457396179038239,0.6102365947880249,0.7185276742352724
test,0.6910862543308969,0.7406978126485972,0.6074974692105659,0.7063495601521635
