{
  "trajectory": [
    {
      "epoch": 1,
      "train_loss": 0.6107995905406735,
      "train_auc": 0.6871309471014948,
      "val_auc": 0.7145696286604741,
      "global_alignment_mastery_corr": 0.04504472674248034,
      "global_alignment_gain_corr": -0.008259637133315265,
      "constraint_scale": 1.0,
      "current_corr_target": 0.06,
      "mastery_variance_mean": 0.0009124900435520244,
      "mastery_variance_std": 0.0018994322842841907,
      "variance_penalty": 0.0010877464920290504,
      "variance_gate": 0.001,
      "corr_applied": false,
      "promote_counter": 0,
      "collapse_counter": 0,
      "early_stop": false,
      "counts": {
        "acc_mastery_count": 2857,
        "acc_gain_count": 2857,
        "strat_mastery_count": 120,
        "strat_gain_count": 120,
        "final_mastery_count": 2977,
        "final_gain_count": 2977
      }
    }
  ],
  "corr_targets": [
    0.06,
    0.08,
    0.09,
    0.1
  ]
}