{
  "trajectory": [
    {
      "epoch": 1,
      "train_loss": 0.5340567122596179,
      "train_auc": 0.6879068716780063,
      "val_auc": 0.7171803166391834,
      "global_alignment_mastery_corr": 0.05541576825748298,
      "global_alignment_gain_corr": -0.006728240509526853,
      "constraint_scale": 0.0,
      "current_corr_target": 0.06,
      "mastery_variance_mean": 0.010045090442583757,
      "mastery_variance_std": 0.006195733169708705,
      "variance_penalty": 0.0,
      "variance_gate": 0.001,
      "corr_applied": false,
      "promote_counter": 0,
      "collapse_counter": 0,
      "early_stop": false,
      "counts": {
        "acc_mastery_count": 2857,
        "acc_gain_count": 2857,
        "strat_mastery_count": 600,
        "strat_gain_count": 600,
        "final_mastery_count": 3457,
        "final_gain_count": 3457
      }
    },
    {
      "epoch": 2,
      "train_loss": 0.5139815366083338,
      "train_auc": 0.724283499651584,
      "val_auc": 0.7242592884955006,
      "global_alignment_mastery_corr": 0.05540629071469237,
      "global_alignment_gain_corr": -0.0082838148066078,
      "constraint_scale": 0.0,
      "current_corr_target": 0.06,
      "mastery_variance_mean": 0.009907657260899627,
      "mastery_variance_std": 0.006035234996244055,
      "variance_penalty": 0.0,
      "variance_gate": 0.001,
      "corr_applied": false,
      "promote_counter": 0,
      "collapse_counter": 0,
      "early_stop": false,
      "counts": {
        "acc_mastery_count": 2857,
        "acc_gain_count": 2857,
        "strat_mastery_count": 600,
        "strat_gain_count": 600,
        "final_mastery_count": 3457,
        "final_gain_count": 3457
      }
    },
    {
      "epoch": 3,
      "train_loss": 0.5055091642132101,
      "train_auc": 0.7373175491157224,
      "val_auc": 0.7251409190527491,
      "global_alignment_mastery_corr": 0.0551857163085718,
      "global_alignment_gain_corr": -0.011370962489042777,
      "constraint_scale": 0.0,
      "current_corr_target": 0.06,
      "mastery_variance_mean": 0.009917558823441511,
      "mastery_variance_std": 0.006049277508468043,
      "variance_penalty": 0.0,
      "variance_gate": 0.001,
      "corr_applied": false,
      "promote_counter": 0,
      "collapse_counter": 0,
      "early_stop": false,
      "counts": {
        "acc_mastery_count": 2857,
        "acc_gain_count": 2857,
        "strat_mastery_count": 600,
        "strat_gain_count": 600,
        "final_mastery_count": 3457,
        "final_gain_count": 3457
      }
    },
    {
      "epoch": 4,
      "train_loss": 0.5100697831127995,
      "train_auc": 0.7476885270779663,
      "val_auc": 0.7224370344587305,
      "global_alignment_mastery_corr": 0.04491375558052056,
      "global_alignment_gain_corr": -0.029548786354551184,
      "constraint_scale": 0.125,
      "current_corr_target": 0.06,
      "mastery_variance_mean": 0.0016588095344023523,
      "mastery_variance_std": 0.002551072919301917,
      "variance_penalty": 0.0003412137477844107,
      "variance_gate": 0.001,
      "corr_applied": true,
      "promote_counter": 0,
      "collapse_counter": 0,
      "early_stop": false,
      "counts": {
        "acc_mastery_count": 2857,
        "acc_gain_count": 2857,
        "strat_mastery_count": 600,
        "strat_gain_count": 600,
        "final_mastery_count": 3457,
        "final_gain_count": 3457
      }
    },
    {
      "epoch": 5,
      "train_loss": 0.5041677226391874,
      "train_auc": 0.7620190949521934,
      "val_auc": 0.714403397845329,
      "global_alignment_mastery_corr": 0.051799341275262485,
      "global_alignment_gain_corr": 0.0002716541092261713,
      "constraint_scale": 0.25,
      "current_corr_target": 0.06,
      "mastery_variance_mean": 9.551438930055838e-05,
      "mastery_variance_std": 7.513032612198232e-05,
      "variance_penalty": 0.0019052110237877137,
      "variance_gate": 0.001,
      "corr_applied": false,
      "promote_counter": 1,
      "collapse_counter": 1,
      "early_stop": false,
      "counts": {
        "acc_mastery_count": 2857,
        "acc_gain_count": 2857,
        "strat_mastery_count": 600,
        "strat_gain_count": 600,
        "final_mastery_count": 3457,
        "final_gain_count": 3457
      }
    },
    {
      "epoch": 6,
      "train_loss": 0.4969130779883658,
      "train_auc": 0.7801890732915322,
      "val_auc": 0.7032410661694171,
      "global_alignment_mastery_corr": 0.05645217552618712,
      "global_alignment_gain_corr": 0.022599397993738207,
      "constraint_scale": 0.375,
      "current_corr_target": 0.08,
      "mastery_variance_mean": 1.4905965164000754e-05,
      "mastery_variance_std": 1.2196261336853564e-05,
      "variance_penalty": 0.0019858821545014277,
      "variance_gate": 0.001,
      "corr_applied": false,
      "promote_counter": 0,
      "collapse_counter": 2,
      "early_stop": false,
      "counts": {
        "acc_mastery_count": 2857,
        "acc_gain_count": 2857,
        "strat_mastery_count": 600,
        "strat_gain_count": 600,
        "final_mastery_count": 3457,
        "final_gain_count": 3457
      }
    },
    {
      "epoch": 7,
      "train_loss": 0.48449425803598506,
      "train_auc": 0.8024939868380101,
      "val_auc": 0.6888418946481427,
      "global_alignment_mastery_corr": 0.04906877460105558,
      "global_alignment_gain_corr": 0.030367838227016514,
      "constraint_scale": 0.5,
      "current_corr_target": 0.08,
      "mastery_variance_mean": 8.736785424225824e-06,
      "mastery_variance_std": 1.3818486668542948e-05,
      "variance_penalty": 0.0019920562404137187,
      "variance_gate": 0.001,
      "corr_applied": false,
      "promote_counter": 0,
      "collapse_counter": 3,
      "early_stop": true,
      "counts": {
        "acc_mastery_count": 2857,
        "acc_gain_count": 2857,
        "strat_mastery_count": 600,
        "strat_gain_count": 600,
        "final_mastery_count": 3457,
        "final_gain_count": 3457
      }
    }
  ],
  "corr_targets": [
    0.06,
    0.08,
    0.09,
    0.1
  ]
}