{
  "experiment_id": "20251116_180402_gainakt3exp_lc_b1.5_m0.9_g1.0_o1.5_926475",
  "dataset": "assist2015",
  "fold": 0,
  "train_auc": 0.7001608669308191,
  "train_acc": 0.7482025361604671,
  "valid_auc": 0.6903256444875713,
  "valid_acc": 0.7413600132361385,
  "test_auc": 0.6860181657407145,
  "test_acc": 0.7358758321445554,
  "train_encoder1_auc": 0.7001608669308191,
  "train_encoder1_acc": 0.7482025361604671,
  "valid_encoder1_auc": 0.6903256444875713,
  "valid_encoder1_acc": 0.7413600132361385,
  "test_encoder1_auc": 0.6860181657407145,
  "test_encoder1_acc": 0.7358758321445554,
  "train_encoder2_auc": 0.5205190887929831,
  "train_encoder2_acc": 0.5830212410478792,
  "valid_encoder2_auc": 0.5222119397844167,
  "valid_encoder2_acc": 0.582613942714771,
  "test_encoder2_auc": 0.5190883738694123,
  "test_encoder2_acc": 0.5840466000951022,
  "train_mastery_correlation": 0.0,
  "train_gain_correlation": 0.0,
  "train_correlation_students": 0,
  "test_mastery_correlation": 0.0,
  "test_gain_correlation": 0.0,
  "test_correlation_students": 0,
  "timestamp": "2025-11-16T18:09:03.378248Z"
}