epoch,train_loss,train_auc,train_acc,val_loss,val_auc,val_acc,train_bce_loss,train_im_loss,val_bce_loss,val_im_loss,train_encoder1_auc,train_encoder1_acc,val_encoder1_auc,val_encoder1_acc,train_encoder2_auc,train_encoder2_acc,val_encoder2_auc,val_encoder2_acc
1,0.598362,0.677991,0.734370,0.598362,0.673812,0.740241,0.563586,0.607056,0.563586,0.607056,0.677991,0.734370,0.673812,0.740241,0.509952,0.734370,0.512439,0.740241
2,0.595902,0.688848,0.734370,0.595902,0.683124,0.740241,0.554694,0.606205,0.554694,0.606205,0.688848,0.734370,0.683124,0.740241,0.513336,0.734370,0.515378,0.740241
3,0.594786,0.693580,0.734370,0.594786,0.686981,0.740241,0.552456,0.605368,0.552456,0.605368,0.693580,0.734370,0.686981,0.740241,0.516081,0.734370,0.517963,0.740241
4,0.593827,0.697427,0.734370,0.593827,0.689418,0.740241,0.550926,0.604552,0.550926,0.604552,0.697427,0.734370,0.689418,0.740241,0.518398,0.734370,0.520088,0.740241
5,0.592942,0.700160,0.734370,0.592942,0.690326,0.740241,0.549595,0.603778,0.549595,0.603778,0.700160,0.734370,0.690326,0.740241,0.520519,0.734370,0.522211,0.740241
6,0.592112,0.701890,0.734370,0.592112,0.689858,0.740241,0.548361,0.603049,0.548361,0.603049,0.701890,0.734370,0.689858,0.740241,0.522986,0.734370,0.524616,0.740241
