{
  "loss_per": 0.5388775482957507,
  "loss_ali": 1.1221556880116694,
  "auc_per": 0.6842707442745575,
  "acc_per": 0.7418174386125412,
  "auc_ali": -0.027466497021454157,
  "acc_ali": 0.7387190461158752,
  "auc": 0.6842707442745575,
  "acc": 0.7418174386125412,
  "theta_mean": -0.9046148061752319,
  "theta_std": 0.9244162440299988,
  "beta_mean": -1.9631599187850952,
  "beta_std": 0.7828779220581055,
  "theta_beta_ratio": 1.1807923316955566,
  "mastery_mean": 0.712742805480957,
  "mastery_std": 0.16767263412475586,
  "num_samples": 102749
}