{
  "experiment_id": "20251116_221632_gainakt3exp_p1bce09_b1.5_m0.8_g1.0_o2.5_751757",
  "dataset": "assist2015",
  "fold": 0,
  "train_auc": 0.6988300596151721,
  "train_acc": 0.7410337998291705,
  "valid_auc": 0.689919021572016,
  "valid_acc": 0.7362115446379041,
  "test_auc": 0.6857817397552349,
  "test_acc": 0.7304000237755587,
  "train_encoder1_auc": 0.6988300596151721,
  "train_encoder1_acc": 0.7410337998291705,
  "valid_encoder1_auc": 0.689919021572016,
  "valid_encoder1_acc": 0.7362115446379041,
  "test_encoder1_auc": 0.6857817397552349,
  "test_encoder1_acc": 0.7304000237755587,
  "train_encoder2_auc": 0.5000480430122443,
  "train_encoder2_acc": 0.4070223110785722,
  "valid_encoder2_auc": 0.5030263645232402,
  "valid_encoder2_acc": 0.4023299496832086,
  "test_encoder2_auc": 0.49872210416612517,
  "test_encoder2_acc": 0.40865727532097007,
  "train_mastery_correlation": 0.0,
  "train_gain_correlation": 0.0,
  "train_correlation_students": 0,
  "test_mastery_correlation": 0.0,
  "test_gain_correlation": 0.0,
  "test_correlation_students": 0,
  "timestamp": "2025-11-16T22:21:46.682570Z"
}