epoch,train_loss,train_auc,train_acc,val_loss,val_auc,val_acc,train_bce_loss,train_im_loss,val_bce_loss,val_im_loss,train_encoder1_auc,train_encoder1_acc,val_encoder1_auc,val_encoder1_acc,train_encoder2_auc,train_encoder2_acc,val_encoder2_auc,val_encoder2_acc
1,0.568079,0.680382,0.734370,0.568079,0.675598,0.740241,0.563305,0.611047,0.563305,0.611047,0.680382,0.734370,0.675598,0.740241,0.499185,0.734370,0.502245,0.740241
2,0.559660,0.693518,0.734370,0.559660,0.686649,0.740241,0.553997,0.610632,0.553997,0.610632,0.693518,0.734370,0.686649,0.740241,0.499821,0.734370,0.502817,0.740241
3,0.557136,0.698830,0.734370,0.557136,0.689919,0.740241,0.551237,0.610228,0.551237,0.610228,0.698830,0.734370,0.689919,0.740241,0.500048,0.734370,0.503026,0.740241
4,0.555179,0.700914,0.734370,0.555179,0.688637,0.740241,0.549107,0.609830,0.549107,0.609830,0.700914,0.734370,0.688637,0.740241,0.500094,0.734370,0.503078,0.740241
5,0.553280,0.705300,0.734370,0.553280,0.689311,0.740241,0.547041,0.609435,0.547041,0.609435,0.705300,0.734370,0.689311,0.740241,0.499997,0.734370,0.502991,0.740241
6,0.551276,0.708423,0.734370,0.551276,0.688419,0.740241,0.544857,0.609044,0.544857,0.609044,0.708423,0.734370,0.688419,0.740241,0.499899,0.734370,0.502905,0.740241
