epoch,train_loss,train_auc,train_acc,val_loss,val_auc,val_acc,train_bce_loss,train_im_loss,val_bce_loss,val_im_loss,train_encoder1_auc,train_encoder1_acc,val_encoder1_auc,val_encoder1_acc,train_encoder2_auc,train_encoder2_acc,val_encoder2_auc,val_encoder2_acc
1,0.567778,0.680382,0.734370,0.567778,0.675598,0.740241,0.563305,0.608031,0.563305,0.608031,0.680382,0.734370,0.675598,0.740241,0.517373,0.734370,0.519297,0.740241
2,0.559332,0.693518,0.734370,0.559332,0.686649,0.740241,0.553997,0.607353,0.553997,0.607353,0.693518,0.734370,0.686649,0.740241,0.521226,0.734370,0.522964,0.740241
3,0.556783,0.698830,0.734370,0.556783,0.689919,0.740241,0.551237,0.606698,0.551237,0.606698,0.698830,0.734370,0.689919,0.740241,0.523641,0.734370,0.525144,0.740241
4,0.554803,0.700914,0.734370,0.554803,0.688637,0.740241,0.549107,0.606064,0.549107,0.606064,0.700914,0.734370,0.688637,0.740241,0.525354,0.734370,0.526890,0.740241
5,0.552882,0.705300,0.734370,0.552882,0.689311,0.740241,0.547041,0.605452,0.547041,0.605452,0.705300,0.734370,0.689311,0.740241,0.526984,0.734370,0.528577,0.740241
6,0.550857,0.708423,0.734370,0.550857,0.688419,0.740241,0.544857,0.604861,0.544857,0.604861,0.708423,0.734370,0.688419,0.740241,0.528370,0.734370,0.530020,0.740241
