{
  "experiment_id": "20251116_181917_gainakt3exp_lc_b2.0_m0.8_g1.1_o2.5_741735",
  "dataset": "assist2015",
  "fold": 0,
  "train_auc": 0.7001608669308191,
  "train_acc": 0.7482025361604671,
  "valid_auc": 0.6903256444875713,
  "valid_acc": 0.7413600132361385,
  "test_auc": 0.6860181657407145,
  "test_acc": 0.7358758321445554,
  "train_encoder1_auc": 0.7001608669308191,
  "train_encoder1_acc": 0.7482025361604671,
  "valid_encoder1_auc": 0.6903256444875713,
  "valid_encoder1_acc": 0.7413600132361385,
  "test_encoder1_auc": 0.6860181657407145,
  "test_encoder1_acc": 0.7358758321445554,
  "train_encoder2_auc": 0.522073078779699,
  "train_encoder2_acc": 0.5264574475074856,
  "valid_encoder2_auc": 0.523267597405735,
  "valid_encoder2_acc": 0.524608512004983,
  "test_encoder2_auc": 0.5210007116170636,
  "test_encoder2_acc": 0.5293851046124584,
  "train_mastery_correlation": 0.0,
  "train_gain_correlation": 0.0,
  "train_correlation_students": 0,
  "test_mastery_correlation": 0.0,
  "test_gain_correlation": 0.0,
  "test_correlation_students": 0,
  "timestamp": "2025-11-16T18:24:14.675985Z"
}