epoch,train_loss,train_auc,train_acc,val_loss,val_auc,val_acc,train_bce_loss,train_im_loss,val_bce_loss,val_im_loss,train_encoder1_auc,train_encoder1_acc,val_encoder1_auc,val_encoder1_acc,train_encoder2_auc,train_encoder2_acc,val_encoder2_auc,val_encoder2_acc
1,0.599786,0.677991,0.734370,0.599786,0.673812,0.740241,0.563586,0.608836,0.563586,0.608836,0.677991,0.734370,0.673812,0.740241,0.514236,0.734370,0.516044,0.740241
2,0.597377,0.688848,0.734370,0.597377,0.683124,0.740241,0.554694,0.608047,0.554694,0.608047,0.688848,0.734370,0.683124,0.740241,0.517823,0.734370,0.519346,0.740241
3,0.596310,0.693580,0.734370,0.596310,0.686981,0.740241,0.552456,0.607273,0.552456,0.607273,0.693580,0.734370,0.686981,0.740241,0.519622,0.734370,0.520936,0.740241
4,0.595399,0.697427,0.734370,0.595399,0.689418,0.740241,0.550926,0.606518,0.550926,0.606518,0.697427,0.734370,0.689418,0.740241,0.520902,0.734370,0.522105,0.740241
5,0.594544,0.700160,0.734370,0.594544,0.690326,0.740241,0.549595,0.605781,0.549595,0.605781,0.700160,0.734370,0.690326,0.740241,0.522074,0.734370,0.523267,0.740241
6,0.593724,0.701890,0.734370,0.593724,0.689858,0.740241,0.548361,0.605064,0.548361,0.605064,0.701890,0.734370,0.689858,0.740241,0.523227,0.734370,0.524400,0.740241
