epoch,train_loss,train_auc,val_loss,val_auc,val_accuracy,monotonicity_violation_rate,negative_gain_rate,bounds_violation_rate,mastery_correlation,gain_correlation,main_loss_share,constraint_loss_share,alignment_loss_share,lag_loss_share,retention_loss_share
1,0.7163752493463031,0.6792366034229964,0.5198202449448255,0.7083906024996243,0.748970792903094,0.0,0.0,0.0,0.02283408280085769,0.0648936695052199,0.7472269300869141,0.2527730716506014,-0.0016615881556705544,0.0,0.0
2,0.7605353519706528,0.7152250355151023,0.5136471603597913,0.7187121671152816,0.7516277530681564,0.0,0.0,0.0,0.023046369881082898,0.0402798836122768,0.6832200396021708,0.3167799631608263,-0.006561286913829125,0.0,0.0
