{
  "valid_auc": 0.8040441217418748,
  "valid_acc": 0.7649219119734973,
  "valid_metrics": {
    "l_sup": 0.49910374240751865,
    "l_reg": 0.0012299444060772657,
    "l_ref": 0.0,
    "l_init": 0.006699233733845247,
    "l_rate": 0.14835003615990452
  },
  "test_auc": 0.7984250459435905,
  "test_acc": 0.7533438873093823,
  "test_metrics": {
    "l_sup": 0.5167422212859305,
    "l_reg": 0.0011976272352815917,
    "l_ref": 0.0,
    "l_init": 0.006805927385996547,
    "l_rate": 0.14999386543844798
  },
  "window_test_auc": 0.8004522674848531,
  "window_test_acc": 0.7545132172791748,
  "window_metrics": {
    "l_sup": 0.4902572450882592,
    "l_reg": 0.0012736581460712185,
    "l_ref": 0.0,
    "l_init": 0.006918569175354911,
    "l_rate": 0.14598241704018977
  },
  "checkpoint": "/workspaces/pykt-toolkit/experiments/20251221_101721_idkt_pareto_v2_l0.30_assist2009_136906/best_model.pt"
}