{
  "prediction_mse": 0.025292526930570602,
  "prediction_corr": 0.7612005002733544,
  "initmastery_mse": 0.006696287076920271,
  "initmastery_corr": 0.9691078658692611,
  "learning_rate_mse": 0.14750121533870697,
  "learning_rate_corr": 0.9813146640994683,
  "h2_functional_alignment": 0.31918189151469833,
  "h3_discriminant_overlap": -0.11075607102461707,
  "h3_latent_overlap": -0.033028114988919756
}