split,auc,acc,l_sup,l_ref,l_init,l_rate,l_reg
test,0.798425,0.753344,0.516742,0.000000,0.006806,0.149994,0.001198
