{
  "experiment_id": "20251101_170420_gainakt2exp_dp_fix_test",
  "dataset": "assist2015",
  "fold": 0,
  "valid_auc": 0.7257188695445463,
  "valid_acc": 0.7536034413960233,
  "test_auc": 0.719657636070576,
  "test_acc": 0.7475555753685211,
  "test_mastery_correlation": 0.057060289065132115,
  "test_gain_correlation": 0.031045028007724226,
  "test_correlation_students": 262,
  "timestamp": "2025-11-01T17:28:49.915611"
}