split,total_auc,bce_auc,mastery_auc,curve_r2,total_acc,bce_acc,mastery_acc,curve_acc,curve_mae,curve_rmse
training,0.6840775137244821,0.6876799639549009,0.5529534539807287,N/A,0.7375491604013553,0.7418316297318353,0.7204920263940904,N/A,N/A,N/A
validation,0.6803273812237548,0.6840958512069107,0.5449218104434327,N/A,0.7403867677544307,0.7430339954646761,0.7250192215982637,N/A,N/A,N/A
test,0.6754293584113579,0.6799894388331225,0.5441781722648176,N/A,0.7338623395149786,0.7378373157394199,0.7159935211602473,N/A,N/A,N/A
