{
  "valid_auc": 0.8442119220047695,
  "valid_acc": 0.7843823946994795,
  "valid_metrics": {
    "l_sup": 0.45651631553721295,
    "l_reg": 9.061618948180694e-05,
    "l_ref": 0.061241784443457924,
    "l_init": 4.7835669931589145e-09,
    "l_rate": 1.9774918764844796e-09
  },
  "test_auc": 0.8350869355966184,
  "test_acc": 0.7720341173429827,
  "test_metrics": {
    "l_sup": 0.47955477789516887,
    "l_reg": 8.547530275488195e-05,
    "l_ref": 0.059652654081583024,
    "l_init": 4.685876780902427e-09,
    "l_rate": 2.1407716608523155e-09
  },
  "window_test_auc": 0.8364020481703984,
  "window_test_acc": 0.7732591876208897,
  "window_metrics": {
    "l_sup": 0.4434464742275196,
    "l_reg": 0.00027017558702332664,
    "l_ref": 0.0,
    "l_init": 3.812616492228422e-09,
    "l_rate": 1.7795262421004953e-09
  },
  "checkpoint": "/workspaces/pykt-toolkit/experiments/20251221_204013_idkt_lowaucfix_863874/best_model.pt"
}