{
  "experiment_id": "20251116_223725_gainakt3exp_p1bce09_b2.0_m0.7_g1.0_o1.5_239877",
  "dataset": "assist2015",
  "fold": 0,
  "train_auc": 0.6988300596151721,
  "train_acc": 0.7410337998291705,
  "valid_auc": 0.689919021572016,
  "valid_acc": 0.7362115446379041,
  "test_auc": 0.6857817397552349,
  "test_acc": 0.7304000237755587,
  "train_encoder1_auc": 0.6988300596151721,
  "train_encoder1_acc": 0.7410337998291705,
  "valid_encoder1_auc": 0.689919021572016,
  "valid_encoder1_acc": 0.7362115446379041,
  "test_encoder1_auc": 0.6857817397552349,
  "test_encoder1_acc": 0.7304000237755587,
  "train_encoder2_auc": 0.5197490738546116,
  "train_encoder2_acc": 0.495933414054947,
  "valid_encoder2_auc": 0.5216238689226049,
  "valid_encoder2_acc": 0.4926860602049655,
  "test_encoder2_auc": 0.5189983752009262,
  "test_encoder2_acc": 0.499011828340466,
  "train_mastery_correlation": 0.0,
  "train_gain_correlation": 0.0,
  "train_correlation_students": 0,
  "test_mastery_correlation": 0.0,
  "test_gain_correlation": 0.0,
  "test_correlation_students": 0,
  "timestamp": "2025-11-16T22:42:47.009329Z"
}