epoch,train_loss,train_auc,train_acc,val_loss,val_auc,val_acc,train_bce_loss,train_im_loss,val_bce_loss,val_im_loss,train_encoder1_auc,train_encoder1_acc,val_encoder1_auc,val_encoder1_acc,train_encoder2_auc,train_encoder2_acc,val_encoder2_auc,val_encoder2_acc
1,0.567814,0.680382,0.734370,0.567814,0.675598,0.740241,0.563305,0.608389,0.563305,0.608389,0.680382,0.734370,0.675598,0.740241,0.514725,0.734370,0.516757,0.740241
2,0.559370,0.693518,0.734370,0.559370,0.686649,0.740241,0.553997,0.607735,0.553997,0.607735,0.693518,0.734370,0.686649,0.740241,0.517592,0.734370,0.519544,0.740241
3,0.556824,0.698830,0.734370,0.556824,0.689919,0.740241,0.551237,0.607103,0.551237,0.607103,0.698830,0.734370,0.689919,0.740241,0.519750,0.734370,0.521624,0.740241
4,0.554845,0.700914,0.734370,0.554845,0.688637,0.740241,0.549107,0.606492,0.549107,0.606492,0.700914,0.734370,0.688637,0.740241,0.521549,0.734370,0.523360,0.740241
5,0.552927,0.705300,0.734370,0.552927,0.689311,0.740241,0.547041,0.605901,0.547041,0.605901,0.705300,0.734370,0.689311,0.740241,0.523104,0.734370,0.524934,0.740241
6,0.550904,0.708423,0.734370,0.550904,0.688419,0.740241,0.544857,0.605330,0.544857,0.605330,0.708423,0.734370,0.688419,0.740241,0.524455,0.734370,0.526276,0.740241
