epoch,train_loss,train_auc,train_acc,val_loss,val_auc,val_acc,train_bce_loss,train_im_loss,val_bce_loss,val_im_loss,train_encoder1_auc,train_encoder1_acc,val_encoder1_auc,val_encoder1_acc,train_encoder2_auc,train_encoder2_acc,val_encoder2_auc,val_encoder2_acc
1,0.567803,0.680382,0.734370,0.567803,0.675598,0.740241,0.563305,0.608283,0.563305,0.608283,0.680382,0.734370,0.675598,0.740241,0.512515,0.734370,0.514621,0.740241
2,0.559375,0.693518,0.734370,0.559375,0.686649,0.740241,0.553997,0.607785,0.553997,0.607785,0.693518,0.734370,0.686649,0.740241,0.514613,0.734370,0.516688,0.740241
3,0.556845,0.698830,0.734370,0.556845,0.689919,0.740241,0.551237,0.607313,0.551237,0.607313,0.698830,0.734370,0.689919,0.740241,0.515228,0.734370,0.517287,0.740241
4,0.554882,0.700914,0.734370,0.554882,0.688637,0.740241,0.549107,0.606860,0.549107,0.606860,0.700914,0.734370,0.688637,0.740241,0.515464,0.734370,0.517506,0.740241
5,0.552979,0.705300,0.734370,0.552979,0.689311,0.740241,0.547041,0.606424,0.547041,0.606424,0.705300,0.734370,0.689311,0.740241,0.515610,0.734370,0.517658,0.740241
6,0.550972,0.708423,0.734370,0.550972,0.688419,0.740241,0.544857,0.606005,0.544857,0.606005,0.708423,0.734370,0.688419,0.740241,0.515568,0.734370,0.517611,0.740241
