split,total_auc,bce_auc,mastery_auc,total_acc,bce_acc,mastery_acc
training,0.7552327172105658,0.7552327172105658,N/A,0.7626033659035658,0.7626033659035658,N/A
validation,0.7231988434704496,0.7231988434704496,N/A,0.752075445989742,0.752075445989742,N/A
test,0.7171292095991426,0.7171292095991426,N/A,0.7462107703281027,0.7462107703281027,N/A
