epoch,train_loss,train_auc,val_loss,val_auc,val_accuracy,monotonicity_violation_rate,negative_gain_rate,bounds_violation_rate,mastery_correlation,gain_correlation,main_loss_share,constraint_loss_share,alignment_loss_share,lag_loss_share,retention_loss_share
1,0.5439473713309037,0.6887635794922254,0.5157222972840679,0.7160453425975422,0.7509270163213267,0.0,0.0,0.0,0.09477055636690887,-0.0029853370682704898,0.9815687976065309,0.01843120555473505,-0.005539314805646566,0.0,0.0
2,0.5186786721098608,0.7243089578386865,0.5104782021775538,0.7241552173284498,0.7534087922996817,0.0,0.0,0.0,0.11945950977128761,0.022008095829038232,0.9908258713539192,0.009174127641307091,-0.022785460982604585,0.0,0.0
3,0.5074725739387651,0.7364443781161031,0.5093483614678286,0.7257469102280544,0.7546058842421824,0.0,0.0,0.0,0.1576726246461062,0.003571951593469149,0.9971870479139346,0.002812954891190583,-0.044565492166823345,0.0,0.0
