{
  "valid_auc": 0.8320921332186482,
  "valid_acc": 0.777737813535258,
  "valid_metrics": {
    "l_sup": 0.46823362715555444,
    "l_reg": 0.0012478861123478662,
    "l_ref": 0.0,
    "l_init": 0.007070704739300575,
    "l_rate": 0.15605606629628618
  },
  "test_auc": 0.8255799358966986,
  "test_acc": 0.7650717239596795,
  "test_metrics": {
    "l_sup": 0.48809632559784066,
    "l_reg": 0.0012139767515085018,
    "l_ref": 0.0,
    "l_init": 0.007167489749307584,
    "l_rate": 0.15771527416862915
  },
  "window_test_auc": 0.8270407539714146,
  "window_test_acc": 0.766424887169568,
  "window_metrics": {
    "l_sup": 0.4555218462967659,
    "l_reg": 0.001330653499927938,
    "l_ref": 0.0,
    "l_init": 0.007315355795576106,
    "l_rate": 0.1535390272144272
  },
  "checkpoint": "/workspaces/pykt-toolkit/experiments/20251221_101706_idkt_pareto_v2_l0.15_assist2009_440932/best_model.pt"
}