split,auc,acc,l_sup,l_ref,l_init,l_rate,l_reg
test,0.825580,0.765072,0.488096,0.000000,0.007167,0.157715,0.001214
