{
  "valid_auc": 0.8320921332186482,
  "valid_acc": 0.777737813535258,
  "valid_metrics": {
    "l_sup": 0.4718461902775967,
    "l_reg": 0.0012551519030239433,
    "l_ref": 0.046504657715559006,
    "l_init": 0.006442592487290032,
    "l_rate": 0.15263300990576148
  },
  "test_auc": 0.8283240119889657,
  "test_acc": 0.7776431613819215,
  "test_metrics": {
    "l_sup": 0.4718461902775967,
    "l_reg": 0.0012551519030239433,
    "l_ref": 0.046504657715559006,
    "l_init": 0.006442592487290032,
    "l_rate": 0.15263300990576148
  },
  "best_epoch": 50,
  "params": {
    "model_name": "idkt",
    "dataset_name": "assist2009",
    "fold": 0,
    "seed": 42,
    "emb_type": "qid",
    "save_dir": "/workspaces/pykt-toolkit/experiments/20251221_101706_idkt_pareto_v2_l0.15_assist2009_440932",
    "d_model": 256,
    "d_ff": 512,
    "num_attn_heads": 8,
    "n_blocks": 4,
    "dropout": 0.2,
    "final_fc_dim": 512,
    "learning_rate": 0.0001,
    "weight_decay": 0.0,
    "batch_size": 64,
    "num_epochs": 100,
    "optimizer": "Adam",
    "gradient_clip": 1.0,
    "patience": 10,
    "seq_len": 200,
    "l2": 1e-05,
    "lambda_student": 1e-05,
    "lambda_gap": 1e-05,
    "lambda_ref": 0.15,
    "lambda_initmastery": 0.15,
    "lambda_rate": 0.15,
    "theory_guided": 1,
    "calibrate": 1,
    "use_wandb": 0,
    "add_uuid": 0
  }
}