epoch,train_loss,train_auc,train_acc,val_loss,val_auc,val_acc,train_bce_loss,train_im_loss,val_bce_loss,val_im_loss,train_encoder1_auc,train_encoder1_acc,val_encoder1_auc,val_encoder1_acc,train_encoder2_auc,train_encoder2_acc,val_encoder2_auc,val_encoder2_acc
1,0.567731,0.680382,0.734370,0.567731,0.675598,0.740241,0.563305,0.607561,0.563305,0.607561,0.680382,0.734370,0.675598,0.740241,0.509844,0.734370,0.512251,0.740241
2,0.559297,0.693518,0.734370,0.559297,0.686649,0.740241,0.553997,0.607003,0.553997,0.607003,0.693518,0.734370,0.686649,0.740241,0.512714,0.734370,0.514976,0.740241
3,0.556760,0.698830,0.734370,0.556760,0.689919,0.740241,0.551237,0.606465,0.551237,0.606465,0.698830,0.734370,0.689919,0.740241,0.514171,0.734370,0.516419,0.740241
4,0.554791,0.700914,0.734370,0.554791,0.688637,0.740241,0.549107,0.605945,0.549107,0.605945,0.700914,0.734370,0.688637,0.740241,0.515030,0.734370,0.517238,0.740241
5,0.552881,0.705300,0.734370,0.552881,0.689311,0.740241,0.547041,0.605441,0.547041,0.605441,0.705300,0.734370,0.689311,0.740241,0.515991,0.734370,0.518296,0.740241
6,0.550867,0.708423,0.734370,0.550867,0.688419,0.740241,0.544857,0.604952,0.544857,0.604952,0.708423,0.734370,0.688419,0.740241,0.517134,0.734370,0.519492,0.740241
