split,auc,acc
test,0.757032,0.726092
