{
  "valid_auc": 0.8397445975771188,
  "valid_acc": 0.7798012304779933,
  "valid_metrics": {
    "l_sup": 0.4545090160046496,
    "l_reg": 0.22556144061187902,
    "l_ref": 0.0,
    "l_init": 0.007904232048945836,
    "l_rate": 0.164250229168026
  },
  "test_auc": 0.831999914419587,
  "test_acc": 0.7666871284569656,
  "test_metrics": {
    "l_sup": 0.4772281555807998,
    "l_reg": 0.21955678885181745,
    "l_ref": 0.0,
    "l_init": 0.00797910985932345,
    "l_rate": 0.16595381897034103
  },
  "window_test_auc": 0.8332751767360694,
  "window_test_acc": 0.7676176660219214,
  "window_metrics": {
    "l_sup": 0.44306890023050904,
    "l_reg": 0.2051342772756014,
    "l_ref": 0.0,
    "l_init": 0.00819082833179071,
    "l_rate": 0.1616947043544131
  },
  "checkpoint": "/workspaces/pykt-toolkit/experiments/20251221_021700_idkt_my_experiment_assist2009_623104/best_model.pt"
}