split,auc,acc,l_sup,l_ref,l_init,l_rate,l_reg
validation,0.839745,0.779801,0.454509,0.057503,0.007904,0.164250,0.225561
