split,auc,acc,l_sup,l_ref,l_init,l_rate,l_reg
test,0.832000,0.766687,0.477228,0.000000,0.007979,0.165954,0.219557
