split,auc,acc
test,0.717484,0.747377
