epoch,phase,lambda_align,lambda_reg,val_auc,val_align_mse,val_align_mae,val_irt_correlation,val_reg_loss
1,1,1.0,0.1,0.6872353895406009,0.25440452,0.5043144,-0.02241865600133268,4.650472640991211
2,1,1.0,0.1,0.7059657996271367,0.24627332,0.49620974,0.17165761408209224,4.573174476623535
3,1,1.0,0.1,0.7149469623794008,0.24335031,0.49314672,0.18283136400599986,4.49702262878418
4,1,1.0,0.1,0.7203246369579264,0.24119647,0.4908333,0.18435538722985495,4.421924114227295
5,1,1.0,0.1,0.7230329727512173,0.23914164,0.4885793,0.18763037325330378,4.3478288650512695
