{
  "lambda_ref": 8.61534637744506,
  "lambda_initmastery": 8.561597270680585,
  "lambda_rate": 2.443119204659063
}