{
  "valid_auc": 0.7669301154657442,
  "valid_acc": 0.7341978230004733,
  "valid_metrics": {
    "l_sup": 0.5353430681936668,
    "l_reg": 6.1874493818928995e-06,
    "l_ref": 0.014985384419560432,
    "l_init": 0.04167659810456,
    "l_rate": 0.15323135136922075
  },
  "test_auc": 0.7614571454242383,
  "test_acc": 0.723927371413802,
  "test_metrics": {
    "l_sup": 0.5501039858846053,
    "l_reg": 5.787207343625293e-06,
    "l_ref": 0.015006278455257416,
    "l_init": 0.0417600568163006,
    "l_rate": 0.15644396971290145
  },
  "window_test_auc": 0.7634527846275634,
  "window_test_acc": 0.7251450676982591,
  "window_metrics": {
    "l_sup": 0.5295082968928296,
    "l_reg": 1.809498136014973e-05,
    "l_ref": 0.0,
    "l_init": 0.04400867488790893,
    "l_rate": 0.14956949899267905
  },
  "checkpoint": "/workspaces/pykt-toolkit/experiments/20251226_181543_idkt_assist2009_hr_sweep_l0.6_168106/best_model.pt"
}