split,auc,acc,l_sup,l_ref,l_init,l_rate,l_reg
test,0.761457,0.723927,0.550104,0.015006,0.041760,0.156444,0.000006
