{
  "r2_true": 0.7792450057236913,
  "pearson_true": 0.8827573670701531,
  "r2_control": -0.016138271981336993,
  "pearson_control": -0.017538288679663394,
  "selectivity_r2": 0.7953832777050283
}