{
  "valid_auc": 0.7669301154657442,
  "valid_acc": 0.7341978230004733,
  "valid_metrics": {
    "l_sup": 0.5366418878436281,
    "l_reg": 1.861385226220591e-05,
    "l_ref": 0.013497493152196208,
    "l_init": 0.038207473814007006,
    "l_rate": 0.1461170000124625
  },
  "test_auc": 0.7655600436207506,
  "test_acc": 0.729919545669664,
  "test_metrics": {
    "l_sup": 0.5366418878436281,
    "l_reg": 1.861385226220591e-05,
    "l_ref": 0.013497493152196208,
    "l_init": 0.038207473814007006,
    "l_rate": 0.1461170000124625
  },
  "best_epoch": 16,
  "params": {
    "model_name": "idkt",
    "dataset_name": "assist2009",
    "fold": 0,
    "seed": 42,
    "emb_type": "qid",
    "save_dir": "/workspaces/pykt-toolkit/experiments/20251226_181543_idkt_assist2009_hr_sweep_l0.6_168106",
    "d_model": 256,
    "d_ff": 512,
    "num_attn_heads": 8,
    "n_blocks": 4,
    "dropout": 0.2,
    "final_fc_dim": 512,
    "learning_rate": 0.0001,
    "weight_decay": 0.0,
    "batch_size": 64,
    "num_epochs": 100,
    "optimizer": "Adam",
    "gradient_clip": 1.0,
    "patience": 10,
    "seq_len": 200,
    "l2": 1e-05,
    "lambda_student": 1e-05,
    "lambda_gap": 1e-05,
    "lambda_ref": 0.6,
    "lambda_initmastery": 0.6,
    "lambda_rate": 0.6,
    "theory_guided": 1,
    "calibrate": 1,
    "use_wandb": 0,
    "add_uuid": 0
  }
}