{
  "prediction_mse": 0.016392147168517113,
  "prediction_corr": 0.8270557061019082,
  "initmastery_mse": 0.04192335531115532,
  "initmastery_corr": 0.24560796792100967,
  "learning_rate_mse": 0.15285204350948334,
  "learning_rate_corr": 0.10659098920133173,
  "h2_functional_alignment": 0.20765993342140732,
  "h3_discriminant_overlap": -0.19498183717909626,
  "h3_latent_overlap": 0.2018926912252299
}