split,auc,acc,l_sup,l_ref,l_init,l_rate,l_reg
test,0.768590,0.728935,0.543706,0.016668,0.041801,0.156511,0.000006
