{
  "r2_true": 0.7677058460768396,
  "pearson_true": 0.876204052416533,
  "r2_control": -0.016974670588994156,
  "pearson_control": -0.018232963768906763,
  "selectivity_r2": 0.7846805166658337
}