split,auc,acc
test,0.669970,0.733870
