epoch,train_loss,train_auc,train_acc,val_loss,val_auc,val_acc,train_bce_loss,train_im_loss,val_bce_loss,val_im_loss,train_encoder1_auc,train_encoder1_acc,val_encoder1_auc,val_encoder1_acc,train_encoder2_auc,train_encoder2_acc,val_encoder2_auc,val_encoder2_acc
1,0.567750,0.680382,0.734370,0.567750,0.675598,0.740241,0.563305,0.607752,0.563305,0.607752,0.680382,0.734370,0.675598,0.740241,0.502668,0.734370,0.505771,0.740241
2,0.559327,0.693518,0.734370,0.559327,0.686649,0.740241,0.553997,0.607303,0.553997,0.607303,0.693518,0.734370,0.686649,0.740241,0.503867,0.734370,0.506829,0.740241
3,0.556800,0.698830,0.734370,0.556800,0.689919,0.740241,0.551237,0.606866,0.551237,0.606866,0.698830,0.734370,0.689919,0.740241,0.504796,0.734370,0.507715,0.740241
4,0.554840,0.700914,0.734370,0.554840,0.688637,0.740241,0.549107,0.606437,0.549107,0.606437,0.700914,0.734370,0.688637,0.740241,0.505452,0.734370,0.508356,0.740241
5,0.552938,0.705300,0.734370,0.552938,0.689311,0.740241,0.547041,0.606016,0.547041,0.606016,0.705300,0.734370,0.689311,0.740241,0.506008,0.734370,0.508928,0.740241
6,0.550932,0.708423,0.734370,0.550932,0.688419,0.740241,0.544857,0.605602,0.544857,0.605602,0.708423,0.734370,0.688419,0.740241,0.506940,0.734370,0.509940,0.740241
