epoch,train_loss,train_auc,train_acc,val_loss,val_auc,val_acc,train_bce_loss,train_im_loss,val_bce_loss,val_im_loss,train_encoder1_auc,train_encoder1_acc,val_encoder1_auc,val_encoder1_acc,train_encoder2_auc,train_encoder2_acc,val_encoder2_auc,val_encoder2_acc
1,0.567516,0.680382,0.734370,0.567516,0.675598,0.740241,0.563305,0.605417,0.563305,0.605417,0.680382,0.734370,0.675598,0.740241,0.514796,0.734370,0.517009,0.740241
2,0.559084,0.693518,0.734370,0.559084,0.686649,0.740241,0.553997,0.604876,0.553997,0.604876,0.693518,0.734370,0.686649,0.740241,0.517064,0.734370,0.519335,0.740241
3,0.556549,0.698830,0.734370,0.556549,0.689919,0.740241,0.551237,0.604356,0.551237,0.604356,0.698830,0.734370,0.689919,0.740241,0.519212,0.734370,0.521357,0.740241
4,0.554581,0.700914,0.734370,0.554581,0.688637,0.740241,0.549107,0.603853,0.549107,0.603853,0.700914,0.734370,0.688637,0.740241,0.520478,0.734370,0.522537,0.740241
5,0.552674,0.705300,0.734370,0.552674,0.689311,0.740241,0.547041,0.603372,0.547041,0.603372,0.705300,0.734370,0.689311,0.740241,0.521600,0.734370,0.523725,0.740241
6,0.550663,0.708423,0.734370,0.550663,0.688419,0.740241,0.544857,0.602916,0.544857,0.602916,0.708423,0.734370,0.688419,0.740241,0.522484,0.734370,0.524618,0.740241
