{
  "lambda_ref": 5.730960546151627,
  "lambda_initmastery": 9.642398372077809,
  "lambda_rate": 4.4451704830992105
}