{
  "valid_auc": 0.6959017119634566,
  "valid_acc": 0.7415838596969313,
  "valid_metrics": {
    "l_sup": 0.5270727230084784,
    "l_reg": 1.7413566962083993e-07,
    "l_ref": 0.005968979331759774,
    "l_init": 0.028557859827764844,
    "l_rate": 0.07698568114788236
  },
  "test_auc": 0.6877560891799327,
  "test_acc": 0.734531027104137,
  "test_metrics": {
    "l_sup": 0.5368597350406268,
    "l_reg": 1.7644529678505695e-07,
    "l_ref": 0.00584670791371924,
    "l_init": 0.028267342917014923,
    "l_rate": 0.07710111602382995
  },
  "window_test_auc": 0.6880071511424748,
  "window_test_acc": 0.7347816399286987,
  "window_metrics": {
    "l_sup": 0.5434335031676304,
    "l_reg": 1.732195927435972e-07,
    "l_ref": 0.0,
    "l_init": 0.027035771653076746,
    "l_rate": 0.07950498996039305
  },
  "checkpoint": "/workspaces/pykt-toolkit/experiments/20251226_190425_idkt_assist2015_hr_sweep_l0.6_894033/best_model.pt"
}