split,auc,acc,l_sup,l_ref,l_init,l_rate,l_reg
test,0.687756,0.734531,0.536860,0.005847,0.028267,0.077101,0.000000
