{
  "r2_true": 0.856540778625328,
  "pearson_true": 0.9255112442867935,
  "r2_control": -0.004336797645039692,
  "pearson_control": 0.003936660078675297,
  "selectivity_r2": 0.8608775762703677
}