{
  "valid_auc": 0.6959017119634566,
  "valid_acc": 0.7415838596969313,
  "valid_metrics": {
    "l_sup": 0.5264769541699139,
    "l_reg": 9.18631475686346e-07,
    "l_ref": 0.004434239470913094,
    "l_init": 0.01916764068120143,
    "l_rate": 0.05856148651508837
  },
  "test_auc": 0.6945118244980599,
  "test_acc": 0.7437541971211399,
  "test_metrics": {
    "l_sup": 0.5264769541699139,
    "l_reg": 9.18631475686346e-07,
    "l_ref": 0.004434239470913094,
    "l_init": 0.01916764068120143,
    "l_rate": 0.05856148651508837
  },
  "best_epoch": 9,
  "params": {
    "model_name": "idkt",
    "dataset_name": "assist2015",
    "fold": 0,
    "seed": 42,
    "emb_type": "qid",
    "save_dir": "/workspaces/pykt-toolkit/experiments/20251226_190425_idkt_assist2015_hr_sweep_l0.6_894033",
    "d_model": 256,
    "d_ff": 512,
    "num_attn_heads": 8,
    "n_blocks": 4,
    "dropout": 0.2,
    "final_fc_dim": 512,
    "learning_rate": 0.0001,
    "weight_decay": 0.0,
    "batch_size": 64,
    "num_epochs": 100,
    "optimizer": "Adam",
    "gradient_clip": 1.0,
    "patience": 10,
    "seq_len": 200,
    "l2": 1e-05,
    "lambda_student": 1e-05,
    "lambda_gap": 1e-05,
    "lambda_ref": 0.6,
    "lambda_initmastery": 0.6,
    "lambda_rate": 0.6,
    "theory_guided": 1,
    "calibrate": 1,
    "use_wandb": 0,
    "add_uuid": 0
  }
}