{
  "experiment_id": "20251116_182426_gainakt3exp_lc_b2.0_m0.9_g1.1_o2.5_597399",
  "dataset": "assist2015",
  "fold": 0,
  "train_auc": 0.7001608669308191,
  "train_acc": 0.7482025361604671,
  "valid_auc": 0.6903256444875713,
  "valid_acc": 0.7413600132361385,
  "test_auc": 0.6860181657407145,
  "test_acc": 0.7358758321445554,
  "train_encoder1_auc": 0.7001608669308191,
  "train_encoder1_acc": 0.7482025361604671,
  "valid_encoder1_auc": 0.6903256444875713,
  "valid_encoder1_acc": 0.7413600132361385,
  "test_encoder1_auc": 0.6860181657407145,
  "test_encoder1_acc": 0.7358758321445554,
  "train_encoder2_auc": 0.5212559903260541,
  "train_encoder2_acc": 0.5653141103257961,
  "valid_encoder2_auc": 0.5224735548837476,
  "valid_encoder2_acc": 0.5645505065742732,
  "test_encoder2_auc": 0.5201469061712283,
  "test_encoder2_acc": 0.5671733832620066,
  "train_mastery_correlation": 0.0,
  "train_gain_correlation": 0.0,
  "train_correlation_students": 0,
  "test_mastery_correlation": 0.0,
  "test_gain_correlation": 0.0,
  "test_correlation_students": 0,
  "timestamp": "2025-11-16T18:29:26.782067Z"
}