epoch,train_loss,train_auc,train_acc,val_loss,val_auc,val_acc,train_bce_loss,train_im_loss,val_bce_loss,val_im_loss,train_encoder1_auc,train_encoder1_acc,val_encoder1_auc,val_encoder1_acc,train_encoder2_auc,train_encoder2_acc,val_encoder2_auc,val_encoder2_acc
1,0.598936,0.677991,0.734370,0.598936,0.673812,0.740241,0.563586,0.607773,0.563586,0.607773,0.677991,0.734370,0.673812,0.740241,0.514036,0.734370,0.515869,0.740241
2,0.596544,0.688848,0.734370,0.596544,0.683124,0.740241,0.554694,0.607007,0.554694,0.607007,0.688848,0.734370,0.683124,0.740241,0.517398,0.734370,0.518983,0.740241
3,0.595496,0.693580,0.734370,0.595496,0.686981,0.740241,0.552456,0.606256,0.552456,0.606256,0.693580,0.734370,0.686981,0.740241,0.519241,0.734370,0.520604,0.740241
4,0.594604,0.697427,0.734370,0.594604,0.689418,0.740241,0.550926,0.605524,0.550926,0.605524,0.697427,0.734370,0.689418,0.740241,0.520514,0.734370,0.521763,0.740241
5,0.593790,0.700160,0.734370,0.593790,0.690326,0.740241,0.549595,0.604839,0.549595,0.604839,0.700160,0.734370,0.690326,0.740241,0.521257,0.734370,0.522474,0.740241
6,0.593038,0.701890,0.734370,0.593038,0.689858,0.740241,0.548361,0.604207,0.548361,0.604207,0.701890,0.734370,0.689858,0.740241,0.522218,0.734370,0.523464,0.740241
