{
  "head_agreement": 0.8614831582928288,
  "p_value": 0.0,
  "num_interactions": 1462,
  "mse": 0.01929215903920383,
  "mae": 0.10278792476060192,
  "m_irt_stats": {
    "mean": 0.7703747058823529,
    "std": 0.25341694478457916,
    "min": 0.000662,
    "max": 0.999996
  },
  "p_correct_stats": {
    "mean": 0.733675976744186,
    "std": 0.18107997356662614,
    "min": 0.001331,
    "max": 0.987825
  },
  "metadata": {
    "experiment_dir": "/workspaces/pykt-toolkit/experiments/20251206_220124_ikt2_irtbaseline_796687",
    "metric_type": "head_agreement",
    "description": "Correlation between IRT mastery (M_IRT) and performance prediction (p_correct)"
  }
}