split,total_auc,bce_auc,mastery_auc,total_acc,bce_acc,mastery_acc
training,0.7523321539386407,0.7523321539386407,N/A,0.7611086081153381,0.7611086081153381,N/A
validation,0.7232914447698756,0.7232914447698756,N/A,0.7534477221189501,0.7534477221189501,N/A
test,0.717608161373203,0.717608161373203,N/A,0.7472658107465525,0.7472658107465525,N/A
