split,total_auc,bce_auc,mastery_auc,total_acc,bce_acc,mastery_acc
training,0.7590850778812108,0.7590850778812108,N/A,0.763781338289265,0.763781338289265,N/A
validation,0.7241253865101301,0.7241253865101301,N/A,0.7537591606730966,0.7537591606730966,N/A
test,0.7177483612814672,0.7177483612814672,N/A,0.7475481455064193,0.7475481455064193,N/A
