{
  "difficulty_fidelity": 0.8588664749258422,
  "p_value": 1.1524862242747874e-24,
  "num_skills": 81,
  "mse": 3.9395747351300656,
  "mae": 0.7502731136944176,
  "model_beta_stats": {
    "mean": -5.262614604938271,
    "std": 3.667385073648737,
    "min": -12.472244,
    "max": 2.367388
  },
  "rasch_beta_stats": {
    "mean": -5.4602746709169425,
    "std": 3.7597078276999185,
    "min": -12.728955268859863,
    "max": 2.591738700866699
  },
  "metadata": {
    "experiment_dir": "/workspaces/pykt-toolkit/experiments/20251201_190803_ikt2_test_534509",
    "dataset": "assist2015",
    "rasch_file": "{'dataset': 'assist2015', 'num_students': 15275, 'num_skills': 100, 'num_calibrated_skills': 100, 'max_iterations': 300, 'seed': 42, 'dynamic': False, 'learning_rate': None, 'use_final_ability': False, 'calibration_method': 'averaged_ability'}"
  }
}