epoch,train_loss,train_auc,train_acc,val_loss,val_auc,val_acc,train_bce_loss,train_im_loss,val_bce_loss,val_im_loss,train_encoder1_auc,train_encoder1_acc,val_encoder1_auc,val_encoder1_acc,train_encoder2_auc,train_encoder2_acc,val_encoder2_auc,val_encoder2_acc
1,0.567983,0.680382,0.734370,0.567983,0.675598,0.740241,0.563305,0.610087,0.563305,0.610087,0.680382,0.734370,0.675598,0.740241,0.502822,0.734370,0.505556,0.740241
2,0.559563,0.693518,0.734370,0.559563,0.686649,0.740241,0.553997,0.609658,0.553997,0.609658,0.693518,0.734370,0.686649,0.740241,0.503978,0.734370,0.506659,0.740241
3,0.557038,0.698830,0.734370,0.557038,0.689919,0.740241,0.551237,0.609247,0.551237,0.609247,0.698830,0.734370,0.689919,0.740241,0.504482,0.734370,0.507122,0.740241
4,0.555081,0.700914,0.734370,0.555081,0.688637,0.740241,0.549107,0.608847,0.549107,0.608847,0.700914,0.734370,0.688637,0.740241,0.504581,0.734370,0.507211,0.740241
5,0.553182,0.705300,0.734370,0.553182,0.689311,0.740241,0.547041,0.608456,0.547041,0.608456,0.705300,0.734370,0.689311,0.740241,0.504470,0.734370,0.507149,0.740241
6,0.551179,0.708423,0.734370,0.551179,0.688419,0.740241,0.544857,0.608074,0.544857,0.608074,0.708423,0.734370,0.688419,0.740241,0.504217,0.734370,0.506924,0.740241
