{
  "experiment_id": "20251116_182922_gainakt3exp_lc_b2.5_m0.7_g1.0_o2.0_465677",
  "dataset": "assist2015",
  "fold": 0,
  "train_auc": 0.7001608669308191,
  "train_acc": 0.7482025361604671,
  "valid_auc": 0.6903256444875713,
  "valid_acc": 0.7413600132361385,
  "test_auc": 0.6860181657407145,
  "test_acc": 0.7358758321445554,
  "train_encoder1_auc": 0.7001608669308191,
  "train_encoder1_acc": 0.7482025361604671,
  "valid_encoder1_auc": 0.6903256444875713,
  "valid_encoder1_acc": 0.7413600132361385,
  "test_encoder1_auc": 0.6860181657407145,
  "test_encoder1_acc": 0.7358758321445554,
  "train_encoder2_auc": 0.5306508214450223,
  "train_encoder2_acc": 0.5809938144716958,
  "valid_encoder2_auc": 0.5311891323684053,
  "valid_encoder2_acc": 0.5804144079261112,
  "test_encoder2_auc": 0.5296447191174785,
  "test_encoder2_acc": 0.5815947456015217,
  "train_mastery_correlation": 0.0,
  "train_gain_correlation": 0.0,
  "train_correlation_students": 0,
  "test_mastery_correlation": 0.0,
  "test_gain_correlation": 0.0,
  "test_correlation_students": 0,
  "timestamp": "2025-11-16T18:34:23.450439Z"
}