epoch,train_loss,train_auc,train_acc,val_loss,val_auc,val_acc,train_bce_loss,train_im_loss,val_bce_loss,val_im_loss,train_encoder1_auc,train_encoder1_acc,val_encoder1_auc,val_encoder1_acc,train_encoder2_auc,train_encoder2_acc,val_encoder2_auc,val_encoder2_acc
1,0.599425,0.677991,0.734370,0.599425,0.673812,0.740241,0.563586,0.608385,0.563586,0.608385,0.677991,0.734370,0.673812,0.740241,0.521353,0.734370,0.522530,0.740241
2,0.596980,0.688848,0.734370,0.596980,0.683124,0.740241,0.554694,0.607551,0.554694,0.607551,0.688848,0.734370,0.683124,0.740241,0.525665,0.734370,0.526696,0.740241
3,0.595882,0.693580,0.734370,0.595882,0.686981,0.740241,0.552456,0.606738,0.552456,0.606738,0.693580,0.734370,0.686981,0.740241,0.528223,0.734370,0.528878,0.740241
4,0.594944,0.697427,0.734370,0.594944,0.689418,0.740241,0.550926,0.605948,0.550926,0.605948,0.697427,0.734370,0.689418,0.740241,0.529520,0.734370,0.530071,0.740241
5,0.594065,0.700160,0.734370,0.594065,0.690326,0.740241,0.549595,0.605182,0.549595,0.605182,0.700160,0.734370,0.690326,0.740241,0.530652,0.734370,0.531189,0.740241
6,0.593224,0.701890,0.734370,0.593224,0.689858,0.740241,0.548361,0.604439,0.548361,0.604439,0.701890,0.734370,0.689858,0.740241,0.531734,0.734370,0.532316,0.740241
