{
  "train": {
    "total_auc": 0.7502922865555288,
    "total_acc": 0.7599822600174584,
    "bce_auc": 0.752015545333211,
    "bce_acc": 0.7621317076375788,
    "mastery_auc": 0.6527798903260856,
    "mastery_acc": 0.7371056608378153
  },
  "valid": {
    "total_auc": 0.7244816583127125,
    "total_acc": 0.7538564852212674,
    "bce_auc": 0.7253009087801143,
    "bce_acc": 0.7541192615013285,
    "mastery_auc": 0.6402225065649894,
    "mastery_acc": 0.7370582682069898
  },
  "test": {
    "total_auc": 0.7179292247557552,
    "total_acc": 0.7470577746077033,
    "bce_auc": 0.7190286272769572,
    "bce_acc": 0.7479419281978127,
    "mastery_auc": 0.6355053732928799,
    "mastery_acc": 0.7286762957679506
  },
  "checkpoint_epoch": 9,
  "checkpoint_val_auc": 0.7253008501598492
}