split,total_auc,bce_auc,mastery_auc,total_acc,bce_acc,mastery_acc
training,0.7502922865555288,0.752015545333211,0.6527798903260856,0.7599822600174584,0.7621317076375788,0.7371056608378153
validation,0.7244816583127125,0.7253009087801143,0.6402225065649894,0.7538564852212674,0.7541192615013285,0.7370582682069898
test,0.7179292247557552,0.7190286272769572,0.6355053732928799,0.7470577746077033,0.7479419281978127,0.7286762957679506
