student_id,skill_id,idkt_im,bkt_im
746,0,0.49729931354522705,0.0865730494260788
746,1,0.5018851161003113,0.10744237899780273
746,2,0.5081281661987305,0.4455474615097046
746,4,0.4902084171772003,0.6352908611297607
746,3,0.49442923069000244,0.7426278591156006
746,5,0.49801456928253174,0.3134657144546509
746,6,0.5238862633705139,0.9404323101043701
746,6,0.5238862633705139,0.9404323101043701
746,0,0.49729931354522705,0.0865730494260788
746,1,0.5018851161003113,0.10744237899780273
746,2,0.5081281661987305,0.4455474615097046
746,4,0.4902084171772003,0.6352908611297607
746,3,0.49442923069000244,0.7426278591156006
746,5,0.49801456928253174,0.3134657144546509
746,6,0.5238862633705139,0.9404323101043701
746,6,0.5238862633705139,0.9404323101043701
746,0,0.49729931354522705,0.0865730494260788
746,2,0.5081281661987305,0.4455474615097046
746,1,0.5018851161003113,0.10744237899780273
746,3,0.49442923069000244,0.7426278591156006
746,4,0.4902084171772003,0.6352908611297607
746,5,0.49801456928253174,0.3134657144546509
746,6,0.5238862633705139,0.9404323101043701
746,6,0.5238862633705139,0.9404323101043701
746,0,0.49729931354522705,0.0865730494260788
746,2,0.5081281661987305,0.4455474615097046
746,1,0.5018851161003113,0.10744237899780273
746,3,0.49442923069000244,0.7426278591156006
746,4,0.4902084171772003,0.6352908611297607
746,5,0.49801456928253174,0.3134657144546509
746,6,0.5238862633705139,0.9404323101043701
746,6,0.5238862633705139,0.9404323101043701
746,0,0.49729931354522705,0.0865730494260788
746,1,0.5018851161003113,0.10744237899780273
746,2,0.5081281661987305,0.4455474615097046
746,3,0.49442923069000244,0.7426278591156006
746,4,0.4902084171772003,0.6352908611297607
746,5,0.49801456928253174,0.3134657144546509
746,6,0.5238862633705139,0.9404323101043701
746,6,0.5238862633705139,0.9404323101043701
746,0,0.49729931354522705,0.0865730494260788
746,2,0.5081281661987305,0.4455474615097046
746,1,0.5018851161003113,0.10744237899780273
746,3,0.49442923069000244,0.7426278591156006
746,4,0.4902084171772003,0.6352908611297607
746,5,0.49801456928253174,0.3134657144546509
746,6,0.5238862633705139,0.9404323101043701
746,6,0.5238862633705139,0.9404323101043701
746,0,0.49729931354522705,0.0865730494260788
746,1,0.5018851161003113,0.10744237899780273
746,2,0.5081281661987305,0.4455474615097046
746,3,0.49442923069000244,0.7426278591156006
746,4,0.4902084171772003,0.6352908611297607
746,5,0.49801456928253174,0.3134657144546509
746,6,0.5238862633705139,0.9404323101043701
746,6,0.5238862633705139,0.9404323101043701
746,0,0.49729931354522705,0.0865730494260788
746,1,0.5018851161003113,0.10744237899780273
746,2,0.5081281661987305,0.4455474615097046
746,3,0.49442923069000244,0.7426278591156006
746,4,0.4902084171772003,0.6352908611297607
746,5,0.49801456928253174,0.3134657144546509
746,6,0.5238862633705139,0.9404323101043701
746,6,0.5238862633705139,0.9404323101043701
746,7,0.5183789730072021,0.37016135454177856
746,8,0.5095685124397278,0.3491012752056122
746,9,0.49624693393707275,0.7043098211288452
746,12,0.5165539979934692,0.999262273311615
746,10,0.5012357234954834,0.6246944665908813
746,11,0.5000009536743164,0.6153284907341003
746,13,0.506744384765625,0.16971169412136078
746,6,0.5238862633705139,0.9404323101043701
746,14,0.4715862274169922,0.6417677998542786
746,7,0.5183789730072021,0.37016135454177856
746,9,0.49624693393707275,0.7043098211288452
746,8,0.5095685124397278,0.3491012752056122
746,10,0.5012357234954834,0.6246944665908813
746,11,0.5000009536743164,0.6153284907341003
746,12,0.5165539979934692,0.999262273311615
746,13,0.506744384765625,0.16971169412136078
746,6,0.5238862633705139,0.9404323101043701
746,14,0.4715862274169922,0.6417677998542786
746,7,0.5183789730072021,0.37016135454177856
746,8,0.5095685124397278,0.3491012752056122
746,9,0.49624693393707275,0.7043098211288452
746,10,0.5012357234954834,0.6246944665908813
746,11,0.5000009536743164,0.6153284907341003
746,0,0.49729931354522705,0.0865730494260788
746,0,0.49729931354522705,0.0865730494260788
746,0,0.49729931354522705,0.0865730494260788
746,0,0.49729931354522705,0.0865730494260788
746,0,0.49729931354522705,0.0865730494260788
746,0,0.49729931354522705,0.0865730494260788
746,0,0.49729931354522705,0.0865730494260788
746,0,0.49729931354522705,0.0865730494260788
746,0,0.49729931354522705,0.0865730494260788
746,0,0.49729931354522705,0.0865730494260788
746,0,0.49729931354522705,0.0865730494260788
746,0,0.49729931354522705,0.0865730494260788
746,0,0.49729931354522705,0.0865730494260788
746,0,0.49729931354522705,0.0865730494260788
746,0,0.49729931354522705,0.0865730494260788
746,0,0.49729931354522705,0.0865730494260788
746,0,0.49729931354522705,0.0865730494260788
746,0,0.49729931354522705,0.0865730494260788
746,0,0.49729931354522705,0.0865730494260788
746,0,0.49729931354522705,0.0865730494260788
746,0,0.49729931354522705,0.0865730494260788
746,0,0.49729931354522705,0.0865730494260788
746,0,0.49729931354522705,0.0865730494260788
746,0,0.49729931354522705,0.0865730494260788
746,0,0.49729931354522705,0.0865730494260788
746,0,0.49729931354522705,0.0865730494260788
746,0,0.49729931354522705,0.0865730494260788
746,0,0.49729931354522705,0.0865730494260788
746,0,0.49729931354522705,0.0865730494260788
746,0,0.49729931354522705,0.0865730494260788
746,0,0.49729931354522705,0.0865730494260788
746,0,0.49729931354522705,0.0865730494260788
746,0,0.49729931354522705,0.0865730494260788
746,0,0.49729931354522705,0.0865730494260788
746,0,0.49729931354522705,0.0865730494260788
746,0,0.49729931354522705,0.0865730494260788
746,0,0.49729931354522705,0.0865730494260788
746,0,0.49729931354522705,0.0865730494260788
746,0,0.49729931354522705,0.0865730494260788
746,0,0.49729931354522705,0.0865730494260788
746,0,0.49729931354522705,0.0865730494260788
746,0,0.49729931354522705,0.0865730494260788
746,0,0.49729931354522705,0.0865730494260788
746,0,0.49729931354522705,0.0865730494260788
746,0,0.49729931354522705,0.0865730494260788
746,0,0.49729931354522705,0.0865730494260788
746,0,0.49729931354522705,0.0865730494260788
746,0,0.49729931354522705,0.0865730494260788
746,0,0.49729931354522705,0.0865730494260788
746,0,0.49729931354522705,0.0865730494260788
746,0,0.49729931354522705,0.0865730494260788
746,0,0.49729931354522705,0.0865730494260788
746,0,0.49729931354522705,0.0865730494260788
746,0,0.49729931354522705,0.0865730494260788
746,0,0.49729931354522705,0.0865730494260788
746,0,0.49729931354522705,0.0865730494260788
746,0,0.49729931354522705,0.0865730494260788
746,0,0.49729931354522705,0.0865730494260788
746,0,0.49729931354522705,0.0865730494260788
746,0,0.49729931354522705,0.0865730494260788
746,0,0.49729931354522705,0.0865730494260788
746,0,0.49729931354522705,0.0865730494260788
746,0,0.49729931354522705,0.0865730494260788
746,0,0.49729931354522705,0.0865730494260788
746,0,0.49729931354522705,0.0865730494260788
746,0,0.49729931354522705,0.0865730494260788
746,0,0.49729931354522705,0.0865730494260788
746,0,0.49729931354522705,0.0865730494260788
746,0,0.49729931354522705,0.0865730494260788
746,0,0.49729931354522705,0.0865730494260788
746,0,0.49729931354522705,0.0865730494260788
746,0,0.49729931354522705,0.0865730494260788
746,0,0.49729931354522705,0.0865730494260788
746,0,0.49729931354522705,0.0865730494260788
746,0,0.49729931354522705,0.0865730494260788
746,0,0.49729931354522705,0.0865730494260788
746,0,0.49729931354522705,0.0865730494260788
746,0,0.49729931354522705,0.0865730494260788
746,0,0.49729931354522705,0.0865730494260788
746,0,0.49729931354522705,0.0865730494260788
746,0,0.49729931354522705,0.0865730494260788
746,0,0.49729931354522705,0.0865730494260788
746,0,0.49729931354522705,0.0865730494260788
746,0,0.49729931354522705,0.0865730494260788
746,0,0.49729931354522705,0.0865730494260788
746,0,0.49729931354522705,0.0865730494260788
746,0,0.49729931354522705,0.0865730494260788
746,0,0.49729931354522705,0.0865730494260788
746,0,0.49729931354522705,0.0865730494260788
746,0,0.49729931354522705,0.0865730494260788
746,0,0.49729931354522705,0.0865730494260788
746,0,0.49729931354522705,0.0865730494260788
746,0,0.49729931354522705,0.0865730494260788
746,0,0.49729931354522705,0.0865730494260788
746,0,0.49729931354522705,0.0865730494260788
746,0,0.49729931354522705,0.0865730494260788
746,0,0.49729931354522705,0.0865730494260788
746,0,0.49729931354522705,0.0865730494260788
746,0,0.49729931354522705,0.0865730494260788
746,0,0.49729931354522705,0.0865730494260788
746,0,0.49729931354522705,0.0865730494260788
746,0,0.49729931354522705,0.0865730494260788
746,0,0.49729931354522705,0.0865730494260788
746,0,0.49729931354522705,0.0865730494260788
746,0,0.49729931354522705,0.0865730494260788
746,0,0.49729931354522705,0.0865730494260788
746,0,0.49729931354522705,0.0865730494260788
746,0,0.49729931354522705,0.0865730494260788
746,0,0.49729931354522705,0.0865730494260788
746,0,0.49729931354522705,0.0865730494260788
746,0,0.49729931354522705,0.0865730494260788
746,0,0.49729931354522705,0.0865730494260788
746,0,0.49729931354522705,0.0865730494260788
121,0,0.49724873900413513,0.0865730494260788
121,1,0.5018345713615417,0.10744237899780273
121,2,0.5080775618553162,0.4455474615097046
121,3,0.4943784773349762,0.7426278591156006
121,4,0.49015769362449646,0.6352908611297607
121,5,0.49796387553215027,0.3134657144546509
121,6,0.5238356590270996,0.9404323101043701
121,6,0.5238356590270996,0.9404323101043701
121,0,0.49724873900413513,0.0865730494260788
121,1,0.5018345713615417,0.10744237899780273
121,2,0.5080775618553162,0.4455474615097046
121,4,0.49015769362449646,0.6352908611297607
121,3,0.4943784773349762,0.7426278591156006
121,5,0.49796387553215027,0.3134657144546509
121,6,0.5238356590270996,0.9404323101043701
121,6,0.5238356590270996,0.9404323101043701
121,0,0.49724873900413513,0.0865730494260788
121,2,0.5080775618553162,0.4455474615097046
121,1,0.5018345713615417,0.10744237899780273
121,3,0.4943784773349762,0.7426278591156006
121,4,0.49015769362449646,0.6352908611297607
121,5,0.49796387553215027,0.3134657144546509
121,6,0.5238356590270996,0.9404323101043701
121,6,0.5238356590270996,0.9404323101043701
121,0,0.49724873900413513,0.0865730494260788
121,1,0.5018345713615417,0.10744237899780273
121,2,0.5080775618553162,0.4455474615097046
121,4,0.49015769362449646,0.6352908611297607
121,3,0.4943784773349762,0.7426278591156006
121,5,0.49796387553215027,0.3134657144546509
121,6,0.5238356590270996,0.9404323101043701
121,6,0.5238356590270996,0.9404323101043701
121,0,0.49724873900413513,0.0865730494260788
121,1,0.5018345713615417,0.10744237899780273
121,2,0.5080775618553162,0.4455474615097046
121,4,0.49015769362449646,0.6352908611297607
121,3,0.4943784773349762,0.7426278591156006
121,5,0.49796387553215027,0.3134657144546509
121,6,0.5238356590270996,0.9404323101043701
121,6,0.5238356590270996,0.9404323101043701
121,0,0.49724873900413513,0.0865730494260788
121,2,0.5080775618553162,0.4455474615097046
121,1,0.5018345713615417,0.10744237899780273
121,3,0.4943784773349762,0.7426278591156006
121,4,0.49015769362449646,0.6352908611297607
121,5,0.49796387553215027,0.3134657144546509
121,6,0.5238356590270996,0.9404323101043701
121,6,0.5238356590270996,0.9404323101043701
121,0,0.49724873900413513,0.0865730494260788
121,1,0.5018345713615417,0.10744237899780273
121,2,0.5080775618553162,0.4455474615097046
121,4,0.49015769362449646,0.6352908611297607
121,3,0.4943784773349762,0.7426278591156006
121,5,0.49796387553215027,0.3134657144546509
121,6,0.5238356590270996,0.9404323101043701
121,6,0.5238356590270996,0.9404323101043701
121,0,0.49724873900413513,0.0865730494260788
121,1,0.5018345713615417,0.10744237899780273
121,2,0.5080775618553162,0.4455474615097046
121,4,0.49015769362449646,0.6352908611297607
121,3,0.4943784773349762,0.7426278591156006
121,5,0.49796387553215027,0.3134657144546509
121,6,0.5238356590270996,0.9404323101043701
121,6,0.5238356590270996,0.9404323101043701
121,0,0.49724873900413513,0.0865730494260788
121,2,0.5080775618553162,0.4455474615097046
121,1,0.5018345713615417,0.10744237899780273
121,3,0.4943784773349762,0.7426278591156006
121,4,0.49015769362449646,0.6352908611297607
121,5,0.49796387553215027,0.3134657144546509
121,0,0.49724873900413513,0.0865730494260788
121,0,0.49724873900413513,0.0865730494260788
121,0,0.49724873900413513,0.0865730494260788
121,0,0.49724873900413513,0.0865730494260788
121,0,0.49724873900413513,0.0865730494260788
121,0,0.49724873900413513,0.0865730494260788
121,0,0.49724873900413513,0.0865730494260788
121,0,0.49724873900413513,0.0865730494260788
121,0,0.49724873900413513,0.0865730494260788
121,0,0.49724873900413513,0.0865730494260788
121,0,0.49724873900413513,0.0865730494260788
121,0,0.49724873900413513,0.0865730494260788
121,0,0.49724873900413513,0.0865730494260788
121,0,0.49724873900413513,0.0865730494260788
121,0,0.49724873900413513,0.0865730494260788
121,0,0.49724873900413513,0.0865730494260788
121,0,0.49724873900413513,0.0865730494260788
121,0,0.49724873900413513,0.0865730494260788
121,0,0.49724873900413513,0.0865730494260788
121,0,0.49724873900413513,0.0865730494260788
121,0,0.49724873900413513,0.0865730494260788
121,0,0.49724873900413513,0.0865730494260788
121,0,0.49724873900413513,0.0865730494260788
121,0,0.49724873900413513,0.0865730494260788
121,0,0.49724873900413513,0.0865730494260788
121,0,0.49724873900413513,0.0865730494260788
121,0,0.49724873900413513,0.0865730494260788
121,0,0.49724873900413513,0.0865730494260788
121,0,0.49724873900413513,0.0865730494260788
121,0,0.49724873900413513,0.0865730494260788
121,0,0.49724873900413513,0.0865730494260788
121,0,0.49724873900413513,0.0865730494260788
121,0,0.49724873900413513,0.0865730494260788
121,0,0.49724873900413513,0.0865730494260788
121,0,0.49724873900413513,0.0865730494260788
121,0,0.49724873900413513,0.0865730494260788
121,0,0.49724873900413513,0.0865730494260788
121,0,0.49724873900413513,0.0865730494260788
121,0,0.49724873900413513,0.0865730494260788
121,0,0.49724873900413513,0.0865730494260788
121,0,0.49724873900413513,0.0865730494260788
121,0,0.49724873900413513,0.0865730494260788
121,0,0.49724873900413513,0.0865730494260788
121,0,0.49724873900413513,0.0865730494260788
121,0,0.49724873900413513,0.0865730494260788
121,0,0.49724873900413513,0.0865730494260788
121,0,0.49724873900413513,0.0865730494260788
121,0,0.49724873900413513,0.0865730494260788
121,0,0.49724873900413513,0.0865730494260788
121,0,0.49724873900413513,0.0865730494260788
121,0,0.49724873900413513,0.0865730494260788
121,0,0.49724873900413513,0.0865730494260788
121,0,0.49724873900413513,0.0865730494260788
121,0,0.49724873900413513,0.0865730494260788
121,0,0.49724873900413513,0.0865730494260788
121,0,0.49724873900413513,0.0865730494260788
121,0,0.49724873900413513,0.0865730494260788
121,0,0.49724873900413513,0.0865730494260788
121,0,0.49724873900413513,0.0865730494260788
121,0,0.49724873900413513,0.0865730494260788
121,0,0.49724873900413513,0.0865730494260788
121,0,0.49724873900413513,0.0865730494260788
121,0,0.49724873900413513,0.0865730494260788
121,0,0.49724873900413513,0.0865730494260788
121,0,0.49724873900413513,0.0865730494260788
121,0,0.49724873900413513,0.0865730494260788
121,0,0.49724873900413513,0.0865730494260788
121,0,0.49724873900413513,0.0865730494260788
121,0,0.49724873900413513,0.0865730494260788
121,0,0.49724873900413513,0.0865730494260788
121,0,0.49724873900413513,0.0865730494260788
121,0,0.49724873900413513,0.0865730494260788
121,0,0.49724873900413513,0.0865730494260788
121,0,0.49724873900413513,0.0865730494260788
121,0,0.49724873900413513,0.0865730494260788
121,0,0.49724873900413513,0.0865730494260788
121,0,0.49724873900413513,0.0865730494260788
121,0,0.49724873900413513,0.0865730494260788
121,0,0.49724873900413513,0.0865730494260788
121,0,0.49724873900413513,0.0865730494260788
121,0,0.49724873900413513,0.0865730494260788
121,0,0.49724873900413513,0.0865730494260788
121,0,0.49724873900413513,0.0865730494260788
121,0,0.49724873900413513,0.0865730494260788
121,0,0.49724873900413513,0.0865730494260788
121,0,0.49724873900413513,0.0865730494260788
121,0,0.49724873900413513,0.0865730494260788
121,0,0.49724873900413513,0.0865730494260788
121,0,0.49724873900413513,0.0865730494260788
121,0,0.49724873900413513,0.0865730494260788
121,0,0.49724873900413513,0.0865730494260788
121,0,0.49724873900413513,0.0865730494260788
121,0,0.49724873900413513,0.0865730494260788
121,0,0.49724873900413513,0.0865730494260788
121,0,0.49724873900413513,0.0865730494260788
121,0,0.49724873900413513,0.0865730494260788
121,0,0.49724873900413513,0.0865730494260788
121,0,0.49724873900413513,0.0865730494260788
121,0,0.49724873900413513,0.0865730494260788
121,0,0.49724873900413513,0.0865730494260788
121,0,0.49724873900413513,0.0865730494260788
121,0,0.49724873900413513,0.0865730494260788
121,0,0.49724873900413513,0.0865730494260788
121,0,0.49724873900413513,0.0865730494260788
121,0,0.49724873900413513,0.0865730494260788
121,0,0.49724873900413513,0.0865730494260788
121,0,0.49724873900413513,0.0865730494260788
121,0,0.49724873900413513,0.0865730494260788
121,0,0.49724873900413513,0.0865730494260788
121,0,0.49724873900413513,0.0865730494260788
121,0,0.49724873900413513,0.0865730494260788
121,0,0.49724873900413513,0.0865730494260788
121,0,0.49724873900413513,0.0865730494260788
121,0,0.49724873900413513,0.0865730494260788
121,0,0.49724873900413513,0.0865730494260788
121,0,0.49724873900413513,0.0865730494260788
121,0,0.49724873900413513,0.0865730494260788
121,0,0.49724873900413513,0.0865730494260788
121,0,0.49724873900413513,0.0865730494260788
121,0,0.49724873900413513,0.0865730494260788
121,0,0.49724873900413513,0.0865730494260788
121,0,0.49724873900413513,0.0865730494260788
121,0,0.49724873900413513,0.0865730494260788
121,0,0.49724873900413513,0.0865730494260788
121,0,0.49724873900413513,0.0865730494260788
121,0,0.49724873900413513,0.0865730494260788
121,0,0.49724873900413513,0.0865730494260788
121,0,0.49724873900413513,0.0865730494260788
121,0,0.49724873900413513,0.0865730494260788
121,0,0.49724873900413513,0.0865730494260788
395,0,0.4972947835922241,0.0865730494260788
395,2,0.5081235766410828,0.4455474615097046
395,1,0.5018805265426636,0.10744237899780273
395,3,0.49442464113235474,0.7426278591156006
395,5,0.4980100095272064,0.3134657144546509
395,4,0.4902038276195526,0.6352908611297607
395,6,0.5238816738128662,0.9404323101043701
395,6,0.5238816738128662,0.9404323101043701
395,279,0.4881241023540497,0.23227645456790924
395,279,0.4881241023540497,0.23227645456790924
395,280,0.5051904320716858,0.8001254200935364
395,279,0.4881241023540497,0.23227645456790924
395,280,0.5051904320716858,0.8001254200935364
395,280,0.5051904320716858,0.8001254200935364
395,279,0.4881241023540497,0.23227645456790924
395,279,0.4881241023540497,0.23227645456790924
395,280,0.5051904320716858,0.8001254200935364
395,280,0.5051904320716858,0.8001254200935364
395,279,0.4881241023540497,0.23227645456790924
395,280,0.5051904320716858,0.8001254200935364
395,281,0.5131840109825134,0.31475210189819336
395,281,0.5131840109825134,0.31475210189819336
395,282,0.49784982204437256,0.6659007668495178
395,282,0.49784982204437256,0.6659007668495178
395,282,0.49784982204437256,0.6659007668495178
395,281,0.5131840109825134,0.31475210189819336
395,282,0.49784982204437256,0.6659007668495178
395,281,0.5131840109825134,0.31475210189819336
395,281,0.5131840109825134,0.31475210189819336
395,281,0.5131840109825134,0.31475210189819336
395,281,0.5131840109825134,0.31475210189819336
395,282,0.49784982204437256,0.6659007668495178
395,281,0.5131840109825134,0.31475210189819336
395,282,0.49784982204437256,0.6659007668495178
395,0,0.4972947835922241,0.0865730494260788
395,0,0.4972947835922241,0.0865730494260788
395,0,0.4972947835922241,0.0865730494260788
395,0,0.4972947835922241,0.0865730494260788
395,0,0.4972947835922241,0.0865730494260788
395,0,0.4972947835922241,0.0865730494260788
395,0,0.4972947835922241,0.0865730494260788
395,0,0.4972947835922241,0.0865730494260788
395,0,0.4972947835922241,0.0865730494260788
395,0,0.4972947835922241,0.0865730494260788
395,0,0.4972947835922241,0.0865730494260788
395,0,0.4972947835922241,0.0865730494260788
395,0,0.4972947835922241,0.0865730494260788
395,0,0.4972947835922241,0.0865730494260788
395,0,0.4972947835922241,0.0865730494260788
395,0,0.4972947835922241,0.0865730494260788
395,0,0.4972947835922241,0.0865730494260788
395,0,0.4972947835922241,0.0865730494260788
395,0,0.4972947835922241,0.0865730494260788
395,0,0.4972947835922241,0.0865730494260788
395,0,0.4972947835922241,0.0865730494260788
395,0,0.4972947835922241,0.0865730494260788
395,0,0.4972947835922241,0.0865730494260788
395,0,0.4972947835922241,0.0865730494260788
395,0,0.4972947835922241,0.0865730494260788
395,0,0.4972947835922241,0.0865730494260788
395,0,0.4972947835922241,0.0865730494260788
395,0,0.4972947835922241,0.0865730494260788
395,0,0.4972947835922241,0.0865730494260788
395,0,0.4972947835922241,0.0865730494260788
395,0,0.4972947835922241,0.0865730494260788
395,0,0.4972947835922241,0.0865730494260788
395,0,0.4972947835922241,0.0865730494260788
395,0,0.4972947835922241,0.0865730494260788
395,0,0.4972947835922241,0.0865730494260788
395,0,0.4972947835922241,0.0865730494260788
395,0,0.4972947835922241,0.0865730494260788
395,0,0.4972947835922241,0.0865730494260788
395,0,0.4972947835922241,0.0865730494260788
395,0,0.4972947835922241,0.0865730494260788
395,0,0.4972947835922241,0.0865730494260788
395,0,0.4972947835922241,0.0865730494260788
395,0,0.4972947835922241,0.0865730494260788
395,0,0.4972947835922241,0.0865730494260788
395,0,0.4972947835922241,0.0865730494260788
395,0,0.4972947835922241,0.0865730494260788
395,0,0.4972947835922241,0.0865730494260788
395,0,0.4972947835922241,0.0865730494260788
395,0,0.4972947835922241,0.0865730494260788
395,0,0.4972947835922241,0.0865730494260788
395,0,0.4972947835922241,0.0865730494260788
395,0,0.4972947835922241,0.0865730494260788
395,0,0.4972947835922241,0.0865730494260788
395,0,0.4972947835922241,0.0865730494260788
395,0,0.4972947835922241,0.0865730494260788
395,0,0.4972947835922241,0.0865730494260788
395,0,0.4972947835922241,0.0865730494260788
395,0,0.4972947835922241,0.0865730494260788
395,0,0.4972947835922241,0.0865730494260788
395,0,0.4972947835922241,0.0865730494260788
395,0,0.4972947835922241,0.0865730494260788
395,0,0.4972947835922241,0.0865730494260788
395,0,0.4972947835922241,0.0865730494260788
395,0,0.4972947835922241,0.0865730494260788
395,0,0.4972947835922241,0.0865730494260788
395,0,0.4972947835922241,0.0865730494260788
395,0,0.4972947835922241,0.0865730494260788
395,0,0.4972947835922241,0.0865730494260788
395,0,0.4972947835922241,0.0865730494260788
395,0,0.4972947835922241,0.0865730494260788
395,0,0.4972947835922241,0.0865730494260788
395,0,0.4972947835922241,0.0865730494260788
395,0,0.4972947835922241,0.0865730494260788
395,0,0.4972947835922241,0.0865730494260788
395,0,0.4972947835922241,0.0865730494260788
395,0,0.4972947835922241,0.0865730494260788
395,0,0.4972947835922241,0.0865730494260788
395,0,0.4972947835922241,0.0865730494260788
395,0,0.4972947835922241,0.0865730494260788
395,0,0.4972947835922241,0.0865730494260788
395,0,0.4972947835922241,0.0865730494260788
395,0,0.4972947835922241,0.0865730494260788
395,0,0.4972947835922241,0.0865730494260788
395,0,0.4972947835922241,0.0865730494260788
395,0,0.4972947835922241,0.0865730494260788
395,0,0.4972947835922241,0.0865730494260788
395,0,0.4972947835922241,0.0865730494260788
395,0,0.4972947835922241,0.0865730494260788
395,0,0.4972947835922241,0.0865730494260788
395,0,0.4972947835922241,0.0865730494260788
395,0,0.4972947835922241,0.0865730494260788
395,0,0.4972947835922241,0.0865730494260788
395,0,0.4972947835922241,0.0865730494260788
395,0,0.4972947835922241,0.0865730494260788
395,0,0.4972947835922241,0.0865730494260788
395,0,0.4972947835922241,0.0865730494260788
395,0,0.4972947835922241,0.0865730494260788
395,0,0.4972947835922241,0.0865730494260788
395,0,0.4972947835922241,0.0865730494260788
395,0,0.4972947835922241,0.0865730494260788
395,0,0.4972947835922241,0.0865730494260788
395,0,0.4972947835922241,0.0865730494260788
395,0,0.4972947835922241,0.0865730494260788
395,0,0.4972947835922241,0.0865730494260788
395,0,0.4972947835922241,0.0865730494260788
395,0,0.4972947835922241,0.0865730494260788
395,0,0.4972947835922241,0.0865730494260788
395,0,0.4972947835922241,0.0865730494260788
395,0,0.4972947835922241,0.0865730494260788
395,0,0.4972947835922241,0.0865730494260788
395,0,0.4972947835922241,0.0865730494260788
395,0,0.4972947835922241,0.0865730494260788
395,0,0.4972947835922241,0.0865730494260788
395,0,0.4972947835922241,0.0865730494260788
395,0,0.4972947835922241,0.0865730494260788
395,0,0.4972947835922241,0.0865730494260788
395,0,0.4972947835922241,0.0865730494260788
395,0,0.4972947835922241,0.0865730494260788
395,0,0.4972947835922241,0.0865730494260788
395,0,0.4972947835922241,0.0865730494260788
395,0,0.4972947835922241,0.0865730494260788
395,0,0.4972947835922241,0.0865730494260788
395,0,0.4972947835922241,0.0865730494260788
395,0,0.4972947835922241,0.0865730494260788
395,0,0.4972947835922241,0.0865730494260788
395,0,0.4972947835922241,0.0865730494260788
395,0,0.4972947835922241,0.0865730494260788
395,0,0.4972947835922241,0.0865730494260788
395,0,0.4972947835922241,0.0865730494260788
395,0,0.4972947835922241,0.0865730494260788
395,0,0.4972947835922241,0.0865730494260788
395,0,0.4972947835922241,0.0865730494260788
395,0,0.4972947835922241,0.0865730494260788
395,0,0.4972947835922241,0.0865730494260788
395,0,0.4972947835922241,0.0865730494260788
395,0,0.4972947835922241,0.0865730494260788
395,0,0.4972947835922241,0.0865730494260788
395,0,0.4972947835922241,0.0865730494260788
395,0,0.4972947835922241,0.0865730494260788
395,0,0.4972947835922241,0.0865730494260788
395,0,0.4972947835922241,0.0865730494260788
395,0,0.4972947835922241,0.0865730494260788
395,0,0.4972947835922241,0.0865730494260788
395,0,0.4972947835922241,0.0865730494260788
395,0,0.4972947835922241,0.0865730494260788
395,0,0.4972947835922241,0.0865730494260788
395,0,0.4972947835922241,0.0865730494260788
395,0,0.4972947835922241,0.0865730494260788
395,0,0.4972947835922241,0.0865730494260788
395,0,0.4972947835922241,0.0865730494260788
395,0,0.4972947835922241,0.0865730494260788
395,0,0.4972947835922241,0.0865730494260788
395,0,0.4972947835922241,0.0865730494260788
395,0,0.4972947835922241,0.0865730494260788
395,0,0.4972947835922241,0.0865730494260788
395,0,0.4972947835922241,0.0865730494260788
395,0,0.4972947835922241,0.0865730494260788
395,0,0.4972947835922241,0.0865730494260788
395,0,0.4972947835922241,0.0865730494260788
395,0,0.4972947835922241,0.0865730494260788
395,0,0.4972947835922241,0.0865730494260788
395,0,0.4972947835922241,0.0865730494260788
395,0,0.4972947835922241,0.0865730494260788
395,0,0.4972947835922241,0.0865730494260788
395,0,0.4972947835922241,0.0865730494260788
395,0,0.4972947835922241,0.0865730494260788
207,38,0.4917943477630615,8.152172625841558e-08
207,39,0.4956498444080353,0.3631497621536255
207,46,0.5184643268585205,0.024806875735521317
207,0,0.49688467383384705,0.0865730494260788
207,0,0.49688467383384705,0.0865730494260788
207,0,0.49688467383384705,0.0865730494260788
207,0,0.49688467383384705,0.0865730494260788
207,0,0.49688467383384705,0.0865730494260788
207,0,0.49688467383384705,0.0865730494260788
207,0,0.49688467383384705,0.0865730494260788
207,0,0.49688467383384705,0.0865730494260788
207,0,0.49688467383384705,0.0865730494260788
207,0,0.49688467383384705,0.0865730494260788
207,0,0.49688467383384705,0.0865730494260788
207,0,0.49688467383384705,0.0865730494260788
207,0,0.49688467383384705,0.0865730494260788
207,0,0.49688467383384705,0.0865730494260788
207,0,0.49688467383384705,0.0865730494260788
207,0,0.49688467383384705,0.0865730494260788
207,0,0.49688467383384705,0.0865730494260788
207,0,0.49688467383384705,0.0865730494260788
207,0,0.49688467383384705,0.0865730494260788
207,0,0.49688467383384705,0.0865730494260788
207,0,0.49688467383384705,0.0865730494260788
207,0,0.49688467383384705,0.0865730494260788
207,0,0.49688467383384705,0.0865730494260788
207,0,0.49688467383384705,0.0865730494260788
207,0,0.49688467383384705,0.0865730494260788
207,0,0.49688467383384705,0.0865730494260788
207,0,0.49688467383384705,0.0865730494260788
207,0,0.49688467383384705,0.0865730494260788
207,0,0.49688467383384705,0.0865730494260788
207,0,0.49688467383384705,0.0865730494260788
207,0,0.49688467383384705,0.0865730494260788
207,0,0.49688467383384705,0.0865730494260788
207,0,0.49688467383384705,0.0865730494260788
207,0,0.49688467383384705,0.0865730494260788
207,0,0.49688467383384705,0.0865730494260788
207,0,0.49688467383384705,0.0865730494260788
207,0,0.49688467383384705,0.0865730494260788
207,0,0.49688467383384705,0.0865730494260788
207,0,0.49688467383384705,0.0865730494260788
207,0,0.49688467383384705,0.0865730494260788
207,0,0.49688467383384705,0.0865730494260788
207,0,0.49688467383384705,0.0865730494260788
207,0,0.49688467383384705,0.0865730494260788
207,0,0.49688467383384705,0.0865730494260788
207,0,0.49688467383384705,0.0865730494260788
207,0,0.49688467383384705,0.0865730494260788
207,0,0.49688467383384705,0.0865730494260788
207,0,0.49688467383384705,0.0865730494260788
207,0,0.49688467383384705,0.0865730494260788
207,0,0.49688467383384705,0.0865730494260788
207,0,0.49688467383384705,0.0865730494260788
207,0,0.49688467383384705,0.0865730494260788
207,0,0.49688467383384705,0.0865730494260788
207,0,0.49688467383384705,0.0865730494260788
207,0,0.49688467383384705,0.0865730494260788
207,0,0.49688467383384705,0.0865730494260788
207,0,0.49688467383384705,0.0865730494260788
207,0,0.49688467383384705,0.0865730494260788
207,0,0.49688467383384705,0.0865730494260788
207,0,0.49688467383384705,0.0865730494260788
207,0,0.49688467383384705,0.0865730494260788
207,0,0.49688467383384705,0.0865730494260788
207,0,0.49688467383384705,0.0865730494260788
207,0,0.49688467383384705,0.0865730494260788
207,0,0.49688467383384705,0.0865730494260788
207,0,0.49688467383384705,0.0865730494260788
207,0,0.49688467383384705,0.0865730494260788
207,0,0.49688467383384705,0.0865730494260788
207,0,0.49688467383384705,0.0865730494260788
207,0,0.49688467383384705,0.0865730494260788
207,0,0.49688467383384705,0.0865730494260788
207,0,0.49688467383384705,0.0865730494260788
207,0,0.49688467383384705,0.0865730494260788
207,0,0.49688467383384705,0.0865730494260788
207,0,0.49688467383384705,0.0865730494260788
207,0,0.49688467383384705,0.0865730494260788
207,0,0.49688467383384705,0.0865730494260788
207,0,0.49688467383384705,0.0865730494260788
207,0,0.49688467383384705,0.0865730494260788
207,0,0.49688467383384705,0.0865730494260788
207,0,0.49688467383384705,0.0865730494260788
207,0,0.49688467383384705,0.0865730494260788
207,0,0.49688467383384705,0.0865730494260788
207,0,0.49688467383384705,0.0865730494260788
207,0,0.49688467383384705,0.0865730494260788
207,0,0.49688467383384705,0.0865730494260788
207,0,0.49688467383384705,0.0865730494260788
207,0,0.49688467383384705,0.0865730494260788
207,0,0.49688467383384705,0.0865730494260788
207,0,0.49688467383384705,0.0865730494260788
207,0,0.49688467383384705,0.0865730494260788
207,0,0.49688467383384705,0.0865730494260788
207,0,0.49688467383384705,0.0865730494260788
207,0,0.49688467383384705,0.0865730494260788
207,0,0.49688467383384705,0.0865730494260788
207,0,0.49688467383384705,0.0865730494260788
207,0,0.49688467383384705,0.0865730494260788
207,0,0.49688467383384705,0.0865730494260788
207,0,0.49688467383384705,0.0865730494260788
207,0,0.49688467383384705,0.0865730494260788
207,0,0.49688467383384705,0.0865730494260788
207,0,0.49688467383384705,0.0865730494260788
207,0,0.49688467383384705,0.0865730494260788
207,0,0.49688467383384705,0.0865730494260788
207,0,0.49688467383384705,0.0865730494260788
207,0,0.49688467383384705,0.0865730494260788
207,0,0.49688467383384705,0.0865730494260788
207,0,0.49688467383384705,0.0865730494260788
207,0,0.49688467383384705,0.0865730494260788
207,0,0.49688467383384705,0.0865730494260788
207,0,0.49688467383384705,0.0865730494260788
207,0,0.49688467383384705,0.0865730494260788
207,0,0.49688467383384705,0.0865730494260788
207,0,0.49688467383384705,0.0865730494260788
207,0,0.49688467383384705,0.0865730494260788
207,0,0.49688467383384705,0.0865730494260788
207,0,0.49688467383384705,0.0865730494260788
207,0,0.49688467383384705,0.0865730494260788
207,0,0.49688467383384705,0.0865730494260788
207,0,0.49688467383384705,0.0865730494260788
207,0,0.49688467383384705,0.0865730494260788
207,0,0.49688467383384705,0.0865730494260788
207,0,0.49688467383384705,0.0865730494260788
207,0,0.49688467383384705,0.0865730494260788
207,0,0.49688467383384705,0.0865730494260788
207,0,0.49688467383384705,0.0865730494260788
207,0,0.49688467383384705,0.0865730494260788
207,0,0.49688467383384705,0.0865730494260788
207,0,0.49688467383384705,0.0865730494260788
207,0,0.49688467383384705,0.0865730494260788
207,0,0.49688467383384705,0.0865730494260788
207,0,0.49688467383384705,0.0865730494260788
207,0,0.49688467383384705,0.0865730494260788
207,0,0.49688467383384705,0.0865730494260788
207,0,0.49688467383384705,0.0865730494260788
207,0,0.49688467383384705,0.0865730494260788
207,0,0.49688467383384705,0.0865730494260788
207,0,0.49688467383384705,0.0865730494260788
207,0,0.49688467383384705,0.0865730494260788
207,0,0.49688467383384705,0.0865730494260788
207,0,0.49688467383384705,0.0865730494260788
207,0,0.49688467383384705,0.0865730494260788
207,0,0.49688467383384705,0.0865730494260788
207,0,0.49688467383384705,0.0865730494260788
207,0,0.49688467383384705,0.0865730494260788
207,0,0.49688467383384705,0.0865730494260788
207,0,0.49688467383384705,0.0865730494260788
207,0,0.49688467383384705,0.0865730494260788
207,0,0.49688467383384705,0.0865730494260788
207,0,0.49688467383384705,0.0865730494260788
207,0,0.49688467383384705,0.0865730494260788
207,0,0.49688467383384705,0.0865730494260788
207,0,0.49688467383384705,0.0865730494260788
207,0,0.49688467383384705,0.0865730494260788
207,0,0.49688467383384705,0.0865730494260788
207,0,0.49688467383384705,0.0865730494260788
207,0,0.49688467383384705,0.0865730494260788
207,0,0.49688467383384705,0.0865730494260788
207,0,0.49688467383384705,0.0865730494260788
207,0,0.49688467383384705,0.0865730494260788
207,0,0.49688467383384705,0.0865730494260788
207,0,0.49688467383384705,0.0865730494260788
207,0,0.49688467383384705,0.0865730494260788
207,0,0.49688467383384705,0.0865730494260788
207,0,0.49688467383384705,0.0865730494260788
207,0,0.49688467383384705,0.0865730494260788
207,0,0.49688467383384705,0.0865730494260788
207,0,0.49688467383384705,0.0865730494260788
207,0,0.49688467383384705,0.0865730494260788
207,0,0.49688467383384705,0.0865730494260788
207,0,0.49688467383384705,0.0865730494260788
207,0,0.49688467383384705,0.0865730494260788
207,0,0.49688467383384705,0.0865730494260788
207,0,0.49688467383384705,0.0865730494260788
207,0,0.49688467383384705,0.0865730494260788
207,0,0.49688467383384705,0.0865730494260788
207,0,0.49688467383384705,0.0865730494260788
207,0,0.49688467383384705,0.0865730494260788
207,0,0.49688467383384705,0.0865730494260788
207,0,0.49688467383384705,0.0865730494260788
207,0,0.49688467383384705,0.0865730494260788
207,0,0.49688467383384705,0.0865730494260788
207,0,0.49688467383384705,0.0865730494260788
207,0,0.49688467383384705,0.0865730494260788
207,0,0.49688467383384705,0.0865730494260788
207,0,0.49688467383384705,0.0865730494260788
207,0,0.49688467383384705,0.0865730494260788
207,0,0.49688467383384705,0.0865730494260788
207,0,0.49688467383384705,0.0865730494260788
207,0,0.49688467383384705,0.0865730494260788
207,0,0.49688467383384705,0.0865730494260788
207,0,0.49688467383384705,0.0865730494260788
207,0,0.49688467383384705,0.0865730494260788
207,0,0.49688467383384705,0.0865730494260788
207,0,0.49688467383384705,0.0865730494260788
207,0,0.49688467383384705,0.0865730494260788
207,0,0.49688467383384705,0.0865730494260788
742,0,0.49730297923088074,0.0865730494260788
742,2,0.5081318020820618,0.4455474615097046
742,1,0.5018886923789978,0.10744237899780273
742,1,0.5018886923789978,0.10744237899780273
742,3,0.49443283677101135,0.7426278591156006
742,4,0.49021202325820923,0.6352908611297607
742,5,0.49801817536354065,0.3134657144546509
742,6,0.5238898396492004,0.9404323101043701
742,6,0.5238898396492004,0.9404323101043701
742,0,0.49730297923088074,0.0865730494260788
742,2,0.5081318020820618,0.4455474615097046
742,1,0.5018886923789978,0.10744237899780273
742,3,0.49443283677101135,0.7426278591156006
742,4,0.49021202325820923,0.6352908611297607
742,5,0.49801817536354065,0.3134657144546509
742,6,0.5238898396492004,0.9404323101043701
742,6,0.5238898396492004,0.9404323101043701
742,0,0.49730297923088074,0.0865730494260788
742,1,0.5018886923789978,0.10744237899780273
742,2,0.5081318020820618,0.4455474615097046
742,3,0.49443283677101135,0.7426278591156006
742,4,0.49021202325820923,0.6352908611297607
742,5,0.49801817536354065,0.3134657144546509
742,6,0.5238898396492004,0.9404323101043701
742,6,0.5238898396492004,0.9404323101043701
742,0,0.49730297923088074,0.0865730494260788
742,2,0.5081318020820618,0.4455474615097046
742,1,0.5018886923789978,0.10744237899780273
742,3,0.49443283677101135,0.7426278591156006
742,5,0.49801817536354065,0.3134657144546509
742,4,0.49021202325820923,0.6352908611297607
742,6,0.5238898396492004,0.9404323101043701
742,6,0.5238898396492004,0.9404323101043701
742,0,0.49730297923088074,0.0865730494260788
742,1,0.5018886923789978,0.10744237899780273
742,2,0.5081318020820618,0.4455474615097046
742,4,0.49021202325820923,0.6352908611297607
742,5,0.49801817536354065,0.3134657144546509
742,3,0.49443283677101135,0.7426278591156006
742,6,0.5238898396492004,0.9404323101043701
742,6,0.5238898396492004,0.9404323101043701
742,0,0.49730297923088074,0.0865730494260788
742,2,0.5081318020820618,0.4455474615097046
742,1,0.5018886923789978,0.10744237899780273
742,3,0.49443283677101135,0.7426278591156006
742,4,0.49021202325820923,0.6352908611297607
742,5,0.49801817536354065,0.3134657144546509
742,6,0.5238898396492004,0.9404323101043701
742,6,0.5238898396492004,0.9404323101043701
742,0,0.49730297923088074,0.0865730494260788
742,2,0.5081318020820618,0.4455474615097046
742,1,0.5018886923789978,0.10744237899780273
742,3,0.49443283677101135,0.7426278591156006
742,4,0.49021202325820923,0.6352908611297607
742,5,0.49801817536354065,0.3134657144546509
742,6,0.5238898396492004,0.9404323101043701
742,6,0.5238898396492004,0.9404323101043701
742,0,0.49730297923088074,0.0865730494260788
742,2,0.5081318020820618,0.4455474615097046
742,1,0.5018886923789978,0.10744237899780273
742,3,0.49443283677101135,0.7426278591156006
742,4,0.49021202325820923,0.6352908611297607
742,5,0.49801817536354065,0.3134657144546509
742,6,0.5238898396492004,0.9404323101043701
742,6,0.5238898396492004,0.9404323101043701
742,0,0.49730297923088074,0.0865730494260788
742,1,0.5018886923789978,0.10744237899780273
742,2,0.5081318020820618,0.4455474615097046
742,4,0.49021202325820923,0.6352908611297607
742,3,0.49443283677101135,0.7426278591156006
742,5,0.49801817536354065,0.3134657144546509
742,6,0.5238898396492004,0.9404323101043701
742,6,0.5238898396492004,0.9404323101043701
742,0,0.49730297923088074,0.0865730494260788
742,0,0.49730297923088074,0.0865730494260788
742,0,0.49730297923088074,0.0865730494260788
742,0,0.49730297923088074,0.0865730494260788
742,0,0.49730297923088074,0.0865730494260788
742,0,0.49730297923088074,0.0865730494260788
742,0,0.49730297923088074,0.0865730494260788
742,0,0.49730297923088074,0.0865730494260788
742,0,0.49730297923088074,0.0865730494260788
742,0,0.49730297923088074,0.0865730494260788
742,0,0.49730297923088074,0.0865730494260788
742,0,0.49730297923088074,0.0865730494260788
742,0,0.49730297923088074,0.0865730494260788
742,0,0.49730297923088074,0.0865730494260788
742,0,0.49730297923088074,0.0865730494260788
742,0,0.49730297923088074,0.0865730494260788
742,0,0.49730297923088074,0.0865730494260788
742,0,0.49730297923088074,0.0865730494260788
742,0,0.49730297923088074,0.0865730494260788
742,0,0.49730297923088074,0.0865730494260788
742,0,0.49730297923088074,0.0865730494260788
742,0,0.49730297923088074,0.0865730494260788
742,0,0.49730297923088074,0.0865730494260788
742,0,0.49730297923088074,0.0865730494260788
742,0,0.49730297923088074,0.0865730494260788
742,0,0.49730297923088074,0.0865730494260788
742,0,0.49730297923088074,0.0865730494260788
742,0,0.49730297923088074,0.0865730494260788
742,0,0.49730297923088074,0.0865730494260788
742,0,0.49730297923088074,0.0865730494260788
742,0,0.49730297923088074,0.0865730494260788
742,0,0.49730297923088074,0.0865730494260788
742,0,0.49730297923088074,0.0865730494260788
742,0,0.49730297923088074,0.0865730494260788
742,0,0.49730297923088074,0.0865730494260788
742,0,0.49730297923088074,0.0865730494260788
742,0,0.49730297923088074,0.0865730494260788
742,0,0.49730297923088074,0.0865730494260788
742,0,0.49730297923088074,0.0865730494260788
742,0,0.49730297923088074,0.0865730494260788
742,0,0.49730297923088074,0.0865730494260788
742,0,0.49730297923088074,0.0865730494260788
742,0,0.49730297923088074,0.0865730494260788
742,0,0.49730297923088074,0.0865730494260788
742,0,0.49730297923088074,0.0865730494260788
742,0,0.49730297923088074,0.0865730494260788
742,0,0.49730297923088074,0.0865730494260788
742,0,0.49730297923088074,0.0865730494260788
742,0,0.49730297923088074,0.0865730494260788
742,0,0.49730297923088074,0.0865730494260788
742,0,0.49730297923088074,0.0865730494260788
742,0,0.49730297923088074,0.0865730494260788
742,0,0.49730297923088074,0.0865730494260788
742,0,0.49730297923088074,0.0865730494260788
742,0,0.49730297923088074,0.0865730494260788
742,0,0.49730297923088074,0.0865730494260788
742,0,0.49730297923088074,0.0865730494260788
742,0,0.49730297923088074,0.0865730494260788
742,0,0.49730297923088074,0.0865730494260788
742,0,0.49730297923088074,0.0865730494260788
742,0,0.49730297923088074,0.0865730494260788
742,0,0.49730297923088074,0.0865730494260788
742,0,0.49730297923088074,0.0865730494260788
742,0,0.49730297923088074,0.0865730494260788
742,0,0.49730297923088074,0.0865730494260788
742,0,0.49730297923088074,0.0865730494260788
742,0,0.49730297923088074,0.0865730494260788
742,0,0.49730297923088074,0.0865730494260788
742,0,0.49730297923088074,0.0865730494260788
742,0,0.49730297923088074,0.0865730494260788
742,0,0.49730297923088074,0.0865730494260788
742,0,0.49730297923088074,0.0865730494260788
742,0,0.49730297923088074,0.0865730494260788
742,0,0.49730297923088074,0.0865730494260788
742,0,0.49730297923088074,0.0865730494260788
742,0,0.49730297923088074,0.0865730494260788
742,0,0.49730297923088074,0.0865730494260788
742,0,0.49730297923088074,0.0865730494260788
742,0,0.49730297923088074,0.0865730494260788
742,0,0.49730297923088074,0.0865730494260788
742,0,0.49730297923088074,0.0865730494260788
742,0,0.49730297923088074,0.0865730494260788
742,0,0.49730297923088074,0.0865730494260788
742,0,0.49730297923088074,0.0865730494260788
742,0,0.49730297923088074,0.0865730494260788
742,0,0.49730297923088074,0.0865730494260788
742,0,0.49730297923088074,0.0865730494260788
742,0,0.49730297923088074,0.0865730494260788
742,0,0.49730297923088074,0.0865730494260788
742,0,0.49730297923088074,0.0865730494260788
742,0,0.49730297923088074,0.0865730494260788
742,0,0.49730297923088074,0.0865730494260788
742,0,0.49730297923088074,0.0865730494260788
742,0,0.49730297923088074,0.0865730494260788
742,0,0.49730297923088074,0.0865730494260788
742,0,0.49730297923088074,0.0865730494260788
742,0,0.49730297923088074,0.0865730494260788
742,0,0.49730297923088074,0.0865730494260788
742,0,0.49730297923088074,0.0865730494260788
742,0,0.49730297923088074,0.0865730494260788
742,0,0.49730297923088074,0.0865730494260788
742,0,0.49730297923088074,0.0865730494260788
742,0,0.49730297923088074,0.0865730494260788
742,0,0.49730297923088074,0.0865730494260788
742,0,0.49730297923088074,0.0865730494260788
742,0,0.49730297923088074,0.0865730494260788
742,0,0.49730297923088074,0.0865730494260788
742,0,0.49730297923088074,0.0865730494260788
742,0,0.49730297923088074,0.0865730494260788
742,0,0.49730297923088074,0.0865730494260788
742,0,0.49730297923088074,0.0865730494260788
742,0,0.49730297923088074,0.0865730494260788
742,0,0.49730297923088074,0.0865730494260788
742,0,0.49730297923088074,0.0865730494260788
742,0,0.49730297923088074,0.0865730494260788
742,0,0.49730297923088074,0.0865730494260788
742,0,0.49730297923088074,0.0865730494260788
742,0,0.49730297923088074,0.0865730494260788
742,0,0.49730297923088074,0.0865730494260788
742,0,0.49730297923088074,0.0865730494260788
742,0,0.49730297923088074,0.0865730494260788
742,0,0.49730297923088074,0.0865730494260788
742,0,0.49730297923088074,0.0865730494260788
742,0,0.49730297923088074,0.0865730494260788
742,0,0.49730297923088074,0.0865730494260788
742,0,0.49730297923088074,0.0865730494260788
742,0,0.49730297923088074,0.0865730494260788
308,0,0.4958936274051666,0.0865730494260788
308,2,0.5067214965820312,0.4455474615097046
308,1,0.5004820823669434,0.10744237899780273
308,3,0.4930206835269928,0.7426278591156006
308,4,0.48879989981651306,0.6352908611297607
308,5,0.49660706520080566,0.3134657144546509
308,6,0.5224815011024475,0.9404323101043701
308,31,0.50678950548172,0.6158222556114197
308,279,0.4867224097251892,0.23227645456790924
308,279,0.4867224097251892,0.23227645456790924
308,280,0.5037878155708313,0.8001254200935364
308,280,0.5037878155708313,0.8001254200935364
308,279,0.4867224097251892,0.23227645456790924
308,279,0.4867224097251892,0.23227645456790924
308,280,0.5037878155708313,0.8001254200935364
308,281,0.5117833614349365,0.31475210189819336
308,282,0.49644359946250916,0.6659007668495178
308,282,0.49644359946250916,0.6659007668495178
308,282,0.49644359946250916,0.6659007668495178
308,281,0.5117833614349365,0.31475210189819336
308,281,0.5117833614349365,0.31475210189819336
308,281,0.5117833614349365,0.31475210189819336
308,282,0.49644359946250916,0.6659007668495178
308,281,0.5117833614349365,0.31475210189819336
308,281,0.5117833614349365,0.31475210189819336
308,281,0.5117833614349365,0.31475210189819336
308,283,0.5148186683654785,7.700716196268331e-06
308,284,0.5121657252311707,0.0004856378654949367
308,284,0.5121657252311707,0.0004856378654949367
308,285,0.5068557262420654,5.4709769756300375e-05
308,283,0.5148186683654785,7.700716196268331e-06
308,284,0.5121657252311707,0.0004856378654949367
308,285,0.5068557262420654,5.4709769756300375e-05
308,283,0.5148186683654785,7.700716196268331e-06
308,286,0.4741109311580658,0.23369695246219635
308,287,0.4909864068031311,0.6664395332336426
308,283,0.5148186683654785,7.700716196268331e-06
308,284,0.5121657252311707,0.0004856378654949367
308,285,0.5068557262420654,5.4709769756300375e-05
308,283,0.5148186683654785,7.700716196268331e-06
308,286,0.4741109311580658,0.23369695246219635
308,287,0.4909864068031311,0.6664395332336426
308,283,0.5148186683654785,7.700716196268331e-06
308,286,0.4741109311580658,0.23369695246219635
308,287,0.4909864068031311,0.6664395332336426
308,283,0.5148186683654785,7.700716196268331e-06
308,284,0.5121657252311707,0.0004856378654949367
308,285,0.5068557262420654,5.4709769756300375e-05
308,283,0.5148186683654785,7.700716196268331e-06
308,284,0.5121657252311707,0.0004856378654949367
308,285,0.5068557262420654,5.4709769756300375e-05
308,283,0.5148186683654785,7.700716196268331e-06
308,284,0.5121657252311707,0.0004856378654949367
308,285,0.5068557262420654,5.4709769756300375e-05
308,283,0.5148186683654785,7.700716196268331e-06
308,286,0.4741109311580658,0.23369695246219635
308,287,0.4909864068031311,0.6664395332336426
308,283,0.5148186683654785,7.700716196268331e-06
308,284,0.5121657252311707,0.0004856378654949367
308,285,0.5068557262420654,5.4709769756300375e-05
308,283,0.5148186683654785,7.700716196268331e-06
308,286,0.4741109311580658,0.23369695246219635
308,287,0.4909864068031311,0.6664395332336426
308,283,0.5148186683654785,7.700716196268331e-06
308,284,0.5121657252311707,0.0004856378654949367
308,285,0.5068557262420654,5.4709769756300375e-05
308,283,0.5148186683654785,7.700716196268331e-06
308,286,0.4741109311580658,0.23369695246219635
308,287,0.4909864068031311,0.6664395332336426
308,283,0.5148186683654785,7.700716196268331e-06
308,286,0.4741109311580658,0.23369695246219635
308,287,0.4909864068031311,0.6664395332336426
308,283,0.5148186683654785,7.700716196268331e-06
308,284,0.5121657252311707,0.0004856378654949367
308,285,0.5068557262420654,5.4709769756300375e-05
308,283,0.5148186683654785,7.700716196268331e-06
308,284,0.5121657252311707,0.0004856378654949367
308,285,0.5068557262420654,5.4709769756300375e-05
308,288,0.5027569532394409,0.9822233319282532
308,283,0.5148186683654785,7.700716196268331e-06
308,286,0.4741109311580658,0.23369695246219635
308,287,0.4909864068031311,0.6664395332336426
308,292,0.4938056766986847,0.49956566095352173
308,283,0.5148186683654785,7.700716196268331e-06
308,293,0.48317334055900574,0.3188922107219696
308,294,0.5185470581054688,0.03059574030339718
308,289,0.5181503891944885,0.4893820583820343
308,283,0.5148186683654785,7.700716196268331e-06
308,290,0.5074331164360046,0.9897588491439819
308,291,0.47681277990341187,0.9933802485466003
308,292,0.4938056766986847,0.49956566095352173
308,283,0.5148186683654785,7.700716196268331e-06
308,293,0.48317334055900574,0.3188922107219696
308,294,0.5185470581054688,0.03059574030339718
308,289,0.5181503891944885,0.4893820583820343
308,283,0.5148186683654785,7.700716196268331e-06
308,290,0.5074331164360046,0.9897588491439819
308,291,0.47681277990341187,0.9933802485466003
308,292,0.4938056766986847,0.49956566095352173
308,283,0.5148186683654785,7.700716196268331e-06
308,293,0.48317334055900574,0.3188922107219696
308,294,0.5185470581054688,0.03059574030339718
308,289,0.5181503891944885,0.4893820583820343
308,283,0.5148186683654785,7.700716196268331e-06
308,290,0.5074331164360046,0.9897588491439819
308,291,0.47681277990341187,0.9933802485466003
308,289,0.5181503891944885,0.4893820583820343
308,283,0.5148186683654785,7.700716196268331e-06
308,290,0.5074331164360046,0.9897588491439819
308,291,0.47681277990341187,0.9933802485466003
308,295,0.49910789728164673,0.9518818259239197
308,283,0.5148186683654785,7.700716196268331e-06
308,284,0.5121657252311707,0.0004856378654949367
308,285,0.5068557262420654,5.4709769756300375e-05
308,295,0.49910789728164673,0.9518818259239197
308,283,0.5148186683654785,7.700716196268331e-06
308,284,0.5121657252311707,0.0004856378654949367
308,285,0.5068557262420654,5.4709769756300375e-05
308,292,0.4938056766986847,0.49956566095352173
308,283,0.5148186683654785,7.700716196268331e-06
308,293,0.48317334055900574,0.3188922107219696
308,294,0.5185470581054688,0.03059574030339718
308,289,0.5181503891944885,0.4893820583820343
308,283,0.5148186683654785,7.700716196268331e-06
308,290,0.5074331164360046,0.9897588491439819
308,291,0.47681277990341187,0.9933802485466003
308,289,0.5181503891944885,0.4893820583820343
308,283,0.5148186683654785,7.700716196268331e-06
308,290,0.5074331164360046,0.9897588491439819
308,291,0.47681277990341187,0.9933802485466003
308,289,0.5181503891944885,0.4893820583820343
308,283,0.5148186683654785,7.700716196268331e-06
308,290,0.5074331164360046,0.9897588491439819
308,291,0.47681277990341187,0.9933802485466003
308,289,0.5181503891944885,0.4893820583820343
308,283,0.5148186683654785,7.700716196268331e-06
308,290,0.5074331164360046,0.9897588491439819
308,291,0.47681277990341187,0.9933802485466003
308,289,0.5181503891944885,0.4893820583820343
308,283,0.5148186683654785,7.700716196268331e-06
308,290,0.5074331164360046,0.9897588491439819
308,291,0.47681277990341187,0.9933802485466003
308,295,0.49910789728164673,0.9518818259239197
308,283,0.5148186683654785,7.700716196268331e-06
308,284,0.5121657252311707,0.0004856378654949367
308,285,0.5068557262420654,5.4709769756300375e-05
308,292,0.4938056766986847,0.49956566095352173
308,283,0.5148186683654785,7.700716196268331e-06
308,293,0.48317334055900574,0.3188922107219696
308,294,0.5185470581054688,0.03059574030339718
308,292,0.4938056766986847,0.49956566095352173
308,283,0.5148186683654785,7.700716196268331e-06
308,293,0.48317334055900574,0.3188922107219696
308,294,0.5185470581054688,0.03059574030339718
308,292,0.4938056766986847,0.49956566095352173
308,283,0.5148186683654785,7.700716196268331e-06
308,293,0.48317334055900574,0.3188922107219696
308,294,0.5185470581054688,0.03059574030339718
308,292,0.4938056766986847,0.49956566095352173
308,283,0.5148186683654785,7.700716196268331e-06
308,293,0.48317334055900574,0.3188922107219696
308,294,0.5185470581054688,0.03059574030339718
308,292,0.4938056766986847,0.49956566095352173
308,283,0.5148186683654785,7.700716196268331e-06
308,293,0.48317334055900574,0.3188922107219696
308,294,0.5185470581054688,0.03059574030339718
308,292,0.4938056766986847,0.49956566095352173
308,283,0.5148186683654785,7.700716196268331e-06
308,293,0.48317334055900574,0.3188922107219696
308,294,0.5185470581054688,0.03059574030339718
308,292,0.4938056766986847,0.49956566095352173
308,283,0.5148186683654785,7.700716196268331e-06
308,293,0.48317334055900574,0.3188922107219696
308,294,0.5185470581054688,0.03059574030339718
308,289,0.5181503891944885,0.4893820583820343
308,283,0.5148186683654785,7.700716196268331e-06
308,290,0.5074331164360046,0.9897588491439819
308,291,0.47681277990341187,0.9933802485466003
308,289,0.5181503891944885,0.4893820583820343
308,283,0.5148186683654785,7.700716196268331e-06
308,290,0.5074331164360046,0.9897588491439819
308,291,0.47681277990341187,0.9933802485466003
308,292,0.4938056766986847,0.49956566095352173
308,283,0.5148186683654785,7.700716196268331e-06
308,293,0.48317334055900574,0.3188922107219696
308,294,0.5185470581054688,0.03059574030339718
308,292,0.4938056766986847,0.49956566095352173
308,283,0.5148186683654785,7.700716196268331e-06
308,0,0.4958936274051666,0.0865730494260788
308,0,0.4958936274051666,0.0865730494260788
308,0,0.4958936274051666,0.0865730494260788
308,0,0.4958936274051666,0.0865730494260788
308,0,0.4958936274051666,0.0865730494260788
308,0,0.4958936274051666,0.0865730494260788
308,0,0.4958936274051666,0.0865730494260788
308,0,0.4958936274051666,0.0865730494260788
308,0,0.4958936274051666,0.0865730494260788
308,0,0.4958936274051666,0.0865730494260788
308,0,0.4958936274051666,0.0865730494260788
308,0,0.4958936274051666,0.0865730494260788
146,0,0.49727609753608704,0.0865730494260788
146,2,0.5081049203872681,0.4455474615097046
146,1,0.5018618702888489,0.10744237899780273
146,3,0.49440592527389526,0.7426278591156006
146,4,0.49018508195877075,0.6352908611297607
146,5,0.49799126386642456,0.3134657144546509
146,6,0.5238630175590515,0.9404323101043701
146,6,0.5238630175590515,0.9404323101043701
146,0,0.49727609753608704,0.0865730494260788
146,2,0.5081049203872681,0.4455474615097046
146,1,0.5018618702888489,0.10744237899780273
146,3,0.49440592527389526,0.7426278591156006
146,5,0.49799126386642456,0.3134657144546509
146,4,0.49018508195877075,0.6352908611297607
146,6,0.5238630175590515,0.9404323101043701
146,6,0.5238630175590515,0.9404323101043701
146,0,0.49727609753608704,0.0865730494260788
146,2,0.5081049203872681,0.4455474615097046
146,1,0.5018618702888489,0.10744237899780273
146,3,0.49440592527389526,0.7426278591156006
146,4,0.49018508195877075,0.6352908611297607
146,5,0.49799126386642456,0.3134657144546509
146,6,0.5238630175590515,0.9404323101043701
146,6,0.5238630175590515,0.9404323101043701
146,0,0.49727609753608704,0.0865730494260788
146,1,0.5018618702888489,0.10744237899780273
146,2,0.5081049203872681,0.4455474615097046
146,4,0.49018508195877075,0.6352908611297607
146,3,0.49440592527389526,0.7426278591156006
146,5,0.49799126386642456,0.3134657144546509
146,6,0.5238630175590515,0.9404323101043701
146,6,0.5238630175590515,0.9404323101043701
146,0,0.49727609753608704,0.0865730494260788
146,2,0.5081049203872681,0.4455474615097046
146,1,0.5018618702888489,0.10744237899780273
146,4,0.49018508195877075,0.6352908611297607
146,3,0.49440592527389526,0.7426278591156006
146,5,0.49799126386642456,0.3134657144546509
146,6,0.5238630175590515,0.9404323101043701
146,6,0.5238630175590515,0.9404323101043701
146,7,0.5183557271957397,0.37016135454177856
146,8,0.5095452070236206,0.3491012752056122
146,9,0.4962236285209656,0.7043098211288452
146,12,0.5165306329727173,0.999262273311615
146,10,0.5012124180793762,0.6246944665908813
146,11,0.49997758865356445,0.6153284907341003
146,13,0.5067211985588074,0.16971169412136078
146,6,0.5238630175590515,0.9404323101043701
146,14,0.4715628921985626,0.6417677998542786
146,7,0.5183557271957397,0.37016135454177856
146,8,0.5095452070236206,0.3491012752056122
146,9,0.4962236285209656,0.7043098211288452
146,12,0.5165306329727173,0.999262273311615
146,10,0.5012124180793762,0.6246944665908813
146,11,0.49997758865356445,0.6153284907341003
146,13,0.5067211985588074,0.16971169412136078
146,6,0.5238630175590515,0.9404323101043701
146,14,0.4715628921985626,0.6417677998542786
146,7,0.5183557271957397,0.37016135454177856
146,8,0.5095452070236206,0.3491012752056122
146,9,0.4962236285209656,0.7043098211288452
146,12,0.5165306329727173,0.999262273311615
146,10,0.5012124180793762,0.6246944665908813
146,11,0.49997758865356445,0.6153284907341003
146,13,0.5067211985588074,0.16971169412136078
146,6,0.5238630175590515,0.9404323101043701
146,14,0.4715628921985626,0.6417677998542786
146,7,0.5183557271957397,0.37016135454177856
146,8,0.5095452070236206,0.3491012752056122
146,9,0.4962236285209656,0.7043098211288452
146,12,0.5165306329727173,0.999262273311615
146,10,0.5012124180793762,0.6246944665908813
146,11,0.49997758865356445,0.6153284907341003
146,13,0.5067211985588074,0.16971169412136078
146,6,0.5238630175590515,0.9404323101043701
146,14,0.4715628921985626,0.6417677998542786
146,7,0.5183557271957397,0.37016135454177856
146,8,0.5095452070236206,0.3491012752056122
146,9,0.4962236285209656,0.7043098211288452
146,12,0.5165306329727173,0.999262273311615
146,10,0.5012124180793762,0.6246944665908813
146,11,0.49997758865356445,0.6153284907341003
146,13,0.5067211985588074,0.16971169412136078
146,6,0.5238630175590515,0.9404323101043701
146,14,0.4715628921985626,0.6417677998542786
146,7,0.5183557271957397,0.37016135454177856
146,8,0.5095452070236206,0.3491012752056122
146,9,0.4962236285209656,0.7043098211288452
146,12,0.5165306329727173,0.999262273311615
146,10,0.5012124180793762,0.6246944665908813
146,11,0.49997758865356445,0.6153284907341003
146,13,0.5067211985588074,0.16971169412136078
146,6,0.5238630175590515,0.9404323101043701
146,14,0.4715628921985626,0.6417677998542786
146,7,0.5183557271957397,0.37016135454177856
146,8,0.5095452070236206,0.3491012752056122
146,9,0.4962236285209656,0.7043098211288452
146,12,0.5165306329727173,0.999262273311615
146,10,0.5012124180793762,0.6246944665908813
146,0,0.49727609753608704,0.0865730494260788
146,0,0.49727609753608704,0.0865730494260788
146,0,0.49727609753608704,0.0865730494260788
146,0,0.49727609753608704,0.0865730494260788
146,0,0.49727609753608704,0.0865730494260788
146,0,0.49727609753608704,0.0865730494260788
146,0,0.49727609753608704,0.0865730494260788
146,0,0.49727609753608704,0.0865730494260788
146,0,0.49727609753608704,0.0865730494260788
146,0,0.49727609753608704,0.0865730494260788
146,0,0.49727609753608704,0.0865730494260788
146,0,0.49727609753608704,0.0865730494260788
146,0,0.49727609753608704,0.0865730494260788
146,0,0.49727609753608704,0.0865730494260788
146,0,0.49727609753608704,0.0865730494260788
146,0,0.49727609753608704,0.0865730494260788
146,0,0.49727609753608704,0.0865730494260788
146,0,0.49727609753608704,0.0865730494260788
146,0,0.49727609753608704,0.0865730494260788
146,0,0.49727609753608704,0.0865730494260788
146,0,0.49727609753608704,0.0865730494260788
146,0,0.49727609753608704,0.0865730494260788
146,0,0.49727609753608704,0.0865730494260788
146,0,0.49727609753608704,0.0865730494260788
146,0,0.49727609753608704,0.0865730494260788
146,0,0.49727609753608704,0.0865730494260788
146,0,0.49727609753608704,0.0865730494260788
146,0,0.49727609753608704,0.0865730494260788
146,0,0.49727609753608704,0.0865730494260788
146,0,0.49727609753608704,0.0865730494260788
146,0,0.49727609753608704,0.0865730494260788
146,0,0.49727609753608704,0.0865730494260788
146,0,0.49727609753608704,0.0865730494260788
146,0,0.49727609753608704,0.0865730494260788
146,0,0.49727609753608704,0.0865730494260788
146,0,0.49727609753608704,0.0865730494260788
146,0,0.49727609753608704,0.0865730494260788
146,0,0.49727609753608704,0.0865730494260788
146,0,0.49727609753608704,0.0865730494260788
146,0,0.49727609753608704,0.0865730494260788
146,0,0.49727609753608704,0.0865730494260788
146,0,0.49727609753608704,0.0865730494260788
146,0,0.49727609753608704,0.0865730494260788
146,0,0.49727609753608704,0.0865730494260788
146,0,0.49727609753608704,0.0865730494260788
146,0,0.49727609753608704,0.0865730494260788
146,0,0.49727609753608704,0.0865730494260788
146,0,0.49727609753608704,0.0865730494260788
146,0,0.49727609753608704,0.0865730494260788
146,0,0.49727609753608704,0.0865730494260788
146,0,0.49727609753608704,0.0865730494260788
146,0,0.49727609753608704,0.0865730494260788
146,0,0.49727609753608704,0.0865730494260788
146,0,0.49727609753608704,0.0865730494260788
146,0,0.49727609753608704,0.0865730494260788
146,0,0.49727609753608704,0.0865730494260788
146,0,0.49727609753608704,0.0865730494260788
146,0,0.49727609753608704,0.0865730494260788
146,0,0.49727609753608704,0.0865730494260788
146,0,0.49727609753608704,0.0865730494260788
146,0,0.49727609753608704,0.0865730494260788
146,0,0.49727609753608704,0.0865730494260788
146,0,0.49727609753608704,0.0865730494260788
146,0,0.49727609753608704,0.0865730494260788
146,0,0.49727609753608704,0.0865730494260788
146,0,0.49727609753608704,0.0865730494260788
146,0,0.49727609753608704,0.0865730494260788
146,0,0.49727609753608704,0.0865730494260788
146,0,0.49727609753608704,0.0865730494260788
146,0,0.49727609753608704,0.0865730494260788
146,0,0.49727609753608704,0.0865730494260788
146,0,0.49727609753608704,0.0865730494260788
146,0,0.49727609753608704,0.0865730494260788
146,0,0.49727609753608704,0.0865730494260788
146,0,0.49727609753608704,0.0865730494260788
146,0,0.49727609753608704,0.0865730494260788
146,0,0.49727609753608704,0.0865730494260788
146,0,0.49727609753608704,0.0865730494260788
146,0,0.49727609753608704,0.0865730494260788
146,0,0.49727609753608704,0.0865730494260788
146,0,0.49727609753608704,0.0865730494260788
146,0,0.49727609753608704,0.0865730494260788
146,0,0.49727609753608704,0.0865730494260788
146,0,0.49727609753608704,0.0865730494260788
146,0,0.49727609753608704,0.0865730494260788
146,0,0.49727609753608704,0.0865730494260788
146,0,0.49727609753608704,0.0865730494260788
146,0,0.49727609753608704,0.0865730494260788
146,0,0.49727609753608704,0.0865730494260788
146,0,0.49727609753608704,0.0865730494260788
146,0,0.49727609753608704,0.0865730494260788
146,0,0.49727609753608704,0.0865730494260788
146,0,0.49727609753608704,0.0865730494260788
146,0,0.49727609753608704,0.0865730494260788
146,0,0.49727609753608704,0.0865730494260788
146,0,0.49727609753608704,0.0865730494260788
146,0,0.49727609753608704,0.0865730494260788
146,0,0.49727609753608704,0.0865730494260788
146,0,0.49727609753608704,0.0865730494260788
146,0,0.49727609753608704,0.0865730494260788
146,0,0.49727609753608704,0.0865730494260788
233,1,0.5010455250740051,0.10744237899780273
233,3,0.49358630180358887,0.7426278591156006
233,4,0.48936551809310913,0.6352908611297607
233,5,0.4971722960472107,0.3134657144546509
233,6,0.5230456590652466,0.9404323101043701
233,6,0.5230456590652466,0.9404323101043701
233,0,0.49645817279815674,0.0865730494260788
233,1,0.5010455250740051,0.10744237899780273
233,2,0.5072863698005676,0.4455474615097046
233,4,0.48936551809310913,0.6352908611297607
233,3,0.49358630180358887,0.7426278591156006
233,5,0.4971722960472107,0.3134657144546509
233,6,0.5230456590652466,0.9404323101043701
233,6,0.5230456590652466,0.9404323101043701
233,0,0.49645817279815674,0.0865730494260788
233,2,0.5072863698005676,0.4455474615097046
233,1,0.5010455250740051,0.10744237899780273
233,3,0.49358630180358887,0.7426278591156006
233,4,0.48936551809310913,0.6352908611297607
233,5,0.4971722960472107,0.3134657144546509
233,4,0.48936551809310913,0.6352908611297607
233,5,0.4971722960472107,0.3134657144546509
233,6,0.5230456590652466,0.9404323101043701
233,6,0.5230456590652466,0.9404323101043701
233,6,0.5230456590652466,0.9404323101043701
233,6,0.5230456590652466,0.9404323101043701
233,0,0.49645817279815674,0.0865730494260788
233,1,0.5010455250740051,0.10744237899780273
233,2,0.5072863698005676,0.4455474615097046
233,4,0.48936551809310913,0.6352908611297607
233,3,0.49358630180358887,0.7426278591156006
233,5,0.4971722960472107,0.3134657144546509
233,6,0.5230456590652466,0.9404323101043701
233,6,0.5230456590652466,0.9404323101043701
233,0,0.49645817279815674,0.0865730494260788
233,2,0.5072863698005676,0.4455474615097046
233,1,0.5010455250740051,0.10744237899780273
233,1,0.5010455250740051,0.10744237899780273
233,3,0.49358630180358887,0.7426278591156006
233,4,0.48936551809310913,0.6352908611297607
233,5,0.4971722960472107,0.3134657144546509
233,6,0.5230456590652466,0.9404323101043701
233,6,0.5230456590652466,0.9404323101043701
233,0,0.49645817279815674,0.0865730494260788
233,1,0.5010455250740051,0.10744237899780273
233,2,0.5072863698005676,0.4455474615097046
233,4,0.48936551809310913,0.6352908611297607
233,3,0.49358630180358887,0.7426278591156006
233,5,0.4971722960472107,0.3134657144546509
233,6,0.5230456590652466,0.9404323101043701
233,6,0.5230456590652466,0.9404323101043701
233,0,0.49645817279815674,0.0865730494260788
233,1,0.5010455250740051,0.10744237899780273
233,2,0.5072863698005676,0.4455474615097046
233,3,0.49358630180358887,0.7426278591156006
233,4,0.48936551809310913,0.6352908611297607
233,5,0.4971722960472107,0.3134657144546509
233,6,0.5230456590652466,0.9404323101043701
233,6,0.5230456590652466,0.9404323101043701
233,0,0.49645817279815674,0.0865730494260788
233,2,0.5072863698005676,0.4455474615097046
233,1,0.5010455250740051,0.10744237899780273
233,3,0.49358630180358887,0.7426278591156006
233,4,0.48936551809310913,0.6352908611297607
233,5,0.4971722960472107,0.3134657144546509
233,6,0.5230456590652466,0.9404323101043701
233,6,0.5230456590652466,0.9404323101043701
233,0,0.49645817279815674,0.0865730494260788
233,1,0.5010455250740051,0.10744237899780273
233,0,0.49645817279815674,0.0865730494260788
233,0,0.49645817279815674,0.0865730494260788
233,0,0.49645817279815674,0.0865730494260788
233,0,0.49645817279815674,0.0865730494260788
233,0,0.49645817279815674,0.0865730494260788
233,0,0.49645817279815674,0.0865730494260788
233,0,0.49645817279815674,0.0865730494260788
233,0,0.49645817279815674,0.0865730494260788
233,0,0.49645817279815674,0.0865730494260788
233,0,0.49645817279815674,0.0865730494260788
233,0,0.49645817279815674,0.0865730494260788
233,0,0.49645817279815674,0.0865730494260788
233,0,0.49645817279815674,0.0865730494260788
233,0,0.49645817279815674,0.0865730494260788
233,0,0.49645817279815674,0.0865730494260788
233,0,0.49645817279815674,0.0865730494260788
233,0,0.49645817279815674,0.0865730494260788
233,0,0.49645817279815674,0.0865730494260788
233,0,0.49645817279815674,0.0865730494260788
233,0,0.49645817279815674,0.0865730494260788
233,0,0.49645817279815674,0.0865730494260788
233,0,0.49645817279815674,0.0865730494260788
233,0,0.49645817279815674,0.0865730494260788
233,0,0.49645817279815674,0.0865730494260788
233,0,0.49645817279815674,0.0865730494260788
233,0,0.49645817279815674,0.0865730494260788
233,0,0.49645817279815674,0.0865730494260788
233,0,0.49645817279815674,0.0865730494260788
233,0,0.49645817279815674,0.0865730494260788
233,0,0.49645817279815674,0.0865730494260788
233,0,0.49645817279815674,0.0865730494260788
233,0,0.49645817279815674,0.0865730494260788
233,0,0.49645817279815674,0.0865730494260788
233,0,0.49645817279815674,0.0865730494260788
233,0,0.49645817279815674,0.0865730494260788
233,0,0.49645817279815674,0.0865730494260788
233,0,0.49645817279815674,0.0865730494260788
233,0,0.49645817279815674,0.0865730494260788
233,0,0.49645817279815674,0.0865730494260788
233,0,0.49645817279815674,0.0865730494260788
233,0,0.49645817279815674,0.0865730494260788
233,0,0.49645817279815674,0.0865730494260788
233,0,0.49645817279815674,0.0865730494260788
233,0,0.49645817279815674,0.0865730494260788
233,0,0.49645817279815674,0.0865730494260788
233,0,0.49645817279815674,0.0865730494260788
233,0,0.49645817279815674,0.0865730494260788
233,0,0.49645817279815674,0.0865730494260788
233,0,0.49645817279815674,0.0865730494260788
233,0,0.49645817279815674,0.0865730494260788
233,0,0.49645817279815674,0.0865730494260788
233,0,0.49645817279815674,0.0865730494260788
233,0,0.49645817279815674,0.0865730494260788
233,0,0.49645817279815674,0.0865730494260788
233,0,0.49645817279815674,0.0865730494260788
233,0,0.49645817279815674,0.0865730494260788
233,0,0.49645817279815674,0.0865730494260788
233,0,0.49645817279815674,0.0865730494260788
233,0,0.49645817279815674,0.0865730494260788
233,0,0.49645817279815674,0.0865730494260788
233,0,0.49645817279815674,0.0865730494260788
233,0,0.49645817279815674,0.0865730494260788
233,0,0.49645817279815674,0.0865730494260788
233,0,0.49645817279815674,0.0865730494260788
233,0,0.49645817279815674,0.0865730494260788
233,0,0.49645817279815674,0.0865730494260788
233,0,0.49645817279815674,0.0865730494260788
233,0,0.49645817279815674,0.0865730494260788
233,0,0.49645817279815674,0.0865730494260788
233,0,0.49645817279815674,0.0865730494260788
233,0,0.49645817279815674,0.0865730494260788
233,0,0.49645817279815674,0.0865730494260788
233,0,0.49645817279815674,0.0865730494260788
233,0,0.49645817279815674,0.0865730494260788
233,0,0.49645817279815674,0.0865730494260788
233,0,0.49645817279815674,0.0865730494260788
233,0,0.49645817279815674,0.0865730494260788
233,0,0.49645817279815674,0.0865730494260788
233,0,0.49645817279815674,0.0865730494260788
233,0,0.49645817279815674,0.0865730494260788
233,0,0.49645817279815674,0.0865730494260788
233,0,0.49645817279815674,0.0865730494260788
233,0,0.49645817279815674,0.0865730494260788
233,0,0.49645817279815674,0.0865730494260788
233,0,0.49645817279815674,0.0865730494260788
233,0,0.49645817279815674,0.0865730494260788
233,0,0.49645817279815674,0.0865730494260788
233,0,0.49645817279815674,0.0865730494260788
233,0,0.49645817279815674,0.0865730494260788
233,0,0.49645817279815674,0.0865730494260788
233,0,0.49645817279815674,0.0865730494260788
233,0,0.49645817279815674,0.0865730494260788
233,0,0.49645817279815674,0.0865730494260788
233,0,0.49645817279815674,0.0865730494260788
233,0,0.49645817279815674,0.0865730494260788
233,0,0.49645817279815674,0.0865730494260788
233,0,0.49645817279815674,0.0865730494260788
233,0,0.49645817279815674,0.0865730494260788
233,0,0.49645817279815674,0.0865730494260788
233,0,0.49645817279815674,0.0865730494260788
233,0,0.49645817279815674,0.0865730494260788
233,0,0.49645817279815674,0.0865730494260788
233,0,0.49645817279815674,0.0865730494260788
233,0,0.49645817279815674,0.0865730494260788
233,0,0.49645817279815674,0.0865730494260788
233,0,0.49645817279815674,0.0865730494260788
233,0,0.49645817279815674,0.0865730494260788
233,0,0.49645817279815674,0.0865730494260788
233,0,0.49645817279815674,0.0865730494260788
233,0,0.49645817279815674,0.0865730494260788
233,0,0.49645817279815674,0.0865730494260788
233,0,0.49645817279815674,0.0865730494260788
233,0,0.49645817279815674,0.0865730494260788
233,0,0.49645817279815674,0.0865730494260788
233,0,0.49645817279815674,0.0865730494260788
233,0,0.49645817279815674,0.0865730494260788
233,0,0.49645817279815674,0.0865730494260788
233,0,0.49645817279815674,0.0865730494260788
233,0,0.49645817279815674,0.0865730494260788
233,0,0.49645817279815674,0.0865730494260788
233,0,0.49645817279815674,0.0865730494260788
233,0,0.49645817279815674,0.0865730494260788
233,0,0.49645817279815674,0.0865730494260788
233,0,0.49645817279815674,0.0865730494260788
233,0,0.49645817279815674,0.0865730494260788
233,0,0.49645817279815674,0.0865730494260788
233,0,0.49645817279815674,0.0865730494260788
233,0,0.49645817279815674,0.0865730494260788
233,0,0.49645817279815674,0.0865730494260788
233,0,0.49645817279815674,0.0865730494260788
233,0,0.49645817279815674,0.0865730494260788
409,279,0.48716288805007935,0.23227645456790924
409,280,0.5042285919189453,0.8001254200935364
409,279,0.48716288805007935,0.23227645456790924
409,280,0.5042285919189453,0.8001254200935364
409,279,0.48716288805007935,0.23227645456790924
409,0,0.4963339865207672,0.0865730494260788
409,0,0.4963339865207672,0.0865730494260788
409,0,0.4963339865207672,0.0865730494260788
409,0,0.4963339865207672,0.0865730494260788
409,0,0.4963339865207672,0.0865730494260788
409,0,0.4963339865207672,0.0865730494260788
409,0,0.4963339865207672,0.0865730494260788
409,0,0.4963339865207672,0.0865730494260788
409,0,0.4963339865207672,0.0865730494260788
409,0,0.4963339865207672,0.0865730494260788
409,0,0.4963339865207672,0.0865730494260788
409,0,0.4963339865207672,0.0865730494260788
409,0,0.4963339865207672,0.0865730494260788
409,0,0.4963339865207672,0.0865730494260788
409,0,0.4963339865207672,0.0865730494260788
409,0,0.4963339865207672,0.0865730494260788
409,0,0.4963339865207672,0.0865730494260788
409,0,0.4963339865207672,0.0865730494260788
409,0,0.4963339865207672,0.0865730494260788
409,0,0.4963339865207672,0.0865730494260788
409,0,0.4963339865207672,0.0865730494260788
409,0,0.4963339865207672,0.0865730494260788
409,0,0.4963339865207672,0.0865730494260788
409,0,0.4963339865207672,0.0865730494260788
409,0,0.4963339865207672,0.0865730494260788
409,0,0.4963339865207672,0.0865730494260788
409,0,0.4963339865207672,0.0865730494260788
409,0,0.4963339865207672,0.0865730494260788
409,0,0.4963339865207672,0.0865730494260788
409,0,0.4963339865207672,0.0865730494260788
409,0,0.4963339865207672,0.0865730494260788
409,0,0.4963339865207672,0.0865730494260788
409,0,0.4963339865207672,0.0865730494260788
409,0,0.4963339865207672,0.0865730494260788
409,0,0.4963339865207672,0.0865730494260788
409,0,0.4963339865207672,0.0865730494260788
409,0,0.4963339865207672,0.0865730494260788
409,0,0.4963339865207672,0.0865730494260788
409,0,0.4963339865207672,0.0865730494260788
409,0,0.4963339865207672,0.0865730494260788
409,0,0.4963339865207672,0.0865730494260788
409,0,0.4963339865207672,0.0865730494260788
409,0,0.4963339865207672,0.0865730494260788
409,0,0.4963339865207672,0.0865730494260788
409,0,0.4963339865207672,0.0865730494260788
409,0,0.4963339865207672,0.0865730494260788
409,0,0.4963339865207672,0.0865730494260788
409,0,0.4963339865207672,0.0865730494260788
409,0,0.4963339865207672,0.0865730494260788
409,0,0.4963339865207672,0.0865730494260788
409,0,0.4963339865207672,0.0865730494260788
409,0,0.4963339865207672,0.0865730494260788
409,0,0.4963339865207672,0.0865730494260788
409,0,0.4963339865207672,0.0865730494260788
409,0,0.4963339865207672,0.0865730494260788
409,0,0.4963339865207672,0.0865730494260788
409,0,0.4963339865207672,0.0865730494260788
409,0,0.4963339865207672,0.0865730494260788
409,0,0.4963339865207672,0.0865730494260788
409,0,0.4963339865207672,0.0865730494260788
409,0,0.4963339865207672,0.0865730494260788
409,0,0.4963339865207672,0.0865730494260788
409,0,0.4963339865207672,0.0865730494260788
409,0,0.4963339865207672,0.0865730494260788
409,0,0.4963339865207672,0.0865730494260788
409,0,0.4963339865207672,0.0865730494260788
409,0,0.4963339865207672,0.0865730494260788
409,0,0.4963339865207672,0.0865730494260788
409,0,0.4963339865207672,0.0865730494260788
409,0,0.4963339865207672,0.0865730494260788
409,0,0.4963339865207672,0.0865730494260788
409,0,0.4963339865207672,0.0865730494260788
409,0,0.4963339865207672,0.0865730494260788
409,0,0.4963339865207672,0.0865730494260788
409,0,0.4963339865207672,0.0865730494260788
409,0,0.4963339865207672,0.0865730494260788
409,0,0.4963339865207672,0.0865730494260788
409,0,0.4963339865207672,0.0865730494260788
409,0,0.4963339865207672,0.0865730494260788
409,0,0.4963339865207672,0.0865730494260788
409,0,0.4963339865207672,0.0865730494260788
409,0,0.4963339865207672,0.0865730494260788
409,0,0.4963339865207672,0.0865730494260788
409,0,0.4963339865207672,0.0865730494260788
409,0,0.4963339865207672,0.0865730494260788
409,0,0.4963339865207672,0.0865730494260788
409,0,0.4963339865207672,0.0865730494260788
409,0,0.4963339865207672,0.0865730494260788
409,0,0.4963339865207672,0.0865730494260788
409,0,0.4963339865207672,0.0865730494260788
409,0,0.4963339865207672,0.0865730494260788
409,0,0.4963339865207672,0.0865730494260788
409,0,0.4963339865207672,0.0865730494260788
409,0,0.4963339865207672,0.0865730494260788
409,0,0.4963339865207672,0.0865730494260788
409,0,0.4963339865207672,0.0865730494260788
409,0,0.4963339865207672,0.0865730494260788
409,0,0.4963339865207672,0.0865730494260788
409,0,0.4963339865207672,0.0865730494260788
409,0,0.4963339865207672,0.0865730494260788
409,0,0.4963339865207672,0.0865730494260788
409,0,0.4963339865207672,0.0865730494260788
409,0,0.4963339865207672,0.0865730494260788
409,0,0.4963339865207672,0.0865730494260788
409,0,0.4963339865207672,0.0865730494260788
409,0,0.4963339865207672,0.0865730494260788
409,0,0.4963339865207672,0.0865730494260788
409,0,0.4963339865207672,0.0865730494260788
409,0,0.4963339865207672,0.0865730494260788
409,0,0.4963339865207672,0.0865730494260788
409,0,0.4963339865207672,0.0865730494260788
409,0,0.4963339865207672,0.0865730494260788
409,0,0.4963339865207672,0.0865730494260788
409,0,0.4963339865207672,0.0865730494260788
409,0,0.4963339865207672,0.0865730494260788
409,0,0.4963339865207672,0.0865730494260788
409,0,0.4963339865207672,0.0865730494260788
409,0,0.4963339865207672,0.0865730494260788
409,0,0.4963339865207672,0.0865730494260788
409,0,0.4963339865207672,0.0865730494260788
409,0,0.4963339865207672,0.0865730494260788
409,0,0.4963339865207672,0.0865730494260788
409,0,0.4963339865207672,0.0865730494260788
409,0,0.4963339865207672,0.0865730494260788
409,0,0.4963339865207672,0.0865730494260788
409,0,0.4963339865207672,0.0865730494260788
409,0,0.4963339865207672,0.0865730494260788
409,0,0.4963339865207672,0.0865730494260788
409,0,0.4963339865207672,0.0865730494260788
409,0,0.4963339865207672,0.0865730494260788
409,0,0.4963339865207672,0.0865730494260788
409,0,0.4963339865207672,0.0865730494260788
409,0,0.4963339865207672,0.0865730494260788
409,0,0.4963339865207672,0.0865730494260788
409,0,0.4963339865207672,0.0865730494260788
409,0,0.4963339865207672,0.0865730494260788
409,0,0.4963339865207672,0.0865730494260788
409,0,0.4963339865207672,0.0865730494260788
409,0,0.4963339865207672,0.0865730494260788
409,0,0.4963339865207672,0.0865730494260788
409,0,0.4963339865207672,0.0865730494260788
409,0,0.4963339865207672,0.0865730494260788
409,0,0.4963339865207672,0.0865730494260788
409,0,0.4963339865207672,0.0865730494260788
409,0,0.4963339865207672,0.0865730494260788
409,0,0.4963339865207672,0.0865730494260788
409,0,0.4963339865207672,0.0865730494260788
409,0,0.4963339865207672,0.0865730494260788
409,0,0.4963339865207672,0.0865730494260788
409,0,0.4963339865207672,0.0865730494260788
409,0,0.4963339865207672,0.0865730494260788
409,0,0.4963339865207672,0.0865730494260788
409,0,0.4963339865207672,0.0865730494260788
409,0,0.4963339865207672,0.0865730494260788
409,0,0.4963339865207672,0.0865730494260788
409,0,0.4963339865207672,0.0865730494260788
409,0,0.4963339865207672,0.0865730494260788
409,0,0.4963339865207672,0.0865730494260788
409,0,0.4963339865207672,0.0865730494260788
409,0,0.4963339865207672,0.0865730494260788
409,0,0.4963339865207672,0.0865730494260788
409,0,0.4963339865207672,0.0865730494260788
409,0,0.4963339865207672,0.0865730494260788
409,0,0.4963339865207672,0.0865730494260788
409,0,0.4963339865207672,0.0865730494260788
409,0,0.4963339865207672,0.0865730494260788
409,0,0.4963339865207672,0.0865730494260788
409,0,0.4963339865207672,0.0865730494260788
409,0,0.4963339865207672,0.0865730494260788
409,0,0.4963339865207672,0.0865730494260788
409,0,0.4963339865207672,0.0865730494260788
409,0,0.4963339865207672,0.0865730494260788
409,0,0.4963339865207672,0.0865730494260788
409,0,0.4963339865207672,0.0865730494260788
409,0,0.4963339865207672,0.0865730494260788
409,0,0.4963339865207672,0.0865730494260788
409,0,0.4963339865207672,0.0865730494260788
409,0,0.4963339865207672,0.0865730494260788
409,0,0.4963339865207672,0.0865730494260788
409,0,0.4963339865207672,0.0865730494260788
409,0,0.4963339865207672,0.0865730494260788
409,0,0.4963339865207672,0.0865730494260788
409,0,0.4963339865207672,0.0865730494260788
409,0,0.4963339865207672,0.0865730494260788
409,0,0.4963339865207672,0.0865730494260788
409,0,0.4963339865207672,0.0865730494260788
409,0,0.4963339865207672,0.0865730494260788
409,0,0.4963339865207672,0.0865730494260788
409,0,0.4963339865207672,0.0865730494260788
409,0,0.4963339865207672,0.0865730494260788
409,0,0.4963339865207672,0.0865730494260788
409,0,0.4963339865207672,0.0865730494260788
409,0,0.4963339865207672,0.0865730494260788
409,0,0.4963339865207672,0.0865730494260788
409,0,0.4963339865207672,0.0865730494260788
758,0,0.4952005445957184,0.0865730494260788
758,2,0.5060278177261353,0.4455474615097046
758,1,0.4997902810573578,0.10744237899780273
758,3,0.4923262298107147,0.7426278591156006
758,4,0.4881054759025574,0.6352908611297607
758,5,0.4959130883216858,0.3134657144546509
758,6,0.5217887759208679,0.9404323101043701
758,6,0.5217887759208679,0.9404323101043701
758,0,0.4952005445957184,0.0865730494260788
758,2,0.5060278177261353,0.4455474615097046
758,1,0.4997902810573578,0.10744237899780273
758,4,0.4881054759025574,0.6352908611297607
758,3,0.4923262298107147,0.7426278591156006
758,5,0.4959130883216858,0.3134657144546509
758,6,0.5217887759208679,0.9404323101043701
758,6,0.5217887759208679,0.9404323101043701
758,0,0.4952005445957184,0.0865730494260788
758,2,0.5060278177261353,0.4455474615097046
758,1,0.4997902810573578,0.10744237899780273
758,3,0.4923262298107147,0.7426278591156006
758,4,0.4881054759025574,0.6352908611297607
758,5,0.4959130883216858,0.3134657144546509
758,6,0.5217887759208679,0.9404323101043701
758,6,0.5217887759208679,0.9404323101043701
758,0,0.4952005445957184,0.0865730494260788
758,2,0.5060278177261353,0.4455474615097046
758,1,0.4997902810573578,0.10744237899780273
758,3,0.4923262298107147,0.7426278591156006
758,4,0.4881054759025574,0.6352908611297607
758,5,0.4959130883216858,0.3134657144546509
758,6,0.5217887759208679,0.9404323101043701
758,6,0.5217887759208679,0.9404323101043701
758,0,0.4952005445957184,0.0865730494260788
758,2,0.5060278177261353,0.4455474615097046
758,1,0.4997902810573578,0.10744237899780273
758,3,0.4923262298107147,0.7426278591156006
758,4,0.4881054759025574,0.6352908611297607
758,5,0.4959130883216858,0.3134657144546509
758,6,0.5217887759208679,0.9404323101043701
758,6,0.5217887759208679,0.9404323101043701
758,0,0.4952005445957184,0.0865730494260788
758,2,0.5060278177261353,0.4455474615097046
758,1,0.4997902810573578,0.10744237899780273
758,3,0.4923262298107147,0.7426278591156006
758,4,0.4881054759025574,0.6352908611297607
758,5,0.4959130883216858,0.3134657144546509
758,6,0.5217887759208679,0.9404323101043701
758,6,0.5217887759208679,0.9404323101043701
758,0,0.4952005445957184,0.0865730494260788
758,1,0.4997902810573578,0.10744237899780273
758,2,0.5060278177261353,0.4455474615097046
758,4,0.4881054759025574,0.6352908611297607
758,3,0.4923262298107147,0.7426278591156006
758,5,0.4959130883216858,0.3134657144546509
758,6,0.5217887759208679,0.9404323101043701
758,6,0.5217887759208679,0.9404323101043701
758,0,0.4952005445957184,0.0865730494260788
758,1,0.4997902810573578,0.10744237899780273
758,2,0.5060278177261353,0.4455474615097046
758,4,0.4881054759025574,0.6352908611297607
758,3,0.4923262298107147,0.7426278591156006
758,5,0.4959130883216858,0.3134657144546509
758,6,0.5217887759208679,0.9404323101043701
758,6,0.5217887759208679,0.9404323101043701
758,0,0.4952005445957184,0.0865730494260788
758,1,0.4997902810573578,0.10744237899780273
758,2,0.5060278177261353,0.4455474615097046
758,4,0.4881054759025574,0.6352908611297607
758,3,0.4923262298107147,0.7426278591156006
758,5,0.4959130883216858,0.3134657144546509
758,6,0.5217887759208679,0.9404323101043701
758,6,0.5217887759208679,0.9404323101043701
758,0,0.4952005445957184,0.0865730494260788
758,1,0.4997902810573578,0.10744237899780273
758,2,0.5060278177261353,0.4455474615097046
758,3,0.4923262298107147,0.7426278591156006
758,4,0.4881054759025574,0.6352908611297607
758,5,0.4959130883216858,0.3134657144546509
758,6,0.5217887759208679,0.9404323101043701
758,6,0.5217887759208679,0.9404323101043701
758,0,0.4952005445957184,0.0865730494260788
758,1,0.4997902810573578,0.10744237899780273
758,2,0.5060278177261353,0.4455474615097046
758,3,0.4923262298107147,0.7426278591156006
758,4,0.4881054759025574,0.6352908611297607
758,5,0.4959130883216858,0.3134657144546509
758,6,0.5217887759208679,0.9404323101043701
758,6,0.5217887759208679,0.9404323101043701
758,0,0.4952005445957184,0.0865730494260788
758,1,0.4997902810573578,0.10744237899780273
758,2,0.5060278177261353,0.4455474615097046
758,3,0.4923262298107147,0.7426278591156006
758,4,0.4881054759025574,0.6352908611297607
758,5,0.4959130883216858,0.3134657144546509
758,6,0.5217887759208679,0.9404323101043701
758,6,0.5217887759208679,0.9404323101043701
758,7,0.5162830352783203,0.37016135454177856
758,9,0.49414411187171936,0.7043098211288452
758,8,0.5074692368507385,0.3491012752056122
758,12,0.514447033405304,0.999262273311615
758,10,0.4991355538368225,0.6246944665908813
758,10,0.4991355538368225,0.6246944665908813
758,11,0.4978955388069153,0.6153284907341003
758,13,0.5046491622924805,0.16971169412136078
758,6,0.5217887759208679,0.9404323101043701
758,14,0.4694875478744507,0.6417677998542786
758,7,0.5162830352783203,0.37016135454177856
758,8,0.5074692368507385,0.3491012752056122
758,9,0.49414411187171936,0.7043098211288452
758,12,0.514447033405304,0.999262273311615
758,10,0.4991355538368225,0.6246944665908813
758,11,0.4978955388069153,0.6153284907341003
758,13,0.5046491622924805,0.16971169412136078
758,6,0.5217887759208679,0.9404323101043701
758,14,0.4694875478744507,0.6417677998542786
758,7,0.5162830352783203,0.37016135454177856
758,9,0.49414411187171936,0.7043098211288452
758,8,0.5074692368507385,0.3491012752056122
758,10,0.4991355538368225,0.6246944665908813
758,12,0.514447033405304,0.999262273311615
758,11,0.4978955388069153,0.6153284907341003
758,13,0.5046491622924805,0.16971169412136078
758,6,0.5217887759208679,0.9404323101043701
758,14,0.4694875478744507,0.6417677998542786
758,7,0.5162830352783203,0.37016135454177856
758,9,0.49414411187171936,0.7043098211288452
758,8,0.5074692368507385,0.3491012752056122
758,10,0.4991355538368225,0.6246944665908813
758,12,0.514447033405304,0.999262273311615
758,11,0.4978955388069153,0.6153284907341003
758,13,0.5046491622924805,0.16971169412136078
758,6,0.5217887759208679,0.9404323101043701
758,14,0.4694875478744507,0.6417677998542786
758,7,0.5162830352783203,0.37016135454177856
758,9,0.49414411187171936,0.7043098211288452
758,8,0.5074692368507385,0.3491012752056122
758,10,0.4991355538368225,0.6246944665908813
758,12,0.514447033405304,0.999262273311615
758,11,0.4978955388069153,0.6153284907341003
758,13,0.5046491622924805,0.16971169412136078
758,6,0.5217887759208679,0.9404323101043701
758,14,0.4694875478744507,0.6417677998542786
758,7,0.5162830352783203,0.37016135454177856
758,8,0.5074692368507385,0.3491012752056122
758,9,0.49414411187171936,0.7043098211288452
758,12,0.514447033405304,0.999262273311615
758,13,0.5046491622924805,0.16971169412136078
758,10,0.4991355538368225,0.6246944665908813
758,11,0.4978955388069153,0.6153284907341003
758,6,0.5217887759208679,0.9404323101043701
758,14,0.4694875478744507,0.6417677998542786
758,14,0.4694875478744507,0.6417677998542786
758,7,0.5162830352783203,0.37016135454177856
758,9,0.49414411187171936,0.7043098211288452
758,8,0.5074692368507385,0.3491012752056122
758,10,0.4991355538368225,0.6246944665908813
758,12,0.514447033405304,0.999262273311615
758,11,0.4978955388069153,0.6153284907341003
758,13,0.5046491622924805,0.16971169412136078
758,6,0.5217887759208679,0.9404323101043701
758,14,0.4694875478744507,0.6417677998542786
758,7,0.5162830352783203,0.37016135454177856
758,9,0.49414411187171936,0.7043098211288452
758,8,0.5074692368507385,0.3491012752056122
758,10,0.4991355538368225,0.6246944665908813
758,11,0.4978955388069153,0.6153284907341003
758,12,0.514447033405304,0.999262273311615
758,13,0.5046491622924805,0.16971169412136078
758,6,0.5217887759208679,0.9404323101043701
758,14,0.4694875478744507,0.6417677998542786
758,7,0.5162830352783203,0.37016135454177856
758,9,0.49414411187171936,0.7043098211288452
758,8,0.5074692368507385,0.3491012752056122
758,10,0.4991355538368225,0.6246944665908813
758,11,0.4978955388069153,0.6153284907341003
758,12,0.514447033405304,0.999262273311615
758,13,0.5046491622924805,0.16971169412136078
758,6,0.5217887759208679,0.9404323101043701
758,14,0.4694875478744507,0.6417677998542786
758,7,0.5162830352783203,0.37016135454177856
758,9,0.49414411187171936,0.7043098211288452
758,8,0.5074692368507385,0.3491012752056122
758,12,0.514447033405304,0.999262273311615
758,10,0.4991355538368225,0.6246944665908813
758,11,0.4978955388069153,0.6153284907341003
758,13,0.5046491622924805,0.16971169412136078
758,6,0.5217887759208679,0.9404323101043701
758,14,0.4694875478744507,0.6417677998542786
758,7,0.5162830352783203,0.37016135454177856
758,8,0.5074692368507385,0.3491012752056122
758,9,0.49414411187171936,0.7043098211288452
758,0,0.4952005445957184,0.0865730494260788
758,0,0.4952005445957184,0.0865730494260788
758,0,0.4952005445957184,0.0865730494260788
758,0,0.4952005445957184,0.0865730494260788
758,0,0.4952005445957184,0.0865730494260788
758,0,0.4952005445957184,0.0865730494260788
758,0,0.4952005445957184,0.0865730494260788
758,0,0.4952005445957184,0.0865730494260788
758,0,0.4952005445957184,0.0865730494260788
116,0,0.4970627427101135,0.0865730494260788
116,2,0.5078914761543274,0.4455474615097046
116,1,0.501649022102356,0.10744237899780273
116,3,0.4941921830177307,0.7426278591156006
116,4,0.4899713695049286,0.6352908611297607
116,5,0.4977777302265167,0.3134657144546509
116,6,0.5236499309539795,0.9404323101043701
116,6,0.5236499309539795,0.9404323101043701
116,0,0.4970627427101135,0.0865730494260788
116,1,0.501649022102356,0.10744237899780273
116,0,0.4970627427101135,0.0865730494260788
116,0,0.4970627427101135,0.0865730494260788
116,0,0.4970627427101135,0.0865730494260788
116,0,0.4970627427101135,0.0865730494260788
116,0,0.4970627427101135,0.0865730494260788
116,0,0.4970627427101135,0.0865730494260788
116,0,0.4970627427101135,0.0865730494260788
116,0,0.4970627427101135,0.0865730494260788
116,0,0.4970627427101135,0.0865730494260788
116,0,0.4970627427101135,0.0865730494260788
116,0,0.4970627427101135,0.0865730494260788
116,0,0.4970627427101135,0.0865730494260788
116,0,0.4970627427101135,0.0865730494260788
116,0,0.4970627427101135,0.0865730494260788
116,0,0.4970627427101135,0.0865730494260788
116,0,0.4970627427101135,0.0865730494260788
116,0,0.4970627427101135,0.0865730494260788
116,0,0.4970627427101135,0.0865730494260788
116,0,0.4970627427101135,0.0865730494260788
116,0,0.4970627427101135,0.0865730494260788
116,0,0.4970627427101135,0.0865730494260788
116,0,0.4970627427101135,0.0865730494260788
116,0,0.4970627427101135,0.0865730494260788
116,0,0.4970627427101135,0.0865730494260788
116,0,0.4970627427101135,0.0865730494260788
116,0,0.4970627427101135,0.0865730494260788
116,0,0.4970627427101135,0.0865730494260788
116,0,0.4970627427101135,0.0865730494260788
116,0,0.4970627427101135,0.0865730494260788
116,0,0.4970627427101135,0.0865730494260788
116,0,0.4970627427101135,0.0865730494260788
116,0,0.4970627427101135,0.0865730494260788
116,0,0.4970627427101135,0.0865730494260788
116,0,0.4970627427101135,0.0865730494260788
116,0,0.4970627427101135,0.0865730494260788
116,0,0.4970627427101135,0.0865730494260788
116,0,0.4970627427101135,0.0865730494260788
116,0,0.4970627427101135,0.0865730494260788
116,0,0.4970627427101135,0.0865730494260788
116,0,0.4970627427101135,0.0865730494260788
116,0,0.4970627427101135,0.0865730494260788
116,0,0.4970627427101135,0.0865730494260788
116,0,0.4970627427101135,0.0865730494260788
116,0,0.4970627427101135,0.0865730494260788
116,0,0.4970627427101135,0.0865730494260788
116,0,0.4970627427101135,0.0865730494260788
116,0,0.4970627427101135,0.0865730494260788
116,0,0.4970627427101135,0.0865730494260788
116,0,0.4970627427101135,0.0865730494260788
116,0,0.4970627427101135,0.0865730494260788
116,0,0.4970627427101135,0.0865730494260788
116,0,0.4970627427101135,0.0865730494260788
116,0,0.4970627427101135,0.0865730494260788
116,0,0.4970627427101135,0.0865730494260788
116,0,0.4970627427101135,0.0865730494260788
116,0,0.4970627427101135,0.0865730494260788
116,0,0.4970627427101135,0.0865730494260788
116,0,0.4970627427101135,0.0865730494260788
116,0,0.4970627427101135,0.0865730494260788
116,0,0.4970627427101135,0.0865730494260788
116,0,0.4970627427101135,0.0865730494260788
116,0,0.4970627427101135,0.0865730494260788
116,0,0.4970627427101135,0.0865730494260788
116,0,0.4970627427101135,0.0865730494260788
116,0,0.4970627427101135,0.0865730494260788
116,0,0.4970627427101135,0.0865730494260788
116,0,0.4970627427101135,0.0865730494260788
116,0,0.4970627427101135,0.0865730494260788
116,0,0.4970627427101135,0.0865730494260788
116,0,0.4970627427101135,0.0865730494260788
116,0,0.4970627427101135,0.0865730494260788
116,0,0.4970627427101135,0.0865730494260788
116,0,0.4970627427101135,0.0865730494260788
116,0,0.4970627427101135,0.0865730494260788
116,0,0.4970627427101135,0.0865730494260788
116,0,0.4970627427101135,0.0865730494260788
116,0,0.4970627427101135,0.0865730494260788
116,0,0.4970627427101135,0.0865730494260788
116,0,0.4970627427101135,0.0865730494260788
116,0,0.4970627427101135,0.0865730494260788
116,0,0.4970627427101135,0.0865730494260788
116,0,0.4970627427101135,0.0865730494260788
116,0,0.4970627427101135,0.0865730494260788
116,0,0.4970627427101135,0.0865730494260788
116,0,0.4970627427101135,0.0865730494260788
116,0,0.4970627427101135,0.0865730494260788
116,0,0.4970627427101135,0.0865730494260788
116,0,0.4970627427101135,0.0865730494260788
116,0,0.4970627427101135,0.0865730494260788
116,0,0.4970627427101135,0.0865730494260788
116,0,0.4970627427101135,0.0865730494260788
116,0,0.4970627427101135,0.0865730494260788
116,0,0.4970627427101135,0.0865730494260788
116,0,0.4970627427101135,0.0865730494260788
116,0,0.4970627427101135,0.0865730494260788
116,0,0.4970627427101135,0.0865730494260788
116,0,0.4970627427101135,0.0865730494260788
116,0,0.4970627427101135,0.0865730494260788
116,0,0.4970627427101135,0.0865730494260788
116,0,0.4970627427101135,0.0865730494260788
116,0,0.4970627427101135,0.0865730494260788
116,0,0.4970627427101135,0.0865730494260788
116,0,0.4970627427101135,0.0865730494260788
116,0,0.4970627427101135,0.0865730494260788
116,0,0.4970627427101135,0.0865730494260788
116,0,0.4970627427101135,0.0865730494260788
116,0,0.4970627427101135,0.0865730494260788
116,0,0.4970627427101135,0.0865730494260788
116,0,0.4970627427101135,0.0865730494260788
116,0,0.4970627427101135,0.0865730494260788
116,0,0.4970627427101135,0.0865730494260788
116,0,0.4970627427101135,0.0865730494260788
116,0,0.4970627427101135,0.0865730494260788
116,0,0.4970627427101135,0.0865730494260788
116,0,0.4970627427101135,0.0865730494260788
116,0,0.4970627427101135,0.0865730494260788
116,0,0.4970627427101135,0.0865730494260788
116,0,0.4970627427101135,0.0865730494260788
116,0,0.4970627427101135,0.0865730494260788
116,0,0.4970627427101135,0.0865730494260788
116,0,0.4970627427101135,0.0865730494260788
116,0,0.4970627427101135,0.0865730494260788
116,0,0.4970627427101135,0.0865730494260788
116,0,0.4970627427101135,0.0865730494260788
116,0,0.4970627427101135,0.0865730494260788
116,0,0.4970627427101135,0.0865730494260788
116,0,0.4970627427101135,0.0865730494260788
116,0,0.4970627427101135,0.0865730494260788
116,0,0.4970627427101135,0.0865730494260788
116,0,0.4970627427101135,0.0865730494260788
116,0,0.4970627427101135,0.0865730494260788
116,0,0.4970627427101135,0.0865730494260788
116,0,0.4970627427101135,0.0865730494260788
116,0,0.4970627427101135,0.0865730494260788
116,0,0.4970627427101135,0.0865730494260788
116,0,0.4970627427101135,0.0865730494260788
116,0,0.4970627427101135,0.0865730494260788
116,0,0.4970627427101135,0.0865730494260788
116,0,0.4970627427101135,0.0865730494260788
116,0,0.4970627427101135,0.0865730494260788
116,0,0.4970627427101135,0.0865730494260788
116,0,0.4970627427101135,0.0865730494260788
116,0,0.4970627427101135,0.0865730494260788
116,0,0.4970627427101135,0.0865730494260788
116,0,0.4970627427101135,0.0865730494260788
116,0,0.4970627427101135,0.0865730494260788
116,0,0.4970627427101135,0.0865730494260788
116,0,0.4970627427101135,0.0865730494260788
116,0,0.4970627427101135,0.0865730494260788
116,0,0.4970627427101135,0.0865730494260788
116,0,0.4970627427101135,0.0865730494260788
116,0,0.4970627427101135,0.0865730494260788
116,0,0.4970627427101135,0.0865730494260788
116,0,0.4970627427101135,0.0865730494260788
116,0,0.4970627427101135,0.0865730494260788
116,0,0.4970627427101135,0.0865730494260788
116,0,0.4970627427101135,0.0865730494260788
116,0,0.4970627427101135,0.0865730494260788
116,0,0.4970627427101135,0.0865730494260788
116,0,0.4970627427101135,0.0865730494260788
116,0,0.4970627427101135,0.0865730494260788
116,0,0.4970627427101135,0.0865730494260788
116,0,0.4970627427101135,0.0865730494260788
116,0,0.4970627427101135,0.0865730494260788
116,0,0.4970627427101135,0.0865730494260788
116,0,0.4970627427101135,0.0865730494260788
116,0,0.4970627427101135,0.0865730494260788
116,0,0.4970627427101135,0.0865730494260788
116,0,0.4970627427101135,0.0865730494260788
116,0,0.4970627427101135,0.0865730494260788
116,0,0.4970627427101135,0.0865730494260788
116,0,0.4970627427101135,0.0865730494260788
116,0,0.4970627427101135,0.0865730494260788
116,0,0.4970627427101135,0.0865730494260788
116,0,0.4970627427101135,0.0865730494260788
116,0,0.4970627427101135,0.0865730494260788
116,0,0.4970627427101135,0.0865730494260788
116,0,0.4970627427101135,0.0865730494260788
116,0,0.4970627427101135,0.0865730494260788
116,0,0.4970627427101135,0.0865730494260788
116,0,0.4970627427101135,0.0865730494260788
116,0,0.4970627427101135,0.0865730494260788
116,0,0.4970627427101135,0.0865730494260788
116,0,0.4970627427101135,0.0865730494260788
116,0,0.4970627427101135,0.0865730494260788
116,0,0.4970627427101135,0.0865730494260788
116,0,0.4970627427101135,0.0865730494260788
116,0,0.4970627427101135,0.0865730494260788
116,0,0.4970627427101135,0.0865730494260788
116,0,0.4970627427101135,0.0865730494260788
259,15,0.4917643666267395,0.577567458152771
259,9,0.4941413104534149,0.7043098211288452
259,8,0.5074665546417236,0.3491012752056122
259,18,0.4656197428703308,0.7498273253440857
259,16,0.5351418852806091,4.427850162805162e-14
259,17,0.4867391288280487,0.4645048975944519
259,19,0.4800650179386139,0.39593109488487244
259,6,0.5217859745025635,0.9404323101043701
259,6,0.5217859745025635,0.9404323101043701
259,15,0.4917643666267395,0.577567458152771
259,8,0.5074665546417236,0.3491012752056122
259,9,0.4941413104534149,0.7043098211288452
259,16,0.5351418852806091,4.427850162805162e-14
259,18,0.4656197428703308,0.7498273253440857
259,17,0.4867391288280487,0.4645048975944519
259,19,0.4800650179386139,0.39593109488487244
259,6,0.5217859745025635,0.9404323101043701
259,6,0.5217859745025635,0.9404323101043701
259,15,0.4917643666267395,0.577567458152771
259,8,0.5074665546417236,0.3491012752056122
259,9,0.4941413104534149,0.7043098211288452
259,16,0.5351418852806091,4.427850162805162e-14
259,17,0.4867391288280487,0.4645048975944519
259,18,0.4656197428703308,0.7498273253440857
259,19,0.4800650179386139,0.39593109488487244
259,6,0.5217859745025635,0.9404323101043701
259,6,0.5217859745025635,0.9404323101043701
259,15,0.4917643666267395,0.577567458152771
259,9,0.4941413104534149,0.7043098211288452
259,8,0.5074665546417236,0.3491012752056122
259,17,0.4867391288280487,0.4645048975944519
259,16,0.5351418852806091,4.427850162805162e-14
259,18,0.4656197428703308,0.7498273253440857
259,19,0.4800650179386139,0.39593109488487244
259,6,0.5217859745025635,0.9404323101043701
259,6,0.5217859745025635,0.9404323101043701
259,15,0.4917643666267395,0.577567458152771
259,8,0.5074665546417236,0.3491012752056122
259,9,0.4941413104534149,0.7043098211288452
259,18,0.4656197428703308,0.7498273253440857
259,17,0.4867391288280487,0.4645048975944519
259,16,0.5351418852806091,4.427850162805162e-14
259,19,0.4800650179386139,0.39593109488487244
259,6,0.5217859745025635,0.9404323101043701
259,6,0.5217859745025635,0.9404323101043701
259,15,0.4917643666267395,0.577567458152771
259,8,0.5074665546417236,0.3491012752056122
259,9,0.4941413104534149,0.7043098211288452
259,18,0.4656197428703308,0.7498273253440857
259,17,0.4867391288280487,0.4645048975944519
259,16,0.5351418852806091,4.427850162805162e-14
259,19,0.4800650179386139,0.39593109488487244
259,6,0.5217859745025635,0.9404323101043701
259,6,0.5217859745025635,0.9404323101043701
259,15,0.4917643666267395,0.577567458152771
259,0,0.4951978623867035,0.0865730494260788
259,0,0.4951978623867035,0.0865730494260788
259,0,0.4951978623867035,0.0865730494260788
259,0,0.4951978623867035,0.0865730494260788
259,0,0.4951978623867035,0.0865730494260788
259,0,0.4951978623867035,0.0865730494260788
259,0,0.4951978623867035,0.0865730494260788
259,0,0.4951978623867035,0.0865730494260788
259,0,0.4951978623867035,0.0865730494260788
259,0,0.4951978623867035,0.0865730494260788
259,0,0.4951978623867035,0.0865730494260788
259,0,0.4951978623867035,0.0865730494260788
259,0,0.4951978623867035,0.0865730494260788
259,0,0.4951978623867035,0.0865730494260788
259,0,0.4951978623867035,0.0865730494260788
259,0,0.4951978623867035,0.0865730494260788
259,0,0.4951978623867035,0.0865730494260788
259,0,0.4951978623867035,0.0865730494260788
259,0,0.4951978623867035,0.0865730494260788
259,0,0.4951978623867035,0.0865730494260788
259,0,0.4951978623867035,0.0865730494260788
259,0,0.4951978623867035,0.0865730494260788
259,0,0.4951978623867035,0.0865730494260788
259,0,0.4951978623867035,0.0865730494260788
259,0,0.4951978623867035,0.0865730494260788
259,0,0.4951978623867035,0.0865730494260788
259,0,0.4951978623867035,0.0865730494260788
259,0,0.4951978623867035,0.0865730494260788
259,0,0.4951978623867035,0.0865730494260788
259,0,0.4951978623867035,0.0865730494260788
259,0,0.4951978623867035,0.0865730494260788
259,0,0.4951978623867035,0.0865730494260788
259,0,0.4951978623867035,0.0865730494260788
259,0,0.4951978623867035,0.0865730494260788
259,0,0.4951978623867035,0.0865730494260788
259,0,0.4951978623867035,0.0865730494260788
259,0,0.4951978623867035,0.0865730494260788
259,0,0.4951978623867035,0.0865730494260788
259,0,0.4951978623867035,0.0865730494260788
259,0,0.4951978623867035,0.0865730494260788
259,0,0.4951978623867035,0.0865730494260788
259,0,0.4951978623867035,0.0865730494260788
259,0,0.4951978623867035,0.0865730494260788
259,0,0.4951978623867035,0.0865730494260788
259,0,0.4951978623867035,0.0865730494260788
259,0,0.4951978623867035,0.0865730494260788
259,0,0.4951978623867035,0.0865730494260788
259,0,0.4951978623867035,0.0865730494260788
259,0,0.4951978623867035,0.0865730494260788
259,0,0.4951978623867035,0.0865730494260788
259,0,0.4951978623867035,0.0865730494260788
259,0,0.4951978623867035,0.0865730494260788
259,0,0.4951978623867035,0.0865730494260788
259,0,0.4951978623867035,0.0865730494260788
259,0,0.4951978623867035,0.0865730494260788
259,0,0.4951978623867035,0.0865730494260788
259,0,0.4951978623867035,0.0865730494260788
259,0,0.4951978623867035,0.0865730494260788
259,0,0.4951978623867035,0.0865730494260788
259,0,0.4951978623867035,0.0865730494260788
259,0,0.4951978623867035,0.0865730494260788
259,0,0.4951978623867035,0.0865730494260788
259,0,0.4951978623867035,0.0865730494260788
259,0,0.4951978623867035,0.0865730494260788
259,0,0.4951978623867035,0.0865730494260788
259,0,0.4951978623867035,0.0865730494260788
259,0,0.4951978623867035,0.0865730494260788
259,0,0.4951978623867035,0.0865730494260788
259,0,0.4951978623867035,0.0865730494260788
259,0,0.4951978623867035,0.0865730494260788
259,0,0.4951978623867035,0.0865730494260788
259,0,0.4951978623867035,0.0865730494260788
259,0,0.4951978623867035,0.0865730494260788
259,0,0.4951978623867035,0.0865730494260788
259,0,0.4951978623867035,0.0865730494260788
259,0,0.4951978623867035,0.0865730494260788
259,0,0.4951978623867035,0.0865730494260788
259,0,0.4951978623867035,0.0865730494260788
259,0,0.4951978623867035,0.0865730494260788
259,0,0.4951978623867035,0.0865730494260788
259,0,0.4951978623867035,0.0865730494260788
259,0,0.4951978623867035,0.0865730494260788
259,0,0.4951978623867035,0.0865730494260788
259,0,0.4951978623867035,0.0865730494260788
259,0,0.4951978623867035,0.0865730494260788
259,0,0.4951978623867035,0.0865730494260788
259,0,0.4951978623867035,0.0865730494260788
259,0,0.4951978623867035,0.0865730494260788
259,0,0.4951978623867035,0.0865730494260788
259,0,0.4951978623867035,0.0865730494260788
259,0,0.4951978623867035,0.0865730494260788
259,0,0.4951978623867035,0.0865730494260788
259,0,0.4951978623867035,0.0865730494260788
259,0,0.4951978623867035,0.0865730494260788
259,0,0.4951978623867035,0.0865730494260788
259,0,0.4951978623867035,0.0865730494260788
259,0,0.4951978623867035,0.0865730494260788
259,0,0.4951978623867035,0.0865730494260788
259,0,0.4951978623867035,0.0865730494260788
259,0,0.4951978623867035,0.0865730494260788
259,0,0.4951978623867035,0.0865730494260788
259,0,0.4951978623867035,0.0865730494260788
259,0,0.4951978623867035,0.0865730494260788
259,0,0.4951978623867035,0.0865730494260788
259,0,0.4951978623867035,0.0865730494260788
259,0,0.4951978623867035,0.0865730494260788
259,0,0.4951978623867035,0.0865730494260788
259,0,0.4951978623867035,0.0865730494260788
259,0,0.4951978623867035,0.0865730494260788
259,0,0.4951978623867035,0.0865730494260788
259,0,0.4951978623867035,0.0865730494260788
259,0,0.4951978623867035,0.0865730494260788
259,0,0.4951978623867035,0.0865730494260788
259,0,0.4951978623867035,0.0865730494260788
259,0,0.4951978623867035,0.0865730494260788
259,0,0.4951978623867035,0.0865730494260788
259,0,0.4951978623867035,0.0865730494260788
259,0,0.4951978623867035,0.0865730494260788
259,0,0.4951978623867035,0.0865730494260788
259,0,0.4951978623867035,0.0865730494260788
259,0,0.4951978623867035,0.0865730494260788
259,0,0.4951978623867035,0.0865730494260788
259,0,0.4951978623867035,0.0865730494260788
259,0,0.4951978623867035,0.0865730494260788
259,0,0.4951978623867035,0.0865730494260788
259,0,0.4951978623867035,0.0865730494260788
259,0,0.4951978623867035,0.0865730494260788
259,0,0.4951978623867035,0.0865730494260788
259,0,0.4951978623867035,0.0865730494260788
259,0,0.4951978623867035,0.0865730494260788
259,0,0.4951978623867035,0.0865730494260788
259,0,0.4951978623867035,0.0865730494260788
259,0,0.4951978623867035,0.0865730494260788
259,0,0.4951978623867035,0.0865730494260788
259,0,0.4951978623867035,0.0865730494260788
259,0,0.4951978623867035,0.0865730494260788
259,0,0.4951978623867035,0.0865730494260788
259,0,0.4951978623867035,0.0865730494260788
259,0,0.4951978623867035,0.0865730494260788
259,0,0.4951978623867035,0.0865730494260788
259,0,0.4951978623867035,0.0865730494260788
259,0,0.4951978623867035,0.0865730494260788
259,0,0.4951978623867035,0.0865730494260788
259,0,0.4951978623867035,0.0865730494260788
259,0,0.4951978623867035,0.0865730494260788
53,0,0.49716150760650635,0.0865730494260788
53,1,0.5017474889755249,0.10744237899780273
53,2,0.5079902410507202,0.4455474615097046
53,3,0.4942910671234131,0.7426278591156006
53,4,0.49007031321525574,0.6352908611297607
53,5,0.49787652492523193,0.3134657144546509
53,6,0.523748517036438,0.9404323101043701
53,6,0.523748517036438,0.9404323101043701
53,0,0.49716150760650635,0.0865730494260788
53,1,0.5017474889755249,0.10744237899780273
53,2,0.5079902410507202,0.4455474615097046
53,3,0.4942910671234131,0.7426278591156006
53,4,0.49007031321525574,0.6352908611297607
53,5,0.49787652492523193,0.3134657144546509
53,6,0.523748517036438,0.9404323101043701
53,6,0.523748517036438,0.9404323101043701
53,0,0.49716150760650635,0.0865730494260788
53,1,0.5017474889755249,0.10744237899780273
53,2,0.5079902410507202,0.4455474615097046
53,3,0.4942910671234131,0.7426278591156006
53,4,0.49007031321525574,0.6352908611297607
53,5,0.49787652492523193,0.3134657144546509
53,6,0.523748517036438,0.9404323101043701
53,6,0.523748517036438,0.9404323101043701
53,0,0.49716150760650635,0.0865730494260788
53,0,0.49716150760650635,0.0865730494260788
53,0,0.49716150760650635,0.0865730494260788
53,0,0.49716150760650635,0.0865730494260788
53,0,0.49716150760650635,0.0865730494260788
53,0,0.49716150760650635,0.0865730494260788
53,0,0.49716150760650635,0.0865730494260788
53,0,0.49716150760650635,0.0865730494260788
53,0,0.49716150760650635,0.0865730494260788
53,0,0.49716150760650635,0.0865730494260788
53,0,0.49716150760650635,0.0865730494260788
53,0,0.49716150760650635,0.0865730494260788
53,0,0.49716150760650635,0.0865730494260788
53,0,0.49716150760650635,0.0865730494260788
53,0,0.49716150760650635,0.0865730494260788
53,0,0.49716150760650635,0.0865730494260788
53,0,0.49716150760650635,0.0865730494260788
53,0,0.49716150760650635,0.0865730494260788
53,0,0.49716150760650635,0.0865730494260788
53,0,0.49716150760650635,0.0865730494260788
53,0,0.49716150760650635,0.0865730494260788
53,0,0.49716150760650635,0.0865730494260788
53,0,0.49716150760650635,0.0865730494260788
53,0,0.49716150760650635,0.0865730494260788
53,0,0.49716150760650635,0.0865730494260788
53,0,0.49716150760650635,0.0865730494260788
53,0,0.49716150760650635,0.0865730494260788
53,0,0.49716150760650635,0.0865730494260788
53,0,0.49716150760650635,0.0865730494260788
53,0,0.49716150760650635,0.0865730494260788
53,0,0.49716150760650635,0.0865730494260788
53,0,0.49716150760650635,0.0865730494260788
53,0,0.49716150760650635,0.0865730494260788
53,0,0.49716150760650635,0.0865730494260788
53,0,0.49716150760650635,0.0865730494260788
53,0,0.49716150760650635,0.0865730494260788
53,0,0.49716150760650635,0.0865730494260788
53,0,0.49716150760650635,0.0865730494260788
53,0,0.49716150760650635,0.0865730494260788
53,0,0.49716150760650635,0.0865730494260788
53,0,0.49716150760650635,0.0865730494260788
53,0,0.49716150760650635,0.0865730494260788
53,0,0.49716150760650635,0.0865730494260788
53,0,0.49716150760650635,0.0865730494260788
53,0,0.49716150760650635,0.0865730494260788
53,0,0.49716150760650635,0.0865730494260788
53,0,0.49716150760650635,0.0865730494260788
53,0,0.49716150760650635,0.0865730494260788
53,0,0.49716150760650635,0.0865730494260788
53,0,0.49716150760650635,0.0865730494260788
53,0,0.49716150760650635,0.0865730494260788
53,0,0.49716150760650635,0.0865730494260788
53,0,0.49716150760650635,0.0865730494260788
53,0,0.49716150760650635,0.0865730494260788
53,0,0.49716150760650635,0.0865730494260788
53,0,0.49716150760650635,0.0865730494260788
53,0,0.49716150760650635,0.0865730494260788
53,0,0.49716150760650635,0.0865730494260788
53,0,0.49716150760650635,0.0865730494260788
53,0,0.49716150760650635,0.0865730494260788
53,0,0.49716150760650635,0.0865730494260788
53,0,0.49716150760650635,0.0865730494260788
53,0,0.49716150760650635,0.0865730494260788
53,0,0.49716150760650635,0.0865730494260788
53,0,0.49716150760650635,0.0865730494260788
53,0,0.49716150760650635,0.0865730494260788
53,0,0.49716150760650635,0.0865730494260788
53,0,0.49716150760650635,0.0865730494260788
53,0,0.49716150760650635,0.0865730494260788
53,0,0.49716150760650635,0.0865730494260788
53,0,0.49716150760650635,0.0865730494260788
53,0,0.49716150760650635,0.0865730494260788
53,0,0.49716150760650635,0.0865730494260788
53,0,0.49716150760650635,0.0865730494260788
53,0,0.49716150760650635,0.0865730494260788
53,0,0.49716150760650635,0.0865730494260788
53,0,0.49716150760650635,0.0865730494260788
53,0,0.49716150760650635,0.0865730494260788
53,0,0.49716150760650635,0.0865730494260788
53,0,0.49716150760650635,0.0865730494260788
53,0,0.49716150760650635,0.0865730494260788
53,0,0.49716150760650635,0.0865730494260788
53,0,0.49716150760650635,0.0865730494260788
53,0,0.49716150760650635,0.0865730494260788
53,0,0.49716150760650635,0.0865730494260788
53,0,0.49716150760650635,0.0865730494260788
53,0,0.49716150760650635,0.0865730494260788
53,0,0.49716150760650635,0.0865730494260788
53,0,0.49716150760650635,0.0865730494260788
53,0,0.49716150760650635,0.0865730494260788
53,0,0.49716150760650635,0.0865730494260788
53,0,0.49716150760650635,0.0865730494260788
53,0,0.49716150760650635,0.0865730494260788
53,0,0.49716150760650635,0.0865730494260788
53,0,0.49716150760650635,0.0865730494260788
53,0,0.49716150760650635,0.0865730494260788
53,0,0.49716150760650635,0.0865730494260788
53,0,0.49716150760650635,0.0865730494260788
53,0,0.49716150760650635,0.0865730494260788
53,0,0.49716150760650635,0.0865730494260788
53,0,0.49716150760650635,0.0865730494260788
53,0,0.49716150760650635,0.0865730494260788
53,0,0.49716150760650635,0.0865730494260788
53,0,0.49716150760650635,0.0865730494260788
53,0,0.49716150760650635,0.0865730494260788
53,0,0.49716150760650635,0.0865730494260788
53,0,0.49716150760650635,0.0865730494260788
53,0,0.49716150760650635,0.0865730494260788
53,0,0.49716150760650635,0.0865730494260788
53,0,0.49716150760650635,0.0865730494260788
53,0,0.49716150760650635,0.0865730494260788
53,0,0.49716150760650635,0.0865730494260788
53,0,0.49716150760650635,0.0865730494260788
53,0,0.49716150760650635,0.0865730494260788
53,0,0.49716150760650635,0.0865730494260788
53,0,0.49716150760650635,0.0865730494260788
53,0,0.49716150760650635,0.0865730494260788
53,0,0.49716150760650635,0.0865730494260788
53,0,0.49716150760650635,0.0865730494260788
53,0,0.49716150760650635,0.0865730494260788
53,0,0.49716150760650635,0.0865730494260788
53,0,0.49716150760650635,0.0865730494260788
53,0,0.49716150760650635,0.0865730494260788
53,0,0.49716150760650635,0.0865730494260788
53,0,0.49716150760650635,0.0865730494260788
53,0,0.49716150760650635,0.0865730494260788
53,0,0.49716150760650635,0.0865730494260788
53,0,0.49716150760650635,0.0865730494260788
53,0,0.49716150760650635,0.0865730494260788
53,0,0.49716150760650635,0.0865730494260788
53,0,0.49716150760650635,0.0865730494260788
53,0,0.49716150760650635,0.0865730494260788
53,0,0.49716150760650635,0.0865730494260788
53,0,0.49716150760650635,0.0865730494260788
53,0,0.49716150760650635,0.0865730494260788
53,0,0.49716150760650635,0.0865730494260788
53,0,0.49716150760650635,0.0865730494260788
53,0,0.49716150760650635,0.0865730494260788
53,0,0.49716150760650635,0.0865730494260788
53,0,0.49716150760650635,0.0865730494260788
53,0,0.49716150760650635,0.0865730494260788
53,0,0.49716150760650635,0.0865730494260788
53,0,0.49716150760650635,0.0865730494260788
53,0,0.49716150760650635,0.0865730494260788
53,0,0.49716150760650635,0.0865730494260788
53,0,0.49716150760650635,0.0865730494260788
53,0,0.49716150760650635,0.0865730494260788
53,0,0.49716150760650635,0.0865730494260788
53,0,0.49716150760650635,0.0865730494260788
53,0,0.49716150760650635,0.0865730494260788
53,0,0.49716150760650635,0.0865730494260788
53,0,0.49716150760650635,0.0865730494260788
53,0,0.49716150760650635,0.0865730494260788
53,0,0.49716150760650635,0.0865730494260788
53,0,0.49716150760650635,0.0865730494260788
53,0,0.49716150760650635,0.0865730494260788
53,0,0.49716150760650635,0.0865730494260788
53,0,0.49716150760650635,0.0865730494260788
53,0,0.49716150760650635,0.0865730494260788
53,0,0.49716150760650635,0.0865730494260788
53,0,0.49716150760650635,0.0865730494260788
53,0,0.49716150760650635,0.0865730494260788
53,0,0.49716150760650635,0.0865730494260788
53,0,0.49716150760650635,0.0865730494260788
53,0,0.49716150760650635,0.0865730494260788
53,0,0.49716150760650635,0.0865730494260788
53,0,0.49716150760650635,0.0865730494260788
53,0,0.49716150760650635,0.0865730494260788
53,0,0.49716150760650635,0.0865730494260788
53,0,0.49716150760650635,0.0865730494260788
53,0,0.49716150760650635,0.0865730494260788
53,0,0.49716150760650635,0.0865730494260788
53,0,0.49716150760650635,0.0865730494260788
53,0,0.49716150760650635,0.0865730494260788
53,0,0.49716150760650635,0.0865730494260788
53,0,0.49716150760650635,0.0865730494260788
