student_id,skill_id,idkt_rate,bkt_rate
746,0,0.519245982170105,0.032456640154123306
746,1,0.5048744082450867,0.2004593163728714
746,2,0.5026147365570068,0.0007838447345420718
746,4,0.494772344827652,0.03917420655488968
746,3,0.5195274949073792,0.1976579874753952
746,5,0.5305545926094055,0.08894893527030945
746,6,0.4984872341156006,0.03206264227628708
746,6,0.4984872341156006,0.03206264227628708
746,0,0.519245982170105,0.032456640154123306
746,1,0.5048744082450867,0.2004593163728714
746,2,0.5026147365570068,0.0007838447345420718
746,4,0.494772344827652,0.03917420655488968
746,3,0.5195274949073792,0.1976579874753952
746,5,0.5305545926094055,0.08894893527030945
746,6,0.4984872341156006,0.03206264227628708
746,6,0.4984872341156006,0.03206264227628708
746,0,0.519245982170105,0.032456640154123306
746,2,0.5026147365570068,0.0007838447345420718
746,1,0.5048744082450867,0.2004593163728714
746,3,0.5195274949073792,0.1976579874753952
746,4,0.494772344827652,0.03917420655488968
746,5,0.5305545926094055,0.08894893527030945
746,6,0.4984872341156006,0.03206264227628708
746,6,0.4984872341156006,0.03206264227628708
746,0,0.519245982170105,0.032456640154123306
746,2,0.5026147365570068,0.0007838447345420718
746,1,0.5048744082450867,0.2004593163728714
746,3,0.5195274949073792,0.1976579874753952
746,4,0.494772344827652,0.03917420655488968
746,5,0.5305545926094055,0.08894893527030945
746,6,0.4984872341156006,0.03206264227628708
746,6,0.4984872341156006,0.03206264227628708
746,0,0.519245982170105,0.032456640154123306
746,1,0.5048744082450867,0.2004593163728714
746,2,0.5026147365570068,0.0007838447345420718
746,3,0.5195274949073792,0.1976579874753952
746,4,0.494772344827652,0.03917420655488968
746,5,0.5305545926094055,0.08894893527030945
746,6,0.4984872341156006,0.03206264227628708
746,6,0.4984872341156006,0.03206264227628708
746,0,0.519245982170105,0.032456640154123306
746,2,0.5026147365570068,0.0007838447345420718
746,1,0.5048744082450867,0.2004593163728714
746,3,0.5195274949073792,0.1976579874753952
746,4,0.494772344827652,0.03917420655488968
746,5,0.5305545926094055,0.08894893527030945
746,6,0.4984872341156006,0.03206264227628708
746,6,0.4984872341156006,0.03206264227628708
746,0,0.519245982170105,0.032456640154123306
746,1,0.5048744082450867,0.2004593163728714
746,2,0.5026147365570068,0.0007838447345420718
746,3,0.5195274949073792,0.1976579874753952
746,4,0.494772344827652,0.03917420655488968
746,5,0.5305545926094055,0.08894893527030945
746,6,0.4984872341156006,0.03206264227628708
746,6,0.4984872341156006,0.03206264227628708
746,0,0.519245982170105,0.032456640154123306
746,1,0.5048744082450867,0.2004593163728714
746,2,0.5026147365570068,0.0007838447345420718
746,3,0.5195274949073792,0.1976579874753952
746,4,0.494772344827652,0.03917420655488968
746,5,0.5305545926094055,0.08894893527030945
746,6,0.4984872341156006,0.03206264227628708
746,6,0.4984872341156006,0.03206264227628708
746,7,0.5280930399894714,0.0005712504498660564
746,8,0.495428204536438,0.8536729216575623
746,9,0.46980252861976624,0.11330409348011017
746,12,0.49134141206741333,0.38463085889816284
746,10,0.495160311460495,0.37062060832977295
746,11,0.5215421915054321,0.7055796384811401
746,13,0.48802220821380615,0.19943803548812866
746,6,0.4984872341156006,0.03206264227628708
746,14,0.5230174660682678,0.11159210652112961
746,7,0.5280930399894714,0.0005712504498660564
746,9,0.46980252861976624,0.11330409348011017
746,8,0.495428204536438,0.8536729216575623
746,10,0.495160311460495,0.37062060832977295
746,11,0.5215421915054321,0.7055796384811401
746,12,0.49134141206741333,0.38463085889816284
746,13,0.48802220821380615,0.19943803548812866
746,6,0.4984872341156006,0.03206264227628708
746,14,0.5230174660682678,0.11159210652112961
746,7,0.5280930399894714,0.0005712504498660564
746,8,0.495428204536438,0.8536729216575623
746,9,0.46980252861976624,0.11330409348011017
746,10,0.495160311460495,0.37062060832977295
746,11,0.5215421915054321,0.7055796384811401
746,0,0.519245982170105,0.032456640154123306
746,0,0.519245982170105,0.032456640154123306
746,0,0.519245982170105,0.032456640154123306
746,0,0.519245982170105,0.032456640154123306
746,0,0.519245982170105,0.032456640154123306
746,0,0.519245982170105,0.032456640154123306
746,0,0.519245982170105,0.032456640154123306
746,0,0.519245982170105,0.032456640154123306
746,0,0.519245982170105,0.032456640154123306
746,0,0.519245982170105,0.032456640154123306
746,0,0.519245982170105,0.032456640154123306
746,0,0.519245982170105,0.032456640154123306
746,0,0.519245982170105,0.032456640154123306
746,0,0.519245982170105,0.032456640154123306
746,0,0.519245982170105,0.032456640154123306
746,0,0.519245982170105,0.032456640154123306
746,0,0.519245982170105,0.032456640154123306
746,0,0.519245982170105,0.032456640154123306
746,0,0.519245982170105,0.032456640154123306
746,0,0.519245982170105,0.032456640154123306
746,0,0.519245982170105,0.032456640154123306
746,0,0.519245982170105,0.032456640154123306
746,0,0.519245982170105,0.032456640154123306
746,0,0.519245982170105,0.032456640154123306
746,0,0.519245982170105,0.032456640154123306
746,0,0.519245982170105,0.032456640154123306
746,0,0.519245982170105,0.032456640154123306
746,0,0.519245982170105,0.032456640154123306
746,0,0.519245982170105,0.032456640154123306
746,0,0.519245982170105,0.032456640154123306
746,0,0.519245982170105,0.032456640154123306
746,0,0.519245982170105,0.032456640154123306
746,0,0.519245982170105,0.032456640154123306
746,0,0.519245982170105,0.032456640154123306
746,0,0.519245982170105,0.032456640154123306
746,0,0.519245982170105,0.032456640154123306
746,0,0.519245982170105,0.032456640154123306
746,0,0.519245982170105,0.032456640154123306
746,0,0.519245982170105,0.032456640154123306
746,0,0.519245982170105,0.032456640154123306
746,0,0.519245982170105,0.032456640154123306
746,0,0.519245982170105,0.032456640154123306
746,0,0.519245982170105,0.032456640154123306
746,0,0.519245982170105,0.032456640154123306
746,0,0.519245982170105,0.032456640154123306
746,0,0.519245982170105,0.032456640154123306
746,0,0.519245982170105,0.032456640154123306
746,0,0.519245982170105,0.032456640154123306
746,0,0.519245982170105,0.032456640154123306
746,0,0.519245982170105,0.032456640154123306
746,0,0.519245982170105,0.032456640154123306
746,0,0.519245982170105,0.032456640154123306
746,0,0.519245982170105,0.032456640154123306
746,0,0.519245982170105,0.032456640154123306
746,0,0.519245982170105,0.032456640154123306
746,0,0.519245982170105,0.032456640154123306
746,0,0.519245982170105,0.032456640154123306
746,0,0.519245982170105,0.032456640154123306
746,0,0.519245982170105,0.032456640154123306
746,0,0.519245982170105,0.032456640154123306
746,0,0.519245982170105,0.032456640154123306
746,0,0.519245982170105,0.032456640154123306
746,0,0.519245982170105,0.032456640154123306
746,0,0.519245982170105,0.032456640154123306
746,0,0.519245982170105,0.032456640154123306
746,0,0.519245982170105,0.032456640154123306
746,0,0.519245982170105,0.032456640154123306
746,0,0.519245982170105,0.032456640154123306
746,0,0.519245982170105,0.032456640154123306
746,0,0.519245982170105,0.032456640154123306
746,0,0.519245982170105,0.032456640154123306
746,0,0.519245982170105,0.032456640154123306
746,0,0.519245982170105,0.032456640154123306
746,0,0.519245982170105,0.032456640154123306
746,0,0.519245982170105,0.032456640154123306
746,0,0.519245982170105,0.032456640154123306
746,0,0.519245982170105,0.032456640154123306
746,0,0.519245982170105,0.032456640154123306
746,0,0.519245982170105,0.032456640154123306
746,0,0.519245982170105,0.032456640154123306
746,0,0.519245982170105,0.032456640154123306
746,0,0.519245982170105,0.032456640154123306
746,0,0.519245982170105,0.032456640154123306
746,0,0.519245982170105,0.032456640154123306
746,0,0.519245982170105,0.032456640154123306
746,0,0.519245982170105,0.032456640154123306
746,0,0.519245982170105,0.032456640154123306
746,0,0.519245982170105,0.032456640154123306
746,0,0.519245982170105,0.032456640154123306
746,0,0.519245982170105,0.032456640154123306
746,0,0.519245982170105,0.032456640154123306
746,0,0.519245982170105,0.032456640154123306
746,0,0.519245982170105,0.032456640154123306
746,0,0.519245982170105,0.032456640154123306
746,0,0.519245982170105,0.032456640154123306
746,0,0.519245982170105,0.032456640154123306
746,0,0.519245982170105,0.032456640154123306
746,0,0.519245982170105,0.032456640154123306
746,0,0.519245982170105,0.032456640154123306
746,0,0.519245982170105,0.032456640154123306
746,0,0.519245982170105,0.032456640154123306
746,0,0.519245982170105,0.032456640154123306
746,0,0.519245982170105,0.032456640154123306
746,0,0.519245982170105,0.032456640154123306
746,0,0.519245982170105,0.032456640154123306
746,0,0.519245982170105,0.032456640154123306
746,0,0.519245982170105,0.032456640154123306
746,0,0.519245982170105,0.032456640154123306
746,0,0.519245982170105,0.032456640154123306
746,0,0.519245982170105,0.032456640154123306
746,0,0.519245982170105,0.032456640154123306
746,0,0.519245982170105,0.032456640154123306
746,0,0.519245982170105,0.032456640154123306
121,0,0.5192295908927917,0.032456640154123306
121,1,0.5048580765724182,0.2004593163728714
121,2,0.5025982856750488,0.0007838447345420718
121,3,0.5195111036300659,0.1976579874753952
121,4,0.49475589394569397,0.03917420655488968
121,5,0.5305382013320923,0.08894893527030945
121,6,0.49847081303596497,0.03206264227628708
121,6,0.49847081303596497,0.03206264227628708
121,0,0.5192295908927917,0.032456640154123306
121,1,0.5048580765724182,0.2004593163728714
121,2,0.5025982856750488,0.0007838447345420718
121,4,0.49475589394569397,0.03917420655488968
121,3,0.5195111036300659,0.1976579874753952
121,5,0.5305382013320923,0.08894893527030945
121,6,0.49847081303596497,0.03206264227628708
121,6,0.49847081303596497,0.03206264227628708
121,0,0.5192295908927917,0.032456640154123306
121,2,0.5025982856750488,0.0007838447345420718
121,1,0.5048580765724182,0.2004593163728714
121,3,0.5195111036300659,0.1976579874753952
121,4,0.49475589394569397,0.03917420655488968
121,5,0.5305382013320923,0.08894893527030945
121,6,0.49847081303596497,0.03206264227628708
121,6,0.49847081303596497,0.03206264227628708
121,0,0.5192295908927917,0.032456640154123306
121,1,0.5048580765724182,0.2004593163728714
121,2,0.5025982856750488,0.0007838447345420718
121,4,0.49475589394569397,0.03917420655488968
121,3,0.5195111036300659,0.1976579874753952
121,5,0.5305382013320923,0.08894893527030945
121,6,0.49847081303596497,0.03206264227628708
121,6,0.49847081303596497,0.03206264227628708
121,0,0.5192295908927917,0.032456640154123306
121,1,0.5048580765724182,0.2004593163728714
121,2,0.5025982856750488,0.0007838447345420718
121,4,0.49475589394569397,0.03917420655488968
121,3,0.5195111036300659,0.1976579874753952
121,5,0.5305382013320923,0.08894893527030945
121,6,0.49847081303596497,0.03206264227628708
121,6,0.49847081303596497,0.03206264227628708
121,0,0.5192295908927917,0.032456640154123306
121,2,0.5025982856750488,0.0007838447345420718
121,1,0.5048580765724182,0.2004593163728714
121,3,0.5195111036300659,0.1976579874753952
121,4,0.49475589394569397,0.03917420655488968
121,5,0.5305382013320923,0.08894893527030945
121,6,0.49847081303596497,0.03206264227628708
121,6,0.49847081303596497,0.03206264227628708
121,0,0.5192295908927917,0.032456640154123306
121,1,0.5048580765724182,0.2004593163728714
121,2,0.5025982856750488,0.0007838447345420718
121,4,0.49475589394569397,0.03917420655488968
121,3,0.5195111036300659,0.1976579874753952
121,5,0.5305382013320923,0.08894893527030945
121,6,0.49847081303596497,0.03206264227628708
121,6,0.49847081303596497,0.03206264227628708
121,0,0.5192295908927917,0.032456640154123306
121,1,0.5048580765724182,0.2004593163728714
121,2,0.5025982856750488,0.0007838447345420718
121,4,0.49475589394569397,0.03917420655488968
121,3,0.5195111036300659,0.1976579874753952
121,5,0.5305382013320923,0.08894893527030945
121,6,0.49847081303596497,0.03206264227628708
121,6,0.49847081303596497,0.03206264227628708
121,0,0.5192295908927917,0.032456640154123306
121,2,0.5025982856750488,0.0007838447345420718
121,1,0.5048580765724182,0.2004593163728714
121,3,0.5195111036300659,0.1976579874753952
121,4,0.49475589394569397,0.03917420655488968
121,5,0.5305382013320923,0.08894893527030945
121,0,0.5192295908927917,0.032456640154123306
121,0,0.5192295908927917,0.032456640154123306
121,0,0.5192295908927917,0.032456640154123306
121,0,0.5192295908927917,0.032456640154123306
121,0,0.5192295908927917,0.032456640154123306
121,0,0.5192295908927917,0.032456640154123306
121,0,0.5192295908927917,0.032456640154123306
121,0,0.5192295908927917,0.032456640154123306
121,0,0.5192295908927917,0.032456640154123306
121,0,0.5192295908927917,0.032456640154123306
121,0,0.5192295908927917,0.032456640154123306
121,0,0.5192295908927917,0.032456640154123306
121,0,0.5192295908927917,0.032456640154123306
121,0,0.5192295908927917,0.032456640154123306
121,0,0.5192295908927917,0.032456640154123306
121,0,0.5192295908927917,0.032456640154123306
121,0,0.5192295908927917,0.032456640154123306
121,0,0.5192295908927917,0.032456640154123306
121,0,0.5192295908927917,0.032456640154123306
121,0,0.5192295908927917,0.032456640154123306
121,0,0.5192295908927917,0.032456640154123306
121,0,0.5192295908927917,0.032456640154123306
121,0,0.5192295908927917,0.032456640154123306
121,0,0.5192295908927917,0.032456640154123306
121,0,0.5192295908927917,0.032456640154123306
121,0,0.5192295908927917,0.032456640154123306
121,0,0.5192295908927917,0.032456640154123306
121,0,0.5192295908927917,0.032456640154123306
121,0,0.5192295908927917,0.032456640154123306
121,0,0.5192295908927917,0.032456640154123306
121,0,0.5192295908927917,0.032456640154123306
121,0,0.5192295908927917,0.032456640154123306
121,0,0.5192295908927917,0.032456640154123306
121,0,0.5192295908927917,0.032456640154123306
121,0,0.5192295908927917,0.032456640154123306
121,0,0.5192295908927917,0.032456640154123306
121,0,0.5192295908927917,0.032456640154123306
121,0,0.5192295908927917,0.032456640154123306
121,0,0.5192295908927917,0.032456640154123306
121,0,0.5192295908927917,0.032456640154123306
121,0,0.5192295908927917,0.032456640154123306
121,0,0.5192295908927917,0.032456640154123306
121,0,0.5192295908927917,0.032456640154123306
121,0,0.5192295908927917,0.032456640154123306
121,0,0.5192295908927917,0.032456640154123306
121,0,0.5192295908927917,0.032456640154123306
121,0,0.5192295908927917,0.032456640154123306
121,0,0.5192295908927917,0.032456640154123306
121,0,0.5192295908927917,0.032456640154123306
121,0,0.5192295908927917,0.032456640154123306
121,0,0.5192295908927917,0.032456640154123306
121,0,0.5192295908927917,0.032456640154123306
121,0,0.5192295908927917,0.032456640154123306
121,0,0.5192295908927917,0.032456640154123306
121,0,0.5192295908927917,0.032456640154123306
121,0,0.5192295908927917,0.032456640154123306
121,0,0.5192295908927917,0.032456640154123306
121,0,0.5192295908927917,0.032456640154123306
121,0,0.5192295908927917,0.032456640154123306
121,0,0.5192295908927917,0.032456640154123306
121,0,0.5192295908927917,0.032456640154123306
121,0,0.5192295908927917,0.032456640154123306
121,0,0.5192295908927917,0.032456640154123306
121,0,0.5192295908927917,0.032456640154123306
121,0,0.5192295908927917,0.032456640154123306
121,0,0.5192295908927917,0.032456640154123306
121,0,0.5192295908927917,0.032456640154123306
121,0,0.5192295908927917,0.032456640154123306
121,0,0.5192295908927917,0.032456640154123306
121,0,0.5192295908927917,0.032456640154123306
121,0,0.5192295908927917,0.032456640154123306
121,0,0.5192295908927917,0.032456640154123306
121,0,0.5192295908927917,0.032456640154123306
121,0,0.5192295908927917,0.032456640154123306
121,0,0.5192295908927917,0.032456640154123306
121,0,0.5192295908927917,0.032456640154123306
121,0,0.5192295908927917,0.032456640154123306
121,0,0.5192295908927917,0.032456640154123306
121,0,0.5192295908927917,0.032456640154123306
121,0,0.5192295908927917,0.032456640154123306
121,0,0.5192295908927917,0.032456640154123306
121,0,0.5192295908927917,0.032456640154123306
121,0,0.5192295908927917,0.032456640154123306
121,0,0.5192295908927917,0.032456640154123306
121,0,0.5192295908927917,0.032456640154123306
121,0,0.5192295908927917,0.032456640154123306
121,0,0.5192295908927917,0.032456640154123306
121,0,0.5192295908927917,0.032456640154123306
121,0,0.5192295908927917,0.032456640154123306
121,0,0.5192295908927917,0.032456640154123306
121,0,0.5192295908927917,0.032456640154123306
121,0,0.5192295908927917,0.032456640154123306
121,0,0.5192295908927917,0.032456640154123306
121,0,0.5192295908927917,0.032456640154123306
121,0,0.5192295908927917,0.032456640154123306
121,0,0.5192295908927917,0.032456640154123306
121,0,0.5192295908927917,0.032456640154123306
121,0,0.5192295908927917,0.032456640154123306
121,0,0.5192295908927917,0.032456640154123306
121,0,0.5192295908927917,0.032456640154123306
121,0,0.5192295908927917,0.032456640154123306
121,0,0.5192295908927917,0.032456640154123306
121,0,0.5192295908927917,0.032456640154123306
121,0,0.5192295908927917,0.032456640154123306
121,0,0.5192295908927917,0.032456640154123306
121,0,0.5192295908927917,0.032456640154123306
121,0,0.5192295908927917,0.032456640154123306
121,0,0.5192295908927917,0.032456640154123306
121,0,0.5192295908927917,0.032456640154123306
121,0,0.5192295908927917,0.032456640154123306
121,0,0.5192295908927917,0.032456640154123306
121,0,0.5192295908927917,0.032456640154123306
121,0,0.5192295908927917,0.032456640154123306
121,0,0.5192295908927917,0.032456640154123306
121,0,0.5192295908927917,0.032456640154123306
121,0,0.5192295908927917,0.032456640154123306
121,0,0.5192295908927917,0.032456640154123306
121,0,0.5192295908927917,0.032456640154123306
121,0,0.5192295908927917,0.032456640154123306
121,0,0.5192295908927917,0.032456640154123306
121,0,0.5192295908927917,0.032456640154123306
121,0,0.5192295908927917,0.032456640154123306
121,0,0.5192295908927917,0.032456640154123306
121,0,0.5192295908927917,0.032456640154123306
121,0,0.5192295908927917,0.032456640154123306
121,0,0.5192295908927917,0.032456640154123306
121,0,0.5192295908927917,0.032456640154123306
121,0,0.5192295908927917,0.032456640154123306
121,0,0.5192295908927917,0.032456640154123306
121,0,0.5192295908927917,0.032456640154123306
395,0,0.5213650465011597,0.032456640154123306
395,2,0.5047366619110107,0.0007838447345420718
395,1,0.5069854259490967,0.2004593163728714
395,3,0.5216428637504578,0.1976579874753952
395,5,0.5326704382896423,0.08894893527030945
395,4,0.4968946874141693,0.03917420655488968
395,6,0.5006114840507507,0.03206264227628708
395,6,0.5006114840507507,0.03206264227628708
395,279,0.49628034234046936,0.8794111013412476
395,279,0.49628034234046936,0.8794111013412476
395,280,0.4969760477542877,0.04054993763566017
395,279,0.49628034234046936,0.8794111013412476
395,280,0.4969760477542877,0.04054993763566017
395,280,0.4969760477542877,0.04054993763566017
395,279,0.49628034234046936,0.8794111013412476
395,279,0.49628034234046936,0.8794111013412476
395,280,0.4969760477542877,0.04054993763566017
395,280,0.4969760477542877,0.04054993763566017
395,279,0.49628034234046936,0.8794111013412476
395,280,0.4969760477542877,0.04054993763566017
395,281,0.4900667667388916,0.3140147626399994
395,281,0.4900667667388916,0.3140147626399994
395,282,0.5203489065170288,0.18377628922462463
395,282,0.5203489065170288,0.18377628922462463
395,282,0.5203489065170288,0.18377628922462463
395,281,0.4900667667388916,0.3140147626399994
395,282,0.5203489065170288,0.18377628922462463
395,281,0.4900667667388916,0.3140147626399994
395,281,0.4900667667388916,0.3140147626399994
395,281,0.4900667667388916,0.3140147626399994
395,281,0.4900667667388916,0.3140147626399994
395,282,0.5203489065170288,0.18377628922462463
395,281,0.4900667667388916,0.3140147626399994
395,282,0.5203489065170288,0.18377628922462463
395,0,0.5213650465011597,0.032456640154123306
395,0,0.5213650465011597,0.032456640154123306
395,0,0.5213650465011597,0.032456640154123306
395,0,0.5213650465011597,0.032456640154123306
395,0,0.5213650465011597,0.032456640154123306
395,0,0.5213650465011597,0.032456640154123306
395,0,0.5213650465011597,0.032456640154123306
395,0,0.5213650465011597,0.032456640154123306
395,0,0.5213650465011597,0.032456640154123306
395,0,0.5213650465011597,0.032456640154123306
395,0,0.5213650465011597,0.032456640154123306
395,0,0.5213650465011597,0.032456640154123306
395,0,0.5213650465011597,0.032456640154123306
395,0,0.5213650465011597,0.032456640154123306
395,0,0.5213650465011597,0.032456640154123306
395,0,0.5213650465011597,0.032456640154123306
395,0,0.5213650465011597,0.032456640154123306
395,0,0.5213650465011597,0.032456640154123306
395,0,0.5213650465011597,0.032456640154123306
395,0,0.5213650465011597,0.032456640154123306
395,0,0.5213650465011597,0.032456640154123306
395,0,0.5213650465011597,0.032456640154123306
395,0,0.5213650465011597,0.032456640154123306
395,0,0.5213650465011597,0.032456640154123306
395,0,0.5213650465011597,0.032456640154123306
395,0,0.5213650465011597,0.032456640154123306
395,0,0.5213650465011597,0.032456640154123306
395,0,0.5213650465011597,0.032456640154123306
395,0,0.5213650465011597,0.032456640154123306
395,0,0.5213650465011597,0.032456640154123306
395,0,0.5213650465011597,0.032456640154123306
395,0,0.5213650465011597,0.032456640154123306
395,0,0.5213650465011597,0.032456640154123306
395,0,0.5213650465011597,0.032456640154123306
395,0,0.5213650465011597,0.032456640154123306
395,0,0.5213650465011597,0.032456640154123306
395,0,0.5213650465011597,0.032456640154123306
395,0,0.5213650465011597,0.032456640154123306
395,0,0.5213650465011597,0.032456640154123306
395,0,0.5213650465011597,0.032456640154123306
395,0,0.5213650465011597,0.032456640154123306
395,0,0.5213650465011597,0.032456640154123306
395,0,0.5213650465011597,0.032456640154123306
395,0,0.5213650465011597,0.032456640154123306
395,0,0.5213650465011597,0.032456640154123306
395,0,0.5213650465011597,0.032456640154123306
395,0,0.5213650465011597,0.032456640154123306
395,0,0.5213650465011597,0.032456640154123306
395,0,0.5213650465011597,0.032456640154123306
395,0,0.5213650465011597,0.032456640154123306
395,0,0.5213650465011597,0.032456640154123306
395,0,0.5213650465011597,0.032456640154123306
395,0,0.5213650465011597,0.032456640154123306
395,0,0.5213650465011597,0.032456640154123306
395,0,0.5213650465011597,0.032456640154123306
395,0,0.5213650465011597,0.032456640154123306
395,0,0.5213650465011597,0.032456640154123306
395,0,0.5213650465011597,0.032456640154123306
395,0,0.5213650465011597,0.032456640154123306
395,0,0.5213650465011597,0.032456640154123306
395,0,0.5213650465011597,0.032456640154123306
395,0,0.5213650465011597,0.032456640154123306
395,0,0.5213650465011597,0.032456640154123306
395,0,0.5213650465011597,0.032456640154123306
395,0,0.5213650465011597,0.032456640154123306
395,0,0.5213650465011597,0.032456640154123306
395,0,0.5213650465011597,0.032456640154123306
395,0,0.5213650465011597,0.032456640154123306
395,0,0.5213650465011597,0.032456640154123306
395,0,0.5213650465011597,0.032456640154123306
395,0,0.5213650465011597,0.032456640154123306
395,0,0.5213650465011597,0.032456640154123306
395,0,0.5213650465011597,0.032456640154123306
395,0,0.5213650465011597,0.032456640154123306
395,0,0.5213650465011597,0.032456640154123306
395,0,0.5213650465011597,0.032456640154123306
395,0,0.5213650465011597,0.032456640154123306
395,0,0.5213650465011597,0.032456640154123306
395,0,0.5213650465011597,0.032456640154123306
395,0,0.5213650465011597,0.032456640154123306
395,0,0.5213650465011597,0.032456640154123306
395,0,0.5213650465011597,0.032456640154123306
395,0,0.5213650465011597,0.032456640154123306
395,0,0.5213650465011597,0.032456640154123306
395,0,0.5213650465011597,0.032456640154123306
395,0,0.5213650465011597,0.032456640154123306
395,0,0.5213650465011597,0.032456640154123306
395,0,0.5213650465011597,0.032456640154123306
395,0,0.5213650465011597,0.032456640154123306
395,0,0.5213650465011597,0.032456640154123306
395,0,0.5213650465011597,0.032456640154123306
395,0,0.5213650465011597,0.032456640154123306
395,0,0.5213650465011597,0.032456640154123306
395,0,0.5213650465011597,0.032456640154123306
395,0,0.5213650465011597,0.032456640154123306
395,0,0.5213650465011597,0.032456640154123306
395,0,0.5213650465011597,0.032456640154123306
395,0,0.5213650465011597,0.032456640154123306
395,0,0.5213650465011597,0.032456640154123306
395,0,0.5213650465011597,0.032456640154123306
395,0,0.5213650465011597,0.032456640154123306
395,0,0.5213650465011597,0.032456640154123306
395,0,0.5213650465011597,0.032456640154123306
395,0,0.5213650465011597,0.032456640154123306
395,0,0.5213650465011597,0.032456640154123306
395,0,0.5213650465011597,0.032456640154123306
395,0,0.5213650465011597,0.032456640154123306
395,0,0.5213650465011597,0.032456640154123306
395,0,0.5213650465011597,0.032456640154123306
395,0,0.5213650465011597,0.032456640154123306
395,0,0.5213650465011597,0.032456640154123306
395,0,0.5213650465011597,0.032456640154123306
395,0,0.5213650465011597,0.032456640154123306
395,0,0.5213650465011597,0.032456640154123306
395,0,0.5213650465011597,0.032456640154123306
395,0,0.5213650465011597,0.032456640154123306
395,0,0.5213650465011597,0.032456640154123306
395,0,0.5213650465011597,0.032456640154123306
395,0,0.5213650465011597,0.032456640154123306
395,0,0.5213650465011597,0.032456640154123306
395,0,0.5213650465011597,0.032456640154123306
395,0,0.5213650465011597,0.032456640154123306
395,0,0.5213650465011597,0.032456640154123306
395,0,0.5213650465011597,0.032456640154123306
395,0,0.5213650465011597,0.032456640154123306
395,0,0.5213650465011597,0.032456640154123306
395,0,0.5213650465011597,0.032456640154123306
395,0,0.5213650465011597,0.032456640154123306
395,0,0.5213650465011597,0.032456640154123306
395,0,0.5213650465011597,0.032456640154123306
395,0,0.5213650465011597,0.032456640154123306
395,0,0.5213650465011597,0.032456640154123306
395,0,0.5213650465011597,0.032456640154123306
395,0,0.5213650465011597,0.032456640154123306
395,0,0.5213650465011597,0.032456640154123306
395,0,0.5213650465011597,0.032456640154123306
395,0,0.5213650465011597,0.032456640154123306
395,0,0.5213650465011597,0.032456640154123306
395,0,0.5213650465011597,0.032456640154123306
395,0,0.5213650465011597,0.032456640154123306
395,0,0.5213650465011597,0.032456640154123306
395,0,0.5213650465011597,0.032456640154123306
395,0,0.5213650465011597,0.032456640154123306
395,0,0.5213650465011597,0.032456640154123306
395,0,0.5213650465011597,0.032456640154123306
395,0,0.5213650465011597,0.032456640154123306
395,0,0.5213650465011597,0.032456640154123306
395,0,0.5213650465011597,0.032456640154123306
395,0,0.5213650465011597,0.032456640154123306
395,0,0.5213650465011597,0.032456640154123306
395,0,0.5213650465011597,0.032456640154123306
395,0,0.5213650465011597,0.032456640154123306
395,0,0.5213650465011597,0.032456640154123306
395,0,0.5213650465011597,0.032456640154123306
395,0,0.5213650465011597,0.032456640154123306
395,0,0.5213650465011597,0.032456640154123306
395,0,0.5213650465011597,0.032456640154123306
395,0,0.5213650465011597,0.032456640154123306
395,0,0.5213650465011597,0.032456640154123306
395,0,0.5213650465011597,0.032456640154123306
395,0,0.5213650465011597,0.032456640154123306
395,0,0.5213650465011597,0.032456640154123306
395,0,0.5213650465011597,0.032456640154123306
395,0,0.5213650465011597,0.032456640154123306
395,0,0.5213650465011597,0.032456640154123306
395,0,0.5213650465011597,0.032456640154123306
207,38,0.4860749840736389,0.7595815658569336
207,39,0.48604556918144226,0.7443006038665771
207,46,0.5294708013534546,1.0
207,0,0.519230842590332,0.032456640154123306
207,0,0.519230842590332,0.032456640154123306
207,0,0.519230842590332,0.032456640154123306
207,0,0.519230842590332,0.032456640154123306
207,0,0.519230842590332,0.032456640154123306
207,0,0.519230842590332,0.032456640154123306
207,0,0.519230842590332,0.032456640154123306
207,0,0.519230842590332,0.032456640154123306
207,0,0.519230842590332,0.032456640154123306
207,0,0.519230842590332,0.032456640154123306
207,0,0.519230842590332,0.032456640154123306
207,0,0.519230842590332,0.032456640154123306
207,0,0.519230842590332,0.032456640154123306
207,0,0.519230842590332,0.032456640154123306
207,0,0.519230842590332,0.032456640154123306
207,0,0.519230842590332,0.032456640154123306
207,0,0.519230842590332,0.032456640154123306
207,0,0.519230842590332,0.032456640154123306
207,0,0.519230842590332,0.032456640154123306
207,0,0.519230842590332,0.032456640154123306
207,0,0.519230842590332,0.032456640154123306
207,0,0.519230842590332,0.032456640154123306
207,0,0.519230842590332,0.032456640154123306
207,0,0.519230842590332,0.032456640154123306
207,0,0.519230842590332,0.032456640154123306
207,0,0.519230842590332,0.032456640154123306
207,0,0.519230842590332,0.032456640154123306
207,0,0.519230842590332,0.032456640154123306
207,0,0.519230842590332,0.032456640154123306
207,0,0.519230842590332,0.032456640154123306
207,0,0.519230842590332,0.032456640154123306
207,0,0.519230842590332,0.032456640154123306
207,0,0.519230842590332,0.032456640154123306
207,0,0.519230842590332,0.032456640154123306
207,0,0.519230842590332,0.032456640154123306
207,0,0.519230842590332,0.032456640154123306
207,0,0.519230842590332,0.032456640154123306
207,0,0.519230842590332,0.032456640154123306
207,0,0.519230842590332,0.032456640154123306
207,0,0.519230842590332,0.032456640154123306
207,0,0.519230842590332,0.032456640154123306
207,0,0.519230842590332,0.032456640154123306
207,0,0.519230842590332,0.032456640154123306
207,0,0.519230842590332,0.032456640154123306
207,0,0.519230842590332,0.032456640154123306
207,0,0.519230842590332,0.032456640154123306
207,0,0.519230842590332,0.032456640154123306
207,0,0.519230842590332,0.032456640154123306
207,0,0.519230842590332,0.032456640154123306
207,0,0.519230842590332,0.032456640154123306
207,0,0.519230842590332,0.032456640154123306
207,0,0.519230842590332,0.032456640154123306
207,0,0.519230842590332,0.032456640154123306
207,0,0.519230842590332,0.032456640154123306
207,0,0.519230842590332,0.032456640154123306
207,0,0.519230842590332,0.032456640154123306
207,0,0.519230842590332,0.032456640154123306
207,0,0.519230842590332,0.032456640154123306
207,0,0.519230842590332,0.032456640154123306
207,0,0.519230842590332,0.032456640154123306
207,0,0.519230842590332,0.032456640154123306
207,0,0.519230842590332,0.032456640154123306
207,0,0.519230842590332,0.032456640154123306
207,0,0.519230842590332,0.032456640154123306
207,0,0.519230842590332,0.032456640154123306
207,0,0.519230842590332,0.032456640154123306
207,0,0.519230842590332,0.032456640154123306
207,0,0.519230842590332,0.032456640154123306
207,0,0.519230842590332,0.032456640154123306
207,0,0.519230842590332,0.032456640154123306
207,0,0.519230842590332,0.032456640154123306
207,0,0.519230842590332,0.032456640154123306
207,0,0.519230842590332,0.032456640154123306
207,0,0.519230842590332,0.032456640154123306
207,0,0.519230842590332,0.032456640154123306
207,0,0.519230842590332,0.032456640154123306
207,0,0.519230842590332,0.032456640154123306
207,0,0.519230842590332,0.032456640154123306
207,0,0.519230842590332,0.032456640154123306
207,0,0.519230842590332,0.032456640154123306
207,0,0.519230842590332,0.032456640154123306
207,0,0.519230842590332,0.032456640154123306
207,0,0.519230842590332,0.032456640154123306
207,0,0.519230842590332,0.032456640154123306
207,0,0.519230842590332,0.032456640154123306
207,0,0.519230842590332,0.032456640154123306
207,0,0.519230842590332,0.032456640154123306
207,0,0.519230842590332,0.032456640154123306
207,0,0.519230842590332,0.032456640154123306
207,0,0.519230842590332,0.032456640154123306
207,0,0.519230842590332,0.032456640154123306
207,0,0.519230842590332,0.032456640154123306
207,0,0.519230842590332,0.032456640154123306
207,0,0.519230842590332,0.032456640154123306
207,0,0.519230842590332,0.032456640154123306
207,0,0.519230842590332,0.032456640154123306
207,0,0.519230842590332,0.032456640154123306
207,0,0.519230842590332,0.032456640154123306
207,0,0.519230842590332,0.032456640154123306
207,0,0.519230842590332,0.032456640154123306
207,0,0.519230842590332,0.032456640154123306
207,0,0.519230842590332,0.032456640154123306
207,0,0.519230842590332,0.032456640154123306
207,0,0.519230842590332,0.032456640154123306
207,0,0.519230842590332,0.032456640154123306
207,0,0.519230842590332,0.032456640154123306
207,0,0.519230842590332,0.032456640154123306
207,0,0.519230842590332,0.032456640154123306
207,0,0.519230842590332,0.032456640154123306
207,0,0.519230842590332,0.032456640154123306
207,0,0.519230842590332,0.032456640154123306
207,0,0.519230842590332,0.032456640154123306
207,0,0.519230842590332,0.032456640154123306
207,0,0.519230842590332,0.032456640154123306
207,0,0.519230842590332,0.032456640154123306
207,0,0.519230842590332,0.032456640154123306
207,0,0.519230842590332,0.032456640154123306
207,0,0.519230842590332,0.032456640154123306
207,0,0.519230842590332,0.032456640154123306
207,0,0.519230842590332,0.032456640154123306
207,0,0.519230842590332,0.032456640154123306
207,0,0.519230842590332,0.032456640154123306
207,0,0.519230842590332,0.032456640154123306
207,0,0.519230842590332,0.032456640154123306
207,0,0.519230842590332,0.032456640154123306
207,0,0.519230842590332,0.032456640154123306
207,0,0.519230842590332,0.032456640154123306
207,0,0.519230842590332,0.032456640154123306
207,0,0.519230842590332,0.032456640154123306
207,0,0.519230842590332,0.032456640154123306
207,0,0.519230842590332,0.032456640154123306
207,0,0.519230842590332,0.032456640154123306
207,0,0.519230842590332,0.032456640154123306
207,0,0.519230842590332,0.032456640154123306
207,0,0.519230842590332,0.032456640154123306
207,0,0.519230842590332,0.032456640154123306
207,0,0.519230842590332,0.032456640154123306
207,0,0.519230842590332,0.032456640154123306
207,0,0.519230842590332,0.032456640154123306
207,0,0.519230842590332,0.032456640154123306
207,0,0.519230842590332,0.032456640154123306
207,0,0.519230842590332,0.032456640154123306
207,0,0.519230842590332,0.032456640154123306
207,0,0.519230842590332,0.032456640154123306
207,0,0.519230842590332,0.032456640154123306
207,0,0.519230842590332,0.032456640154123306
207,0,0.519230842590332,0.032456640154123306
207,0,0.519230842590332,0.032456640154123306
207,0,0.519230842590332,0.032456640154123306
207,0,0.519230842590332,0.032456640154123306
207,0,0.519230842590332,0.032456640154123306
207,0,0.519230842590332,0.032456640154123306
207,0,0.519230842590332,0.032456640154123306
207,0,0.519230842590332,0.032456640154123306
207,0,0.519230842590332,0.032456640154123306
207,0,0.519230842590332,0.032456640154123306
207,0,0.519230842590332,0.032456640154123306
207,0,0.519230842590332,0.032456640154123306
207,0,0.519230842590332,0.032456640154123306
207,0,0.519230842590332,0.032456640154123306
207,0,0.519230842590332,0.032456640154123306
207,0,0.519230842590332,0.032456640154123306
207,0,0.519230842590332,0.032456640154123306
207,0,0.519230842590332,0.032456640154123306
207,0,0.519230842590332,0.032456640154123306
207,0,0.519230842590332,0.032456640154123306
207,0,0.519230842590332,0.032456640154123306
207,0,0.519230842590332,0.032456640154123306
207,0,0.519230842590332,0.032456640154123306
207,0,0.519230842590332,0.032456640154123306
207,0,0.519230842590332,0.032456640154123306
207,0,0.519230842590332,0.032456640154123306
207,0,0.519230842590332,0.032456640154123306
207,0,0.519230842590332,0.032456640154123306
207,0,0.519230842590332,0.032456640154123306
207,0,0.519230842590332,0.032456640154123306
207,0,0.519230842590332,0.032456640154123306
207,0,0.519230842590332,0.032456640154123306
207,0,0.519230842590332,0.032456640154123306
207,0,0.519230842590332,0.032456640154123306
207,0,0.519230842590332,0.032456640154123306
207,0,0.519230842590332,0.032456640154123306
207,0,0.519230842590332,0.032456640154123306
207,0,0.519230842590332,0.032456640154123306
207,0,0.519230842590332,0.032456640154123306
207,0,0.519230842590332,0.032456640154123306
207,0,0.519230842590332,0.032456640154123306
207,0,0.519230842590332,0.032456640154123306
207,0,0.519230842590332,0.032456640154123306
207,0,0.519230842590332,0.032456640154123306
207,0,0.519230842590332,0.032456640154123306
207,0,0.519230842590332,0.032456640154123306
207,0,0.519230842590332,0.032456640154123306
207,0,0.519230842590332,0.032456640154123306
207,0,0.519230842590332,0.032456640154123306
207,0,0.519230842590332,0.032456640154123306
207,0,0.519230842590332,0.032456640154123306
742,0,0.5192365050315857,0.032456640154123306
742,2,0.5026052594184875,0.0007838447345420718
742,1,0.5048648715019226,0.2004593163728714
742,1,0.5048648715019226,0.2004593163728714
742,3,0.5195179581642151,0.1976579874753952
742,4,0.4947627782821655,0.03917420655488968
742,5,0.5305450558662415,0.08894893527030945
742,6,0.4984776973724365,0.03206264227628708
742,6,0.4984776973724365,0.03206264227628708
742,0,0.5192365050315857,0.032456640154123306
742,2,0.5026052594184875,0.0007838447345420718
742,1,0.5048648715019226,0.2004593163728714
742,3,0.5195179581642151,0.1976579874753952
742,4,0.4947627782821655,0.03917420655488968
742,5,0.5305450558662415,0.08894893527030945
742,6,0.4984776973724365,0.03206264227628708
742,6,0.4984776973724365,0.03206264227628708
742,0,0.5192365050315857,0.032456640154123306
742,1,0.5048648715019226,0.2004593163728714
742,2,0.5026052594184875,0.0007838447345420718
742,3,0.5195179581642151,0.1976579874753952
742,4,0.4947627782821655,0.03917420655488968
742,5,0.5305450558662415,0.08894893527030945
742,6,0.4984776973724365,0.03206264227628708
742,6,0.4984776973724365,0.03206264227628708
742,0,0.5192365050315857,0.032456640154123306
742,2,0.5026052594184875,0.0007838447345420718
742,1,0.5048648715019226,0.2004593163728714
742,3,0.5195179581642151,0.1976579874753952
742,5,0.5305450558662415,0.08894893527030945
742,4,0.4947627782821655,0.03917420655488968
742,6,0.4984776973724365,0.03206264227628708
742,6,0.4984776973724365,0.03206264227628708
742,0,0.5192365050315857,0.032456640154123306
742,1,0.5048648715019226,0.2004593163728714
742,2,0.5026052594184875,0.0007838447345420718
742,4,0.4947627782821655,0.03917420655488968
742,5,0.5305450558662415,0.08894893527030945
742,3,0.5195179581642151,0.1976579874753952
742,6,0.4984776973724365,0.03206264227628708
742,6,0.4984776973724365,0.03206264227628708
742,0,0.5192365050315857,0.032456640154123306
742,2,0.5026052594184875,0.0007838447345420718
742,1,0.5048648715019226,0.2004593163728714
742,3,0.5195179581642151,0.1976579874753952
742,4,0.4947627782821655,0.03917420655488968
742,5,0.5305450558662415,0.08894893527030945
742,6,0.4984776973724365,0.03206264227628708
742,6,0.4984776973724365,0.03206264227628708
742,0,0.5192365050315857,0.032456640154123306
742,2,0.5026052594184875,0.0007838447345420718
742,1,0.5048648715019226,0.2004593163728714
742,3,0.5195179581642151,0.1976579874753952
742,4,0.4947627782821655,0.03917420655488968
742,5,0.5305450558662415,0.08894893527030945
742,6,0.4984776973724365,0.03206264227628708
742,6,0.4984776973724365,0.03206264227628708
742,0,0.5192365050315857,0.032456640154123306
742,2,0.5026052594184875,0.0007838447345420718
742,1,0.5048648715019226,0.2004593163728714
742,3,0.5195179581642151,0.1976579874753952
742,4,0.4947627782821655,0.03917420655488968
742,5,0.5305450558662415,0.08894893527030945
742,6,0.4984776973724365,0.03206264227628708
742,6,0.4984776973724365,0.03206264227628708
742,0,0.5192365050315857,0.032456640154123306
742,1,0.5048648715019226,0.2004593163728714
742,2,0.5026052594184875,0.0007838447345420718
742,4,0.4947627782821655,0.03917420655488968
742,3,0.5195179581642151,0.1976579874753952
742,5,0.5305450558662415,0.08894893527030945
742,6,0.4984776973724365,0.03206264227628708
742,6,0.4984776973724365,0.03206264227628708
742,0,0.5192365050315857,0.032456640154123306
742,0,0.5192365050315857,0.032456640154123306
742,0,0.5192365050315857,0.032456640154123306
742,0,0.5192365050315857,0.032456640154123306
742,0,0.5192365050315857,0.032456640154123306
742,0,0.5192365050315857,0.032456640154123306
742,0,0.5192365050315857,0.032456640154123306
742,0,0.5192365050315857,0.032456640154123306
742,0,0.5192365050315857,0.032456640154123306
742,0,0.5192365050315857,0.032456640154123306
742,0,0.5192365050315857,0.032456640154123306
742,0,0.5192365050315857,0.032456640154123306
742,0,0.5192365050315857,0.032456640154123306
742,0,0.5192365050315857,0.032456640154123306
742,0,0.5192365050315857,0.032456640154123306
742,0,0.5192365050315857,0.032456640154123306
742,0,0.5192365050315857,0.032456640154123306
742,0,0.5192365050315857,0.032456640154123306
742,0,0.5192365050315857,0.032456640154123306
742,0,0.5192365050315857,0.032456640154123306
742,0,0.5192365050315857,0.032456640154123306
742,0,0.5192365050315857,0.032456640154123306
742,0,0.5192365050315857,0.032456640154123306
742,0,0.5192365050315857,0.032456640154123306
742,0,0.5192365050315857,0.032456640154123306
742,0,0.5192365050315857,0.032456640154123306
742,0,0.5192365050315857,0.032456640154123306
742,0,0.5192365050315857,0.032456640154123306
742,0,0.5192365050315857,0.032456640154123306
742,0,0.5192365050315857,0.032456640154123306
742,0,0.5192365050315857,0.032456640154123306
742,0,0.5192365050315857,0.032456640154123306
742,0,0.5192365050315857,0.032456640154123306
742,0,0.5192365050315857,0.032456640154123306
742,0,0.5192365050315857,0.032456640154123306
742,0,0.5192365050315857,0.032456640154123306
742,0,0.5192365050315857,0.032456640154123306
742,0,0.5192365050315857,0.032456640154123306
742,0,0.5192365050315857,0.032456640154123306
742,0,0.5192365050315857,0.032456640154123306
742,0,0.5192365050315857,0.032456640154123306
742,0,0.5192365050315857,0.032456640154123306
742,0,0.5192365050315857,0.032456640154123306
742,0,0.5192365050315857,0.032456640154123306
742,0,0.5192365050315857,0.032456640154123306
742,0,0.5192365050315857,0.032456640154123306
742,0,0.5192365050315857,0.032456640154123306
742,0,0.5192365050315857,0.032456640154123306
742,0,0.5192365050315857,0.032456640154123306
742,0,0.5192365050315857,0.032456640154123306
742,0,0.5192365050315857,0.032456640154123306
742,0,0.5192365050315857,0.032456640154123306
742,0,0.5192365050315857,0.032456640154123306
742,0,0.5192365050315857,0.032456640154123306
742,0,0.5192365050315857,0.032456640154123306
742,0,0.5192365050315857,0.032456640154123306
742,0,0.5192365050315857,0.032456640154123306
742,0,0.5192365050315857,0.032456640154123306
742,0,0.5192365050315857,0.032456640154123306
742,0,0.5192365050315857,0.032456640154123306
742,0,0.5192365050315857,0.032456640154123306
742,0,0.5192365050315857,0.032456640154123306
742,0,0.5192365050315857,0.032456640154123306
742,0,0.5192365050315857,0.032456640154123306
742,0,0.5192365050315857,0.032456640154123306
742,0,0.5192365050315857,0.032456640154123306
742,0,0.5192365050315857,0.032456640154123306
742,0,0.5192365050315857,0.032456640154123306
742,0,0.5192365050315857,0.032456640154123306
742,0,0.5192365050315857,0.032456640154123306
742,0,0.5192365050315857,0.032456640154123306
742,0,0.5192365050315857,0.032456640154123306
742,0,0.5192365050315857,0.032456640154123306
742,0,0.5192365050315857,0.032456640154123306
742,0,0.5192365050315857,0.032456640154123306
742,0,0.5192365050315857,0.032456640154123306
742,0,0.5192365050315857,0.032456640154123306
742,0,0.5192365050315857,0.032456640154123306
742,0,0.5192365050315857,0.032456640154123306
742,0,0.5192365050315857,0.032456640154123306
742,0,0.5192365050315857,0.032456640154123306
742,0,0.5192365050315857,0.032456640154123306
742,0,0.5192365050315857,0.032456640154123306
742,0,0.5192365050315857,0.032456640154123306
742,0,0.5192365050315857,0.032456640154123306
742,0,0.5192365050315857,0.032456640154123306
742,0,0.5192365050315857,0.032456640154123306
742,0,0.5192365050315857,0.032456640154123306
742,0,0.5192365050315857,0.032456640154123306
742,0,0.5192365050315857,0.032456640154123306
742,0,0.5192365050315857,0.032456640154123306
742,0,0.5192365050315857,0.032456640154123306
742,0,0.5192365050315857,0.032456640154123306
742,0,0.5192365050315857,0.032456640154123306
742,0,0.5192365050315857,0.032456640154123306
742,0,0.5192365050315857,0.032456640154123306
742,0,0.5192365050315857,0.032456640154123306
742,0,0.5192365050315857,0.032456640154123306
742,0,0.5192365050315857,0.032456640154123306
742,0,0.5192365050315857,0.032456640154123306
742,0,0.5192365050315857,0.032456640154123306
742,0,0.5192365050315857,0.032456640154123306
742,0,0.5192365050315857,0.032456640154123306
742,0,0.5192365050315857,0.032456640154123306
742,0,0.5192365050315857,0.032456640154123306
742,0,0.5192365050315857,0.032456640154123306
742,0,0.5192365050315857,0.032456640154123306
742,0,0.5192365050315857,0.032456640154123306
742,0,0.5192365050315857,0.032456640154123306
742,0,0.5192365050315857,0.032456640154123306
742,0,0.5192365050315857,0.032456640154123306
742,0,0.5192365050315857,0.032456640154123306
742,0,0.5192365050315857,0.032456640154123306
742,0,0.5192365050315857,0.032456640154123306
742,0,0.5192365050315857,0.032456640154123306
742,0,0.5192365050315857,0.032456640154123306
742,0,0.5192365050315857,0.032456640154123306
742,0,0.5192365050315857,0.032456640154123306
742,0,0.5192365050315857,0.032456640154123306
742,0,0.5192365050315857,0.032456640154123306
742,0,0.5192365050315857,0.032456640154123306
742,0,0.5192365050315857,0.032456640154123306
742,0,0.5192365050315857,0.032456640154123306
742,0,0.5192365050315857,0.032456640154123306
742,0,0.5192365050315857,0.032456640154123306
742,0,0.5192365050315857,0.032456640154123306
742,0,0.5192365050315857,0.032456640154123306
308,0,0.5192489624023438,0.032456640154123306
308,2,0.5026177167892456,0.0007838447345420718
308,1,0.5048773884773254,0.2004593163728714
308,3,0.5195304155349731,0.1976579874753952
308,4,0.49477526545524597,0.03917420655488968
308,5,0.5305575132369995,0.08894893527030945
308,6,0.4984901249408722,0.03206264227628708
308,31,0.4977910816669464,1.0
308,279,0.4941715896129608,0.8794111013412476
308,279,0.4941715896129608,0.8794111013412476
308,280,0.4948636591434479,0.04054993763566017
308,280,0.4948636591434479,0.04054993763566017
308,279,0.4941715896129608,0.8794111013412476
308,279,0.4941715896129608,0.8794111013412476
308,280,0.4948636591434479,0.04054993763566017
308,281,0.4879607856273651,0.3140147626399994
308,282,0.518240213394165,0.18377628922462463
308,282,0.518240213394165,0.18377628922462463
308,282,0.518240213394165,0.18377628922462463
308,281,0.4879607856273651,0.3140147626399994
308,281,0.4879607856273651,0.3140147626399994
308,281,0.4879607856273651,0.3140147626399994
308,282,0.518240213394165,0.18377628922462463
308,281,0.4879607856273651,0.3140147626399994
308,281,0.4879607856273651,0.3140147626399994
308,281,0.4879607856273651,0.3140147626399994
308,283,0.4943629801273346,0.36342093348503113
308,284,0.4987204670906067,0.8195447325706482
308,284,0.4987204670906067,0.8195447325706482
308,285,0.5081427693367004,1.0
308,283,0.4943629801273346,0.36342093348503113
308,284,0.4987204670906067,0.8195447325706482
308,285,0.5081427693367004,1.0
308,283,0.4943629801273346,0.36342093348503113
308,286,0.5154485106468201,0.43670037388801575
308,287,0.48273879289627075,0.33333367109298706
308,283,0.4943629801273346,0.36342093348503113
308,284,0.4987204670906067,0.8195447325706482
308,285,0.5081427693367004,1.0
308,283,0.4943629801273346,0.36342093348503113
308,286,0.5154485106468201,0.43670037388801575
308,287,0.48273879289627075,0.33333367109298706
308,283,0.4943629801273346,0.36342093348503113
308,286,0.5154485106468201,0.43670037388801575
308,287,0.48273879289627075,0.33333367109298706
308,283,0.4943629801273346,0.36342093348503113
308,284,0.4987204670906067,0.8195447325706482
308,285,0.5081427693367004,1.0
308,283,0.4943629801273346,0.36342093348503113
308,284,0.4987204670906067,0.8195447325706482
308,285,0.5081427693367004,1.0
308,283,0.4943629801273346,0.36342093348503113
308,284,0.4987204670906067,0.8195447325706482
308,285,0.5081427693367004,1.0
308,283,0.4943629801273346,0.36342093348503113
308,286,0.5154485106468201,0.43670037388801575
308,287,0.48273879289627075,0.33333367109298706
308,283,0.4943629801273346,0.36342093348503113
308,284,0.4987204670906067,0.8195447325706482
308,285,0.5081427693367004,1.0
308,283,0.4943629801273346,0.36342093348503113
308,286,0.5154485106468201,0.43670037388801575
308,287,0.48273879289627075,0.33333367109298706
308,283,0.4943629801273346,0.36342093348503113
308,284,0.4987204670906067,0.8195447325706482
308,285,0.5081427693367004,1.0
308,283,0.4943629801273346,0.36342093348503113
308,286,0.5154485106468201,0.43670037388801575
308,287,0.48273879289627075,0.33333367109298706
308,283,0.4943629801273346,0.36342093348503113
308,286,0.5154485106468201,0.43670037388801575
308,287,0.48273879289627075,0.33333367109298706
308,283,0.4943629801273346,0.36342093348503113
308,284,0.4987204670906067,0.8195447325706482
308,285,0.5081427693367004,1.0
308,283,0.4943629801273346,0.36342093348503113
308,284,0.4987204670906067,0.8195447325706482
308,285,0.5081427693367004,1.0
308,288,0.4939520061016083,0.9155881404876709
308,283,0.4943629801273346,0.36342093348503113
308,286,0.5154485106468201,0.43670037388801575
308,287,0.48273879289627075,0.33333367109298706
308,292,0.5122840404510498,1.1403617463656701e-06
308,283,0.4943629801273346,0.36342093348503113
308,293,0.48495858907699585,0.9972285032272339
308,294,0.48936954140663147,0.24909904599189758
308,289,0.5054411292076111,0.00010215607471764088
308,283,0.4943629801273346,0.36342093348503113
308,290,0.5043641924858093,0.9593036770820618
308,291,0.5076856017112732,0.6220545768737793
308,292,0.5122840404510498,1.1403617463656701e-06
308,283,0.4943629801273346,0.36342093348503113
308,293,0.48495858907699585,0.9972285032272339
308,294,0.48936954140663147,0.24909904599189758
308,289,0.5054411292076111,0.00010215607471764088
308,283,0.4943629801273346,0.36342093348503113
308,290,0.5043641924858093,0.9593036770820618
308,291,0.5076856017112732,0.6220545768737793
308,292,0.5122840404510498,1.1403617463656701e-06
308,283,0.4943629801273346,0.36342093348503113
308,293,0.48495858907699585,0.9972285032272339
308,294,0.48936954140663147,0.24909904599189758
308,289,0.5054411292076111,0.00010215607471764088
308,283,0.4943629801273346,0.36342093348503113
308,290,0.5043641924858093,0.9593036770820618
308,291,0.5076856017112732,0.6220545768737793
308,289,0.5054411292076111,0.00010215607471764088
308,283,0.4943629801273346,0.36342093348503113
308,290,0.5043641924858093,0.9593036770820618
308,291,0.5076856017112732,0.6220545768737793
308,295,0.49313950538635254,0.21477031707763672
308,283,0.4943629801273346,0.36342093348503113
308,284,0.4987204670906067,0.8195447325706482
308,285,0.5081427693367004,1.0
308,295,0.49313950538635254,0.21477031707763672
308,283,0.4943629801273346,0.36342093348503113
308,284,0.4987204670906067,0.8195447325706482
308,285,0.5081427693367004,1.0
308,292,0.5122840404510498,1.1403617463656701e-06
308,283,0.4943629801273346,0.36342093348503113
308,293,0.48495858907699585,0.9972285032272339
308,294,0.48936954140663147,0.24909904599189758
308,289,0.5054411292076111,0.00010215607471764088
308,283,0.4943629801273346,0.36342093348503113
308,290,0.5043641924858093,0.9593036770820618
308,291,0.5076856017112732,0.6220545768737793
308,289,0.5054411292076111,0.00010215607471764088
308,283,0.4943629801273346,0.36342093348503113
308,290,0.5043641924858093,0.9593036770820618
308,291,0.5076856017112732,0.6220545768737793
308,289,0.5054411292076111,0.00010215607471764088
308,283,0.4943629801273346,0.36342093348503113
308,290,0.5043641924858093,0.9593036770820618
308,291,0.5076856017112732,0.6220545768737793
308,289,0.5054411292076111,0.00010215607471764088
308,283,0.4943629801273346,0.36342093348503113
308,290,0.5043641924858093,0.9593036770820618
308,291,0.5076856017112732,0.6220545768737793
308,289,0.5054411292076111,0.00010215607471764088
308,283,0.4943629801273346,0.36342093348503113
308,290,0.5043641924858093,0.9593036770820618
308,291,0.5076856017112732,0.6220545768737793
308,295,0.49313950538635254,0.21477031707763672
308,283,0.4943629801273346,0.36342093348503113
308,284,0.4987204670906067,0.8195447325706482
308,285,0.5081427693367004,1.0
308,292,0.5122840404510498,1.1403617463656701e-06
308,283,0.4943629801273346,0.36342093348503113
308,293,0.48495858907699585,0.9972285032272339
308,294,0.48936954140663147,0.24909904599189758
308,292,0.5122840404510498,1.1403617463656701e-06
308,283,0.4943629801273346,0.36342093348503113
308,293,0.48495858907699585,0.9972285032272339
308,294,0.48936954140663147,0.24909904599189758
308,292,0.5122840404510498,1.1403617463656701e-06
308,283,0.4943629801273346,0.36342093348503113
308,293,0.48495858907699585,0.9972285032272339
308,294,0.48936954140663147,0.24909904599189758
308,292,0.5122840404510498,1.1403617463656701e-06
308,283,0.4943629801273346,0.36342093348503113
308,293,0.48495858907699585,0.9972285032272339
308,294,0.48936954140663147,0.24909904599189758
308,292,0.5122840404510498,1.1403617463656701e-06
308,283,0.4943629801273346,0.36342093348503113
308,293,0.48495858907699585,0.9972285032272339
308,294,0.48936954140663147,0.24909904599189758
308,292,0.5122840404510498,1.1403617463656701e-06
308,283,0.4943629801273346,0.36342093348503113
308,293,0.48495858907699585,0.9972285032272339
308,294,0.48936954140663147,0.24909904599189758
308,292,0.5122840404510498,1.1403617463656701e-06
308,283,0.4943629801273346,0.36342093348503113
308,293,0.48495858907699585,0.9972285032272339
308,294,0.48936954140663147,0.24909904599189758
308,289,0.5054411292076111,0.00010215607471764088
308,283,0.4943629801273346,0.36342093348503113
308,290,0.5043641924858093,0.9593036770820618
308,291,0.5076856017112732,0.6220545768737793
308,289,0.5054411292076111,0.00010215607471764088
308,283,0.4943629801273346,0.36342093348503113
308,290,0.5043641924858093,0.9593036770820618
308,291,0.5076856017112732,0.6220545768737793
308,292,0.5122840404510498,1.1403617463656701e-06
308,283,0.4943629801273346,0.36342093348503113
308,293,0.48495858907699585,0.9972285032272339
308,294,0.48936954140663147,0.24909904599189758
308,292,0.5122840404510498,1.1403617463656701e-06
308,283,0.4943629801273346,0.36342093348503113
308,0,0.5192489624023438,0.032456640154123306
308,0,0.5192489624023438,0.032456640154123306
308,0,0.5192489624023438,0.032456640154123306
308,0,0.5192489624023438,0.032456640154123306
308,0,0.5192489624023438,0.032456640154123306
308,0,0.5192489624023438,0.032456640154123306
308,0,0.5192489624023438,0.032456640154123306
308,0,0.5192489624023438,0.032456640154123306
308,0,0.5192489624023438,0.032456640154123306
308,0,0.5192489624023438,0.032456640154123306
308,0,0.5192489624023438,0.032456640154123306
308,0,0.5192489624023438,0.032456640154123306
146,0,0.5192335844039917,0.032456640154123306
146,2,0.5026023387908936,0.0007838447345420718
146,1,0.5048620104789734,0.2004593163728714
146,3,0.5195150971412659,0.1976579874753952
146,4,0.49475985765457153,0.03917420655488968
146,5,0.5305421352386475,0.08894893527030945
146,6,0.49847474694252014,0.03206264227628708
146,6,0.49847474694252014,0.03206264227628708
146,0,0.5192335844039917,0.032456640154123306
146,2,0.5026023387908936,0.0007838447345420718
146,1,0.5048620104789734,0.2004593163728714
146,3,0.5195150971412659,0.1976579874753952
146,5,0.5305421352386475,0.08894893527030945
146,4,0.49475985765457153,0.03917420655488968
146,6,0.49847474694252014,0.03206264227628708
146,6,0.49847474694252014,0.03206264227628708
146,0,0.5192335844039917,0.032456640154123306
146,2,0.5026023387908936,0.0007838447345420718
146,1,0.5048620104789734,0.2004593163728714
146,3,0.5195150971412659,0.1976579874753952
146,4,0.49475985765457153,0.03917420655488968
146,5,0.5305421352386475,0.08894893527030945
146,6,0.49847474694252014,0.03206264227628708
146,6,0.49847474694252014,0.03206264227628708
146,0,0.5192335844039917,0.032456640154123306
146,1,0.5048620104789734,0.2004593163728714
146,2,0.5026023387908936,0.0007838447345420718
146,4,0.49475985765457153,0.03917420655488968
146,3,0.5195150971412659,0.1976579874753952
146,5,0.5305421352386475,0.08894893527030945
146,6,0.49847474694252014,0.03206264227628708
146,6,0.49847474694252014,0.03206264227628708
146,0,0.5192335844039917,0.032456640154123306
146,2,0.5026023387908936,0.0007838447345420718
146,1,0.5048620104789734,0.2004593163728714
146,4,0.49475985765457153,0.03917420655488968
146,3,0.5195150971412659,0.1976579874753952
146,5,0.5305421352386475,0.08894893527030945
146,6,0.49847474694252014,0.03206264227628708
146,6,0.49847474694252014,0.03206264227628708
146,7,0.5280807018280029,0.0005712504498660564
146,8,0.4954157769680023,0.8536729216575623
146,9,0.46979010105133057,0.11330409348011017
146,12,0.49132904410362244,0.38463085889816284
146,10,0.49514785408973694,0.37062060832977295
146,11,0.5215297937393188,0.7055796384811401
146,13,0.48800984025001526,0.19943803548812866
146,6,0.49847474694252014,0.03206264227628708
146,14,0.5230051279067993,0.11159210652112961
146,7,0.5280807018280029,0.0005712504498660564
146,8,0.4954157769680023,0.8536729216575623
146,9,0.46979010105133057,0.11330409348011017
146,12,0.49132904410362244,0.38463085889816284
146,10,0.49514785408973694,0.37062060832977295
146,11,0.5215297937393188,0.7055796384811401
146,13,0.48800984025001526,0.19943803548812866
146,6,0.49847474694252014,0.03206264227628708
146,14,0.5230051279067993,0.11159210652112961
146,7,0.5280807018280029,0.0005712504498660564
146,8,0.4954157769680023,0.8536729216575623
146,9,0.46979010105133057,0.11330409348011017
146,12,0.49132904410362244,0.38463085889816284
146,10,0.49514785408973694,0.37062060832977295
146,11,0.5215297937393188,0.7055796384811401
146,13,0.48800984025001526,0.19943803548812866
146,6,0.49847474694252014,0.03206264227628708
146,14,0.5230051279067993,0.11159210652112961
146,7,0.5280807018280029,0.0005712504498660564
146,8,0.4954157769680023,0.8536729216575623
146,9,0.46979010105133057,0.11330409348011017
146,12,0.49132904410362244,0.38463085889816284
146,10,0.49514785408973694,0.37062060832977295
146,11,0.5215297937393188,0.7055796384811401
146,13,0.48800984025001526,0.19943803548812866
146,6,0.49847474694252014,0.03206264227628708
146,14,0.5230051279067993,0.11159210652112961
146,7,0.5280807018280029,0.0005712504498660564
146,8,0.4954157769680023,0.8536729216575623
146,9,0.46979010105133057,0.11330409348011017
146,12,0.49132904410362244,0.38463085889816284
146,10,0.49514785408973694,0.37062060832977295
146,11,0.5215297937393188,0.7055796384811401
146,13,0.48800984025001526,0.19943803548812866
146,6,0.49847474694252014,0.03206264227628708
146,14,0.5230051279067993,0.11159210652112961
146,7,0.5280807018280029,0.0005712504498660564
146,8,0.4954157769680023,0.8536729216575623
146,9,0.46979010105133057,0.11330409348011017
146,12,0.49132904410362244,0.38463085889816284
146,10,0.49514785408973694,0.37062060832977295
146,11,0.5215297937393188,0.7055796384811401
146,13,0.48800984025001526,0.19943803548812866
146,6,0.49847474694252014,0.03206264227628708
146,14,0.5230051279067993,0.11159210652112961
146,7,0.5280807018280029,0.0005712504498660564
146,8,0.4954157769680023,0.8536729216575623
146,9,0.46979010105133057,0.11330409348011017
146,12,0.49132904410362244,0.38463085889816284
146,10,0.49514785408973694,0.37062060832977295
146,0,0.5192335844039917,0.032456640154123306
146,0,0.5192335844039917,0.032456640154123306
146,0,0.5192335844039917,0.032456640154123306
146,0,0.5192335844039917,0.032456640154123306
146,0,0.5192335844039917,0.032456640154123306
146,0,0.5192335844039917,0.032456640154123306
146,0,0.5192335844039917,0.032456640154123306
146,0,0.5192335844039917,0.032456640154123306
146,0,0.5192335844039917,0.032456640154123306
146,0,0.5192335844039917,0.032456640154123306
146,0,0.5192335844039917,0.032456640154123306
146,0,0.5192335844039917,0.032456640154123306
146,0,0.5192335844039917,0.032456640154123306
146,0,0.5192335844039917,0.032456640154123306
146,0,0.5192335844039917,0.032456640154123306
146,0,0.5192335844039917,0.032456640154123306
146,0,0.5192335844039917,0.032456640154123306
146,0,0.5192335844039917,0.032456640154123306
146,0,0.5192335844039917,0.032456640154123306
146,0,0.5192335844039917,0.032456640154123306
146,0,0.5192335844039917,0.032456640154123306
146,0,0.5192335844039917,0.032456640154123306
146,0,0.5192335844039917,0.032456640154123306
146,0,0.5192335844039917,0.032456640154123306
146,0,0.5192335844039917,0.032456640154123306
146,0,0.5192335844039917,0.032456640154123306
146,0,0.5192335844039917,0.032456640154123306
146,0,0.5192335844039917,0.032456640154123306
146,0,0.5192335844039917,0.032456640154123306
146,0,0.5192335844039917,0.032456640154123306
146,0,0.5192335844039917,0.032456640154123306
146,0,0.5192335844039917,0.032456640154123306
146,0,0.5192335844039917,0.032456640154123306
146,0,0.5192335844039917,0.032456640154123306
146,0,0.5192335844039917,0.032456640154123306
146,0,0.5192335844039917,0.032456640154123306
146,0,0.5192335844039917,0.032456640154123306
146,0,0.5192335844039917,0.032456640154123306
146,0,0.5192335844039917,0.032456640154123306
146,0,0.5192335844039917,0.032456640154123306
146,0,0.5192335844039917,0.032456640154123306
146,0,0.5192335844039917,0.032456640154123306
146,0,0.5192335844039917,0.032456640154123306
146,0,0.5192335844039917,0.032456640154123306
146,0,0.5192335844039917,0.032456640154123306
146,0,0.5192335844039917,0.032456640154123306
146,0,0.5192335844039917,0.032456640154123306
146,0,0.5192335844039917,0.032456640154123306
146,0,0.5192335844039917,0.032456640154123306
146,0,0.5192335844039917,0.032456640154123306
146,0,0.5192335844039917,0.032456640154123306
146,0,0.5192335844039917,0.032456640154123306
146,0,0.5192335844039917,0.032456640154123306
146,0,0.5192335844039917,0.032456640154123306
146,0,0.5192335844039917,0.032456640154123306
146,0,0.5192335844039917,0.032456640154123306
146,0,0.5192335844039917,0.032456640154123306
146,0,0.5192335844039917,0.032456640154123306
146,0,0.5192335844039917,0.032456640154123306
146,0,0.5192335844039917,0.032456640154123306
146,0,0.5192335844039917,0.032456640154123306
146,0,0.5192335844039917,0.032456640154123306
146,0,0.5192335844039917,0.032456640154123306
146,0,0.5192335844039917,0.032456640154123306
146,0,0.5192335844039917,0.032456640154123306
146,0,0.5192335844039917,0.032456640154123306
146,0,0.5192335844039917,0.032456640154123306
146,0,0.5192335844039917,0.032456640154123306
146,0,0.5192335844039917,0.032456640154123306
146,0,0.5192335844039917,0.032456640154123306
146,0,0.5192335844039917,0.032456640154123306
146,0,0.5192335844039917,0.032456640154123306
146,0,0.5192335844039917,0.032456640154123306
146,0,0.5192335844039917,0.032456640154123306
146,0,0.5192335844039917,0.032456640154123306
146,0,0.5192335844039917,0.032456640154123306
146,0,0.5192335844039917,0.032456640154123306
146,0,0.5192335844039917,0.032456640154123306
146,0,0.5192335844039917,0.032456640154123306
146,0,0.5192335844039917,0.032456640154123306
146,0,0.5192335844039917,0.032456640154123306
146,0,0.5192335844039917,0.032456640154123306
146,0,0.5192335844039917,0.032456640154123306
146,0,0.5192335844039917,0.032456640154123306
146,0,0.5192335844039917,0.032456640154123306
146,0,0.5192335844039917,0.032456640154123306
146,0,0.5192335844039917,0.032456640154123306
146,0,0.5192335844039917,0.032456640154123306
146,0,0.5192335844039917,0.032456640154123306
146,0,0.5192335844039917,0.032456640154123306
146,0,0.5192335844039917,0.032456640154123306
146,0,0.5192335844039917,0.032456640154123306
146,0,0.5192335844039917,0.032456640154123306
146,0,0.5192335844039917,0.032456640154123306
146,0,0.5192335844039917,0.032456640154123306
146,0,0.5192335844039917,0.032456640154123306
146,0,0.5192335844039917,0.032456640154123306
146,0,0.5192335844039917,0.032456640154123306
146,0,0.5192335844039917,0.032456640154123306
146,0,0.5192335844039917,0.032456640154123306
146,0,0.5192335844039917,0.032456640154123306
233,1,0.5048647522926331,0.2004593163728714
233,3,0.5195178389549255,0.1976579874753952
233,4,0.494762659072876,0.03917420655488968
233,5,0.5305449366569519,0.08894893527030945
233,6,0.498477578163147,0.03206264227628708
233,6,0.498477578163147,0.03206264227628708
233,0,0.5192363262176514,0.032456640154123306
233,1,0.5048647522926331,0.2004593163728714
233,2,0.502605140209198,0.0007838447345420718
233,4,0.494762659072876,0.03917420655488968
233,3,0.5195178389549255,0.1976579874753952
233,5,0.5305449366569519,0.08894893527030945
233,6,0.498477578163147,0.03206264227628708
233,6,0.498477578163147,0.03206264227628708
233,0,0.5192363262176514,0.032456640154123306
233,2,0.502605140209198,0.0007838447345420718
233,1,0.5048647522926331,0.2004593163728714
233,3,0.5195178389549255,0.1976579874753952
233,4,0.494762659072876,0.03917420655488968
233,5,0.5305449366569519,0.08894893527030945
233,4,0.494762659072876,0.03917420655488968
233,5,0.5305449366569519,0.08894893527030945
233,6,0.498477578163147,0.03206264227628708
233,6,0.498477578163147,0.03206264227628708
233,6,0.498477578163147,0.03206264227628708
233,6,0.498477578163147,0.03206264227628708
233,0,0.5192363262176514,0.032456640154123306
233,1,0.5048647522926331,0.2004593163728714
233,2,0.502605140209198,0.0007838447345420718
233,4,0.494762659072876,0.03917420655488968
233,3,0.5195178389549255,0.1976579874753952
233,5,0.5305449366569519,0.08894893527030945
233,6,0.498477578163147,0.03206264227628708
233,6,0.498477578163147,0.03206264227628708
233,0,0.5192363262176514,0.032456640154123306
233,2,0.502605140209198,0.0007838447345420718
233,1,0.5048647522926331,0.2004593163728714
233,1,0.5048647522926331,0.2004593163728714
233,3,0.5195178389549255,0.1976579874753952
233,4,0.494762659072876,0.03917420655488968
233,5,0.5305449366569519,0.08894893527030945
233,6,0.498477578163147,0.03206264227628708
233,6,0.498477578163147,0.03206264227628708
233,0,0.5192363262176514,0.032456640154123306
233,1,0.5048647522926331,0.2004593163728714
233,2,0.502605140209198,0.0007838447345420718
233,4,0.494762659072876,0.03917420655488968
233,3,0.5195178389549255,0.1976579874753952
233,5,0.5305449366569519,0.08894893527030945
233,6,0.498477578163147,0.03206264227628708
233,6,0.498477578163147,0.03206264227628708
233,0,0.5192363262176514,0.032456640154123306
233,1,0.5048647522926331,0.2004593163728714
233,2,0.502605140209198,0.0007838447345420718
233,3,0.5195178389549255,0.1976579874753952
233,4,0.494762659072876,0.03917420655488968
233,5,0.5305449366569519,0.08894893527030945
233,6,0.498477578163147,0.03206264227628708
233,6,0.498477578163147,0.03206264227628708
233,0,0.5192363262176514,0.032456640154123306
233,2,0.502605140209198,0.0007838447345420718
233,1,0.5048647522926331,0.2004593163728714
233,3,0.5195178389549255,0.1976579874753952
233,4,0.494762659072876,0.03917420655488968
233,5,0.5305449366569519,0.08894893527030945
233,6,0.498477578163147,0.03206264227628708
233,6,0.498477578163147,0.03206264227628708
233,0,0.5192363262176514,0.032456640154123306
233,1,0.5048647522926331,0.2004593163728714
233,0,0.5192363262176514,0.032456640154123306
233,0,0.5192363262176514,0.032456640154123306
233,0,0.5192363262176514,0.032456640154123306
233,0,0.5192363262176514,0.032456640154123306
233,0,0.5192363262176514,0.032456640154123306
233,0,0.5192363262176514,0.032456640154123306
233,0,0.5192363262176514,0.032456640154123306
233,0,0.5192363262176514,0.032456640154123306
233,0,0.5192363262176514,0.032456640154123306
233,0,0.5192363262176514,0.032456640154123306
233,0,0.5192363262176514,0.032456640154123306
233,0,0.5192363262176514,0.032456640154123306
233,0,0.5192363262176514,0.032456640154123306
233,0,0.5192363262176514,0.032456640154123306
233,0,0.5192363262176514,0.032456640154123306
233,0,0.5192363262176514,0.032456640154123306
233,0,0.5192363262176514,0.032456640154123306
233,0,0.5192363262176514,0.032456640154123306
233,0,0.5192363262176514,0.032456640154123306
233,0,0.5192363262176514,0.032456640154123306
233,0,0.5192363262176514,0.032456640154123306
233,0,0.5192363262176514,0.032456640154123306
233,0,0.5192363262176514,0.032456640154123306
233,0,0.5192363262176514,0.032456640154123306
233,0,0.5192363262176514,0.032456640154123306
233,0,0.5192363262176514,0.032456640154123306
233,0,0.5192363262176514,0.032456640154123306
233,0,0.5192363262176514,0.032456640154123306
233,0,0.5192363262176514,0.032456640154123306
233,0,0.5192363262176514,0.032456640154123306
233,0,0.5192363262176514,0.032456640154123306
233,0,0.5192363262176514,0.032456640154123306
233,0,0.5192363262176514,0.032456640154123306
233,0,0.5192363262176514,0.032456640154123306
233,0,0.5192363262176514,0.032456640154123306
233,0,0.5192363262176514,0.032456640154123306
233,0,0.5192363262176514,0.032456640154123306
233,0,0.5192363262176514,0.032456640154123306
233,0,0.5192363262176514,0.032456640154123306
233,0,0.5192363262176514,0.032456640154123306
233,0,0.5192363262176514,0.032456640154123306
233,0,0.5192363262176514,0.032456640154123306
233,0,0.5192363262176514,0.032456640154123306
233,0,0.5192363262176514,0.032456640154123306
233,0,0.5192363262176514,0.032456640154123306
233,0,0.5192363262176514,0.032456640154123306
233,0,0.5192363262176514,0.032456640154123306
233,0,0.5192363262176514,0.032456640154123306
233,0,0.5192363262176514,0.032456640154123306
233,0,0.5192363262176514,0.032456640154123306
233,0,0.5192363262176514,0.032456640154123306
233,0,0.5192363262176514,0.032456640154123306
233,0,0.5192363262176514,0.032456640154123306
233,0,0.5192363262176514,0.032456640154123306
233,0,0.5192363262176514,0.032456640154123306
233,0,0.5192363262176514,0.032456640154123306
233,0,0.5192363262176514,0.032456640154123306
233,0,0.5192363262176514,0.032456640154123306
233,0,0.5192363262176514,0.032456640154123306
233,0,0.5192363262176514,0.032456640154123306
233,0,0.5192363262176514,0.032456640154123306
233,0,0.5192363262176514,0.032456640154123306
233,0,0.5192363262176514,0.032456640154123306
233,0,0.5192363262176514,0.032456640154123306
233,0,0.5192363262176514,0.032456640154123306
233,0,0.5192363262176514,0.032456640154123306
233,0,0.5192363262176514,0.032456640154123306
233,0,0.5192363262176514,0.032456640154123306
233,0,0.5192363262176514,0.032456640154123306
233,0,0.5192363262176514,0.032456640154123306
233,0,0.5192363262176514,0.032456640154123306
233,0,0.5192363262176514,0.032456640154123306
233,0,0.5192363262176514,0.032456640154123306
233,0,0.5192363262176514,0.032456640154123306
233,0,0.5192363262176514,0.032456640154123306
233,0,0.5192363262176514,0.032456640154123306
233,0,0.5192363262176514,0.032456640154123306
233,0,0.5192363262176514,0.032456640154123306
233,0,0.5192363262176514,0.032456640154123306
233,0,0.5192363262176514,0.032456640154123306
233,0,0.5192363262176514,0.032456640154123306
233,0,0.5192363262176514,0.032456640154123306
233,0,0.5192363262176514,0.032456640154123306
233,0,0.5192363262176514,0.032456640154123306
233,0,0.5192363262176514,0.032456640154123306
233,0,0.5192363262176514,0.032456640154123306
233,0,0.5192363262176514,0.032456640154123306
233,0,0.5192363262176514,0.032456640154123306
233,0,0.5192363262176514,0.032456640154123306
233,0,0.5192363262176514,0.032456640154123306
233,0,0.5192363262176514,0.032456640154123306
233,0,0.5192363262176514,0.032456640154123306
233,0,0.5192363262176514,0.032456640154123306
233,0,0.5192363262176514,0.032456640154123306
233,0,0.5192363262176514,0.032456640154123306
233,0,0.5192363262176514,0.032456640154123306
233,0,0.5192363262176514,0.032456640154123306
233,0,0.5192363262176514,0.032456640154123306
233,0,0.5192363262176514,0.032456640154123306
233,0,0.5192363262176514,0.032456640154123306
233,0,0.5192363262176514,0.032456640154123306
233,0,0.5192363262176514,0.032456640154123306
233,0,0.5192363262176514,0.032456640154123306
233,0,0.5192363262176514,0.032456640154123306
233,0,0.5192363262176514,0.032456640154123306
233,0,0.5192363262176514,0.032456640154123306
233,0,0.5192363262176514,0.032456640154123306
233,0,0.5192363262176514,0.032456640154123306
233,0,0.5192363262176514,0.032456640154123306
233,0,0.5192363262176514,0.032456640154123306
233,0,0.5192363262176514,0.032456640154123306
233,0,0.5192363262176514,0.032456640154123306
233,0,0.5192363262176514,0.032456640154123306
233,0,0.5192363262176514,0.032456640154123306
233,0,0.5192363262176514,0.032456640154123306
233,0,0.5192363262176514,0.032456640154123306
233,0,0.5192363262176514,0.032456640154123306
233,0,0.5192363262176514,0.032456640154123306
233,0,0.5192363262176514,0.032456640154123306
233,0,0.5192363262176514,0.032456640154123306
233,0,0.5192363262176514,0.032456640154123306
233,0,0.5192363262176514,0.032456640154123306
233,0,0.5192363262176514,0.032456640154123306
233,0,0.5192363262176514,0.032456640154123306
233,0,0.5192363262176514,0.032456640154123306
233,0,0.5192363262176514,0.032456640154123306
233,0,0.5192363262176514,0.032456640154123306
233,0,0.5192363262176514,0.032456640154123306
233,0,0.5192363262176514,0.032456640154123306
233,0,0.5192363262176514,0.032456640154123306
233,0,0.5192363262176514,0.032456640154123306
409,279,0.49415335059165955,0.8794111013412476
409,280,0.4948453903198242,0.04054993763566017
409,279,0.49415335059165955,0.8794111013412476
409,280,0.4948453903198242,0.04054993763566017
409,279,0.49415335059165955,0.8794111013412476
409,0,0.5192306041717529,0.032456640154123306
409,0,0.5192306041717529,0.032456640154123306
409,0,0.5192306041717529,0.032456640154123306
409,0,0.5192306041717529,0.032456640154123306
409,0,0.5192306041717529,0.032456640154123306
409,0,0.5192306041717529,0.032456640154123306
409,0,0.5192306041717529,0.032456640154123306
409,0,0.5192306041717529,0.032456640154123306
409,0,0.5192306041717529,0.032456640154123306
409,0,0.5192306041717529,0.032456640154123306
409,0,0.5192306041717529,0.032456640154123306
409,0,0.5192306041717529,0.032456640154123306
409,0,0.5192306041717529,0.032456640154123306
409,0,0.5192306041717529,0.032456640154123306
409,0,0.5192306041717529,0.032456640154123306
409,0,0.5192306041717529,0.032456640154123306
409,0,0.5192306041717529,0.032456640154123306
409,0,0.5192306041717529,0.032456640154123306
409,0,0.5192306041717529,0.032456640154123306
409,0,0.5192306041717529,0.032456640154123306
409,0,0.5192306041717529,0.032456640154123306
409,0,0.5192306041717529,0.032456640154123306
409,0,0.5192306041717529,0.032456640154123306
409,0,0.5192306041717529,0.032456640154123306
409,0,0.5192306041717529,0.032456640154123306
409,0,0.5192306041717529,0.032456640154123306
409,0,0.5192306041717529,0.032456640154123306
409,0,0.5192306041717529,0.032456640154123306
409,0,0.5192306041717529,0.032456640154123306
409,0,0.5192306041717529,0.032456640154123306
409,0,0.5192306041717529,0.032456640154123306
409,0,0.5192306041717529,0.032456640154123306
409,0,0.5192306041717529,0.032456640154123306
409,0,0.5192306041717529,0.032456640154123306
409,0,0.5192306041717529,0.032456640154123306
409,0,0.5192306041717529,0.032456640154123306
409,0,0.5192306041717529,0.032456640154123306
409,0,0.5192306041717529,0.032456640154123306
409,0,0.5192306041717529,0.032456640154123306
409,0,0.5192306041717529,0.032456640154123306
409,0,0.5192306041717529,0.032456640154123306
409,0,0.5192306041717529,0.032456640154123306
409,0,0.5192306041717529,0.032456640154123306
409,0,0.5192306041717529,0.032456640154123306
409,0,0.5192306041717529,0.032456640154123306
409,0,0.5192306041717529,0.032456640154123306
409,0,0.5192306041717529,0.032456640154123306
409,0,0.5192306041717529,0.032456640154123306
409,0,0.5192306041717529,0.032456640154123306
409,0,0.5192306041717529,0.032456640154123306
409,0,0.5192306041717529,0.032456640154123306
409,0,0.5192306041717529,0.032456640154123306
409,0,0.5192306041717529,0.032456640154123306
409,0,0.5192306041717529,0.032456640154123306
409,0,0.5192306041717529,0.032456640154123306
409,0,0.5192306041717529,0.032456640154123306
409,0,0.5192306041717529,0.032456640154123306
409,0,0.5192306041717529,0.032456640154123306
409,0,0.5192306041717529,0.032456640154123306
409,0,0.5192306041717529,0.032456640154123306
409,0,0.5192306041717529,0.032456640154123306
409,0,0.5192306041717529,0.032456640154123306
409,0,0.5192306041717529,0.032456640154123306
409,0,0.5192306041717529,0.032456640154123306
409,0,0.5192306041717529,0.032456640154123306
409,0,0.5192306041717529,0.032456640154123306
409,0,0.5192306041717529,0.032456640154123306
409,0,0.5192306041717529,0.032456640154123306
409,0,0.5192306041717529,0.032456640154123306
409,0,0.5192306041717529,0.032456640154123306
409,0,0.5192306041717529,0.032456640154123306
409,0,0.5192306041717529,0.032456640154123306
409,0,0.5192306041717529,0.032456640154123306
409,0,0.5192306041717529,0.032456640154123306
409,0,0.5192306041717529,0.032456640154123306
409,0,0.5192306041717529,0.032456640154123306
409,0,0.5192306041717529,0.032456640154123306
409,0,0.5192306041717529,0.032456640154123306
409,0,0.5192306041717529,0.032456640154123306
409,0,0.5192306041717529,0.032456640154123306
409,0,0.5192306041717529,0.032456640154123306
409,0,0.5192306041717529,0.032456640154123306
409,0,0.5192306041717529,0.032456640154123306
409,0,0.5192306041717529,0.032456640154123306
409,0,0.5192306041717529,0.032456640154123306
409,0,0.5192306041717529,0.032456640154123306
409,0,0.5192306041717529,0.032456640154123306
409,0,0.5192306041717529,0.032456640154123306
409,0,0.5192306041717529,0.032456640154123306
409,0,0.5192306041717529,0.032456640154123306
409,0,0.5192306041717529,0.032456640154123306
409,0,0.5192306041717529,0.032456640154123306
409,0,0.5192306041717529,0.032456640154123306
409,0,0.5192306041717529,0.032456640154123306
409,0,0.5192306041717529,0.032456640154123306
409,0,0.5192306041717529,0.032456640154123306
409,0,0.5192306041717529,0.032456640154123306
409,0,0.5192306041717529,0.032456640154123306
409,0,0.5192306041717529,0.032456640154123306
409,0,0.5192306041717529,0.032456640154123306
409,0,0.5192306041717529,0.032456640154123306
409,0,0.5192306041717529,0.032456640154123306
409,0,0.5192306041717529,0.032456640154123306
409,0,0.5192306041717529,0.032456640154123306
409,0,0.5192306041717529,0.032456640154123306
409,0,0.5192306041717529,0.032456640154123306
409,0,0.5192306041717529,0.032456640154123306
409,0,0.5192306041717529,0.032456640154123306
409,0,0.5192306041717529,0.032456640154123306
409,0,0.5192306041717529,0.032456640154123306
409,0,0.5192306041717529,0.032456640154123306
409,0,0.5192306041717529,0.032456640154123306
409,0,0.5192306041717529,0.032456640154123306
409,0,0.5192306041717529,0.032456640154123306
409,0,0.5192306041717529,0.032456640154123306
409,0,0.5192306041717529,0.032456640154123306
409,0,0.5192306041717529,0.032456640154123306
409,0,0.5192306041717529,0.032456640154123306
409,0,0.5192306041717529,0.032456640154123306
409,0,0.5192306041717529,0.032456640154123306
409,0,0.5192306041717529,0.032456640154123306
409,0,0.5192306041717529,0.032456640154123306
409,0,0.5192306041717529,0.032456640154123306
409,0,0.5192306041717529,0.032456640154123306
409,0,0.5192306041717529,0.032456640154123306
409,0,0.5192306041717529,0.032456640154123306
409,0,0.5192306041717529,0.032456640154123306
409,0,0.5192306041717529,0.032456640154123306
409,0,0.5192306041717529,0.032456640154123306
409,0,0.5192306041717529,0.032456640154123306
409,0,0.5192306041717529,0.032456640154123306
409,0,0.5192306041717529,0.032456640154123306
409,0,0.5192306041717529,0.032456640154123306
409,0,0.5192306041717529,0.032456640154123306
409,0,0.5192306041717529,0.032456640154123306
409,0,0.5192306041717529,0.032456640154123306
409,0,0.5192306041717529,0.032456640154123306
409,0,0.5192306041717529,0.032456640154123306
409,0,0.5192306041717529,0.032456640154123306
409,0,0.5192306041717529,0.032456640154123306
409,0,0.5192306041717529,0.032456640154123306
409,0,0.5192306041717529,0.032456640154123306
409,0,0.5192306041717529,0.032456640154123306
409,0,0.5192306041717529,0.032456640154123306
409,0,0.5192306041717529,0.032456640154123306
409,0,0.5192306041717529,0.032456640154123306
409,0,0.5192306041717529,0.032456640154123306
409,0,0.5192306041717529,0.032456640154123306
409,0,0.5192306041717529,0.032456640154123306
409,0,0.5192306041717529,0.032456640154123306
409,0,0.5192306041717529,0.032456640154123306
409,0,0.5192306041717529,0.032456640154123306
409,0,0.5192306041717529,0.032456640154123306
409,0,0.5192306041717529,0.032456640154123306
409,0,0.5192306041717529,0.032456640154123306
409,0,0.5192306041717529,0.032456640154123306
409,0,0.5192306041717529,0.032456640154123306
409,0,0.5192306041717529,0.032456640154123306
409,0,0.5192306041717529,0.032456640154123306
409,0,0.5192306041717529,0.032456640154123306
409,0,0.5192306041717529,0.032456640154123306
409,0,0.5192306041717529,0.032456640154123306
409,0,0.5192306041717529,0.032456640154123306
409,0,0.5192306041717529,0.032456640154123306
409,0,0.5192306041717529,0.032456640154123306
409,0,0.5192306041717529,0.032456640154123306
409,0,0.5192306041717529,0.032456640154123306
409,0,0.5192306041717529,0.032456640154123306
409,0,0.5192306041717529,0.032456640154123306
409,0,0.5192306041717529,0.032456640154123306
409,0,0.5192306041717529,0.032456640154123306
409,0,0.5192306041717529,0.032456640154123306
409,0,0.5192306041717529,0.032456640154123306
409,0,0.5192306041717529,0.032456640154123306
409,0,0.5192306041717529,0.032456640154123306
409,0,0.5192306041717529,0.032456640154123306
409,0,0.5192306041717529,0.032456640154123306
409,0,0.5192306041717529,0.032456640154123306
409,0,0.5192306041717529,0.032456640154123306
409,0,0.5192306041717529,0.032456640154123306
409,0,0.5192306041717529,0.032456640154123306
409,0,0.5192306041717529,0.032456640154123306
409,0,0.5192306041717529,0.032456640154123306
409,0,0.5192306041717529,0.032456640154123306
409,0,0.5192306041717529,0.032456640154123306
409,0,0.5192306041717529,0.032456640154123306
409,0,0.5192306041717529,0.032456640154123306
409,0,0.5192306041717529,0.032456640154123306
409,0,0.5192306041717529,0.032456640154123306
409,0,0.5192306041717529,0.032456640154123306
409,0,0.5192306041717529,0.032456640154123306
409,0,0.5192306041717529,0.032456640154123306
409,0,0.5192306041717529,0.032456640154123306
409,0,0.5192306041717529,0.032456640154123306
409,0,0.5192306041717529,0.032456640154123306
758,0,0.519236147403717,0.032456640154123306
758,2,0.5026048421859741,0.0007838447345420718
758,1,0.5048645734786987,0.2004593163728714
758,3,0.5195176005363464,0.1976579874753952
758,4,0.4947624206542969,0.03917420655488968
758,5,0.5305446982383728,0.08894893527030945
758,6,0.49847733974456787,0.03206264227628708
758,6,0.49847733974456787,0.03206264227628708
758,0,0.519236147403717,0.032456640154123306
758,2,0.5026048421859741,0.0007838447345420718
758,1,0.5048645734786987,0.2004593163728714
758,4,0.4947624206542969,0.03917420655488968
758,3,0.5195176005363464,0.1976579874753952
758,5,0.5305446982383728,0.08894893527030945
758,6,0.49847733974456787,0.03206264227628708
758,6,0.49847733974456787,0.03206264227628708
758,0,0.519236147403717,0.032456640154123306
758,2,0.5026048421859741,0.0007838447345420718
758,1,0.5048645734786987,0.2004593163728714
758,3,0.5195176005363464,0.1976579874753952
758,4,0.4947624206542969,0.03917420655488968
758,5,0.5305446982383728,0.08894893527030945
758,6,0.49847733974456787,0.03206264227628708
758,6,0.49847733974456787,0.03206264227628708
758,0,0.519236147403717,0.032456640154123306
758,2,0.5026048421859741,0.0007838447345420718
758,1,0.5048645734786987,0.2004593163728714
758,3,0.5195176005363464,0.1976579874753952
758,4,0.4947624206542969,0.03917420655488968
758,5,0.5305446982383728,0.08894893527030945
758,6,0.49847733974456787,0.03206264227628708
758,6,0.49847733974456787,0.03206264227628708
758,0,0.519236147403717,0.032456640154123306
758,2,0.5026048421859741,0.0007838447345420718
758,1,0.5048645734786987,0.2004593163728714
758,3,0.5195176005363464,0.1976579874753952
758,4,0.4947624206542969,0.03917420655488968
758,5,0.5305446982383728,0.08894893527030945
758,6,0.49847733974456787,0.03206264227628708
758,6,0.49847733974456787,0.03206264227628708
758,0,0.519236147403717,0.032456640154123306
758,2,0.5026048421859741,0.0007838447345420718
758,1,0.5048645734786987,0.2004593163728714
758,3,0.5195176005363464,0.1976579874753952
758,4,0.4947624206542969,0.03917420655488968
758,5,0.5305446982383728,0.08894893527030945
758,6,0.49847733974456787,0.03206264227628708
758,6,0.49847733974456787,0.03206264227628708
758,0,0.519236147403717,0.032456640154123306
758,1,0.5048645734786987,0.2004593163728714
758,2,0.5026048421859741,0.0007838447345420718
758,4,0.4947624206542969,0.03917420655488968
758,3,0.5195176005363464,0.1976579874753952
758,5,0.5305446982383728,0.08894893527030945
758,6,0.49847733974456787,0.03206264227628708
758,6,0.49847733974456787,0.03206264227628708
758,0,0.519236147403717,0.032456640154123306
758,1,0.5048645734786987,0.2004593163728714
758,2,0.5026048421859741,0.0007838447345420718
758,4,0.4947624206542969,0.03917420655488968
758,3,0.5195176005363464,0.1976579874753952
758,5,0.5305446982383728,0.08894893527030945
758,6,0.49847733974456787,0.03206264227628708
758,6,0.49847733974456787,0.03206264227628708
758,0,0.519236147403717,0.032456640154123306
758,1,0.5048645734786987,0.2004593163728714
758,2,0.5026048421859741,0.0007838447345420718
758,4,0.4947624206542969,0.03917420655488968
758,3,0.5195176005363464,0.1976579874753952
758,5,0.5305446982383728,0.08894893527030945
758,6,0.49847733974456787,0.03206264227628708
758,6,0.49847733974456787,0.03206264227628708
758,0,0.519236147403717,0.032456640154123306
758,1,0.5048645734786987,0.2004593163728714
758,2,0.5026048421859741,0.0007838447345420718
758,3,0.5195176005363464,0.1976579874753952
758,4,0.4947624206542969,0.03917420655488968
758,5,0.5305446982383728,0.08894893527030945
758,6,0.49847733974456787,0.03206264227628708
758,6,0.49847733974456787,0.03206264227628708
758,0,0.519236147403717,0.032456640154123306
758,1,0.5048645734786987,0.2004593163728714
758,2,0.5026048421859741,0.0007838447345420718
758,3,0.5195176005363464,0.1976579874753952
758,4,0.4947624206542969,0.03917420655488968
758,5,0.5305446982383728,0.08894893527030945
758,6,0.49847733974456787,0.03206264227628708
758,6,0.49847733974456787,0.03206264227628708
758,0,0.519236147403717,0.032456640154123306
758,1,0.5048645734786987,0.2004593163728714
758,2,0.5026048421859741,0.0007838447345420718
758,3,0.5195176005363464,0.1976579874753952
758,4,0.4947624206542969,0.03917420655488968
758,5,0.5305446982383728,0.08894893527030945
758,6,0.49847733974456787,0.03206264227628708
758,6,0.49847733974456787,0.03206264227628708
758,7,0.5280832052230835,0.0005712504498660564
758,9,0.4697926938533783,0.11330409348011017
758,8,0.49541836977005005,0.8536729216575623
758,12,0.4913315773010254,0.38463085889816284
758,10,0.4951503872871399,0.37062060832977295
758,10,0.4951503872871399,0.37062060832977295
758,11,0.5215323567390442,0.7055796384811401
758,13,0.4880123436450958,0.19943803548812866
758,6,0.49847733974456787,0.03206264227628708
758,14,0.5230076909065247,0.11159210652112961
758,7,0.5280832052230835,0.0005712504498660564
758,8,0.49541836977005005,0.8536729216575623
758,9,0.4697926938533783,0.11330409348011017
758,12,0.4913315773010254,0.38463085889816284
758,10,0.4951503872871399,0.37062060832977295
758,11,0.5215323567390442,0.7055796384811401
758,13,0.4880123436450958,0.19943803548812866
758,6,0.49847733974456787,0.03206264227628708
758,14,0.5230076909065247,0.11159210652112961
758,7,0.5280832052230835,0.0005712504498660564
758,9,0.4697926938533783,0.11330409348011017
758,8,0.49541836977005005,0.8536729216575623
758,10,0.4951503872871399,0.37062060832977295
758,12,0.4913315773010254,0.38463085889816284
758,11,0.5215323567390442,0.7055796384811401
758,13,0.4880123436450958,0.19943803548812866
758,6,0.49847733974456787,0.03206264227628708
758,14,0.5230076909065247,0.11159210652112961
758,7,0.5280832052230835,0.0005712504498660564
758,9,0.4697926938533783,0.11330409348011017
758,8,0.49541836977005005,0.8536729216575623
758,10,0.4951503872871399,0.37062060832977295
758,12,0.4913315773010254,0.38463085889816284
758,11,0.5215323567390442,0.7055796384811401
758,13,0.4880123436450958,0.19943803548812866
758,6,0.49847733974456787,0.03206264227628708
758,14,0.5230076909065247,0.11159210652112961
758,7,0.5280832052230835,0.0005712504498660564
758,9,0.4697926938533783,0.11330409348011017
758,8,0.49541836977005005,0.8536729216575623
758,10,0.4951503872871399,0.37062060832977295
758,12,0.4913315773010254,0.38463085889816284
758,11,0.5215323567390442,0.7055796384811401
758,13,0.4880123436450958,0.19943803548812866
758,6,0.49847733974456787,0.03206264227628708
758,14,0.5230076909065247,0.11159210652112961
758,7,0.5280832052230835,0.0005712504498660564
758,8,0.49541836977005005,0.8536729216575623
758,9,0.4697926938533783,0.11330409348011017
758,12,0.4913315773010254,0.38463085889816284
758,13,0.4880123436450958,0.19943803548812866
758,10,0.4951503872871399,0.37062060832977295
758,11,0.5215323567390442,0.7055796384811401
758,6,0.49847733974456787,0.03206264227628708
758,14,0.5230076909065247,0.11159210652112961
758,14,0.5230076909065247,0.11159210652112961
758,7,0.5280832052230835,0.0005712504498660564
758,9,0.4697926938533783,0.11330409348011017
758,8,0.49541836977005005,0.8536729216575623
758,10,0.4951503872871399,0.37062060832977295
758,12,0.4913315773010254,0.38463085889816284
758,11,0.5215323567390442,0.7055796384811401
758,13,0.4880123436450958,0.19943803548812866
758,6,0.49847733974456787,0.03206264227628708
758,14,0.5230076909065247,0.11159210652112961
758,7,0.5280832052230835,0.0005712504498660564
758,9,0.4697926938533783,0.11330409348011017
758,8,0.49541836977005005,0.8536729216575623
758,10,0.4951503872871399,0.37062060832977295
758,11,0.5215323567390442,0.7055796384811401
758,12,0.4913315773010254,0.38463085889816284
758,13,0.4880123436450958,0.19943803548812866
758,6,0.49847733974456787,0.03206264227628708
758,14,0.5230076909065247,0.11159210652112961
758,7,0.5280832052230835,0.0005712504498660564
758,9,0.4697926938533783,0.11330409348011017
758,8,0.49541836977005005,0.8536729216575623
758,10,0.4951503872871399,0.37062060832977295
758,11,0.5215323567390442,0.7055796384811401
758,12,0.4913315773010254,0.38463085889816284
758,13,0.4880123436450958,0.19943803548812866
758,6,0.49847733974456787,0.03206264227628708
758,14,0.5230076909065247,0.11159210652112961
758,7,0.5280832052230835,0.0005712504498660564
758,9,0.4697926938533783,0.11330409348011017
758,8,0.49541836977005005,0.8536729216575623
758,12,0.4913315773010254,0.38463085889816284
758,10,0.4951503872871399,0.37062060832977295
758,11,0.5215323567390442,0.7055796384811401
758,13,0.4880123436450958,0.19943803548812866
758,6,0.49847733974456787,0.03206264227628708
758,14,0.5230076909065247,0.11159210652112961
758,7,0.5280832052230835,0.0005712504498660564
758,8,0.49541836977005005,0.8536729216575623
758,9,0.4697926938533783,0.11330409348011017
758,0,0.519236147403717,0.032456640154123306
758,0,0.519236147403717,0.032456640154123306
758,0,0.519236147403717,0.032456640154123306
758,0,0.519236147403717,0.032456640154123306
758,0,0.519236147403717,0.032456640154123306
758,0,0.519236147403717,0.032456640154123306
758,0,0.519236147403717,0.032456640154123306
758,0,0.519236147403717,0.032456640154123306
758,0,0.519236147403717,0.032456640154123306
116,0,0.5192316770553589,0.032456640154123306
116,2,0.5026004314422607,0.0007838447345420718
116,1,0.5048601031303406,0.2004593163728714
116,3,0.5195131301879883,0.1976579874753952
116,4,0.4947580099105835,0.03917420655488968
116,5,0.5305402874946594,0.08894893527030945
116,6,0.49847283959388733,0.03206264227628708
116,6,0.49847283959388733,0.03206264227628708
116,0,0.5192316770553589,0.032456640154123306
116,1,0.5048601031303406,0.2004593163728714
116,0,0.5192316770553589,0.032456640154123306
116,0,0.5192316770553589,0.032456640154123306
116,0,0.5192316770553589,0.032456640154123306
116,0,0.5192316770553589,0.032456640154123306
116,0,0.5192316770553589,0.032456640154123306
116,0,0.5192316770553589,0.032456640154123306
116,0,0.5192316770553589,0.032456640154123306
116,0,0.5192316770553589,0.032456640154123306
116,0,0.5192316770553589,0.032456640154123306
116,0,0.5192316770553589,0.032456640154123306
116,0,0.5192316770553589,0.032456640154123306
116,0,0.5192316770553589,0.032456640154123306
116,0,0.5192316770553589,0.032456640154123306
116,0,0.5192316770553589,0.032456640154123306
116,0,0.5192316770553589,0.032456640154123306
116,0,0.5192316770553589,0.032456640154123306
116,0,0.5192316770553589,0.032456640154123306
116,0,0.5192316770553589,0.032456640154123306
116,0,0.5192316770553589,0.032456640154123306
116,0,0.5192316770553589,0.032456640154123306
116,0,0.5192316770553589,0.032456640154123306
116,0,0.5192316770553589,0.032456640154123306
116,0,0.5192316770553589,0.032456640154123306
116,0,0.5192316770553589,0.032456640154123306
116,0,0.5192316770553589,0.032456640154123306
116,0,0.5192316770553589,0.032456640154123306
116,0,0.5192316770553589,0.032456640154123306
116,0,0.5192316770553589,0.032456640154123306
116,0,0.5192316770553589,0.032456640154123306
116,0,0.5192316770553589,0.032456640154123306
116,0,0.5192316770553589,0.032456640154123306
116,0,0.5192316770553589,0.032456640154123306
116,0,0.5192316770553589,0.032456640154123306
116,0,0.5192316770553589,0.032456640154123306
116,0,0.5192316770553589,0.032456640154123306
116,0,0.5192316770553589,0.032456640154123306
116,0,0.5192316770553589,0.032456640154123306
116,0,0.5192316770553589,0.032456640154123306
116,0,0.5192316770553589,0.032456640154123306
116,0,0.5192316770553589,0.032456640154123306
116,0,0.5192316770553589,0.032456640154123306
116,0,0.5192316770553589,0.032456640154123306
116,0,0.5192316770553589,0.032456640154123306
116,0,0.5192316770553589,0.032456640154123306
116,0,0.5192316770553589,0.032456640154123306
116,0,0.5192316770553589,0.032456640154123306
116,0,0.5192316770553589,0.032456640154123306
116,0,0.5192316770553589,0.032456640154123306
116,0,0.5192316770553589,0.032456640154123306
116,0,0.5192316770553589,0.032456640154123306
116,0,0.5192316770553589,0.032456640154123306
116,0,0.5192316770553589,0.032456640154123306
116,0,0.5192316770553589,0.032456640154123306
116,0,0.5192316770553589,0.032456640154123306
116,0,0.5192316770553589,0.032456640154123306
116,0,0.5192316770553589,0.032456640154123306
116,0,0.5192316770553589,0.032456640154123306
116,0,0.5192316770553589,0.032456640154123306
116,0,0.5192316770553589,0.032456640154123306
116,0,0.5192316770553589,0.032456640154123306
116,0,0.5192316770553589,0.032456640154123306
116,0,0.5192316770553589,0.032456640154123306
116,0,0.5192316770553589,0.032456640154123306
116,0,0.5192316770553589,0.032456640154123306
116,0,0.5192316770553589,0.032456640154123306
116,0,0.5192316770553589,0.032456640154123306
116,0,0.5192316770553589,0.032456640154123306
116,0,0.5192316770553589,0.032456640154123306
116,0,0.5192316770553589,0.032456640154123306
116,0,0.5192316770553589,0.032456640154123306
116,0,0.5192316770553589,0.032456640154123306
116,0,0.5192316770553589,0.032456640154123306
116,0,0.5192316770553589,0.032456640154123306
116,0,0.5192316770553589,0.032456640154123306
116,0,0.5192316770553589,0.032456640154123306
116,0,0.5192316770553589,0.032456640154123306
116,0,0.5192316770553589,0.032456640154123306
116,0,0.5192316770553589,0.032456640154123306
116,0,0.5192316770553589,0.032456640154123306
116,0,0.5192316770553589,0.032456640154123306
116,0,0.5192316770553589,0.032456640154123306
116,0,0.5192316770553589,0.032456640154123306
116,0,0.5192316770553589,0.032456640154123306
116,0,0.5192316770553589,0.032456640154123306
116,0,0.5192316770553589,0.032456640154123306
116,0,0.5192316770553589,0.032456640154123306
116,0,0.5192316770553589,0.032456640154123306
116,0,0.5192316770553589,0.032456640154123306
116,0,0.5192316770553589,0.032456640154123306
116,0,0.5192316770553589,0.032456640154123306
116,0,0.5192316770553589,0.032456640154123306
116,0,0.5192316770553589,0.032456640154123306
116,0,0.5192316770553589,0.032456640154123306
116,0,0.5192316770553589,0.032456640154123306
116,0,0.5192316770553589,0.032456640154123306
116,0,0.5192316770553589,0.032456640154123306
116,0,0.5192316770553589,0.032456640154123306
116,0,0.5192316770553589,0.032456640154123306
116,0,0.5192316770553589,0.032456640154123306
116,0,0.5192316770553589,0.032456640154123306
116,0,0.5192316770553589,0.032456640154123306
116,0,0.5192316770553589,0.032456640154123306
116,0,0.5192316770553589,0.032456640154123306
116,0,0.5192316770553589,0.032456640154123306
116,0,0.5192316770553589,0.032456640154123306
116,0,0.5192316770553589,0.032456640154123306
116,0,0.5192316770553589,0.032456640154123306
116,0,0.5192316770553589,0.032456640154123306
116,0,0.5192316770553589,0.032456640154123306
116,0,0.5192316770553589,0.032456640154123306
116,0,0.5192316770553589,0.032456640154123306
116,0,0.5192316770553589,0.032456640154123306
116,0,0.5192316770553589,0.032456640154123306
116,0,0.5192316770553589,0.032456640154123306
116,0,0.5192316770553589,0.032456640154123306
116,0,0.5192316770553589,0.032456640154123306
116,0,0.5192316770553589,0.032456640154123306
116,0,0.5192316770553589,0.032456640154123306
116,0,0.5192316770553589,0.032456640154123306
116,0,0.5192316770553589,0.032456640154123306
116,0,0.5192316770553589,0.032456640154123306
116,0,0.5192316770553589,0.032456640154123306
116,0,0.5192316770553589,0.032456640154123306
116,0,0.5192316770553589,0.032456640154123306
116,0,0.5192316770553589,0.032456640154123306
116,0,0.5192316770553589,0.032456640154123306
116,0,0.5192316770553589,0.032456640154123306
116,0,0.5192316770553589,0.032456640154123306
116,0,0.5192316770553589,0.032456640154123306
116,0,0.5192316770553589,0.032456640154123306
116,0,0.5192316770553589,0.032456640154123306
116,0,0.5192316770553589,0.032456640154123306
116,0,0.5192316770553589,0.032456640154123306
116,0,0.5192316770553589,0.032456640154123306
116,0,0.5192316770553589,0.032456640154123306
116,0,0.5192316770553589,0.032456640154123306
116,0,0.5192316770553589,0.032456640154123306
116,0,0.5192316770553589,0.032456640154123306
116,0,0.5192316770553589,0.032456640154123306
116,0,0.5192316770553589,0.032456640154123306
116,0,0.5192316770553589,0.032456640154123306
116,0,0.5192316770553589,0.032456640154123306
116,0,0.5192316770553589,0.032456640154123306
116,0,0.5192316770553589,0.032456640154123306
116,0,0.5192316770553589,0.032456640154123306
116,0,0.5192316770553589,0.032456640154123306
116,0,0.5192316770553589,0.032456640154123306
116,0,0.5192316770553589,0.032456640154123306
116,0,0.5192316770553589,0.032456640154123306
116,0,0.5192316770553589,0.032456640154123306
116,0,0.5192316770553589,0.032456640154123306
116,0,0.5192316770553589,0.032456640154123306
116,0,0.5192316770553589,0.032456640154123306
116,0,0.5192316770553589,0.032456640154123306
116,0,0.5192316770553589,0.032456640154123306
116,0,0.5192316770553589,0.032456640154123306
116,0,0.5192316770553589,0.032456640154123306
116,0,0.5192316770553589,0.032456640154123306
116,0,0.5192316770553589,0.032456640154123306
116,0,0.5192316770553589,0.032456640154123306
116,0,0.5192316770553589,0.032456640154123306
116,0,0.5192316770553589,0.032456640154123306
116,0,0.5192316770553589,0.032456640154123306
116,0,0.5192316770553589,0.032456640154123306
116,0,0.5192316770553589,0.032456640154123306
116,0,0.5192316770553589,0.032456640154123306
116,0,0.5192316770553589,0.032456640154123306
116,0,0.5192316770553589,0.032456640154123306
116,0,0.5192316770553589,0.032456640154123306
116,0,0.5192316770553589,0.032456640154123306
116,0,0.5192316770553589,0.032456640154123306
116,0,0.5192316770553589,0.032456640154123306
116,0,0.5192316770553589,0.032456640154123306
116,0,0.5192316770553589,0.032456640154123306
116,0,0.5192316770553589,0.032456640154123306
116,0,0.5192316770553589,0.032456640154123306
116,0,0.5192316770553589,0.032456640154123306
116,0,0.5192316770553589,0.032456640154123306
116,0,0.5192316770553589,0.032456640154123306
116,0,0.5192316770553589,0.032456640154123306
116,0,0.5192316770553589,0.032456640154123306
116,0,0.5192316770553589,0.032456640154123306
116,0,0.5192316770553589,0.032456640154123306
116,0,0.5192316770553589,0.032456640154123306
116,0,0.5192316770553589,0.032456640154123306
116,0,0.5192316770553589,0.032456640154123306
116,0,0.5192316770553589,0.032456640154123306
116,0,0.5192316770553589,0.032456640154123306
116,0,0.5192316770553589,0.032456640154123306
116,0,0.5192316770553589,0.032456640154123306
259,15,0.5207743644714355,0.9999997615814209
259,9,0.47193825244903564,0.11330409348011017
259,8,0.4975619614124298,0.8536729216575623
259,18,0.47784557938575745,1.0
259,16,0.5223188400268555,0.1685396432876587
259,17,0.4895884096622467,0.9999942183494568
259,19,0.5235120058059692,0.4598133862018585
259,6,0.5006416440010071,0.03206264227628708
259,6,0.5006416440010071,0.03206264227628708
259,15,0.5207743644714355,0.9999997615814209
259,8,0.4975619614124298,0.8536729216575623
259,9,0.47193825244903564,0.11330409348011017
259,16,0.5223188400268555,0.1685396432876587
259,18,0.47784557938575745,1.0
259,17,0.4895884096622467,0.9999942183494568
259,19,0.5235120058059692,0.4598133862018585
259,6,0.5006416440010071,0.03206264227628708
259,6,0.5006416440010071,0.03206264227628708
259,15,0.5207743644714355,0.9999997615814209
259,8,0.4975619614124298,0.8536729216575623
259,9,0.47193825244903564,0.11330409348011017
259,16,0.5223188400268555,0.1685396432876587
259,17,0.4895884096622467,0.9999942183494568
259,18,0.47784557938575745,1.0
259,19,0.5235120058059692,0.4598133862018585
259,6,0.5006416440010071,0.03206264227628708
259,6,0.5006416440010071,0.03206264227628708
259,15,0.5207743644714355,0.9999997615814209
259,9,0.47193825244903564,0.11330409348011017
259,8,0.4975619614124298,0.8536729216575623
259,17,0.4895884096622467,0.9999942183494568
259,16,0.5223188400268555,0.1685396432876587
259,18,0.47784557938575745,1.0
259,19,0.5235120058059692,0.4598133862018585
259,6,0.5006416440010071,0.03206264227628708
259,6,0.5006416440010071,0.03206264227628708
259,15,0.5207743644714355,0.9999997615814209
259,8,0.4975619614124298,0.8536729216575623
259,9,0.47193825244903564,0.11330409348011017
259,18,0.47784557938575745,1.0
259,17,0.4895884096622467,0.9999942183494568
259,16,0.5223188400268555,0.1685396432876587
259,19,0.5235120058059692,0.4598133862018585
259,6,0.5006416440010071,0.03206264227628708
259,6,0.5006416440010071,0.03206264227628708
259,15,0.5207743644714355,0.9999997615814209
259,8,0.4975619614124298,0.8536729216575623
259,9,0.47193825244903564,0.11330409348011017
259,18,0.47784557938575745,1.0
259,17,0.4895884096622467,0.9999942183494568
259,16,0.5223188400268555,0.1685396432876587
259,19,0.5235120058059692,0.4598133862018585
259,6,0.5006416440010071,0.03206264227628708
259,6,0.5006416440010071,0.03206264227628708
259,15,0.5207743644714355,0.9999997615814209
259,0,0.5213951468467712,0.032456640154123306
259,0,0.5213951468467712,0.032456640154123306
259,0,0.5213951468467712,0.032456640154123306
259,0,0.5213951468467712,0.032456640154123306
259,0,0.5213951468467712,0.032456640154123306
259,0,0.5213951468467712,0.032456640154123306
259,0,0.5213951468467712,0.032456640154123306
259,0,0.5213951468467712,0.032456640154123306
259,0,0.5213951468467712,0.032456640154123306
259,0,0.5213951468467712,0.032456640154123306
259,0,0.5213951468467712,0.032456640154123306
259,0,0.5213951468467712,0.032456640154123306
259,0,0.5213951468467712,0.032456640154123306
259,0,0.5213951468467712,0.032456640154123306
259,0,0.5213951468467712,0.032456640154123306
259,0,0.5213951468467712,0.032456640154123306
259,0,0.5213951468467712,0.032456640154123306
259,0,0.5213951468467712,0.032456640154123306
259,0,0.5213951468467712,0.032456640154123306
259,0,0.5213951468467712,0.032456640154123306
259,0,0.5213951468467712,0.032456640154123306
259,0,0.5213951468467712,0.032456640154123306
259,0,0.5213951468467712,0.032456640154123306
259,0,0.5213951468467712,0.032456640154123306
259,0,0.5213951468467712,0.032456640154123306
259,0,0.5213951468467712,0.032456640154123306
259,0,0.5213951468467712,0.032456640154123306
259,0,0.5213951468467712,0.032456640154123306
259,0,0.5213951468467712,0.032456640154123306
259,0,0.5213951468467712,0.032456640154123306
259,0,0.5213951468467712,0.032456640154123306
259,0,0.5213951468467712,0.032456640154123306
259,0,0.5213951468467712,0.032456640154123306
259,0,0.5213951468467712,0.032456640154123306
259,0,0.5213951468467712,0.032456640154123306
259,0,0.5213951468467712,0.032456640154123306
259,0,0.5213951468467712,0.032456640154123306
259,0,0.5213951468467712,0.032456640154123306
259,0,0.5213951468467712,0.032456640154123306
259,0,0.5213951468467712,0.032456640154123306
259,0,0.5213951468467712,0.032456640154123306
259,0,0.5213951468467712,0.032456640154123306
259,0,0.5213951468467712,0.032456640154123306
259,0,0.5213951468467712,0.032456640154123306
259,0,0.5213951468467712,0.032456640154123306
259,0,0.5213951468467712,0.032456640154123306
259,0,0.5213951468467712,0.032456640154123306
259,0,0.5213951468467712,0.032456640154123306
259,0,0.5213951468467712,0.032456640154123306
259,0,0.5213951468467712,0.032456640154123306
259,0,0.5213951468467712,0.032456640154123306
259,0,0.5213951468467712,0.032456640154123306
259,0,0.5213951468467712,0.032456640154123306
259,0,0.5213951468467712,0.032456640154123306
259,0,0.5213951468467712,0.032456640154123306
259,0,0.5213951468467712,0.032456640154123306
259,0,0.5213951468467712,0.032456640154123306
259,0,0.5213951468467712,0.032456640154123306
259,0,0.5213951468467712,0.032456640154123306
259,0,0.5213951468467712,0.032456640154123306
259,0,0.5213951468467712,0.032456640154123306
259,0,0.5213951468467712,0.032456640154123306
259,0,0.5213951468467712,0.032456640154123306
259,0,0.5213951468467712,0.032456640154123306
259,0,0.5213951468467712,0.032456640154123306
259,0,0.5213951468467712,0.032456640154123306
259,0,0.5213951468467712,0.032456640154123306
259,0,0.5213951468467712,0.032456640154123306
259,0,0.5213951468467712,0.032456640154123306
259,0,0.5213951468467712,0.032456640154123306
259,0,0.5213951468467712,0.032456640154123306
259,0,0.5213951468467712,0.032456640154123306
259,0,0.5213951468467712,0.032456640154123306
259,0,0.5213951468467712,0.032456640154123306
259,0,0.5213951468467712,0.032456640154123306
259,0,0.5213951468467712,0.032456640154123306
259,0,0.5213951468467712,0.032456640154123306
259,0,0.5213951468467712,0.032456640154123306
259,0,0.5213951468467712,0.032456640154123306
259,0,0.5213951468467712,0.032456640154123306
259,0,0.5213951468467712,0.032456640154123306
259,0,0.5213951468467712,0.032456640154123306
259,0,0.5213951468467712,0.032456640154123306
259,0,0.5213951468467712,0.032456640154123306
259,0,0.5213951468467712,0.032456640154123306
259,0,0.5213951468467712,0.032456640154123306
259,0,0.5213951468467712,0.032456640154123306
259,0,0.5213951468467712,0.032456640154123306
259,0,0.5213951468467712,0.032456640154123306
259,0,0.5213951468467712,0.032456640154123306
259,0,0.5213951468467712,0.032456640154123306
259,0,0.5213951468467712,0.032456640154123306
259,0,0.5213951468467712,0.032456640154123306
259,0,0.5213951468467712,0.032456640154123306
259,0,0.5213951468467712,0.032456640154123306
259,0,0.5213951468467712,0.032456640154123306
259,0,0.5213951468467712,0.032456640154123306
259,0,0.5213951468467712,0.032456640154123306
259,0,0.5213951468467712,0.032456640154123306
259,0,0.5213951468467712,0.032456640154123306
259,0,0.5213951468467712,0.032456640154123306
259,0,0.5213951468467712,0.032456640154123306
259,0,0.5213951468467712,0.032456640154123306
259,0,0.5213951468467712,0.032456640154123306
259,0,0.5213951468467712,0.032456640154123306
259,0,0.5213951468467712,0.032456640154123306
259,0,0.5213951468467712,0.032456640154123306
259,0,0.5213951468467712,0.032456640154123306
259,0,0.5213951468467712,0.032456640154123306
259,0,0.5213951468467712,0.032456640154123306
259,0,0.5213951468467712,0.032456640154123306
259,0,0.5213951468467712,0.032456640154123306
259,0,0.5213951468467712,0.032456640154123306
259,0,0.5213951468467712,0.032456640154123306
259,0,0.5213951468467712,0.032456640154123306
259,0,0.5213951468467712,0.032456640154123306
259,0,0.5213951468467712,0.032456640154123306
259,0,0.5213951468467712,0.032456640154123306
259,0,0.5213951468467712,0.032456640154123306
259,0,0.5213951468467712,0.032456640154123306
259,0,0.5213951468467712,0.032456640154123306
259,0,0.5213951468467712,0.032456640154123306
259,0,0.5213951468467712,0.032456640154123306
259,0,0.5213951468467712,0.032456640154123306
259,0,0.5213951468467712,0.032456640154123306
259,0,0.5213951468467712,0.032456640154123306
259,0,0.5213951468467712,0.032456640154123306
259,0,0.5213951468467712,0.032456640154123306
259,0,0.5213951468467712,0.032456640154123306
259,0,0.5213951468467712,0.032456640154123306
259,0,0.5213951468467712,0.032456640154123306
259,0,0.5213951468467712,0.032456640154123306
259,0,0.5213951468467712,0.032456640154123306
259,0,0.5213951468467712,0.032456640154123306
259,0,0.5213951468467712,0.032456640154123306
259,0,0.5213951468467712,0.032456640154123306
259,0,0.5213951468467712,0.032456640154123306
259,0,0.5213951468467712,0.032456640154123306
259,0,0.5213951468467712,0.032456640154123306
259,0,0.5213951468467712,0.032456640154123306
259,0,0.5213951468467712,0.032456640154123306
259,0,0.5213951468467712,0.032456640154123306
259,0,0.5213951468467712,0.032456640154123306
259,0,0.5213951468467712,0.032456640154123306
259,0,0.5213951468467712,0.032456640154123306
53,0,0.5192304253578186,0.032456640154123306
53,1,0.5048589110374451,0.2004593163728714
53,2,0.5025991797447205,0.0007838447345420718
53,3,0.5195119380950928,0.1976579874753952
53,4,0.4947567284107208,0.03917420655488968
53,5,0.5305390357971191,0.08894893527030945
53,6,0.49847158789634705,0.03206264227628708
53,6,0.49847158789634705,0.03206264227628708
53,0,0.5192304253578186,0.032456640154123306
53,1,0.5048589110374451,0.2004593163728714
53,2,0.5025991797447205,0.0007838447345420718
53,3,0.5195119380950928,0.1976579874753952
53,4,0.4947567284107208,0.03917420655488968
53,5,0.5305390357971191,0.08894893527030945
53,6,0.49847158789634705,0.03206264227628708
53,6,0.49847158789634705,0.03206264227628708
53,0,0.5192304253578186,0.032456640154123306
53,1,0.5048589110374451,0.2004593163728714
53,2,0.5025991797447205,0.0007838447345420718
53,3,0.5195119380950928,0.1976579874753952
53,4,0.4947567284107208,0.03917420655488968
53,5,0.5305390357971191,0.08894893527030945
53,6,0.49847158789634705,0.03206264227628708
53,6,0.49847158789634705,0.03206264227628708
53,0,0.5192304253578186,0.032456640154123306
53,0,0.5192304253578186,0.032456640154123306
53,0,0.5192304253578186,0.032456640154123306
53,0,0.5192304253578186,0.032456640154123306
53,0,0.5192304253578186,0.032456640154123306
53,0,0.5192304253578186,0.032456640154123306
53,0,0.5192304253578186,0.032456640154123306
53,0,0.5192304253578186,0.032456640154123306
53,0,0.5192304253578186,0.032456640154123306
53,0,0.5192304253578186,0.032456640154123306
53,0,0.5192304253578186,0.032456640154123306
53,0,0.5192304253578186,0.032456640154123306
53,0,0.5192304253578186,0.032456640154123306
53,0,0.5192304253578186,0.032456640154123306
53,0,0.5192304253578186,0.032456640154123306
53,0,0.5192304253578186,0.032456640154123306
53,0,0.5192304253578186,0.032456640154123306
53,0,0.5192304253578186,0.032456640154123306
53,0,0.5192304253578186,0.032456640154123306
53,0,0.5192304253578186,0.032456640154123306
53,0,0.5192304253578186,0.032456640154123306
53,0,0.5192304253578186,0.032456640154123306
53,0,0.5192304253578186,0.032456640154123306
53,0,0.5192304253578186,0.032456640154123306
53,0,0.5192304253578186,0.032456640154123306
53,0,0.5192304253578186,0.032456640154123306
53,0,0.5192304253578186,0.032456640154123306
53,0,0.5192304253578186,0.032456640154123306
53,0,0.5192304253578186,0.032456640154123306
53,0,0.5192304253578186,0.032456640154123306
53,0,0.5192304253578186,0.032456640154123306
53,0,0.5192304253578186,0.032456640154123306
53,0,0.5192304253578186,0.032456640154123306
53,0,0.5192304253578186,0.032456640154123306
53,0,0.5192304253578186,0.032456640154123306
53,0,0.5192304253578186,0.032456640154123306
53,0,0.5192304253578186,0.032456640154123306
53,0,0.5192304253578186,0.032456640154123306
53,0,0.5192304253578186,0.032456640154123306
53,0,0.5192304253578186,0.032456640154123306
53,0,0.5192304253578186,0.032456640154123306
53,0,0.5192304253578186,0.032456640154123306
53,0,0.5192304253578186,0.032456640154123306
53,0,0.5192304253578186,0.032456640154123306
53,0,0.5192304253578186,0.032456640154123306
53,0,0.5192304253578186,0.032456640154123306
53,0,0.5192304253578186,0.032456640154123306
53,0,0.5192304253578186,0.032456640154123306
53,0,0.5192304253578186,0.032456640154123306
53,0,0.5192304253578186,0.032456640154123306
53,0,0.5192304253578186,0.032456640154123306
53,0,0.5192304253578186,0.032456640154123306
53,0,0.5192304253578186,0.032456640154123306
53,0,0.5192304253578186,0.032456640154123306
53,0,0.5192304253578186,0.032456640154123306
53,0,0.5192304253578186,0.032456640154123306
53,0,0.5192304253578186,0.032456640154123306
53,0,0.5192304253578186,0.032456640154123306
53,0,0.5192304253578186,0.032456640154123306
53,0,0.5192304253578186,0.032456640154123306
53,0,0.5192304253578186,0.032456640154123306
53,0,0.5192304253578186,0.032456640154123306
53,0,0.5192304253578186,0.032456640154123306
53,0,0.5192304253578186,0.032456640154123306
53,0,0.5192304253578186,0.032456640154123306
53,0,0.5192304253578186,0.032456640154123306
53,0,0.5192304253578186,0.032456640154123306
53,0,0.5192304253578186,0.032456640154123306
53,0,0.5192304253578186,0.032456640154123306
53,0,0.5192304253578186,0.032456640154123306
53,0,0.5192304253578186,0.032456640154123306
53,0,0.5192304253578186,0.032456640154123306
53,0,0.5192304253578186,0.032456640154123306
53,0,0.5192304253578186,0.032456640154123306
53,0,0.5192304253578186,0.032456640154123306
53,0,0.5192304253578186,0.032456640154123306
53,0,0.5192304253578186,0.032456640154123306
53,0,0.5192304253578186,0.032456640154123306
53,0,0.5192304253578186,0.032456640154123306
53,0,0.5192304253578186,0.032456640154123306
53,0,0.5192304253578186,0.032456640154123306
53,0,0.5192304253578186,0.032456640154123306
53,0,0.5192304253578186,0.032456640154123306
53,0,0.5192304253578186,0.032456640154123306
53,0,0.5192304253578186,0.032456640154123306
53,0,0.5192304253578186,0.032456640154123306
53,0,0.5192304253578186,0.032456640154123306
53,0,0.5192304253578186,0.032456640154123306
53,0,0.5192304253578186,0.032456640154123306
53,0,0.5192304253578186,0.032456640154123306
53,0,0.5192304253578186,0.032456640154123306
53,0,0.5192304253578186,0.032456640154123306
53,0,0.5192304253578186,0.032456640154123306
53,0,0.5192304253578186,0.032456640154123306
53,0,0.5192304253578186,0.032456640154123306
53,0,0.5192304253578186,0.032456640154123306
53,0,0.5192304253578186,0.032456640154123306
53,0,0.5192304253578186,0.032456640154123306
53,0,0.5192304253578186,0.032456640154123306
53,0,0.5192304253578186,0.032456640154123306
53,0,0.5192304253578186,0.032456640154123306
53,0,0.5192304253578186,0.032456640154123306
53,0,0.5192304253578186,0.032456640154123306
53,0,0.5192304253578186,0.032456640154123306
53,0,0.5192304253578186,0.032456640154123306
53,0,0.5192304253578186,0.032456640154123306
53,0,0.5192304253578186,0.032456640154123306
53,0,0.5192304253578186,0.032456640154123306
53,0,0.5192304253578186,0.032456640154123306
53,0,0.5192304253578186,0.032456640154123306
53,0,0.5192304253578186,0.032456640154123306
53,0,0.5192304253578186,0.032456640154123306
53,0,0.5192304253578186,0.032456640154123306
53,0,0.5192304253578186,0.032456640154123306
53,0,0.5192304253578186,0.032456640154123306
53,0,0.5192304253578186,0.032456640154123306
53,0,0.5192304253578186,0.032456640154123306
53,0,0.5192304253578186,0.032456640154123306
53,0,0.5192304253578186,0.032456640154123306
53,0,0.5192304253578186,0.032456640154123306
53,0,0.5192304253578186,0.032456640154123306
53,0,0.5192304253578186,0.032456640154123306
53,0,0.5192304253578186,0.032456640154123306
53,0,0.5192304253578186,0.032456640154123306
53,0,0.5192304253578186,0.032456640154123306
53,0,0.5192304253578186,0.032456640154123306
53,0,0.5192304253578186,0.032456640154123306
53,0,0.5192304253578186,0.032456640154123306
53,0,0.5192304253578186,0.032456640154123306
53,0,0.5192304253578186,0.032456640154123306
53,0,0.5192304253578186,0.032456640154123306
53,0,0.5192304253578186,0.032456640154123306
53,0,0.5192304253578186,0.032456640154123306
53,0,0.5192304253578186,0.032456640154123306
53,0,0.5192304253578186,0.032456640154123306
53,0,0.5192304253578186,0.032456640154123306
53,0,0.5192304253578186,0.032456640154123306
53,0,0.5192304253578186,0.032456640154123306
53,0,0.5192304253578186,0.032456640154123306
53,0,0.5192304253578186,0.032456640154123306
53,0,0.5192304253578186,0.032456640154123306
53,0,0.5192304253578186,0.032456640154123306
53,0,0.5192304253578186,0.032456640154123306
53,0,0.5192304253578186,0.032456640154123306
53,0,0.5192304253578186,0.032456640154123306
53,0,0.5192304253578186,0.032456640154123306
53,0,0.5192304253578186,0.032456640154123306
53,0,0.5192304253578186,0.032456640154123306
53,0,0.5192304253578186,0.032456640154123306
53,0,0.5192304253578186,0.032456640154123306
53,0,0.5192304253578186,0.032456640154123306
53,0,0.5192304253578186,0.032456640154123306
53,0,0.5192304253578186,0.032456640154123306
53,0,0.5192304253578186,0.032456640154123306
53,0,0.5192304253578186,0.032456640154123306
53,0,0.5192304253578186,0.032456640154123306
53,0,0.5192304253578186,0.032456640154123306
53,0,0.5192304253578186,0.032456640154123306
53,0,0.5192304253578186,0.032456640154123306
53,0,0.5192304253578186,0.032456640154123306
53,0,0.5192304253578186,0.032456640154123306
53,0,0.5192304253578186,0.032456640154123306
53,0,0.5192304253578186,0.032456640154123306
53,0,0.5192304253578186,0.032456640154123306
53,0,0.5192304253578186,0.032456640154123306
53,0,0.5192304253578186,0.032456640154123306
53,0,0.5192304253578186,0.032456640154123306
53,0,0.5192304253578186,0.032456640154123306
53,0,0.5192304253578186,0.032456640154123306
53,0,0.5192304253578186,0.032456640154123306
53,0,0.5192304253578186,0.032456640154123306
53,0,0.5192304253578186,0.032456640154123306
53,0,0.5192304253578186,0.032456640154123306
53,0,0.5192304253578186,0.032456640154123306
53,0,0.5192304253578186,0.032456640154123306
53,0,0.5192304253578186,0.032456640154123306
