student_id,skill_id,y_true,p_idkt,y_idkt,p_bkt,y_bkt
746,0,1,0.5662895441055298,1,0.6939290165901184,1
746,1,0,0.6094754338264465,1,0.5324869751930237,1
746,2,1,0.3990916609764099,0,0.5744879841804504,1
746,4,1,0.5095617175102234,1,0.6945300102233887,1
746,3,1,0.932640016078949,1,0.8932999968528748,1
746,5,1,0.9107513427734375,1,0.7909770011901855,1
746,6,1,0.9342682957649231,1,0.9223989844322205,1
746,6,1,0.9348933100700378,1,0.9310160279273987,1
746,0,0,0.8015123009681702,1,0.7538800239562988,1
746,1,1,0.48955875635147095,0,0.47409600019454956,0
746,2,1,0.507332444190979,1,0.6703220009803772,1
746,4,1,0.8170925378799438,1,0.7610849738121033,1
746,3,1,0.9487738013267517,1,0.9256100058555603,1
746,5,1,0.913623034954071,1,0.8355249762535095,1
746,6,1,0.9353697299957275,1,0.9380519986152649,1
746,6,1,0.9352123737335205,1,0.9436990022659302,1
746,0,1,0.6412553787231445,1,0.5961660146713257,1
746,2,0,0.7910119891166687,1,0.7461820244789124,1
746,1,0,0.6116682887077332,1,0.5609340071678162,1
746,3,1,0.8741027116775513,1,0.9450510144233704,1
746,4,1,0.8492096662521362,1,0.8051180243492126,1
746,5,1,0.9106847047805786,1,0.8585109710693359,1
746,6,1,0.9344907999038696,1,0.9481719732284546,1
746,6,1,0.9348439574241638,1,0.9516760110855103,1
746,0,1,0.7952397465705872,1,0.6437169909477234,1
746,2,1,0.526959240436554,1,0.6243860125541687,1
746,1,1,0.5736818909645081,1,0.49493899941444397,0
746,3,1,0.9488126039505005,1,0.9561079740524292,1
746,4,0,0.8801647424697876,1,0.830249011516571,1
746,5,0,0.8557906746864319,1,0.8694379925727844,1
746,6,1,0.8328849077224731,1,0.954397976398468,1
746,6,1,0.9286555647850037,1,0.9564989805221558,1
746,0,0,0.7660347819328308,1,0.7014790177345276,1
746,1,1,0.5547842383384705,1,0.5823879837989807,1
746,2,1,0.5823094248771667,1,0.7127259969711304,1
746,3,1,0.946673572063446,1,0.9621959924697876,1
746,4,1,0.7447962760925293,1,0.7818760275840759,1
746,5,1,0.8637222051620483,1,0.8497859835624695,1
746,6,1,0.9345440864562988,1,0.9581130146980286,1
746,6,1,0.9345144033432007,1,0.9593480229377747,1
746,0,1,0.697745144367218,1,0.5677980184555054,1
746,2,1,0.7866948843002319,1,0.7732380032539368,1
746,1,0,0.7684949636459351,1,0.6556649804115295,1
746,3,1,0.9336496591567993,1,0.9654889702796936,1
746,4,1,0.8634452223777771,1,0.8173360228538513,1
746,5,1,0.9105110168457031,1,0.8653600215911865,1
746,6,1,0.9343576431274414,1,0.9602890014648438,1
746,6,1,0.9346187710762024,1,0.9610059857368469,1
746,0,0,0.7990809679031372,1,0.6046500205993652,1
746,1,1,0.5190020799636841,1,0.5891799926757812,1
746,2,0,0.6826860904693604,1,0.8067070245742798,1
746,3,1,0.9140245914459229,1,0.9672520160675049,1
746,4,1,0.8595442771911621,1,0.8367419838905334,1
746,5,1,0.9108582139015198,1,0.8725820183753967,1
746,6,1,0.9341797232627869,1,0.9615499973297119,1
746,6,1,0.934540867805481,1,0.9619629979133606,1
746,0,1,0.6281827688217163,1,0.535165011882782,1
746,1,1,0.7579275369644165,1,0.6604459881782532,1
746,2,1,0.5837053656578064,1,0.7445650100708008,1
746,3,1,0.9494167566299438,1,0.9681919813156128,1
746,4,1,0.8794705271720886,1,0.8466650247573853,1
746,5,1,0.9133521318435669,1,0.8758429884910583,1
746,6,1,0.9351987242698669,1,0.9622759819030762,1
746,6,1,0.9350077509880066,1,0.9625130295753479,1
746,7,1,0.8631616234779358,1,0.7255330085754395,1
746,8,1,0.918216347694397,1,0.8739780187606812,1
746,9,1,0.8920172452926636,1,0.8021690249443054,1
746,12,1,0.9305129647254944,1,0.9291480183601379,1
746,10,0,0.893074631690979,1,0.5817549824714661,1
746,11,0,0.8691836595535278,1,0.6359530091285706,1
746,13,1,0.7207371592521667,1,0.6097490191459656,1
746,6,1,0.930889368057251,1,0.9626920223236084,1
746,14,1,0.8847241997718811,1,0.6390529870986938,1
746,7,0,0.8618371486663818,1,0.7869089841842651,1
746,9,1,0.85755455493927,1,0.8257089853286743,1
746,8,0,0.9096143245697021,1,0.8866220116615295,1
746,10,1,0.7851171493530273,1,0.6220620274543762,1
746,11,1,0.8619784712791443,1,0.5975610017776489,1
746,12,1,0.9234819412231445,1,0.9554799795150757,1
746,13,0,0.8453521132469177,1,0.7168639898300171,1
746,6,1,0.9034991264343262,1,0.9628279805183411,1
746,14,1,0.8781748414039612,1,0.7612800002098083,1
746,7,1,0.6931830048561096,1,0.6101539731025696,1
746,8,1,0.8545711636543274,1,0.8038859963417053,1
746,9,1,0.886094331741333,1,0.844232976436615,1
746,10,1,0.8892500400543213,1,0.758849024772644,1
746,11,1,0.9065539836883545,1,0.0,0
746,0,0,0.8044764995574951,1,-0.0,0
746,0,0,0.5692337155342102,1,-0.0,0
746,0,0,0.4446858763694763,0,-0.0,0
746,0,0,0.44011953473091125,0,-0.0,0
746,0,0,0.43853339552879333,0,-0.0,0
746,0,0,0.4373651146888733,0,-0.0,0
746,0,0,0.43658551573753357,0,-0.0,0
746,0,0,0.4360446631908417,0,-0.0,0
746,0,0,0.4356031119823456,0,-0.0,0
746,0,0,0.43526798486709595,0,-0.0,0
746,0,0,0.4350068271160126,0,-0.0,0
746,0,0,0.43477189540863037,0,-0.0,0
746,0,0,0.434570848941803,0,-0.0,0
746,0,0,0.4343929886817932,0,-0.0,0
746,0,0,0.434228777885437,0,-0.0,0
746,0,0,0.43407702445983887,0,-0.0,0
746,0,0,0.43394574522972107,0,-0.0,0
746,0,0,0.4338263273239136,0,-0.0,0
746,0,0,0.4337179958820343,0,-0.0,0
746,0,0,0.43361786007881165,0,-0.0,0
746,0,0,0.4335155487060547,0,-0.0,0
746,0,0,0.433420330286026,0,-0.0,0
746,0,0,0.4333341121673584,0,-0.0,0
746,0,0,0.4332551062107086,0,-0.0,0
746,0,0,0.43317997455596924,0,-0.0,0
746,0,0,0.43311166763305664,0,-0.0,0
746,0,0,0.4330473244190216,0,-0.0,0
746,0,0,0.43298017978668213,0,-0.0,0
746,0,0,0.4329129457473755,0,-0.0,0
746,0,0,0.43284872174263,0,-0.0,0
746,0,0,0.4327867031097412,0,-0.0,0
746,0,0,0.43272510170936584,0,-0.0,0
746,0,0,0.4326634109020233,0,-0.0,0
746,0,0,0.43260741233825684,0,-0.0,0
746,0,0,0.43255355954170227,0,-0.0,0
746,0,0,0.43250414729118347,0,-0.0,0
746,0,0,0.43245646357536316,0,-0.0,0
746,0,0,0.43241140246391296,0,-0.0,0
746,0,0,0.43236854672431946,0,-0.0,0
746,0,0,0.43232741951942444,0,-0.0,0
746,0,0,0.4322875738143921,0,-0.0,0
746,0,0,0.43224963545799255,0,-0.0,0
746,0,0,0.43221309781074524,0,-0.0,0
746,0,0,0.4321782886981964,0,-0.0,0
746,0,0,0.43214577436447144,0,-0.0,0
746,0,0,0.43211597204208374,0,-0.0,0
746,0,0,0.4320882558822632,0,-0.0,0
746,0,0,0.4320606589317322,0,-0.0,0
746,0,0,0.43202799558639526,0,-0.0,0
746,0,0,0.4319979250431061,0,-0.0,0
746,0,0,0.431968092918396,0,-0.0,0
746,0,0,0.4319399893283844,0,-0.0,0
746,0,0,0.43191319704055786,0,-0.0,0
746,0,0,0.4318864345550537,0,-0.0,0
746,0,0,0.43186119198799133,0,-0.0,0
746,0,0,0.4318379759788513,0,-0.0,0
746,0,0,0.4318156838417053,0,-0.0,0
746,0,0,0.43179377913475037,0,-0.0,0
746,0,0,0.43177297711372375,0,-0.0,0
746,0,0,0.43175405263900757,0,-0.0,0
746,0,0,0.43173670768737793,0,-0.0,0
746,0,0,0.43171998858451843,0,-0.0,0
746,0,0,0.43170401453971863,0,-0.0,0
746,0,0,0.4316883683204651,0,-0.0,0
746,0,0,0.43167415261268616,0,-0.0,0
746,0,0,0.43165940046310425,0,-0.0,0
746,0,0,0.4316457211971283,0,-0.0,0
746,0,0,0.43163231015205383,0,-0.0,0
746,0,0,0.4316193759441376,0,-0.0,0
746,0,0,0.4316045939922333,0,-0.0,0
746,0,0,0.43158966302871704,0,-0.0,0
746,0,0,0.43157535791397095,0,-0.0,0
746,0,0,0.431561142206192,0,-0.0,0
746,0,0,0.43154770135879517,0,-0.0,0
746,0,0,0.43153607845306396,0,-0.0,0
746,0,0,0.43152502179145813,0,-0.0,0
746,0,0,0.431514173746109,0,-0.0,0
746,0,0,0.43150362372398376,0,-0.0,0
746,0,0,0.4314936697483063,0,-0.0,0
746,0,0,0.4314836859703064,0,-0.0,0
746,0,0,0.4314727187156677,0,-0.0,0
746,0,0,0.4314630925655365,0,-0.0,0
746,0,0,0.43145284056663513,0,-0.0,0
746,0,0,0.4314429759979248,0,-0.0,0
746,0,0,0.4314335286617279,0,-0.0,0
746,0,0,0.4314250946044922,0,-0.0,0
746,0,0,0.43141645193099976,0,-0.0,0
746,0,0,0.4314095079898834,0,-0.0,0
746,0,0,0.4314022362232208,0,-0.0,0
746,0,0,0.4313953220844269,0,-0.0,0
746,0,0,0.43138840794563293,0,-0.0,0
746,0,0,0.43138280510902405,0,-0.0,0
746,0,0,0.43137770891189575,0,-0.0,0
746,0,0,0.43137308955192566,0,-0.0,0
746,0,0,0.4313684403896332,0,-0.0,0
746,0,0,0.4313642978668213,0,-0.0,0
746,0,0,0.4313599169254303,0,-0.0,0
746,0,0,0.43135538697242737,0,-0.0,0
746,0,0,0.4313507378101349,0,-0.0,0
746,0,0,0.43134668469429016,0,-0.0,0
746,0,0,0.43134260177612305,0,-0.0,0
746,0,0,0.43133795261383057,0,-0.0,0
746,0,0,0.431333065032959,0,-0.0,0
746,0,0,0.43132859468460083,0,-0.0,0
746,0,0,0.4313247799873352,0,-0.0,0
746,0,0,0.4313208758831024,0,-0.0,0
746,0,0,0.43131694197654724,0,-0.0,0
746,0,0,0.4313136041164398,0,-0.0,0
746,0,0,0.43130961060523987,0,-0.0,0
746,0,0,0.43130579590797424,0,-0.0,0
746,0,0,0.43130233883857727,0,-0.0,0
746,0,0,0.4312993288040161,0,-0.0,0
746,0,0,0.43129631876945496,0,-1.0,0
121,0,1,0.5662956237792969,1,0.6939290165901184,1
121,1,0,0.6094798445701599,1,0.5324869751930237,1
121,2,0,0.39909249544143677,0,0.5744879841804504,1
121,3,1,0.5979331731796265,1,0.8932999968528748,1
121,4,1,0.5225427150726318,1,0.6945300102233887,1
121,5,1,0.8661767244338989,1,0.7909770011901855,1
121,6,1,0.9301407337188721,1,0.9223989844322205,1
121,6,1,0.9343851208686829,1,0.9310160279273987,1
121,0,1,0.7799670696258545,1,0.7538800239562988,1
121,1,1,0.5269922018051147,1,0.47409600019454956,0
121,2,1,0.6065905690193176,1,0.46952199935913086,0
121,4,1,0.867068886756897,1,0.7610849738121033,1
121,3,1,0.9483389258384705,1,0.9256100058555603,1
121,5,1,0.9135302901268005,1,0.8355249762535095,1
121,6,1,0.9351769089698792,1,0.9380519986152649,1
121,6,1,0.9350424408912659,1,0.9436990022659302,1
121,0,0,0.8033443689346313,1,0.8073019981384277,1
121,2,1,0.5123981237411499,1,0.551701009273529,1
121,1,0,0.6799978613853455,1,0.5609340071678162,1
121,3,1,0.8920005559921265,1,0.9450510144233704,1
121,4,1,0.8579121828079224,1,0.8051180243492126,1
121,5,1,0.9114805459976196,1,0.8585109710693359,1
121,6,1,0.9346103072166443,1,0.9481719732284546,1
121,6,1,0.9348316192626953,1,0.9516760110855103,1
121,0,1,0.5787188410758972,1,0.6409689784049988,1
121,1,1,0.5240311622619629,1,0.49493899941444397,0
121,2,1,0.7883000373840332,1,0.648406982421875,1
121,4,1,0.8767629265785217,1,0.830249011516571,1
121,3,1,0.9492443203926086,1,0.9561079740524292,1
121,5,1,0.9136257171630859,1,0.8694379925727844,1
121,6,1,0.9354113340377808,1,0.954397976398468,1
121,6,1,0.935206413269043,1,0.9564989805221558,1
121,0,1,0.805185079574585,1,0.6983739733695984,1
121,1,1,0.7656890749931335,1,0.5823879837989807,1
121,2,0,0.7896742224693298,1,0.7308120131492615,1
121,4,1,0.8047945499420166,1,0.843396008014679,1
121,3,1,0.9482212662696838,1,0.9621959924697876,1
121,5,1,0.9128541350364685,1,0.8744300007820129,1
121,6,1,0.9351256489753723,1,0.9581130146980286,1
121,6,1,0.9351080060005188,1,0.9593480229377747,1
121,0,1,0.8049473762512207,1,0.7581560015678406,1
121,2,0,0.5783201456069946,1,0.6024720072746277,1
121,1,1,0.7658806443214417,1,0.6556649804115295,1
121,3,1,0.9494724273681641,1,0.9654889702796936,1
121,4,1,0.8802182078361511,1,0.8499630093574524,1
121,5,1,0.913564920425415,1,0.8766689896583557,1
121,6,1,0.9354496002197266,1,0.9602890014648438,1
121,6,1,0.9352537393569946,1,0.9610059857368469,1
121,0,1,0.8084936141967773,1,0.8107900023460388,1
121,1,1,0.7722744941711426,1,0.7020149827003479,1
121,2,0,0.4031071662902832,0,0.4856390058994293,0
121,4,0,0.8782376646995544,1,0.8531659841537476,1
121,3,1,0.932357132434845,1,0.9672520160675049,1
121,5,1,0.908639669418335,1,0.8776649832725525,1
121,6,1,0.9346044063568115,1,0.9615499973297119,1
121,6,1,0.9348441362380981,1,0.9619629979133606,1
121,0,1,0.8030105829238892,1,0.8507050275802612,1
121,1,1,0.7674001455307007,1,0.7263370156288147,1
121,2,0,0.3986257314682007,0,0.4299759864807129,0
121,4,1,0.7682794332504272,1,0.8462989926338196,1
121,3,1,0.9494296908378601,1,0.9681919813156128,1
121,5,1,0.9130092859268188,1,0.8781059980392456,1
121,6,1,0.93536376953125,1,0.9622759819030762,1
121,6,1,0.9351658821105957,1,0.9625130295753479,1
121,0,1,0.8082267642021179,1,0.8776819705963135,1
121,2,1,0.4010355472564697,0,0.4114829897880554,0
121,1,0,0.7718273401260376,1,0.73785799741745,1
121,3,1,0.9386880993843079,1,0.9686909914016724,1
121,4,1,0.868087649345398,1,0.8513849973678589,1
121,5,1,0.9119818806648254,1,0.0,0
121,0,0,0.8061646223068237,1,-0.0,0
121,0,0,0.5495712161064148,1,-0.0,0
121,0,0,0.442625492811203,0,-0.0,0
121,0,0,0.4377989172935486,0,-0.0,0
121,0,0,0.43628522753715515,0,-0.0,0
121,0,0,0.4354442059993744,0,-0.0,0
121,0,0,0.4349076449871063,0,-0.0,0
121,0,0,0.43453356623649597,0,-0.0,0
121,0,0,0.4342350363731384,0,-0.0,0
121,0,0,0.4339890778064728,0,-0.0,0
121,0,0,0.43378469347953796,0,-0.0,0
121,0,0,0.4336053133010864,0,-0.0,0
121,0,0,0.43345344066619873,0,-0.0,0
121,0,0,0.4333191514015198,0,-0.0,0
121,0,0,0.4331991970539093,0,-0.0,0
121,0,0,0.43308451771736145,0,-0.0,0
121,0,0,0.4329736530780792,0,-0.0,0
121,0,0,0.4328747093677521,0,-0.0,0
121,0,0,0.43278610706329346,0,-0.0,0
121,0,0,0.4326954483985901,0,-0.0,0
121,0,0,0.4326085150241852,0,-0.0,0
121,0,0,0.43252894282341003,0,-0.0,0
121,0,0,0.43245285749435425,0,-0.0,0
121,0,0,0.43238383531570435,0,-0.0,0
121,0,0,0.43232330679893494,0,-0.0,0
121,0,0,0.43226709961891174,0,-0.0,0
121,0,0,0.43221408128738403,0,-0.0,0
121,0,0,0.43216291069984436,0,-0.0,0
121,0,0,0.4321158528327942,0,-0.0,0
121,0,0,0.43207210302352905,0,-0.0,0
121,0,0,0.4320320785045624,0,-0.0,0
121,0,0,0.43199586868286133,0,-0.0,0
121,0,0,0.43196210265159607,0,-0.0,0
121,0,0,0.4319271445274353,0,-0.0,0
121,0,0,0.43189069628715515,0,-0.0,0
121,0,0,0.4318567216396332,0,-0.0,0
121,0,0,0.43182408809661865,0,-0.0,0
121,0,0,0.43179216980934143,0,-0.0,0
121,0,0,0.43176212906837463,0,-0.0,0
121,0,0,0.431734561920166,0,-0.0,0
121,0,0,0.43171074986457825,0,-0.0,0
121,0,0,0.4316879212856293,0,-0.0,0
121,0,0,0.4316670298576355,0,-0.0,0
121,0,0,0.4316425025463104,0,-0.0,0
121,0,0,0.4316185712814331,0,-0.0,0
121,0,0,0.4315955340862274,0,-0.0,0
121,0,0,0.4315735995769501,0,-0.0,0
121,0,0,0.4315543472766876,0,-0.0,0
121,0,0,0.4315369129180908,0,-0.0,0
121,0,0,0.43151962757110596,0,-0.0,0
121,0,0,0.43150317668914795,0,-0.0,0
121,0,0,0.4314875304698944,0,-0.0,0
121,0,0,0.4314725399017334,0,-0.0,0
121,0,0,0.43145737051963806,0,-0.0,0
121,0,0,0.4314429759979248,0,-0.0,0
121,0,0,0.43142956495285034,0,-0.0,0
121,0,0,0.4314165413379669,0,-0.0,0
121,0,0,0.4314050078392029,0,-0.0,0
121,0,0,0.4313932955265045,0,-0.0,0
121,0,0,0.43138131499290466,0,-0.0,0
121,0,0,0.43136999011039734,0,-0.0,0
121,0,0,0.43135952949523926,0,-0.0,0
121,0,0,0.43135011196136475,0,-0.0,0
121,0,0,0.43134230375289917,0,-0.0,0
121,0,0,0.4313337504863739,0,-0.0,0
121,0,0,0.431326299905777,0,-0.0,0
121,0,0,0.4313197731971741,0,-0.0,0
121,0,0,0.43131378293037415,0,-0.0,0
121,0,0,0.43130820989608765,0,-0.0,0
121,0,0,0.4313026964664459,0,-0.0,0
121,0,0,0.43129658699035645,0,-0.0,0
121,0,0,0.43129080533981323,0,-0.0,0
121,0,0,0.4312855899333954,0,-0.0,0
121,0,0,0.4312809705734253,0,-0.0,0
121,0,0,0.43127670884132385,0,-0.0,0
121,0,0,0.4312732517719269,0,-0.0,0
121,0,0,0.43126970529556274,0,-0.0,0
121,0,0,0.43126600980758667,0,-0.0,0
121,0,0,0.43126216530799866,0,-0.0,0
121,0,0,0.4312584400177002,0,-0.0,0
121,0,0,0.43125489354133606,0,-0.0,0
121,0,0,0.43125125765800476,0,-0.0,0
121,0,0,0.43124815821647644,0,-0.0,0
121,0,0,0.43124455213546753,0,-0.0,0
121,0,0,0.4312419295310974,0,-0.0,0
121,0,0,0.4312392473220825,0,-0.0,0
121,0,0,0.43123626708984375,0,-0.0,0
121,0,0,0.4312344193458557,0,-0.0,0
121,0,0,0.4312327206134796,0,-0.0,0
121,0,0,0.43123120069503784,0,-0.0,0
121,0,0,0.4312296211719513,0,-0.0,0
121,0,0,0.4312283396720886,0,-0.0,0
121,0,0,0.4312268793582916,0,-0.0,0
121,0,0,0.4312262535095215,0,-0.0,0
121,0,0,0.4312268793582916,0,-0.0,0
121,0,0,0.43122756481170654,0,-0.0,0
121,0,0,0.43122798204421997,0,-0.0,0
121,0,0,0.43122854828834534,0,-0.0,0
121,0,0,0.43122926354408264,0,-0.0,0
121,0,0,0.4312301576137543,0,-0.0,0
121,0,0,0.4312307834625244,0,-0.0,0
121,0,0,0.4312317967414856,0,-0.0,0
121,0,0,0.4312326908111572,0,-0.0,0
121,0,0,0.43123364448547363,0,-0.0,0
121,0,0,0.431234747171402,0,-0.0,0
121,0,0,0.4312356412410736,0,-0.0,0
121,0,0,0.43123698234558105,0,-0.0,0
121,0,0,0.43123796582221985,0,-0.0,0
121,0,0,0.43123897910118103,0,-0.0,0
121,0,0,0.4312400817871094,0,-0.0,0
121,0,0,0.43124133348464966,0,-0.0,0
121,0,0,0.4312423765659332,0,-0.0,0
121,0,0,0.43124353885650635,0,-0.0,0
121,0,0,0.43124496936798096,0,-0.0,0
121,0,0,0.4312465190887451,0,-0.0,0
121,0,0,0.4312480688095093,0,-0.0,0
121,0,0,0.43124961853027344,0,-0.0,0
121,0,0,0.43125107884407043,0,-0.0,0
121,0,0,0.4312528073787689,0,-0.0,0
121,0,0,0.4312543570995331,0,-0.0,0
121,0,0,0.43125635385513306,0,-0.0,0
121,0,0,0.4312593340873718,0,-0.0,0
121,0,0,0.43126198649406433,0,-0.0,0
121,0,0,0.4312649071216583,0,-0.0,0
121,0,0,0.43126773834228516,0,-0.0,0
121,0,0,0.43127068877220154,0,-0.0,0
121,0,0,0.43127351999282837,0,-0.0,0
121,0,0,0.4312761723995209,0,-0.0,0
121,0,0,0.43127936124801636,0,-0.0,0
121,0,0,0.43128228187561035,0,-1.0,0
395,0,1,0.5662901401519775,1,0.6939290165901184,1
395,2,0,0.6570788621902466,1,0.5744879841804504,1
395,1,0,0.39117497205734253,0,0.5324869751930237,1
395,3,1,0.5965290069580078,1,0.8932999968528748,1
395,5,0,0.626416027545929,1,0.7909770011901855,1
395,4,1,0.4518052339553833,0,0.6945300102233887,1
395,6,1,0.724900484085083,1,0.9223989844322205,1
395,6,1,0.8769516348838806,1,0.9310160279273987,1
395,279,0,0.7946138381958008,1,0.8251760005950928,1
395,279,1,0.5066983103752136,1,0.8985530138015747,1
395,280,0,0.6547012329101562,1,0.9448720216751099,1
395,279,1,0.5887840986251831,1,0.9259539842605591,1
395,280,1,0.5915823578834534,1,0.8989800214767456,1
395,280,1,0.72177654504776,1,0.9470109939575195,1
395,279,0,0.879518449306488,1,0.9264150261878967,1
395,279,1,0.6920970678329468,1,0.9264180064201355,1
395,280,0,0.8019508719444275,1,0.9665930271148682,1
395,280,1,0.7119807004928589,1,0.9324079751968384,1
395,279,1,0.7763112187385559,1,0.9264230132102966,1
395,280,1,0.847542941570282,1,0.9608529806137085,1
395,281,0,0.8888531923294067,1,0.8623480200767517,1
395,281,1,0.66398686170578,1,0.775950014591217,1
395,282,1,0.729129433631897,1,0.8347259759902954,1
395,282,0,0.8582653403282166,1,0.9250490069389343,1
395,282,0,0.7120762467384338,1,0.9089300036430359,1
395,281,1,0.7107366323471069,1,0.8385670185089111,1
395,282,1,0.48754003643989563,0,0.8787879943847656,1
395,281,0,0.8808252811431885,1,0.8742480278015137,1
395,281,0,0.6568217873573303,1,0.8010640144348145,1
395,281,0,0.5419760942459106,1,0.6941940188407898,1
395,281,1,0.5225771069526672,1,0.6300179958343506,1
395,282,0,0.6116505265235901,1,0.9297019839286804,1
395,281,0,0.6399125456809998,1,0.727882981300354,1
395,282,0,0.4823921322822571,0,0.0,0
395,0,0,0.45672670006752014,0,-0.0,0
395,0,0,0.4355725347995758,0,-0.0,0
395,0,0,0.4317359924316406,0,-0.0,0
395,0,0,0.43108880519866943,0,-0.0,0
395,0,0,0.4309186041355133,0,-0.0,0
395,0,0,0.43088018894195557,0,-0.0,0
395,0,0,0.4308893084526062,0,-0.0,0
395,0,0,0.43091103434562683,0,-0.0,0
395,0,0,0.43094944953918457,0,-0.0,0
395,0,0,0.4309910535812378,0,-0.0,0
395,0,0,0.4310314357280731,0,-0.0,0
395,0,0,0.431071400642395,0,-0.0,0
395,0,0,0.4311150014400482,0,-0.0,0
395,0,0,0.4311566948890686,0,-0.0,0
395,0,0,0.43119698762893677,0,-0.0,0
395,0,0,0.4312348961830139,0,-0.0,0
395,0,0,0.4312705993652344,0,-0.0,0
395,0,0,0.4313044846057892,0,-0.0,0
395,0,0,0.4313349723815918,0,-0.0,0
395,0,0,0.43136435747146606,0,-0.0,0
395,0,0,0.43139249086380005,0,-0.0,0
395,0,0,0.4314189851284027,0,-0.0,0
395,0,0,0.4314446747303009,0,-0.0,0
395,0,0,0.4314689040184021,0,-0.0,0
395,0,0,0.43149223923683167,0,-0.0,0
395,0,0,0.4315149784088135,0,-0.0,0
395,0,0,0.4315367341041565,0,-0.0,0
395,0,0,0.43155670166015625,0,-0.0,0
395,0,0,0.4315751791000366,0,-0.0,0
395,0,0,0.4315928518772125,0,-0.0,0
395,0,0,0.4316113293170929,0,-0.0,0
395,0,0,0.43162861466407776,0,-0.0,0
395,0,0,0.43164607882499695,0,-0.0,0
395,0,0,0.43166276812553406,0,-0.0,0
395,0,0,0.43167921900749207,0,-0.0,0
395,0,0,0.4316951036453247,0,-0.0,0
395,0,0,0.43171048164367676,0,-0.0,0
395,0,0,0.431725412607193,0,-0.0,0
395,0,0,0.43174007534980774,0,-0.0,0
395,0,0,0.43175432085990906,0,-0.0,0
395,0,0,0.43176963925361633,0,-0.0,0
395,0,0,0.43178436160087585,0,-0.0,0
395,0,0,0.43179893493652344,0,-0.0,0
395,0,0,0.43181315064430237,0,-0.0,0
395,0,0,0.4318268597126007,0,-0.0,0
395,0,0,0.43184053897857666,0,-0.0,0
395,0,0,0.431853711605072,0,-0.0,0
395,0,0,0.43186670541763306,0,-0.0,0
395,0,0,0.43187931180000305,0,-0.0,0
395,0,0,0.4318917691707611,0,-0.0,0
395,0,0,0.43190377950668335,0,-0.0,0
395,0,0,0.4319155812263489,0,-0.0,0
395,0,0,0.4319271743297577,0,-0.0,0
395,0,0,0.43193864822387695,0,-0.0,0
395,0,0,0.43194976449012756,0,-0.0,0
395,0,0,0.4319607615470886,0,-0.0,0
395,0,0,0.43197140097618103,0,-0.0,0
395,0,0,0.43198198080062866,0,-0.0,0
395,0,0,0.43199220299720764,0,-0.0,0
395,0,0,0.43200239539146423,0,-0.0,0
395,0,0,0.43201231956481934,0,-0.0,0
395,0,0,0.4320220649242401,0,-0.0,0
395,0,0,0.43203169107437134,0,-0.0,0
395,0,0,0.43204107880592346,0,-0.0,0
395,0,0,0.43205028772354126,0,-0.0,0
395,0,0,0.43205931782722473,0,-0.0,0
395,0,0,0.4320683181285858,0,-0.0,0
395,0,0,0.4320771098136902,0,-0.0,0
395,0,0,0.43208572268486023,0,-0.0,0
395,0,0,0.4320942163467407,0,-0.0,0
395,0,0,0.4321025311946869,0,-0.0,0
395,0,0,0.43211081624031067,0,-0.0,0
395,0,0,0.43211889266967773,0,-0.0,0
395,0,0,0.43212684988975525,0,-0.0,0
395,0,0,0.43213462829589844,0,-0.0,0
395,0,0,0.43214234709739685,0,-0.0,0
395,0,0,0.4321500360965729,0,-0.0,0
395,0,0,0.43215757608413696,0,-0.0,0
395,0,0,0.43216487765312195,0,-0.0,0
395,0,0,0.43217211961746216,0,-0.0,0
395,0,0,0.43217933177948,0,-0.0,0
395,0,0,0.43218639492988586,0,-0.0,0
395,0,0,0.4321933388710022,0,-0.0,0
395,0,0,0.43220019340515137,0,-0.0,0
395,0,0,0.4322069585323334,0,-0.0,0
395,0,0,0.43221354484558105,0,-0.0,0
395,0,0,0.4322202205657959,0,-0.0,0
395,0,0,0.43222662806510925,0,-0.0,0
395,0,0,0.43223297595977783,0,-0.0,0
395,0,0,0.432239294052124,0,-0.0,0
395,0,0,0.43224552273750305,0,-0.0,0
395,0,0,0.43225157260894775,0,-0.0,0
395,0,0,0.432257741689682,0,-0.0,0
395,0,0,0.43226370215415955,0,-0.0,0
395,0,0,0.43226948380470276,0,-0.0,0
395,0,0,0.4322753846645355,0,-0.0,0
395,0,0,0.43228113651275635,0,-0.0,0
395,0,0,0.4322867691516876,0,-0.0,0
395,0,0,0.4322924017906189,0,-0.0,0
395,0,0,0.4322979152202606,0,-0.0,0
395,0,0,0.43230345845222473,0,-0.0,0
395,0,0,0.4323088824748993,0,-0.0,0
395,0,0,0.43231403827667236,0,-0.0,0
395,0,0,0.43231943249702454,0,-0.0,0
395,0,0,0.4323245584964752,0,-0.0,0
395,0,0,0.4323297441005707,0,-0.0,0
395,0,0,0.43233489990234375,0,-0.0,0
395,0,0,0.4323398172855377,0,-0.0,0
395,0,0,0.43234488368034363,0,-0.0,0
395,0,0,0.4323497414588928,0,-0.0,0
395,0,0,0.432354599237442,0,-0.0,0
395,0,0,0.4323594570159912,0,-0.0,0
395,0,0,0.43236422538757324,0,-0.0,0
395,0,0,0.4323689639568329,0,-0.0,0
395,0,0,0.43237367272377014,0,-0.0,0
395,0,0,0.43237823247909546,0,-0.0,0
395,0,0,0.43238282203674316,0,-0.0,0
395,0,0,0.4323873221874237,0,-0.0,0
395,0,0,0.43239185214042664,0,-0.0,0
395,0,0,0.4323962330818176,0,-0.0,0
395,0,0,0.4324006140232086,0,-0.0,0
395,0,0,0.432405024766922,0,-0.0,0
395,0,0,0.43240928649902344,0,-0.0,0
395,0,0,0.4324135184288025,0,-0.0,0
395,0,0,0.4324176609516144,0,-0.0,0
395,0,0,0.43242183327674866,0,-0.0,0
395,0,0,0.43242597579956055,0,-0.0,0
395,0,0,0.4324300289154053,0,-0.0,0
395,0,0,0.43243408203125,0,-0.0,0
395,0,0,0.43243804574012756,0,-0.0,0
395,0,0,0.43244197964668274,0,-0.0,0
395,0,0,0.4324458837509155,0,-0.0,0
395,0,0,0.4324497878551483,0,-0.0,0
395,0,0,0.43245360255241394,0,-0.0,0
395,0,0,0.43245729804039,0,-0.0,0
395,0,0,0.432461142539978,0,-0.0,0
395,0,0,0.4324648380279541,0,-0.0,0
395,0,0,0.4324685335159302,0,-0.0,0
395,0,0,0.4324721693992615,0,-0.0,0
395,0,0,0.4324757754802704,0,-0.0,0
395,0,0,0.4324793517589569,0,-0.0,0
395,0,0,0.43248289823532104,0,-0.0,0
395,0,0,0.4324863851070404,0,-0.0,0
395,0,0,0.43248987197875977,0,-0.0,0
395,0,0,0.43249332904815674,0,-0.0,0
395,0,0,0.43249672651290894,0,-0.0,0
395,0,0,0.43250012397766113,0,-0.0,0
395,0,0,0.43250343203544617,0,-0.0,0
395,0,0,0.432506799697876,0,-0.0,0
395,0,0,0.432510107755661,0,-0.0,0
395,0,0,0.43251341581344604,0,-0.0,0
395,0,0,0.4325166344642639,0,-0.0,0
395,0,0,0.4325198233127594,0,-0.0,0
395,0,0,0.43252304196357727,0,-0.0,0
395,0,0,0.43252626061439514,0,-0.0,0
395,0,0,0.43252938985824585,0,-0.0,0
395,0,0,0.432532399892807,0,-0.0,0
395,0,0,0.4325355291366577,0,-0.0,0
395,0,0,0.43253856897354126,0,-0.0,0
395,0,0,0.4325416386127472,0,-0.0,0
395,0,0,0.43254464864730835,0,-0.0,0
395,0,0,0.43254756927490234,0,-0.0,0
395,0,0,0.4325505793094635,0,-0.0,0
395,0,0,0.4325534701347351,0,-0.0,0
395,0,0,0.4325564205646515,0,-0.0,0
395,0,0,0.4325592517852783,0,-1.0,0
207,38,0,0.6298420429229736,1,0.8029890060424805,1
207,39,0,0.4642525017261505,0,0.8282989859580994,1
207,46,0,0.4950898289680481,0,0.0,0
207,0,0,0.4351448714733124,0,-0.0,0
207,0,0,0.4337005913257599,0,-0.0,0
207,0,0,0.43362241983413696,0,-0.0,0
207,0,0,0.43358656764030457,0,-0.0,0
207,0,0,0.4335708022117615,0,-0.0,0
207,0,0,0.43355926871299744,0,-0.0,0
207,0,0,0.43355056643486023,0,-0.0,0
207,0,0,0.43354368209838867,0,-0.0,0
207,0,0,0.4335379898548126,0,-0.0,0
207,0,0,0.4335332214832306,0,-0.0,0
207,0,0,0.4335291087627411,0,-0.0,0
207,0,0,0.43352562189102173,0,-0.0,0
207,0,0,0.433522492647171,0,-0.0,0
207,0,0,0.43351975083351135,0,-0.0,0
207,0,0,0.4335172474384308,0,-0.0,0
207,0,0,0.4335150420665741,0,-0.0,0
207,0,0,0.43351298570632935,0,-0.0,0
207,0,0,0.4335111975669861,0,-0.0,0
207,0,0,0.43350949883461,0,-0.0,0
207,0,0,0.43350791931152344,0,-0.0,0
207,0,0,0.43350642919540405,0,-0.0,0
207,0,0,0.4335050880908966,0,-0.0,0
207,0,0,0.4335038959980011,0,-0.0,0
207,0,0,0.4335026741027832,0,-0.0,0
207,0,0,0.43350160121917725,0,-0.0,0
207,0,0,0.43350061774253845,0,-0.0,0
207,0,0,0.43349963426589966,0,-0.0,0
207,0,0,0.43349868059158325,0,-0.0,0
207,0,0,0.4334978461265564,0,-0.0,0
207,0,0,0.43349695205688477,0,-0.0,0
207,0,0,0.4334961473941803,0,-0.0,0
207,0,0,0.43349534273147583,0,-0.0,0
207,0,0,0.43349459767341614,0,-0.0,0
207,0,0,0.43349388241767883,0,-0.0,0
207,0,0,0.43349316716194153,0,-0.0,0
207,0,0,0.4334925413131714,0,-0.0,0
207,0,0,0.43349191546440125,0,-0.0,0
207,0,0,0.4334913492202759,0,-0.0,0
207,0,0,0.4334907531738281,0,-0.0,0
207,0,0,0.43349021673202515,0,-0.0,0
207,0,0,0.43348968029022217,0,-0.0,0
207,0,0,0.4334891438484192,0,-0.0,0
207,0,0,0.4334886968135834,0,-0.0,0
207,0,0,0.4334881603717804,0,-0.0,0
207,0,0,0.4334877133369446,0,-0.0,0
207,0,0,0.43348726630210876,0,-0.0,0
207,0,0,0.43348684906959534,0,-0.0,0
207,0,0,0.4334864616394043,0,-0.0,0
207,0,0,0.43348604440689087,0,-0.0,0
207,0,0,0.4334856867790222,0,-0.0,0
207,0,0,0.43348532915115356,0,-0.0,0
207,0,0,0.4334849417209625,0,-0.0,0
207,0,0,0.43348458409309387,0,-0.0,0
207,0,0,0.4334842562675476,0,-0.0,0
207,0,0,0.43348395824432373,0,-0.0,0
207,0,0,0.4334836006164551,0,-0.0,0
207,0,0,0.4334833323955536,0,-0.0,0
207,0,0,0.4334830045700073,0,-0.0,0
207,0,0,0.43348270654678345,0,-0.0,0
207,0,0,0.43348243832588196,0,-0.0,0
207,0,0,0.43348217010498047,0,-0.0,0
207,0,0,0.433481901884079,0,-0.0,0
207,0,0,0.4334816336631775,0,-0.0,0
207,0,0,0.433481365442276,0,-0.0,0
207,0,0,0.4334810972213745,0,-0.0,0
207,0,0,0.43348079919815063,0,-0.0,0
207,0,0,0.4334806203842163,0,-0.0,0
207,0,0,0.4334803521633148,0,-0.0,0
207,0,0,0.43348008394241333,0,-0.0,0
207,0,0,0.433479905128479,0,-0.0,0
207,0,0,0.4334797263145447,0,-0.0,0
207,0,0,0.4334794580936432,0,-0.0,0
207,0,0,0.43347927927970886,0,-0.0,0
207,0,0,0.43347907066345215,0,-0.0,0
207,0,0,0.43347883224487305,0,-0.0,0
207,0,0,0.4334786534309387,0,-0.0,0
207,0,0,0.4334784746170044,0,-0.0,0
207,0,0,0.43347829580307007,0,-0.0,0
207,0,0,0.43347811698913574,0,-0.0,0
207,0,0,0.4334779381752014,0,-0.0,0
207,0,0,0.4334777295589447,0,-0.0,0
207,0,0,0.43347758054733276,0,-0.0,0
207,0,0,0.43347740173339844,0,-0.0,0
207,0,0,0.4334772229194641,0,-0.0,0
207,0,0,0.4334770441055298,0,-0.0,0
207,0,0,0.4334769546985626,0,-0.0,0
207,0,0,0.4334767460823059,0,-0.0,0
207,0,0,0.43347659707069397,0,-0.0,0
207,0,0,0.43347641825675964,0,-0.0,0
207,0,0,0.4334762990474701,0,-0.0,0
207,0,0,0.43347615003585815,0,-0.0,0
207,0,0,0.43347597122192383,0,-0.0,0
207,0,0,0.43347588181495667,0,-0.0,0
207,0,0,0.43347570300102234,0,-0.0,0
207,0,0,0.4334755837917328,0,-0.0,0
207,0,0,0.43347543478012085,0,-0.0,0
207,0,0,0.4334753155708313,0,-0.0,0
207,0,0,0.43347516655921936,0,-0.0,0
207,0,0,0.4334750473499298,0,-0.0,0
207,0,0,0.43347495794296265,0,-0.0,0
207,0,0,0.4334748089313507,0,-0.0,0
207,0,0,0.43347468972206116,0,-0.0,0
207,0,0,0.433474600315094,0,-0.0,0
207,0,0,0.43347445130348206,0,-0.0,0
207,0,0,0.4334743618965149,0,-0.0,0
207,0,0,0.43347424268722534,0,-0.0,0
207,0,0,0.4334740936756134,0,-0.0,0
207,0,0,0.43347400426864624,0,-0.0,0
207,0,0,0.4334739148616791,0,-0.0,0
207,0,0,0.43347376585006714,0,-0.0,0
207,0,0,0.43347373604774475,0,-0.0,0
207,0,0,0.4334735572338104,0,-0.0,0
207,0,0,0.43347346782684326,0,-0.0,0
207,0,0,0.4334733784198761,0,-0.0,0
207,0,0,0.43347328901290894,0,-0.0,0
207,0,0,0.4334731996059418,0,-0.0,0
207,0,0,0.4334731101989746,0,-0.0,0
207,0,0,0.43347302079200745,0,-0.0,0
207,0,0,0.4334728717803955,0,-0.0,0
207,0,0,0.4334728419780731,0,-0.0,0
207,0,0,0.4334726929664612,0,-0.0,0
207,0,0,0.433472603559494,0,-0.0,0
207,0,0,0.43347251415252686,0,-0.0,0
207,0,0,0.4334724247455597,0,-0.0,0
207,0,0,0.4334723949432373,0,-0.0,0
207,0,0,0.433472216129303,0,-0.0,0
207,0,0,0.433472216129303,0,-0.0,0
207,0,0,0.4334721267223358,0,-0.0,0
207,0,0,0.43347203731536865,0,-0.0,0
207,0,0,0.4334719479084015,0,-0.0,0
207,0,0,0.4334718585014343,0,-0.0,0
207,0,0,0.43347176909446716,0,-0.0,0
207,0,0,0.4334716796875,0,-0.0,0
207,0,0,0.43347159028053284,0,-0.0,0
207,0,0,0.43347159028053284,0,-0.0,0
207,0,0,0.4334715008735657,0,-0.0,0
207,0,0,0.4334714114665985,0,-0.0,0
207,0,0,0.43347132205963135,0,-0.0,0
207,0,0,0.4334712624549866,0,-0.0,0
207,0,0,0.4334712326526642,0,-0.0,0
207,0,0,0.433471143245697,0,-0.0,0
207,0,0,0.43347105383872986,0,-0.0,0
207,0,0,0.4334709644317627,0,-0.0,0
207,0,0,0.4334709048271179,0,-0.0,0
207,0,0,0.43347081542015076,0,-0.0,0
207,0,0,0.43347078561782837,0,-0.0,0
207,0,0,0.4334706962108612,0,-0.0,0
207,0,0,0.43347063660621643,0,-0.0,0
207,0,0,0.43347060680389404,0,-0.0,0
207,0,0,0.4334705173969269,0,-0.0,0
207,0,0,0.4334704577922821,0,-0.0,0
207,0,0,0.4334704279899597,0,-0.0,0
207,0,0,0.43347033858299255,0,-0.0,0
207,0,0,0.4334702491760254,0,-0.0,0
207,0,0,0.4334702491760254,0,-0.0,0
207,0,0,0.4334701597690582,0,-0.0,0
207,0,0,0.43347007036209106,0,-0.0,0
207,0,0,0.43347007036209106,0,-0.0,0
207,0,0,0.4334699809551239,0,-0.0,0
207,0,0,0.43346989154815674,0,-0.0,0
207,0,0,0.43346983194351196,0,-0.0,0
207,0,0,0.4334698021411896,0,-0.0,0
207,0,0,0.4334697425365448,0,-0.0,0
207,0,0,0.43346965312957764,0,-0.0,0
207,0,0,0.43346962332725525,0,-0.0,0
207,0,0,0.4334695637226105,0,-0.0,0
207,0,0,0.4334695339202881,0,-0.0,0
207,0,0,0.4334694445133209,0,-0.0,0
207,0,0,0.4334694445133209,0,-0.0,0
207,0,0,0.43346935510635376,0,-0.0,0
207,0,0,0.433469295501709,0,-0.0,0
207,0,0,0.4334692656993866,0,-0.0,0
207,0,0,0.43346917629241943,0,-0.0,0
207,0,0,0.43346917629241943,0,-0.0,0
207,0,0,0.43346908688545227,0,-0.0,0
207,0,0,0.43346908688545227,0,-0.0,0
207,0,0,0.4334689974784851,0,-0.0,0
207,0,0,0.43346893787384033,0,-0.0,0
207,0,0,0.43346890807151794,0,-0.0,0
207,0,0,0.43346884846687317,0,-0.0,0
207,0,0,0.4334688186645508,0,-0.0,0
207,0,0,0.433468759059906,0,-0.0,0
207,0,0,0.4334687292575836,0,-0.0,0
207,0,0,0.43346866965293884,0,-0.0,0
207,0,0,0.43346863985061646,0,-0.0,0
207,0,0,0.4334685504436493,0,-0.0,0
207,0,0,0.4334685504436493,0,-0.0,0
207,0,0,0.4334684908390045,0,-0.0,0
207,0,0,0.43346846103668213,0,-0.0,0
207,0,0,0.43346837162971497,0,-0.0,0
207,0,0,0.43346837162971497,0,-0.0,0
207,0,0,0.43346837162971497,0,-0.0,0
207,0,0,0.4334682822227478,0,-0.0,0
207,0,0,0.433468222618103,0,-0.0,0
207,0,0,0.43346819281578064,0,-0.0,0
207,0,0,0.43346813321113586,0,-0.0,0
207,0,0,0.4334681034088135,0,-1.0,0
742,0,0,0.5662891864776611,1,0.6939290165901184,1
742,2,0,0.4033585786819458,0,0.5744879841804504,1
742,1,0,0.3911415636539459,0,0.5324869751930237,1
742,1,0,0.3962864875793457,0,0.47409600019454956,0
742,3,1,0.5897029042243958,1,0.8932999968528748,1
742,4,1,0.5590766668319702,1,0.6945300102233887,1
742,5,0,0.8299853801727295,1,0.7909770011901855,1
742,6,1,0.5941319465637207,1,0.9223989844322205,1
742,6,1,0.8319641351699829,1,0.9310160279273987,1
742,0,1,0.48864802718162537,0,0.5645110011100769,1
742,2,0,0.443595826625824,0,0.46952199935913086,0
742,1,0,0.38695353269577026,0,0.4383769929409027,0
742,3,1,0.9469444751739502,1,0.9256100058555603,1
742,4,1,0.8170720338821411,1,0.7610849738121033,1
742,5,1,0.4629635214805603,0,0.7047439813613892,1
742,6,1,0.9326982498168945,1,0.9380519986152649,1
742,6,1,0.93398118019104,1,0.9436990022659302,1
742,0,0,0.7336485385894775,1,0.5998700261116028,1
742,1,1,0.4260055422782898,0,0.4201880097389221,0
742,2,0,0.4525333046913147,0,0.42422300577163696,0
742,3,1,0.9402997493743896,1,0.9450510144233704,1
742,4,0,0.8605229258537292,1,0.8051180243492126,1
742,5,0,0.693082332611084,1,0.7827749848365784,1
742,6,1,0.8005338311195374,1,0.9481719732284546,1
742,6,1,0.9295157194137573,1,0.9516760110855103,1
742,0,0,0.4346167743206024,0,0.5339630246162415,1
742,2,0,0.40022653341293335,0,0.4097749888896942,0
742,1,1,0.6542801260948181,1,0.4955720007419586,0
742,3,1,0.9482198357582092,1,0.9561079740524292,1
742,5,0,0.4644073247909546,0,0.6956310272216797,1
742,4,0,0.44208186864852905,0,0.7286490201950073,1
742,6,1,0.9336796998977661,1,0.954397976398468,1
742,6,1,0.9334841966629028,1,0.9564989805221558,1
742,0,0,0.4319985806941986,0,0.5199049711227417,1
742,1,1,0.750447154045105,1,0.5830119848251343,1
742,2,0,0.39966344833374023,0,0.40563300251960754,0
742,4,0,0.44083255529403687,0,0.627331018447876,1
742,5,0,0.45796433091163635,0,0.6291379928588867,1
742,3,1,0.9482535123825073,1,0.9621959924697876,1
742,6,1,0.9339813590049744,1,0.9581130146980286,1
742,6,1,0.933605432510376,1,0.9593480229377747,1
742,0,0,0.43254268169403076,0,0.5174059867858887,1
742,2,0,0.4001278281211853,0,0.40448299050331116,0
742,1,0,0.7501841187477112,1,0.6561089754104614,1
742,3,1,0.9198543429374695,1,0.9654889702796936,1
742,4,1,0.44114455580711365,0,0.557129979133606,1
742,5,1,0.5117348432540894,1,0.5994200110435486,1
742,6,1,0.9299038648605347,1,0.9602890014648438,1
742,6,1,0.9324389696121216,1,0.9610059857368469,1
742,0,0,0.5029006004333496,1,0.5169770121574402,1
742,2,0,0.399148166179657,0,0.4041669964790344,0
742,1,1,0.38807982206344604,0,0.5897430181503296,1
742,3,1,0.9480433464050293,1,0.9672520160675049,1
742,4,1,0.8170822858810425,1,0.6369029879570007,1
742,5,1,0.9083800315856934,1,0.697754979133606,1
742,6,1,0.9328718185424805,1,0.9615499973297119,1
742,6,1,0.9331667423248291,1,0.9619629979133606,1
742,0,1,0.4608779847621918,0,0.5169029831886292,1
742,2,0,0.41325441002845764,0,0.40408000349998474,0
742,1,1,0.6732714772224426,1,0.6608380079269409,1
742,3,1,0.9483017325401306,1,0.9681919813156128,1
742,4,1,0.863305389881134,1,0.7155259847640991,1
742,5,1,0.9108061790466309,1,0.7779279947280884,1
742,6,1,0.9332399964332581,1,0.9622759819030762,1
742,6,1,0.9333279728889465,1,0.9625130295753479,1
742,0,1,0.7390255331993103,1,0.5238140225410461,1
742,1,1,0.7497780323028564,1,0.70489901304245,1
742,2,1,0.3944799304008484,0,0.40405601263046265,0
742,4,0,0.863520622253418,1,0.7758600115776062,1
742,3,1,0.9230700731277466,1,0.9686909914016724,1
742,5,0,0.902164876461029,1,0.8282939791679382,1
742,6,1,0.8918368220329285,1,0.9626920223236084,1
742,6,1,0.9284912347793579,1,0.0,0
742,0,0,0.6936262845993042,1,-0.0,0
742,0,0,0.46017488837242126,0,-0.0,0
742,0,0,0.43615272641181946,0,-0.0,0
742,0,0,0.43391528725624084,0,-0.0,0
742,0,0,0.4330430328845978,0,-0.0,0
742,0,0,0.4325646162033081,0,-0.0,0
742,0,0,0.43228277564048767,0,-0.0,0
742,0,0,0.4320669174194336,0,-0.0,0
742,0,0,0.43192633986473083,0,-0.0,0
742,0,0,0.4318249821662903,0,-0.0,0
742,0,0,0.43175002932548523,0,-0.0,0
742,0,0,0.431696355342865,0,-0.0,0
742,0,0,0.4316522777080536,0,-0.0,0
742,0,0,0.431613028049469,0,-0.0,0
742,0,0,0.43157723546028137,0,-0.0,0
742,0,0,0.4315463602542877,0,-0.0,0
742,0,0,0.4315200448036194,0,-0.0,0
742,0,0,0.43149641156196594,0,-0.0,0
742,0,0,0.4314759075641632,0,-0.0,0
742,0,0,0.4314563274383545,0,-0.0,0
742,0,0,0.4314383268356323,0,-0.0,0
742,0,0,0.43142053484916687,0,-0.0,0
742,0,0,0.431403785943985,0,-0.0,0
742,0,0,0.43138954043388367,0,-0.0,0
742,0,0,0.43137696385383606,0,-0.0,0
742,0,0,0.4313652515411377,0,-0.0,0
742,0,0,0.43135499954223633,0,-0.0,0
742,0,0,0.43134599924087524,0,-0.0,0
742,0,0,0.4313407838344574,0,-0.0,0
742,0,0,0.43133631348609924,0,-0.0,0
742,0,0,0.4313327372074127,0,-0.0,0
742,0,0,0.4313291311264038,0,-0.0,0
742,0,0,0.43132612109184265,0,-0.0,0
742,0,0,0.43132367730140686,0,-0.0,0
742,0,0,0.43132397532463074,0,-0.0,0
742,0,0,0.43132442235946655,0,-0.0,0
742,0,0,0.43132561445236206,0,-0.0,0
742,0,0,0.43132683634757996,0,-0.0,0
742,0,0,0.43132829666137695,0,-0.0,0
742,0,0,0.431330144405365,0,-0.0,0
742,0,0,0.4313320517539978,0,-0.0,0
742,0,0,0.4313339591026306,0,-0.0,0
742,0,0,0.4313366413116455,0,-0.0,0
742,0,0,0.4313391447067261,0,-0.0,0
742,0,0,0.4313417375087738,0,-0.0,0
742,0,0,0.43134430050849915,0,-0.0,0
742,0,0,0.4313468635082245,0,-0.0,0
742,0,0,0.43134981393814087,0,-0.0,0
742,0,0,0.43135273456573486,0,-0.0,0
742,0,0,0.43135547637939453,0,-0.0,0
742,0,0,0.4313584864139557,0,-0.0,0
742,0,0,0.43136119842529297,0,-0.0,0
742,0,0,0.4313644468784332,0,-0.0,0
742,0,0,0.4313696026802063,0,-0.0,0
742,0,0,0.43137481808662415,0,-0.0,0
742,0,0,0.4313797950744629,0,-0.0,0
742,0,0,0.43138495087623596,0,-0.0,0
742,0,0,0.43138954043388367,0,-0.0,0
742,0,0,0.43139415979385376,0,-0.0,0
742,0,0,0.43139904737472534,0,-0.0,0
742,0,0,0.431403249502182,0,-0.0,0
742,0,0,0.4314076602458954,0,-0.0,0
742,0,0,0.4314122796058655,0,-0.0,0
742,0,0,0.43141672015190125,0,-0.0,0
742,0,0,0.4314212501049042,0,-0.0,0
742,0,0,0.4314260184764862,0,-0.0,0
742,0,0,0.4314303696155548,0,-0.0,0
742,0,0,0.43143516778945923,0,-0.0,0
742,0,0,0.4314398169517517,0,-0.0,0
742,0,0,0.4314444959163666,0,-0.0,0
742,0,0,0.43144911527633667,0,-0.0,0
742,0,0,0.43145373463630676,0,-0.0,0
742,0,0,0.4314582347869873,0,-0.0,0
742,0,0,0.43146276473999023,0,-0.0,0
742,0,0,0.4314674735069275,0,-0.0,0
742,0,0,0.43147173523902893,0,-0.0,0
742,0,0,0.4314764440059662,0,-0.0,0
742,0,0,0.4314809739589691,0,-0.0,0
742,0,0,0.43148544430732727,0,-0.0,0
742,0,0,0.4314899444580078,0,-0.0,0
742,0,0,0.43149620294570923,0,-0.0,0
742,0,0,0.43150246143341064,0,-0.0,0
742,0,0,0.4315086603164673,0,-0.0,0
742,0,0,0.4315148890018463,0,-0.0,0
742,0,0,0.43152111768722534,0,-0.0,0
742,0,0,0.4315272867679596,0,-0.0,0
742,0,0,0.4315333664417267,0,-0.0,0
742,0,0,0.43153953552246094,0,-0.0,0
742,0,0,0.431545615196228,0,-0.0,0
742,0,0,0.4315514862537384,0,-0.0,0
742,0,0,0.4315575659275055,0,-0.0,0
742,0,0,0.43156346678733826,0,-0.0,0
742,0,0,0.43156927824020386,0,-0.0,0
742,0,0,0.4315752387046814,0,-0.0,0
742,0,0,0.43158096075057983,0,-0.0,0
742,0,0,0.4315868318080902,0,-0.0,0
742,0,0,0.4315924644470215,0,-0.0,0
742,0,0,0.4315982758998871,0,-0.0,0
742,0,0,0.4316037893295288,0,-0.0,0
742,0,0,0.4316091239452362,0,-0.0,0
742,0,0,0.43161410093307495,0,-0.0,0
742,0,0,0.43161913752555847,0,-0.0,0
742,0,0,0.43162429332733154,0,-0.0,0
742,0,0,0.43162915110588074,0,-0.0,0
742,0,0,0.4316340684890747,0,-0.0,0
742,0,0,0.4316389560699463,0,-0.0,0
742,0,0,0.4316438138484955,0,-0.0,0
742,0,0,0.4316486418247223,0,-0.0,0
742,0,0,0.43165352940559387,0,-0.0,0
742,0,0,0.43165820837020874,0,-0.0,0
742,0,0,0.43166300654411316,0,-0.0,0
742,0,0,0.43166765570640564,0,-0.0,0
742,0,0,0.4316725432872772,0,-0.0,0
742,0,0,0.4316771328449249,0,-0.0,0
742,0,0,0.43168196082115173,0,-0.0,0
742,0,0,0.431686669588089,0,-0.0,0
742,0,0,0.4316912889480591,0,-0.0,0
742,0,0,0.4316957890987396,0,-0.0,0
742,0,0,0.43170034885406494,0,-0.0,0
742,0,0,0.43170487880706787,0,-0.0,0
742,0,0,0.4317094385623932,0,-0.0,0
742,0,0,0.4317137897014618,0,-0.0,0
742,0,0,0.43171826004981995,0,-0.0,0
742,0,0,0.4317226707935333,0,-0.0,0
742,0,0,0.43172702193260193,0,-0.0,0
742,0,0,0.4317314624786377,0,-0.0,0
742,0,0,0.431735634803772,0,-1.0,0
308,0,0,0.566457211971283,1,0.6939290165901184,1
308,2,0,0.4033403992652893,0,0.5744879841804504,1
308,1,1,0.39116525650024414,0,0.5324869751930237,1
308,3,1,0.7787961363792419,1,0.8932999968528748,1
308,4,1,0.8660716414451599,1,0.6945300102233887,1
308,5,1,0.9022982120513916,1,0.7909770011901855,1
308,6,1,0.9335507750511169,1,0.9223989844322205,1
308,31,0,0.906578004360199,1,0.8182629942893982,1
308,279,0,0.79103684425354,1,0.8251760005950928,1
308,279,1,0.5241234302520752,1,0.8985530138015747,1
308,280,1,0.7193098068237305,1,0.9448720216751099,1
308,280,1,0.8547540903091431,1,0.9657639861106873,1
308,279,1,0.8917255997657776,1,0.9259539842605591,1
308,279,1,0.8980534672737122,1,0.9264150261878967,1
308,280,1,0.8943284749984741,1,0.9737100005149841,1
308,281,1,0.9127142429351807,1,0.8623480200767517,1
308,282,0,0.8663982152938843,1,0.8347259759902954,1
308,282,1,0.6069177389144897,1,0.8158640265464783,1
308,282,1,0.7519266605377197,1,0.9229040145874023,1
308,281,1,0.891006350517273,1,0.8864409923553467,1
308,281,0,0.9127537608146667,1,0.8981279730796814,1
308,281,0,0.7547510266304016,1,0.8691629767417908,1
308,282,1,0.7973266839981079,1,0.9339150190353394,1
308,281,1,0.5505008101463318,1,0.7897729873657227,1
308,281,1,0.8362725973129272,1,0.8469300270080566,1
308,281,1,0.9082624912261963,1,0.8786140084266663,1
308,283,0,0.9119551181793213,1,0.8319669961929321,1
308,284,0,0.722083568572998,1,0.6408950090408325,1
308,284,0,0.525800347328186,1,0.5789960026741028,1
308,285,0,0.6879153847694397,1,0.8779640197753906,1
308,283,0,0.544526994228363,1,0.7427949905395508,1
308,284,0,0.4924475848674774,0,0.5351309776306152,1
308,285,1,0.4951011538505554,0,0.7195379734039307,1
308,283,0,0.5684459209442139,1,0.7055789828300476,1
308,286,0,0.5796518325805664,1,0.6912729740142822,1
308,287,1,0.586570680141449,1,0.8869720101356506,1
308,283,1,0.5308911204338074,1,0.6967139840126038,1
308,284,1,0.5680853128433228,1,0.5111179947853088,1
308,285,1,0.7173666954040527,1,0.7968739867210388,1
308,283,1,0.8665794730186462,1,0.7783430218696594,1
308,286,1,0.6447615623474121,1,0.6226919889450073,1
308,287,1,0.9101564288139343,1,0.9208089709281921,1
308,283,1,0.9161990880966187,1,0.8440449833869934,1
308,286,1,0.8877148628234863,1,0.6637560129165649,1
308,287,1,0.9161537885665894,1,0.9384340047836304,1
308,283,1,0.9168656468391418,1,0.8876969814300537,1
308,284,1,0.8423006534576416,1,0.5686740279197693,1
308,285,1,0.8987702131271362,1,0.8557950258255005,1
308,283,1,0.917218029499054,1,0.9131270051002502,1
308,284,0,0.848649799823761,1,0.6320480108261108,1
308,285,0,0.8496209383010864,1,0.8935390114784241,1
308,283,1,0.8728601932525635,1,0.9268199801445007,1
308,284,1,0.6549684405326843,1,0.571823000907898,1
308,285,1,0.7773170471191406,1,0.7520390152931213,1
308,283,1,0.9153982400894165,1,0.9338819980621338,1
308,286,1,0.8854967951774597,1,0.702455997467041,1
308,287,1,0.9148555397987366,1,0.9471110105514526,1
308,283,1,0.9170534610748291,1,0.9374439716339111,1
308,284,1,0.8334677815437317,1,0.635146975517273,1
308,285,1,0.8906813263893127,1,0.8231120109558105,1
308,283,1,0.9175301194190979,1,0.9392189979553223,1
308,286,1,0.8945333361625671,1,0.7347869873046875,1
308,287,1,0.9164685606956482,1,0.9512640237808228,1
308,283,1,0.9172785878181458,1,0.9400990009307861,1
308,284,1,0.8482705950737,1,0.6909469962120056,1
308,285,1,0.9016954302787781,1,0.8732699751853943,1
308,283,1,0.917654275894165,1,0.9405339956283569,1
308,286,1,0.8954144716262817,1,0.7591860294342041,1
308,287,1,0.9168272614479065,1,0.9532259702682495,1
308,283,1,0.9173948168754578,1,0.9407489895820618,1
308,286,1,0.89566969871521,1,0.7762219905853271,1
308,287,1,0.9169134497642517,1,0.9541460275650024,1
308,283,1,0.917354941368103,1,0.9408550262451172,1
308,284,1,0.8491679430007935,1,0.73163902759552,1
308,285,1,0.9028136730194092,1,0.9037539958953857,1
308,283,1,0.9178454279899597,1,0.9409070014953613,1
308,284,1,0.8501831889152527,1,0.7574009895324707,1
308,285,1,0.9033629894256592,1,0.9206269979476929,1
308,288,0,0.9077110290527344,1,0.44101300835609436,0
308,283,1,0.9128948450088501,1,0.9409329891204834,1
308,286,1,0.8879417777061462,1,0.7874839901924133,1
308,287,1,0.91599440574646,1,0.9545760154724121,1
308,292,0,0.9018755555152893,1,0.55690997838974,1
308,283,1,0.9084513783454895,1,0.9409459829330444,1
308,293,1,0.8559512495994568,1,0.7306370139122009,1
308,294,1,0.8718619346618652,1,0.9355499744415283,1
308,289,1,0.8990928530693054,1,0.5551360249519348,1
308,283,0,0.9168318510055542,1,0.9409520030021667,1
308,290,1,0.8350629210472107,1,0.7424529790878296,1
308,291,1,0.9028312563896179,1,0.9321410059928894,1
308,292,0,0.8734223246574402,1,0.488521009683609,0
308,283,1,0.8663615584373474,1,0.9409270286560059,1
308,293,1,0.8557841181755066,1,0.7934499979019165,1
308,294,1,0.8739476203918457,1,0.9495279788970947,1
308,289,1,0.8993648290634155,1,0.6344910264015198,1
308,283,1,0.9148871898651123,1,0.9409430027008057,1
308,290,1,0.8700610995292664,1,0.7705489993095398,1
308,291,1,0.9137758016586304,1,0.9404209852218628,1
308,292,1,0.8048339486122131,1,0.4624840021133423,0
308,283,1,0.9160224199295044,1,0.9409509897232056,1
308,293,1,0.8730000853538513,1,0.8042969703674316,1
308,294,1,0.8790502548217773,1,0.9575300216674805,1
308,289,0,0.9005991220474243,1,0.7022389769554138,1
308,283,1,0.9126168489456177,1,0.9409549832344055,1
308,290,1,0.8656781911849976,1,0.7882159948348999,1
308,291,0,0.9132729768753052,1,0.9445710182189941,1
308,289,0,0.8016823530197144,1,0.5998929738998413,1
308,283,1,0.9034451842308044,1,0.9409559965133667,1
308,290,1,0.8608486652374268,1,0.798678994178772,1
308,291,1,0.7657064199447632,1,0.916143000125885,1
308,295,1,0.8774858117103577,1,0.5802180171012878,1
308,283,1,0.9159796833992004,1,0.9409570097923279,1
308,284,0,0.8459372520446777,1,0.7722790241241455,1
308,285,1,0.8723326325416565,1,0.9294869899749756,1
308,295,0,0.8752567768096924,1,0.6771929860115051,1
308,283,0,0.9001516699790955,1,0.9409580230712891,1
308,284,1,0.6598556637763977,1,0.7511299848556519,1
308,285,1,0.8702250123023987,1,0.9340090155601501,1
308,292,1,0.8776508569717407,1,0.5137529969215393,1
308,283,1,0.8797955513000488,1,0.9409559965133667,1
308,293,1,0.8600216507911682,1,0.8059980273246765,1
308,294,1,0.868495523929596,1,0.9620050191879272,1
308,289,0,0.8824763298034668,1,0.49576300382614136,0
308,283,1,0.9091016054153442,1,0.9409570097923279,1
308,290,1,0.8601901531219482,1,0.8046579957008362,1
308,291,1,0.9091172218322754,1,0.9321920275688171,1
308,289,0,0.6626570224761963,1,0.4331989884376526,0
308,283,0,0.9150879979133606,1,0.9409580230712891,1
308,290,0,0.8513928651809692,1,0.8080049753189087,1
308,291,1,0.8797670602798462,1,0.940447986125946,1
308,289,0,0.509687066078186,1,0.40666499733924866,0
308,283,1,0.8522051572799683,1,0.9409549832344055,1
308,290,1,0.6169655323028564,1,0.8008930087089539,1
308,291,1,0.9092962741851807,1,0.9445840120315552,1
308,289,1,0.5998143553733826,1,0.3971010148525238,0
308,283,1,0.9112987518310547,1,0.9409570097923279,1
308,290,1,0.8385368585586548,1,0.8059030175209045,1
308,291,1,0.912834644317627,1,0.946628987789154,1
308,289,1,0.8970245122909546,1,0.41891300678253174,0
308,283,1,0.9155436158180237,1,0.9409580230712891,1
308,290,1,0.8687715530395508,1,0.8086950182914734,1
308,291,1,0.9141190052032471,1,0.9476339817047119,1
308,295,1,0.8707893490791321,1,0.531885027885437,1
308,283,0,0.9159209132194519,1,0.9409580230712891,1
308,284,1,0.8269767165184021,1,0.7687510251998901,1
308,285,1,0.8975263237953186,1,0.9362850189208984,1
308,292,0,0.8990045785903931,1,0.5865259766578674,1
308,283,1,0.884675145149231,1,0.9409559965133667,1
308,293,1,0.8498775362968445,1,0.8062610030174255,1
308,294,1,0.8669846653938293,1,0.9644759893417358,1
308,292,0,0.8417040109634399,1,0.502469003200531,1
308,283,1,0.9106467962265015,1,0.9409570097923279,1
308,293,1,0.868124783039093,1,0.8063009977340698,1
308,294,1,0.8757703304290771,1,0.9658300280570984,1
308,292,0,0.5941491723060608,1,0.4672130048274994,0
308,283,1,0.9154929518699646,1,0.9409580230712891,1
308,293,1,0.8713271617889404,1,0.8063079714775085,1
308,294,1,0.8775631785392761,1,0.9665690064430237,1
308,292,0,0.5573217272758484,1,0.45573699474334717,0
308,283,1,0.9162641167640686,1,0.9409580230712891,1
308,293,0,0.8717846870422363,1,0.8063089847564697,1
308,294,1,0.8611123561859131,1,0.9669719934463501,1
308,292,1,0.5473242402076721,1,0.45232200622558594,0
308,283,1,0.9148240089416504,1,0.9409580230712891,1
308,293,1,0.7620733976364136,1,0.8063079714775085,1
308,294,0,0.8764903545379639,1,0.9671909809112549,1
308,292,0,0.8681653738021851,1,0.49737000465393066,0
308,283,1,0.8976224660873413,1,0.9409580230712891,1
308,293,1,0.8260059356689453,1,0.8063089847564697,1
308,294,1,0.7459332346916199,1,0.9647459983825684,1
308,292,1,0.82080078125,1,0.46545401215553284,0
308,283,1,0.9145721197128296,1,0.9409580230712891,1
308,293,1,0.8676280379295349,1,0.8063089847564697,1
308,294,1,0.8682917356491089,1,0.9659770131111145,1
308,289,0,0.8976032733917236,1,0.4583419859409332,0
308,283,1,0.9122582674026489,1,0.9409580230712891,1
308,290,1,0.8568074107170105,1,0.8102359771728516,1
308,291,1,0.9093142747879028,1,0.9481260180473328,1
308,289,1,0.8417739272117615,1,0.416592001914978,0
308,283,1,0.9156633615493774,1,0.9409580230712891,1
308,290,1,0.8690620064735413,1,0.8110820055007935,1
308,291,1,0.913478672504425,1,0.9483669996261597,1
308,292,0,0.9012970924377441,1,0.5184059739112854,1
308,283,1,0.9124763607978821,1,0.9409580230712891,1
308,293,1,0.8646823763847351,1,0.8063089847564697,1
308,294,1,0.8731991648674011,1,0.9666489958763123,1
308,292,0,0.8585664629936218,1,0.4729520082473755,0
308,283,1,0.9144740700721741,1,0.0,0
308,0,0,0.7920653223991394,1,-0.0,0
308,0,0,0.5369755625724792,1,-0.0,0
308,0,0,0.45570164918899536,0,-0.0,0
308,0,0,0.450636625289917,0,-0.0,0
308,0,0,0.4477320909500122,0,-0.0,0
308,0,0,0.44586700201034546,0,-0.0,0
308,0,0,0.4445161819458008,0,-0.0,0
308,0,0,0.4434554874897003,0,-0.0,0
308,0,0,0.4426196813583374,0,-0.0,0
308,0,0,0.44190841913223267,0,-0.0,0
308,0,0,0.44128653407096863,0,-0.0,0
308,0,0,0.44071856141090393,0,-1.0,0
146,0,1,0.566292405128479,1,0.6939290165901184,1
146,2,1,0.6575651168823242,1,0.5744879841804504,1
146,1,1,0.7305299043655396,1,0.5324869751930237,1
146,3,1,0.949152946472168,1,0.8932999968528748,1
146,4,1,0.8827581405639648,1,0.6945300102233887,1
146,5,1,0.912453830242157,1,0.7909770011901855,1
146,6,1,0.9354207515716553,1,0.9223989844322205,1
146,6,1,0.9353135228157043,1,0.9310160279273987,1
146,0,1,0.809478223323822,1,0.7538800239562988,1
146,2,1,0.7802274823188782,1,0.6703220009803772,1
146,1,1,0.7704392671585083,1,0.6168000102043152,1
146,3,1,0.9498716592788696,1,0.9256100058555603,1
146,5,0,0.9139159917831421,1,0.8355249762535095,1
146,4,1,0.7378987073898315,1,0.7610849738121033,1
146,6,1,0.9275838136672974,1,0.9380519986152649,1
146,6,1,0.9345623254776001,1,0.9436990022659302,1
146,0,1,0.8036019802093506,1,0.8073019981384277,1
146,2,1,0.7799686193466187,1,0.7461820244789124,1
146,1,1,0.7675467729568481,1,0.678803026676178,1
146,3,1,0.9497569799423218,1,0.9450510144233704,1
146,4,1,0.8819204568862915,1,0.8051180243492126,1
146,5,1,0.8871147036552429,1,0.7701159715652466,1
146,6,1,0.9355061650276184,1,0.9481719732284546,1
146,6,1,0.9353961944580078,1,0.9516760110855103,1
146,0,1,0.8106428980827332,1,0.8482210040092468,1
146,1,0,0.7728748917579651,1,0.714572012424469,1
146,2,1,0.7041533589363098,1,0.7924140095710754,1
146,4,1,0.8643786311149597,1,0.830249011516571,1
146,3,1,0.9490179419517517,1,0.9561079740524292,1
146,5,1,0.9130737781524658,1,0.8238469958305359,1
146,6,1,0.9355071187019348,1,0.954397976398468,1
146,6,1,0.9353723526000977,1,0.9564989805221558,1
146,0,1,0.8112136125564575,1,0.8760769963264465,1
146,2,1,0.7897205948829651,1,0.8162469863891602,1
146,1,1,0.5977959632873535,1,0.6793259978294373,1
146,4,1,0.8787619471549988,1,0.843396008014679,1
146,3,1,0.949487030506134,1,0.9621959924697876,1
146,5,1,0.913730800151825,1,0.8527259826660156,1
146,6,1,0.9357484579086304,1,0.9581130146980286,1
146,6,0,0.9355471730232239,1,0.9593480229377747,1
146,7,1,0.8219833374023438,1,0.7255330085754395,1
146,8,1,0.9165158867835999,1,0.8739780187606812,1
146,9,0,0.8921554684638977,1,0.8021690249443054,1
146,12,1,0.90642911195755,1,0.9291480183601379,1
146,10,0,0.8852431774139404,1,0.5817549824714661,1
146,11,0,0.8217861652374268,1,0.6359530091285706,1
146,13,1,0.6481735706329346,1,0.6097490191459656,1
146,6,1,0.9126354455947876,1,0.9390100240707397,1
146,14,1,0.8763856887817383,1,0.6390529870986938,1
146,7,1,0.8582996726036072,1,0.7869089841842651,1
146,8,1,0.9185145497322083,1,0.8866220116615295,1
146,9,1,0.854476273059845,1,0.7074909806251526,1
146,12,1,0.9302427172660828,1,0.9554799795150757,1
146,10,1,0.8621037006378174,1,0.6220620274543762,1
146,11,1,0.8936883807182312,1,0.5975610017776489,1
146,13,0,0.8588325381278992,1,0.7168639898300171,1
146,6,1,0.9112905263900757,1,0.9444620013237,1
146,14,1,0.8841951489448547,1,0.7612800002098083,1
146,7,1,0.8595894575119019,1,0.8356389999389648,1
146,8,1,0.9195491075515747,1,0.8973919749259949,1
146,9,1,0.8917084336280823,1,0.7387539744377136,1
146,12,1,0.930646538734436,1,0.9582819938659668,1
146,10,1,0.8939689993858337,1,0.758849024772644,1
146,11,1,0.9082741141319275,1,0.7923120260238647,1
146,13,0,0.8202223777770996,1,0.6011379957199097,1
146,6,1,0.9265114665031433,1,0.9487709999084473,1
146,14,0,0.8921305537223816,1,0.8259239792823792,1
146,7,1,0.8222779035568237,1,0.8692299723625183,1
146,8,1,0.9164080023765564,1,0.9063259959220886,1
146,9,1,0.890288770198822,1,0.7699310183525085,1
146,12,1,0.9303888082504272,1,0.9585719704627991,1
146,10,1,0.8934394121170044,1,0.84198397397995,1
146,11,1,0.9080488681793213,1,0.8719450235366821,1
146,13,0,0.6131494641304016,1,0.5227310061454773,1
146,6,1,0.9346736073493958,1,0.9521430134773254,1
146,14,1,0.7795290946960449,1,0.7441880106925964,1
146,7,1,0.8685593605041504,1,0.890192985534668,1
146,8,1,0.920701801776886,1,0.9135760068893433,1
146,9,1,0.8935618996620178,1,0.7985020279884338,1
146,12,1,0.931079089641571,1,0.9586009979248047,1
146,10,1,0.8948778510093689,1,0.8793129920959473,1
146,11,1,0.9084457159042358,1,0.8942599892616272,1
146,13,1,0.6309177279472351,1,0.4912160038948059,0
146,6,1,0.9353501200675964,1,0.9547600150108337,1
146,14,0,0.894032895565033,1,0.8181610107421875,1
146,7,1,0.8471516370773315,1,0.9024739861488342,1
146,8,1,0.9185898900032043,1,0.9193549752235413,1
146,9,1,0.892126739025116,1,0.8227249979972839,1
146,12,1,0.9307666420936584,1,0.9586049914360046,1
146,10,1,0.8940190672874451,1,0.8937789797782898,1
146,11,1,0.9082137942314148,1,0.8998000025749207,1
146,13,0,0.8597807288169861,1,0.6013529896736145,1
146,6,1,0.9233722686767578,1,0.9567779898643494,1
146,14,1,0.8425194621086121,1,0.727295994758606,1
146,7,1,0.8595207333564758,1,0.9094030261039734,1
146,8,1,0.9200326204299927,1,0.9238960146903992,1
146,9,1,0.8925175070762634,1,0.8419430255889893,1
146,12,1,0.9308796525001526,1,0.9586049914360046,1
146,10,0,0.8945730924606323,1,0.0,0
146,0,0,0.7725743055343628,1,-0.0,0
146,0,0,0.5419889688491821,1,-0.0,0
146,0,0,0.44904404878616333,0,-0.0,0
146,0,0,0.44362762570381165,0,-0.0,0
146,0,0,0.44214358925819397,0,-0.0,0
146,0,0,0.44117894768714905,0,-0.0,0
146,0,0,0.4404164254665375,0,-0.0,0
146,0,0,0.4397971034049988,0,-0.0,0
146,0,0,0.4392501711845398,0,-0.0,0
146,0,0,0.4387240409851074,0,-0.0,0
146,0,0,0.43822765350341797,0,-0.0,0
146,0,0,0.43778195977211,0,-0.0,0
146,0,0,0.43736475706100464,0,-0.0,0
146,0,0,0.437013179063797,0,-0.0,0
146,0,0,0.43671050667762756,0,-0.0,0
146,0,0,0.4364467263221741,0,-0.0,0
146,0,0,0.43620800971984863,0,-0.0,0
146,0,0,0.43598681688308716,0,-0.0,0
146,0,0,0.4357726275920868,0,-0.0,0
146,0,0,0.4355945885181427,0,-0.0,0
146,0,0,0.43542879819869995,0,-0.0,0
146,0,0,0.435263454914093,0,-0.0,0
146,0,0,0.435108482837677,0,-0.0,0
146,0,0,0.43496274948120117,0,-0.0,0
146,0,0,0.43482664227485657,0,-0.0,0
146,0,0,0.4346998333930969,0,-0.0,0
146,0,0,0.43457984924316406,0,-0.0,0
146,0,0,0.43446192145347595,0,-0.0,0
146,0,0,0.43435052037239075,0,-0.0,0
146,0,0,0.43424558639526367,0,-0.0,0
146,0,0,0.43414855003356934,0,-0.0,0
146,0,0,0.43405482172966003,0,-0.0,0
146,0,0,0.43396374583244324,0,-0.0,0
146,0,0,0.43387433886528015,0,-0.0,0
146,0,0,0.4337882697582245,0,-0.0,0
146,0,0,0.43370869755744934,0,-0.0,0
146,0,0,0.43363386392593384,0,-0.0,0
146,0,0,0.43356388807296753,0,-0.0,0
146,0,0,0.4334982931613922,0,-0.0,0
146,0,0,0.4334356188774109,0,-0.0,0
146,0,0,0.43337690830230713,0,-0.0,0
146,0,0,0.4333197772502899,0,-0.0,0
146,0,0,0.4332655072212219,0,-0.0,0
146,0,0,0.4332146942615509,0,-0.0,0
146,0,0,0.43316519260406494,0,-0.0,0
146,0,0,0.43311935663223267,0,-0.0,0
146,0,0,0.4330742359161377,0,-0.0,0
146,0,0,0.4330347180366516,0,-0.0,0
146,0,0,0.432996541261673,0,-0.0,0
146,0,0,0.43295589089393616,0,-0.0,0
146,0,0,0.43291008472442627,0,-0.0,0
146,0,0,0.43286290764808655,0,-0.0,0
146,0,0,0.4328175187110901,0,-0.0,0
146,0,0,0.43277308344841003,0,-0.0,0
146,0,0,0.43273046612739563,0,-0.0,0
146,0,0,0.4326896667480469,0,-0.0,0
146,0,0,0.43264979124069214,0,-0.0,0
146,0,0,0.4326118528842926,0,-0.0,0
146,0,0,0.4325747787952423,0,-0.0,0
146,0,0,0.4325396418571472,0,-0.0,0
146,0,0,0.4325052797794342,0,-0.0,0
146,0,0,0.4324718415737152,0,-0.0,0
146,0,0,0.43243953585624695,0,-0.0,0
146,0,0,0.4324084520339966,0,-0.0,0
146,0,0,0.43237772583961487,0,-0.0,0
146,0,0,0.4323493540287018,0,-0.0,0
146,0,0,0.4323195219039917,0,-0.0,0
146,0,0,0.4322914183139801,0,-0.0,0
146,0,0,0.4322643280029297,0,-0.0,0
146,0,0,0.43223467469215393,0,-0.0,0
146,0,0,0.43220463395118713,0,-0.0,0
146,0,0,0.4321761429309845,0,-0.0,0
146,0,0,0.43214860558509827,0,-0.0,0
146,0,0,0.4321214556694031,0,-0.0,0
146,0,0,0.43209555745124817,0,-0.0,0
146,0,0,0.43207040429115295,0,-0.0,0
146,0,0,0.4320454001426697,0,-0.0,0
146,0,0,0.4320216774940491,0,-0.0,0
146,0,0,0.43199852108955383,0,-0.0,0
146,0,0,0.4319758117198944,0,-0.0,0
146,0,0,0.4319540560245514,0,-0.0,0
146,0,0,0.43193212151527405,0,-0.0,0
146,0,0,0.4319130778312683,0,-0.0,0
146,0,0,0.4318932890892029,0,-0.0,0
146,0,0,0.4318746030330658,0,-0.0,0
146,0,0,0.4318564534187317,0,-0.0,0
146,0,0,0.43183934688568115,0,-0.0,0
146,0,0,0.4318220615386963,0,-0.0,0
146,0,0,0.431805282831192,0,-0.0,0
146,0,0,0.43178942799568176,0,-0.0,0
146,0,0,0.43177396059036255,0,-0.0,0
146,0,0,0.43175965547561646,0,-0.0,0
146,0,0,0.4317456781864166,0,-0.0,0
146,0,0,0.4317321181297302,0,-0.0,0
146,0,0,0.43171894550323486,0,-0.0,0
146,0,0,0.43170586228370667,0,-0.0,0
146,0,0,0.4316933751106262,0,-0.0,0
146,0,0,0.4316805303096771,0,-0.0,0
146,0,0,0.4316687285900116,0,-0.0,0
146,0,0,0.43165841698646545,0,-0.0,0
146,0,0,0.4316488206386566,0,-1.0,0
233,1,0,0.42904654145240784,0,0.5324869751930237,1
233,3,1,0.5904486775398254,1,0.8932999968528748,1
233,4,0,0.585956335067749,1,0.6945300102233887,1
233,5,0,0.5041394829750061,1,0.7909770011901855,1
233,6,1,0.574065089225769,1,0.9223989844322205,1
233,6,1,0.7797811627388,1,0.9310160279273987,1
233,0,1,0.5034956932067871,1,0.6939290165901184,1
233,1,1,0.4462687373161316,0,0.47409600019454956,0
233,2,0,0.5845586061477661,1,0.5744879841804504,1
233,4,0,0.4961688816547394,0,0.598488986492157,1
233,3,1,0.8926807045936584,1,0.9256100058555603,1
233,5,1,0.4687240421772003,0,0.7047439813613892,1
233,6,1,0.9345677495002747,1,0.9380519986152649,1
233,6,1,0.9343481063842773,1,0.9436990022659302,1
233,0,0,0.7232544422149658,1,0.7538800239562988,1
233,2,1,0.41705188155174255,0,0.46952199935913086,0
233,1,0,0.5643494129180908,1,0.5609340071678162,1
233,3,1,0.8780232667922974,1,0.9450510144233704,1
233,4,0,0.506784200668335,1,0.5436239838600159,1
233,5,0,0.8963744044303894,1,0.7827749848365784,1
233,4,0,0.4440304934978485,0,0.5226449966430664,1
233,5,0,0.4643571376800537,0,0.6956310272216797,1
233,6,0,0.7855235934257507,1,0.9481719732284546,1
233,6,1,0.5782589912414551,1,0.8897709846496582,1
233,6,0,0.7363797426223755,1,0.9031460285186768,1
233,6,0,0.6413182616233826,1,0.8065080046653748,1
233,0,0,0.4399161636829376,0,0.5961660146713257,1
233,1,1,0.3879886269569397,0,0.49493899941444397,0
233,2,1,0.41016462445259094,0,0.551701009273529,1
233,4,0,0.49083834886550903,0,0.5158979892730713,1
233,3,1,0.8506931662559509,1,0.9561079740524292,1
233,5,1,0.46696439385414124,0,0.6291379928588867,1
233,6,1,0.6983440518379211,1,0.7586410045623779,1
233,6,1,0.9028101563453674,1,0.7669569849967957,1
233,0,1,0.5265854001045227,1,0.5330510139465332,1
233,2,0,0.7480828762054443,1,0.648406982421875,1
233,1,0,0.5130034685134888,1,0.5823879837989807,1
233,1,0,0.40457388758659363,0,0.5125370025634766,1
233,3,1,0.8831435441970825,1,0.9621959924697876,1
233,4,1,0.4495236277580261,0,0.5138520002365112,1
233,5,1,0.8514212369918823,1,0.7246270179748535,1
233,6,1,0.9258295297622681,1,0.776977002620697,1
233,6,1,0.9315558075904846,1,0.788765013217926,1
233,0,1,0.6545368432998657,1,0.5511329770088196,1
233,1,1,0.4191364049911499,0,0.4609299898147583,0
233,2,0,0.4594894349575043,0,0.5176540017127991,1
233,4,1,0.7806859612464905,1,0.5840359926223755,1
233,3,1,0.9474726319313049,1,0.9654889702796936,1
233,5,1,0.9105983972549438,1,0.796051025390625,1
233,6,1,0.9325962066650391,1,0.8022500276565552,1
233,6,1,0.9328466653823853,1,0.8171889781951904,1
233,0,0,0.7537985444068909,1,0.5798249840736389,1
233,1,0,0.5729548335075378,1,0.5463809967041016,1
233,2,0,0.3966149687767029,0,0.4425469934940338,0
233,3,1,0.9237678050994873,1,0.9672520160675049,1
233,4,1,0.7504652738571167,1,0.6658210158348083,1
233,5,1,0.9067686200141907,1,0.8382729887962341,1
233,6,1,0.9313660264015198,1,0.8331649899482727,1
233,6,1,0.9324378371238708,1,0.8496149778366089,1
233,0,0,0.44161859154701233,0,0.5292199850082397,1
233,2,0,0.3974151909351349,0,0.415336012840271,0
233,1,0,0.3859562873840332,0,0.4839499890804291,0
233,3,1,0.9478750824928284,1,0.9681919813156128,1
233,4,1,0.8579949736595154,1,0.7393739819526672,1
233,5,1,0.9103682041168213,1,0.8598489761352539,1
233,6,1,0.9328148365020752,1,0.8659060001373291,1
233,6,1,0.9329481720924377,1,0.881430983543396,1
233,0,1,0.43691858649253845,0,0.5190449953079224,1
233,1,1,0.39977437257766724,0,0.0,0
233,0,0,0.7085175514221191,1,-0.0,0
233,0,0,0.4575357735157013,0,-0.0,0
233,0,0,0.4364253282546997,0,-0.0,0
233,0,0,0.4337438941001892,0,-0.0,0
233,0,0,0.43273064494132996,0,-0.0,0
233,0,0,0.43227091431617737,0,-0.0,0
233,0,0,0.4320310652256012,0,-0.0,0
233,0,0,0.43186402320861816,0,-0.0,0
233,0,0,0.4317404329776764,0,-0.0,0
233,0,0,0.431654155254364,0,-0.0,0
233,0,0,0.4315939247608185,0,-0.0,0
233,0,0,0.4315522611141205,0,-0.0,0
233,0,0,0.4315149784088135,0,-0.0,0
233,0,0,0.43147528171539307,0,-0.0,0
233,0,0,0.4314413070678711,0,-0.0,0
233,0,0,0.4314146637916565,0,-0.0,0
233,0,0,0.43139222264289856,0,-0.0,0
233,0,0,0.4313717186450958,0,-0.0,0
233,0,0,0.4313497245311737,0,-0.0,0
233,0,0,0.43133050203323364,0,-0.0,0
233,0,0,0.43131306767463684,0,-0.0,0
233,0,0,0.4312971532344818,0,-0.0,0
233,0,0,0.4312836229801178,0,-0.0,0
233,0,0,0.43127527832984924,0,-0.0,0
233,0,0,0.4312691390514374,0,-0.0,0
233,0,0,0.4312637746334076,0,-0.0,0
233,0,0,0.43125995993614197,0,-0.0,0
233,0,0,0.4312564432621002,0,-0.0,0
233,0,0,0.4312532842159271,0,-0.0,0
233,0,0,0.4312504529953003,0,-0.0,0
233,0,0,0.43124842643737793,0,-0.0,0
233,0,0,0.4312469959259033,0,-0.0,0
233,0,0,0.4312473237514496,0,-0.0,0
233,0,0,0.43124955892562866,0,-0.0,0
233,0,0,0.43125197291374207,0,-0.0,0
233,0,0,0.4312545359134674,0,-0.0,0
233,0,0,0.4312571585178375,0,-0.0,0
233,0,0,0.43126052618026733,0,-0.0,0
233,0,0,0.4312635064125061,0,-0.0,0
233,0,0,0.431266725063324,0,-0.0,0
233,0,0,0.4312697947025299,0,-0.0,0
233,0,0,0.4312729835510254,0,-0.0,0
233,0,0,0.43127670884132385,0,-0.0,0
233,0,0,0.43127962946891785,0,-0.0,0
233,0,0,0.43128344416618347,0,-0.0,0
233,0,0,0.43128708004951477,0,-0.0,0
233,0,0,0.4312903583049774,0,-0.0,0
233,0,0,0.4312940835952759,0,-0.0,0
233,0,0,0.4312989413738251,0,-0.0,0
233,0,0,0.43130430579185486,0,-0.0,0
233,0,0,0.43131041526794434,0,-0.0,0
233,0,0,0.43131598830223083,0,-0.0,0
233,0,0,0.43132179975509644,0,-0.0,0
233,0,0,0.43132761120796204,0,-0.0,0
233,0,0,0.4313333034515381,0,-0.0,0
233,0,0,0.43133872747421265,0,-0.0,0
233,0,0,0.43134477734565735,0,-0.0,0
233,0,0,0.4313504993915558,0,-0.0,0
233,0,0,0.431356281042099,0,-0.0,0
233,0,0,0.4313618242740631,0,-0.0,0
233,0,0,0.4313674569129944,0,-0.0,0
233,0,0,0.43137305974960327,0,-0.0,0
233,0,0,0.43137890100479126,0,-0.0,0
233,0,0,0.4313841462135315,0,-0.0,0
233,0,0,0.4313899576663971,0,-0.0,0
233,0,0,0.4313955307006836,0,-0.0,0
233,0,0,0.43140092492103577,0,-0.0,0
233,0,0,0.43140655755996704,0,-0.0,0
233,0,0,0.431412011384964,0,-0.0,0
233,0,0,0.43141767382621765,0,-0.0,0
233,0,0,0.43142417073249817,0,-0.0,0
233,0,0,0.43143147230148315,0,-0.0,0
233,0,0,0.4314388930797577,0,-0.0,0
233,0,0,0.4314463436603546,0,-0.0,0
233,0,0,0.43145355582237244,0,-0.0,0
233,0,0,0.43146082758903503,0,-0.0,0
233,0,0,0.43146783113479614,0,-0.0,0
233,0,0,0.4314750134944916,0,-0.0,0
233,0,0,0.4314819574356079,0,-0.0,0
233,0,0,0.4314887821674347,0,-0.0,0
233,0,0,0.4314952790737152,0,-0.0,0
233,0,0,0.43150195479393005,0,-0.0,0
233,0,0,0.43150845170021057,0,-0.0,0
233,0,0,0.4315148890018463,0,-0.0,0
233,0,0,0.43152153491973877,0,-0.0,0
233,0,0,0.4315279424190521,0,-0.0,0
233,0,0,0.4315343201160431,0,-0.0,0
233,0,0,0.43154045939445496,0,-0.0,0
233,0,0,0.43154633045196533,0,-0.0,0
233,0,0,0.4315519630908966,0,-0.0,0
233,0,0,0.4315575957298279,0,-0.0,0
233,0,0,0.43156319856643677,0,-0.0,0
233,0,0,0.43156856298446655,0,-0.0,0
233,0,0,0.4315741956233978,0,-0.0,0
233,0,0,0.4315795302391052,0,-0.0,0
233,0,0,0.4315849542617798,0,-0.0,0
233,0,0,0.43159037828445435,0,-0.0,0
233,0,0,0.4315958023071289,0,-0.0,0
233,0,0,0.4316011071205139,0,-0.0,0
233,0,0,0.4316064417362213,0,-0.0,0
233,0,0,0.4316117763519287,0,-0.0,0
233,0,0,0.4316169321537018,0,-0.0,0
233,0,0,0.4316219985485077,0,-0.0,0
233,0,0,0.4316273629665375,0,-0.0,0
233,0,0,0.431632399559021,0,-0.0,0
233,0,0,0.4316374659538269,0,-0.0,0
233,0,0,0.4316425025463104,0,-0.0,0
233,0,0,0.43164730072021484,0,-0.0,0
233,0,0,0.4316522777080536,0,-0.0,0
233,0,0,0.43165725469589233,0,-0.0,0
233,0,0,0.43166205286979675,0,-0.0,0
233,0,0,0.4316670298576355,0,-0.0,0
233,0,0,0.43167173862457275,0,-0.0,0
233,0,0,0.43167644739151,0,-0.0,0
233,0,0,0.4316810667514801,0,-0.0,0
233,0,0,0.43168574571609497,0,-0.0,0
233,0,0,0.4316903054714203,0,-0.0,0
233,0,0,0.4316948652267456,0,-0.0,0
233,0,0,0.43169939517974854,0,-0.0,0
233,0,0,0.43170374631881714,0,-0.0,0
233,0,0,0.4317082166671753,0,-0.0,0
233,0,0,0.43171265721321106,0,-0.0,0
233,0,0,0.43171706795692444,0,-0.0,0
233,0,0,0.43172141909599304,0,-0.0,0
233,0,0,0.4317256808280945,0,-0.0,0
233,0,0,0.43173009157180786,0,-0.0,0
233,0,0,0.4317343235015869,0,-0.0,0
233,0,0,0.43173840641975403,0,-0.0,0
233,0,0,0.431742787361145,0,-0.0,0
233,0,0,0.4317469000816345,0,-0.0,0
233,0,0,0.4317511022090912,0,-1.0,0
409,279,1,0.7358540296554565,1,0.8251760005950928,1
409,280,1,0.8941411375999451,1,0.9448720216751099,1
409,279,1,0.8978651762008667,1,0.9245679974555969,1
409,280,1,0.894628643989563,1,0.9657639861106873,1
409,279,1,0.8983322978019714,1,0.0,0
409,0,0,0.8220763802528381,1,-0.0,0
409,0,0,0.5219092965126038,1,-0.0,0
409,0,0,0.4323376715183258,0,-0.0,0
409,0,0,0.43250173330307007,0,-0.0,0
409,0,0,0.43255195021629333,0,-0.0,0
409,0,0,0.43257007002830505,0,-0.0,0
409,0,0,0.4325881898403168,0,-0.0,0
409,0,0,0.4326061010360718,0,-0.0,0
409,0,0,0.4326215386390686,0,-0.0,0
409,0,0,0.43263569474220276,0,-0.0,0
409,0,0,0.4326493442058563,0,-0.0,0
409,0,0,0.4326622188091278,0,-0.0,0
409,0,0,0.432674378156662,0,-0.0,0
409,0,0,0.4326861798763275,0,-0.0,0
409,0,0,0.4326978325843811,0,-0.0,0
409,0,0,0.43270912766456604,0,-0.0,0
409,0,0,0.4327199161052704,0,-0.0,0
409,0,0,0.43273037672042847,0,-0.0,0
409,0,0,0.4327404499053955,0,-0.0,0
409,0,0,0.4327501356601715,0,-0.0,0
409,0,0,0.4327596426010132,0,-0.0,0
409,0,0,0.43276867270469666,0,-0.0,0
409,0,0,0.4327775239944458,0,-0.0,0
409,0,0,0.43278610706329346,0,-0.0,0
409,0,0,0.4327943027019501,0,-0.0,0
409,0,0,0.43280234932899475,0,-0.0,0
409,0,0,0.43281006813049316,0,-0.0,0
409,0,0,0.43281760811805725,0,-0.0,0
409,0,0,0.4328250288963318,0,-0.0,0
409,0,0,0.43283218145370483,0,-0.0,0
409,0,0,0.4328390657901764,0,-0.0,0
409,0,0,0.4328457713127136,0,-0.0,0
409,0,0,0.4328523874282837,0,-0.0,0
409,0,0,0.4328586161136627,0,-0.0,0
409,0,0,0.4328649342060089,0,-0.0,0
409,0,0,0.43287092447280884,0,-0.0,0
409,0,0,0.4328767955303192,0,-0.0,0
409,0,0,0.43288248777389526,0,-0.0,0
409,0,0,0.4328880310058594,0,-0.0,0
409,0,0,0.43289342522621155,0,-0.0,0
409,0,0,0.43289875984191895,0,-0.0,0
409,0,0,0.43290382623672485,0,-0.0,0
409,0,0,0.43290892243385315,0,-0.0,0
409,0,0,0.43291381001472473,0,-0.0,0
409,0,0,0.43291857838630676,0,-0.0,0
409,0,0,0.43292322754859924,0,-0.0,0
409,0,0,0.43292778730392456,0,-0.0,0
409,0,0,0.4329322576522827,0,-0.0,0
409,0,0,0.43293654918670654,0,-0.0,0
409,0,0,0.4329407513141632,0,-0.0,0
409,0,0,0.4329449534416199,0,-0.0,0
409,0,0,0.43294888734817505,0,-0.0,0
409,0,0,0.43295276165008545,0,-0.0,0
409,0,0,0.43295666575431824,0,-0.0,0
409,0,0,0.4329603314399719,0,-0.0,0
409,0,0,0.4329639971256256,0,-0.0,0
409,0,0,0.4329676032066345,0,-0.0,0
409,0,0,0.43297114968299866,0,-0.0,0
409,0,0,0.43297457695007324,0,-0.0,0
409,0,0,0.43297794461250305,0,-0.0,0
409,0,0,0.4329812526702881,0,-0.0,0
409,0,0,0.43298447132110596,0,-0.0,0
409,0,0,0.43298768997192383,0,-0.0,0
409,0,0,0.43299081921577454,0,-0.0,0
409,0,0,0.4329938590526581,0,-0.0,0
409,0,0,0.4329968988895416,0,-0.0,0
409,0,0,0.432999849319458,0,-0.0,0
409,0,0,0.4330027103424072,0,-0.0,0
409,0,0,0.43300557136535645,0,-0.0,0
409,0,0,0.4330083429813385,0,-0.0,0
409,0,0,0.43301111459732056,0,-0.0,0
409,0,0,0.43301379680633545,0,-0.0,0
409,0,0,0.43301647901535034,0,-0.0,0
409,0,0,0.4330190122127533,0,-0.0,0
409,0,0,0.433021605014801,0,-0.0,0
409,0,0,0.43302416801452637,0,-0.0,0
409,0,0,0.43302658200263977,0,-0.0,0
409,0,0,0.43302908539772034,0,-0.0,0
409,0,0,0.43303143978118896,0,-0.0,0
409,0,0,0.4330337643623352,0,-0.0,0
409,0,0,0.4330361485481262,0,-0.0,0
409,0,0,0.4330383837223053,0,-0.0,0
409,0,0,0.4330406188964844,0,-0.0,0
409,0,0,0.43304285407066345,0,-0.0,0
409,0,0,0.43304502964019775,0,-0.0,0
409,0,0,0.4330471456050873,0,-0.0,0
409,0,0,0.4330492913722992,0,-0.0,0
409,0,0,0.43305134773254395,0,-0.0,0
409,0,0,0.4330534338951111,0,-0.0,0
409,0,0,0.43305546045303345,0,-0.0,0
409,0,0,0.43305742740631104,0,-0.0,0
409,0,0,0.4330593943595886,0,-0.0,0
409,0,0,0.4330613613128662,0,-0.0,0
409,0,0,0.43306323885917664,0,-0.0,0
409,0,0,0.43306511640548706,0,-0.0,0
409,0,0,0.4330669939517975,0,-0.0,0
409,0,0,0.43306878209114075,0,-0.0,0
409,0,0,0.4330706000328064,0,-0.0,0
409,0,0,0.43307235836982727,0,-0.0,0
409,0,0,0.4330742359161377,0,-0.0,0
409,0,0,0.4330759346485138,0,-0.0,0
409,0,0,0.4330776333808899,0,-0.0,0
409,0,0,0.4330792725086212,0,-0.0,0
409,0,0,0.4330810308456421,0,-0.0,0
409,0,0,0.433082640171051,0,-0.0,0
409,0,0,0.43308424949645996,0,-0.0,0
409,0,0,0.4330858588218689,0,-0.0,0
409,0,0,0.43308737874031067,0,-0.0,0
409,0,0,0.4330889880657196,0,-0.0,0
409,0,0,0.4330905079841614,0,-0.0,0
409,0,0,0.433091938495636,0,-0.0,0
409,0,0,0.43309345841407776,0,-0.0,0
409,0,0,0.43309488892555237,0,-0.0,0
409,0,0,0.433096319437027,0,-0.0,0
409,0,0,0.4330977499485016,0,-0.0,0
409,0,0,0.4330991804599762,0,-0.0,0
409,0,0,0.43310052156448364,0,-0.0,0
409,0,0,0.43310192227363586,0,-0.0,0
409,0,0,0.4331032931804657,0,-0.0,0
409,0,0,0.43310463428497314,0,-0.0,0
409,0,0,0.4331059455871582,0,-0.0,0
409,0,0,0.4331072270870209,0,-0.0,0
409,0,0,0.43310847878456116,0,-0.0,0
409,0,0,0.4331098198890686,0,-0.0,0
409,0,0,0.4331110715866089,0,-0.0,0
409,0,0,0.43311232328414917,0,-0.0,0
409,0,0,0.43311357498168945,0,-0.0,0
409,0,0,0.4331147372722626,0,-0.0,0
409,0,0,0.43311598896980286,0,-0.0,0
409,0,0,0.433117151260376,0,-0.0,0
409,0,0,0.43311840295791626,0,-0.0,0
409,0,0,0.4331195652484894,0,-0.0,0
409,0,0,0.4331206977367401,0,-0.0,0
409,0,0,0.43312186002731323,0,-0.0,0
409,0,0,0.4331229627132416,0,-0.0,0
409,0,0,0.4331241250038147,0,-0.0,0
409,0,0,0.43312522768974304,0,-0.0,0
409,0,0,0.4331263303756714,0,-0.0,0
409,0,0,0.43312737345695496,0,-0.0,0
409,0,0,0.4331285357475281,0,-0.0,0
409,0,0,0.43312960863113403,0,-0.0,0
409,0,0,0.4331305921077728,0,-0.0,0
409,0,0,0.4331316649913788,0,-0.0,0
409,0,0,0.43313267827033997,0,-0.0,0
409,0,0,0.43313372135162354,0,-0.0,0
409,0,0,0.4331347346305847,0,-0.0,0
409,0,0,0.4331357181072235,0,-0.0,0
409,0,0,0.4331367611885071,0,-0.0,0
409,0,0,0.4331377446651459,0,-0.0,0
409,0,0,0.4331386685371399,0,-0.0,0
409,0,0,0.43313971161842346,0,-0.0,0
409,0,0,0.4331406354904175,0,-0.0,0
409,0,0,0.4331415891647339,0,-0.0,0
409,0,0,0.4331425130367279,0,-0.0,0
409,0,0,0.4331434667110443,0,-0.0,0
409,0,0,0.43314439058303833,0,-0.0,0
409,0,0,0.43314534425735474,0,-0.0,0
409,0,0,0.43314623832702637,0,-0.0,0
409,0,0,0.433147132396698,0,-0.0,0
409,0,0,0.43314802646636963,0,-0.0,0
409,0,0,0.43314892053604126,0,-0.0,0
409,0,0,0.4331498146057129,0,-0.0,0
409,0,0,0.43315064907073975,0,-0.0,0
409,0,0,0.433151513338089,0,-0.0,0
409,0,0,0.43315237760543823,0,-0.0,0
409,0,0,0.4331532120704651,0,-0.0,0
409,0,0,0.4331541061401367,0,-0.0,0
409,0,0,0.4331548810005188,0,-0.0,0
409,0,0,0.43315571546554565,0,-0.0,0
409,0,0,0.4331565201282501,0,-0.0,0
409,0,0,0.4331573247909546,0,-0.0,0
409,0,0,0.43315818905830383,0,-0.0,0
409,0,0,0.4331589341163635,0,-0.0,0
409,0,0,0.433159738779068,0,-0.0,0
409,0,0,0.43316054344177246,0,-0.0,0
409,0,0,0.43316131830215454,0,-0.0,0
409,0,0,0.43316206336021423,0,-0.0,0
409,0,0,0.4331628680229187,0,-0.0,0
409,0,0,0.4331636428833008,0,-0.0,0
409,0,0,0.4331643581390381,0,-0.0,0
409,0,0,0.4331651031970978,0,-0.0,0
409,0,0,0.4331658184528351,0,-0.0,0
409,0,0,0.43316659331321716,0,-0.0,0
409,0,0,0.43316733837127686,0,-0.0,0
409,0,0,0.43316805362701416,0,-0.0,0
409,0,0,0.43316876888275146,0,-0.0,0
409,0,0,0.43316948413848877,0,-0.0,0
409,0,0,0.4331701993942261,0,-0.0,0
409,0,0,0.4331709146499634,0,-0.0,0
409,0,0,0.4331715404987335,0,-0.0,0
409,0,0,0.4331723153591156,0,-0.0,0
409,0,0,0.4331730008125305,0,-0.0,0
409,0,0,0.4331737160682678,0,-0.0,0
409,0,0,0.43317434191703796,0,-0.0,0
409,0,0,0.43317505717277527,0,-1.0,0
758,0,1,0.5665397644042969,1,0.6939290165901184,1
758,2,1,0.6577582955360413,1,0.5744879841804504,1
758,1,0,0.7306557297706604,1,0.5324869751930237,1
758,3,1,0.6858526468276978,1,0.8932999968528748,1
758,4,1,0.6565709710121155,1,0.6945300102233887,1
758,5,1,0.9061070680618286,1,0.7909770011901855,1
758,6,1,0.9339684844017029,1,0.9223989844322205,1
758,6,1,0.9348609447479248,1,0.9310160279273987,1
758,0,0,0.8016248345375061,1,0.7538800239562988,1
758,2,1,0.5348964929580688,1,0.6703220009803772,1
758,1,1,0.47962769865989685,0,0.47409600019454956,0
758,4,0,0.8588306903839111,1,0.7610849738121033,1
758,3,1,0.8157677054405212,1,0.9256100058555603,1
758,5,0,0.8733898997306824,1,0.8355249762535095,1
758,6,1,0.814823567867279,1,0.9380519986152649,1
758,6,1,0.9200699329376221,1,0.9436990022659302,1
758,0,0,0.5599784851074219,1,0.5961660146713257,1
758,2,0,0.7521970868110657,1,0.7461820244789124,1
758,1,0,0.5255025029182434,1,0.5609340071678162,1
758,3,1,0.8664297461509705,1,0.9450510144233704,1
758,4,1,0.4618810713291168,0,0.6623860001564026,1
758,5,1,0.7217649817466736,1,0.7701159715652466,1
758,6,1,0.9275758266448975,1,0.9481719732284546,1
758,6,1,0.9336957335472107,1,0.9516760110855103,1
758,0,1,0.5999467372894287,1,0.5330510139465332,1
758,2,1,0.5294591784477234,1,0.6243860125541687,1
758,1,0,0.5676454901695251,1,0.49493899941444397,0
758,3,1,0.9487629532814026,1,0.9561079740524292,1
758,4,1,0.8714381456375122,1,0.7366499900817871,1
758,5,1,0.9114991426467896,1,0.8238469958305359,1
758,6,1,0.9347018599510193,1,0.954397976398468,1
758,6,1,0.9346610307693481,1,0.9564989805221558,1
758,0,1,0.7903363108634949,1,0.5511329770088196,1
758,2,1,0.7491791844367981,1,0.7127259969711304,1
758,1,0,0.39256834983825684,0,0.45017901062965393,0
758,3,1,0.9490545988082886,1,0.9621959924697876,1
758,4,1,0.8773400783538818,1,0.7898759841918945,1
758,5,0,0.9130065441131592,1,0.8527259826660156,1
758,6,1,0.9076775312423706,1,0.9581130146980286,1
758,6,1,0.9318443536758423,1,0.9593480229377747,1
758,0,0,0.781448483467102,1,0.5798249840736389,1
758,2,0,0.6217278242111206,1,0.7732380032539368,1
758,1,0,0.38999396562576294,0,0.4259360134601593,0
758,3,1,0.9033862352371216,1,0.9654889702796936,1
758,4,1,0.8397367000579834,1,0.8218669891357422,1
758,5,0,0.504758358001709,1,0.8059390187263489,1
758,6,1,0.9311163425445557,1,0.9602890014648438,1
758,6,1,0.9335756897926331,1,0.9610059857368469,1
758,0,1,0.4436890184879303,0,0.5292199850082397,1
758,1,0,0.40623924136161804,0,0.41438400745391846,0
758,2,0,0.39666303992271423,0,0.670179009437561,1
758,4,0,0.8666684627532959,1,0.8391010165214539,1
758,3,1,0.9220384359359741,1,0.9672520160675049,1
758,5,1,0.4673255681991577,0,0.7233530282974243,1
758,6,1,0.9317121505737305,1,0.9615499973297119,1
758,6,1,0.9332874417304993,1,0.9619629979133606,1
758,0,0,0.6965912580490112,1,0.5448030233383179,1
758,1,1,0.4184083640575409,0,0.4092159867286682,0
758,2,0,0.43653443455696106,0,0.5359439849853516,1
758,4,0,0.47473031282424927,0,0.8045840263366699,1
758,3,1,0.9436125755310059,1,0.9681919813156128,1
758,5,1,0.9053245782852173,1,0.7952219843864441,1
758,6,1,0.9336879253387451,1,0.9622759819030762,1
758,6,1,0.9339203238487244,1,0.9625130295753479,1
758,0,1,0.4453047513961792,0,0.5219370126724243,1
758,1,1,0.7425522208213806,1,0.4801599979400635,0
758,2,1,0.4085047245025635,0,0.4505069851875305,0
758,4,0,0.5321447253227234,1,0.727666974067688,1
758,3,0,0.948826253414154,1,0.9686909914016724,1
758,5,0,0.8744651079177856,1,0.8378270268440247,1
758,6,1,0.863559365272522,1,0.9626920223236084,1
758,6,0,0.9267847537994385,1,0.9628279805183411,1
758,0,1,0.5588796734809875,1,0.5325109958648682,1
758,1,1,0.6144790649414062,1,0.5673679709434509,1
758,2,0,0.6203700304031372,1,0.5242980122566223,1
758,3,1,0.7409967184066772,1,0.9626610279083252,1
758,4,1,0.5756261348724365,1,0.6263999938964844,1
758,5,0,0.7821808457374573,1,0.7744690179824829,1
758,6,1,0.7339168787002563,1,0.9603909850120544,1
758,6,1,0.9121168255805969,1,0.9610829949378967,1
758,0,0,0.7109458446502686,1,0.5502470135688782,1
758,1,1,0.6628996729850769,1,0.6446859836578369,1
758,2,1,0.4048517644405365,0,0.4453679919242859,0
758,3,1,0.937734067440033,1,0.9657379984855652,1
758,4,1,0.836134672164917,1,0.7063189744949341,1
758,5,1,0.640014111995697,1,0.687076985836029,1
758,6,1,0.9304417371749878,1,0.9616090059280396,1
758,6,1,0.9321949481964111,1,0.9620069861412048,1
758,0,1,0.6054351329803467,1,0.5229949951171875,1
758,1,1,0.7549364566802979,1,0.6957420110702515,1
758,2,0,0.6184154152870178,1,0.5164899826049805,1
758,3,1,0.9471737146377563,1,0.9673849940299988,1
758,4,1,0.865104079246521,1,0.7694889903068542,1
758,5,1,0.9073759317398071,1,0.7703329920768738,1
758,6,1,0.9329366087913513,1,0.9623100161552429,1
758,6,1,0.9332433342933655,1,0.9625380039215088,1
758,7,1,0.8308157324790955,1,0.7255330085754395,1
758,9,1,0.8832389712333679,1,0.8021690249443054,1
758,8,1,0.9065466523170471,1,0.8739780187606812,1
758,12,1,0.9278565049171448,1,0.9291480183601379,1
758,10,0,0.8835517168045044,1,0.5817549824714661,1
758,10,0,0.6427409648895264,1,0.6220620274543762,1
758,11,1,0.806967556476593,1,0.6359530091285706,1
758,13,0,0.7735587358474731,1,0.6097490191459656,1
758,6,1,0.9006146788597107,1,0.9627119898796082,1
758,14,0,0.8322564363479614,1,0.6390529870986938,1
758,7,0,0.7348344326019287,1,0.7869089841842651,1
758,8,0,0.8094411492347717,1,0.8866220116615295,1
758,9,1,0.7664579749107361,1,0.8257089853286743,1
758,12,1,0.9038945436477661,1,0.9554799795150757,1
758,10,1,0.5554951429367065,1,0.6312010288238525,1
758,11,1,0.8896920084953308,1,0.8118699789047241,1
758,13,1,0.6135834455490112,1,0.526964008808136,1
758,6,1,0.9301314353942871,1,0.9628430008888245,1
758,14,0,0.7634853720664978,1,0.5393289923667908,1
758,7,1,0.5341998934745789,1,0.6101539731025696,1
758,9,1,0.8843848705291748,1,0.844232976436615,1
758,8,1,0.7763170599937439,1,0.8038859963417053,1
758,10,1,0.8821693062782288,1,0.7655259966850281,1
758,12,1,0.9272012114524841,1,0.9582819938659668,1
758,11,1,0.9037634134292603,1,0.877830982208252,1
758,13,0,0.8392664790153503,1,0.6416620016098022,1
758,6,1,0.9091083407402039,1,0.9629420042037964,1
758,14,0,0.634116530418396,1,0.4980190098285675,0
758,7,0,0.7553557753562927,1,0.6687660217285156,1
758,9,1,0.8431167602539062,1,0.8580849766731262,1
758,8,1,0.8770931363105774,1,0.8207769989967346,1
758,10,1,0.8792294859886169,1,0.8452820181846619,1
758,12,1,0.9263299703598022,1,0.9585719704627991,1
758,11,0,0.9025997519493103,1,0.8957489728927612,1
758,13,1,0.5634548664093018,1,0.5444250106811523,1
758,6,1,0.9160885214805603,1,0.9630169868469238,1
758,14,0,0.6512383222579956,1,0.48571398854255676,0
758,7,0,0.5366606712341309,1,0.5412179827690125,1
758,9,1,0.8780341148376465,1,0.8680509924888611,1
758,8,1,0.9089264869689941,1,0.8376740217208862,1
758,10,1,0.8860823512077332,1,0.8806430101394653,1
758,12,1,0.9270597696304321,1,0.9586009979248047,1
758,11,0,0.841931164264679,1,0.8783599734306335,1
758,13,1,0.7901874780654907,1,0.6594269871711731,1
758,6,1,0.9307190179824829,1,0.9630740284919739,1
758,14,1,0.5424919128417969,1,0.48243099451065063,0
758,7,1,0.48318636417388916,0,0.506650984287262,1
758,8,0,0.9137302041053772,1,0.8538939952850342,1
758,9,0,0.8749989867210388,1,0.8750249743461609,1
758,12,1,0.9000329971313477,1,0.9586049914360046,1
758,13,0,0.8117262721061707,1,0.7529270052909851,1
758,10,1,0.8044624924659729,1,0.8942710161209106,1
758,11,0,0.6619059443473816,1,0.8221139907836914,1
758,6,1,0.9171967506408691,1,0.9631159901618958,1
758,14,0,0.870752215385437,1,0.6305649876594543,1
758,14,0,0.6093900203704834,1,0.534945011138916,1
758,7,1,0.6864778399467468,1,0.5169979929924011,1
758,9,1,0.5948447585105896,1,0.8417189717292786,1
758,8,1,0.7162898182868958,1,0.7683010101318359,1
758,10,1,0.8651561737060547,1,0.8992360234260559,1
758,12,0,0.9236039519309998,1,0.9586049914360046,1
758,11,1,0.632625937461853,1,0.7154819965362549,1
758,13,1,0.6775051951408386,1,0.6405820250511169,1
758,6,1,0.9150597453117371,1,0.9631490111351013,1
758,14,0,0.7055294513702393,1,0.49660900235176086,0
758,7,0,0.8330341577529907,1,0.5349019765853882,1
758,9,1,0.8049695491790771,1,0.8562399744987488,1
758,8,0,0.8595179319381714,1,0.7827510237693787,1
758,10,1,0.8506370782852173,1,0.9010069966316223,1
758,11,1,0.8887141346931458,1,0.8457069993019104,1
758,12,1,0.8442864418029785,1,0.9586039781570435,1
758,13,1,0.814292848110199,1,0.7399049997329712,1
758,6,1,0.928817093372345,1,0.963172972202301,1
758,14,0,0.5870554447174072,1,0.4853299856185913,0
758,7,1,0.5181635618209839,1,0.5054320096969604,1
758,9,1,0.8837769031524658,1,0.8667420148849487,1
758,8,1,0.7495061159133911,1,0.7279350161552429,1
758,10,1,0.887428879737854,1,0.9016349911689758,1
758,11,1,0.9018479585647583,1,0.8873720169067383,1
758,12,1,0.9268057942390442,1,0.9586049914360046,1
758,13,1,0.8420820832252502,1,0.8010709881782532,1
758,6,1,0.9312793612480164,1,0.9631919860839844,1
758,14,1,0.6648882627487183,1,0.4823310077190399,0
758,7,0,0.8395891189575195,1,0.5148400068283081,1
758,9,1,0.8665515184402466,1,0.8741179704666138,1
758,8,1,0.880210280418396,1,0.7351139783859253,1
758,12,1,0.925652265548706,1,0.9586049914360046,1
758,10,1,0.88718581199646,1,0.901856005191803,1
758,11,0,0.9024710059165955,1,0.8981199860572815,1
758,13,0,0.7947352528572083,1,0.8311920166015625,1
758,6,1,0.8935236930847168,1,0.9632059931755066,1
758,14,0,0.8565719723701477,1,0.6304550170898438,1
758,7,1,0.5783924460411072,1,0.50177001953125,1
758,8,0,0.8742303252220154,1,0.7439690232276917,1
758,9,0,0.8158496022224426,1,0.0,0
758,0,0,0.6060254573822021,1,-0.0,0
758,0,0,0.4785803556442261,0,-0.0,0
758,0,0,0.4485868811607361,0,-0.0,0
758,0,0,0.44359084963798523,0,-0.0,0
758,0,0,0.44141122698783875,0,-0.0,0
758,0,0,0.44021594524383545,0,-0.0,0
758,0,0,0.43938711285591125,0,-0.0,0
758,0,0,0.43871182203292847,0,-0.0,0
758,0,0,0.4381365478038788,0,-1.0,0
116,0,1,0.5663177967071533,1,0.6939290165901184,1
116,2,1,0.657585084438324,1,0.5744879841804504,1
116,1,0,0.7305428981781006,1,0.5324869751930237,1
116,3,1,0.6858290433883667,1,0.8932999968528748,1
116,4,0,0.6563655734062195,1,0.6945300102233887,1
116,5,1,0.6218013167381287,1,0.7909770011901855,1
116,6,1,0.8012320399284363,1,0.9223989844322205,1
116,6,1,0.9322856068611145,1,0.9310160279273987,1
116,0,1,0.7407144904136658,1,0.7538800239562988,1
116,1,0,0.5104201436042786,1,0.0,0
116,0,0,0.7434428930282593,1,-0.0,0
116,0,0,0.43587735295295715,0,-0.0,0
116,0,0,0.43169885873794556,0,-0.0,0
116,0,0,0.43184348940849304,0,-0.0,0
116,0,0,0.4319618344306946,0,-0.0,0
116,0,0,0.4320511817932129,0,-0.0,0
116,0,0,0.43212243914604187,0,-0.0,0
116,0,0,0.4321773946285248,0,-0.0,0
116,0,0,0.43222174048423767,0,-0.0,0
116,0,0,0.43226197361946106,0,-0.0,0
116,0,0,0.43229806423187256,0,-0.0,0
116,0,0,0.43233057856559753,0,-0.0,0
116,0,0,0.43236395716667175,0,-0.0,0
116,0,0,0.43239399790763855,0,-0.0,0
116,0,0,0.4324217736721039,0,-0.0,0
116,0,0,0.4324471354484558,0,-0.0,0
116,0,0,0.4324708580970764,0,-0.0,0
116,0,0,0.43249279260635376,0,-0.0,0
116,0,0,0.43251314759254456,0,-0.0,0
116,0,0,0.43253248929977417,0,-0.0,0
116,0,0,0.4325506091117859,0,-0.0,0
116,0,0,0.43256765604019165,0,-0.0,0
116,0,0,0.4325837194919586,0,-0.0,0
116,0,0,0.4325989782810211,0,-0.0,0
116,0,0,0.43261343240737915,0,-0.0,0
116,0,0,0.43262726068496704,0,-0.0,0
116,0,0,0.4326403737068176,0,-0.0,0
116,0,0,0.43265289068222046,0,-0.0,0
116,0,0,0.4326648712158203,0,-0.0,0
116,0,0,0.4326763451099396,0,-0.0,0
116,0,0,0.43268734216690063,0,-0.0,0
116,0,0,0.43269777297973633,0,-0.0,0
116,0,0,0.4327079653739929,0,-0.0,0
116,0,0,0.4327176809310913,0,-0.0,0
116,0,0,0.43272706866264343,0,-0.0,0
116,0,0,0.4327360689640045,0,-0.0,0
116,0,0,0.43274492025375366,0,-0.0,0
116,0,0,0.4327533543109894,0,-0.0,0
116,0,0,0.4327615201473236,0,-0.0,0
116,0,0,0.4327694773674011,0,-0.0,0
116,0,0,0.43277716636657715,0,-0.0,0
116,0,0,0.4327846169471741,0,-0.0,0
116,0,0,0.4327918589115143,0,-0.0,0
116,0,0,0.43279895186424255,0,-0.0,0
116,0,0,0.43280574679374695,0,-0.0,0
116,0,0,0.4328123927116394,0,-0.0,0
116,0,0,0.43281883001327515,0,-0.0,0
116,0,0,0.43282511830329895,0,-0.0,0
116,0,0,0.43283119797706604,0,-0.0,0
116,0,0,0.43283718824386597,0,-0.0,0
116,0,0,0.4328429102897644,0,-0.0,0
116,0,0,0.43284857273101807,0,-0.0,0
116,0,0,0.43285414576530457,0,-0.0,0
116,0,0,0.4328595697879791,0,-0.0,0
116,0,0,0.432864785194397,0,-0.0,0
116,0,0,0.43286988139152527,0,-0.0,0
116,0,0,0.4328748881816864,0,-0.0,0
116,0,0,0.43287980556488037,0,-0.0,0
116,0,0,0.4328845739364624,0,-0.0,0
116,0,0,0.43288928270339966,0,-0.0,0
116,0,0,0.432893842458725,0,-0.0,0
116,0,0,0.43289831280708313,0,-0.0,0
116,0,0,0.43290266394615173,0,-0.0,0
116,0,0,0.43290695548057556,0,-0.0,0
116,0,0,0.4329111576080322,0,-0.0,0
116,0,0,0.43291527032852173,0,-0.0,0
116,0,0,0.43291929364204407,0,-0.0,0
116,0,0,0.43292322754859924,0,-0.0,0
116,0,0,0.4329271614551544,0,-0.0,0
116,0,0,0.43293091654777527,0,-0.0,0
116,0,0,0.4329346716403961,0,-0.0,0
116,0,0,0.4329383373260498,0,-0.0,0
116,0,0,0.43294191360473633,0,-0.0,0
116,0,0,0.4329454004764557,0,-0.0,0
116,0,0,0.4329487979412079,0,-0.0,0
116,0,0,0.4329521954059601,0,-0.0,0
116,0,0,0.4329555034637451,0,-0.0,0
116,0,0,0.43295881152153015,0,-0.0,0
116,0,0,0.43296194076538086,0,-0.0,0
116,0,0,0.43296515941619873,0,-0.0,0
116,0,0,0.43296828866004944,0,-0.0,0
116,0,0,0.4329712390899658,0,-0.0,0
116,0,0,0.43297427892684937,0,-0.0,0
116,0,0,0.43297722935676575,0,-0.0,0
116,0,0,0.43298017978668213,0,-0.0,0
116,0,0,0.43298304080963135,0,-0.0,0
116,0,0,0.4329858124256134,0,-0.0,0
116,0,0,0.43298858404159546,0,-0.0,0
116,0,0,0.4329913556575775,0,-0.0,0
116,0,0,0.43299397826194763,0,-0.0,0
116,0,0,0.43299663066864014,0,-0.0,0
116,0,0,0.43299925327301025,0,-0.0,0
116,0,0,0.4330018162727356,0,-0.0,0
116,0,0,0.43300431966781616,0,-0.0,0
116,0,0,0.4330068528652191,0,-0.0,0
116,0,0,0.4330093264579773,0,-0.0,0
116,0,0,0.4330117404460907,0,-0.0,0
116,0,0,0.4330141544342041,0,-0.0,0
116,0,0,0.43301647901535034,0,-0.0,0
116,0,0,0.4330188035964966,0,-0.0,0
116,0,0,0.4330211281776428,0,-0.0,0
116,0,0,0.4330233931541443,0,-0.0,0
116,0,0,0.433025598526001,0,-0.0,0
116,0,0,0.43302783370018005,0,-0.0,0
116,0,0,0.43302997946739197,0,-0.0,0
116,0,0,0.4330321252346039,0,-0.0,0
116,0,0,0.4330342710018158,0,-0.0,0
116,0,0,0.43303632736206055,0,-0.0,0
116,0,0,0.4330383837223053,0,-0.0,0
116,0,0,0.43304044008255005,0,-0.0,0
116,0,0,0.4330424964427948,0,-0.0,0
116,0,0,0.4330444633960724,0,-0.0,0
116,0,0,0.43304643034935,0,-0.0,0
116,0,0,0.4330483376979828,0,-0.0,0
116,0,0,0.4330502152442932,0,-0.0,0
116,0,0,0.4330521523952484,0,-0.0,0
116,0,0,0.43305402994155884,0,-0.0,0
116,0,0,0.4330558478832245,0,-0.0,0
116,0,0,0.4330576956272125,0,-0.0,0
116,0,0,0.4330594837665558,0,-0.0,0
116,0,0,0.4330612123012543,0,-0.0,0
116,0,0,0.4330630600452423,0,-0.0,0
116,0,0,0.4330647587776184,0,-0.0,0
116,0,0,0.4330664873123169,0,-0.0,0
116,0,0,0.433068186044693,0,-0.0,0
116,0,0,0.4330698549747467,0,-0.0,0
116,0,0,0.4330715537071228,0,-0.0,0
116,0,0,0.43307316303253174,0,-0.0,0
116,0,0,0.43307486176490784,0,-0.0,0
116,0,0,0.433076411485672,0,-0.0,0
116,0,0,0.43307799100875854,0,-0.0,0
116,0,0,0.4330795407295227,0,-0.0,0
116,0,0,0.43308112025260925,0,-0.0,0
116,0,0,0.433082640171051,0,-0.0,0
116,0,0,0.43308407068252563,0,-0.0,0
116,0,0,0.4330855906009674,0,-0.0,0
116,0,0,0.433087021112442,0,-0.0,0
116,0,0,0.433088481426239,0,-0.0,0
116,0,0,0.4330899119377136,0,-0.0,0
116,0,0,0.43309131264686584,0,-0.0,0
116,0,0,0.43309274315834045,0,-0.0,0
116,0,0,0.43309417366981506,0,-0.0,0
116,0,0,0.4330955147743225,0,-0.0,0
116,0,0,0.43309685587882996,0,-0.0,0
116,0,0,0.4330982565879822,0,-0.0,0
116,0,0,0.4330995976924896,0,-0.0,0
116,0,0,0.4331008791923523,0,-0.0,0
116,0,0,0.43310222029685974,0,-0.0,0
116,0,0,0.4331035614013672,0,-0.0,0
116,0,0,0.43310481309890747,0,-0.0,0
116,0,0,0.43310606479644775,0,-0.0,0
116,0,0,0.43310731649398804,0,-0.0,0
116,0,0,0.4331085681915283,0,-0.0,0
116,0,0,0.4331098198890686,0,-0.0,0
116,0,0,0.4331110715866089,0,-0.0,0
116,0,0,0.433112233877182,0,-0.0,0
116,0,0,0.4331134855747223,0,-0.0,0
116,0,0,0.4331146478652954,0,-0.0,0
116,0,0,0.43311581015586853,0,-0.0,0
116,0,0,0.4331170320510864,0,-0.0,0
116,0,0,0.43311822414398193,0,-0.0,0
116,0,0,0.4331192970275879,0,-0.0,0
116,0,0,0.433120459318161,0,-0.0,0
116,0,0,0.43312162160873413,0,-0.0,0
116,0,0,0.43312275409698486,0,-0.0,0
116,0,0,0.4331238567829132,0,-0.0,0
116,0,0,0.43312492966651917,0,-0.0,0
116,0,0,0.4331261217594147,0,-0.0,0
116,0,0,0.43312713503837585,0,-0.0,0
116,0,0,0.4331282079219818,0,-0.0,0
116,0,0,0.43312928080558777,0,-0.0,0
116,0,0,0.43313032388687134,0,-0.0,0
116,0,0,0.4331313967704773,0,-0.0,0
116,0,0,0.43313246965408325,0,-0.0,0
116,0,0,0.43313345313072205,0,-0.0,0
116,0,0,0.433134526014328,0,-0.0,0
116,0,0,0.4331355094909668,0,-0.0,0
116,0,0,0.4331364929676056,0,-0.0,0
116,0,0,0.4331374764442444,0,-0.0,0
116,0,0,0.4331384599208832,0,-0.0,0
116,0,0,0.433139443397522,0,-0.0,0
116,0,0,0.43314042687416077,0,-0.0,0
116,0,0,0.43314141035079956,0,-0.0,0
116,0,0,0.43314239382743835,0,-0.0,0
116,0,0,0.4331433176994324,0,-0.0,0
116,0,0,0.4331442713737488,0,-0.0,0
116,0,0,0.4331451952457428,0,-0.0,0
116,0,0,0.4331461489200592,0,-0.0,0
116,0,0,0.4331470727920532,0,-0.0,0
116,0,0,0.43314796686172485,0,-1.0,0
259,15,0,0.8111523985862732,1,0.6883059740066528,1
259,9,0,0.4925038814544678,0,0.8021690249443054,1
259,8,1,0.4975576400756836,0,0.8739780187606812,1
259,18,1,0.6835660934448242,1,0.924485981464386,1
259,16,0,0.7578561902046204,1,0.4249100089073181,0
259,17,0,0.5627658367156982,1,0.7783470153808594,1
259,19,1,0.4791901111602783,0,0.5172060132026672,1
259,6,0,0.7526826858520508,1,0.9223989844322205,1
259,6,1,0.5947768688201904,1,0.830286979675293,1
259,15,1,0.6404988169670105,1,0.5198860168457031,1
259,8,1,0.7666096687316895,1,0.8866220116615295,1
259,9,0,0.7054346203804016,1,0.7074909806251526,1
259,16,0,0.44695690274238586,0,0.36802801489830017,0
259,18,1,0.8450506329536438,1,0.9289060235023499,1
259,17,1,0.47460418939590454,0,0.6404470205307007,1
259,19,0,0.8764325976371765,1,0.6836400032043457,1
259,6,1,0.7465840578079224,1,0.846697986125946,1
259,6,1,0.9175894260406494,1,0.8630629777908325,1
259,15,1,0.8748117089271545,1,0.5619570016860962,1
259,8,1,0.9166839718818665,1,0.8973919749259949,1
259,9,1,0.5461533069610596,1,0.632964015007019,1
259,16,0,0.5820221900939941,1,0.34282299876213074,0
259,17,1,0.8650437593460083,1,0.743028998374939,1
259,18,1,0.9131302237510681,1,0.9321050047874451,1
259,19,1,0.48805147409439087,0,0.614700973033905,1
259,6,1,0.9324925541877747,1,0.8787639737129211,1
259,6,1,0.9337559938430786,1,0.8932769894599915,1
259,15,1,0.9224052429199219,1,0.6240329742431641,1
259,9,1,0.8894895911216736,1,0.6520079970359802,1
259,8,0,0.918530285358429,1,0.9063259959220886,1
259,17,1,0.8234624862670898,1,0.818681001663208,1
259,16,0,0.5108662843704224,1,0.333050012588501,0
259,18,1,0.9063348174095154,1,0.9344000220298767,1
259,19,0,0.8824287056922913,1,0.7217789888381958,1
259,6,0,0.8873270750045776,1,0.9062389731407166,1
259,6,0,0.6217249035835266,1,0.8096699714660645,1
259,15,1,0.7832711338996887,1,0.700340986251831,1
259,8,1,0.51319819688797,1,0.8372989892959595,1
259,9,0,0.8563358783721924,1,0.6760609745979309,1
259,18,1,0.8137445449829102,1,0.9360380172729492,1
259,17,1,0.831000030040741,1,0.8623260259628296,1
259,16,0,0.4848044812679291,0,0.329459011554718,0
259,19,1,0.47355979681015015,0,0.6769239902496338,1
259,6,1,0.6788653135299683,1,0.7594379782676697,1
259,6,1,0.9034019112586975,1,0.7679269909858704,1
259,15,0,0.9164294004440308,1,0.7756080031394958,1
259,8,1,0.8051513433456421,1,0.8535410165786743,1
259,9,0,0.6399555206298828,1,0.6178550124168396,1
259,18,1,0.8530029654502869,1,0.9372010231018066,1
259,17,1,0.8455443978309631,1,0.8840230107307434,1
259,16,1,0.4607260227203369,0,0.32816600799560547,0
259,19,1,0.8316382765769958,1,0.7403770089149475,1
259,6,0,0.9280782341957092,1,0.7781310081481934,1
259,6,1,0.7761556506156921,1,0.7525050044059753,1
259,15,1,0.7584807276725769,1,0.0,0
259,0,0,0.6905525922775269,1,-0.0,0
259,0,0,0.46691957116127014,0,-0.0,0
259,0,0,0.4345431625843048,0,-0.0,0
259,0,0,0.43305206298828125,0,-0.0,0
259,0,0,0.4324030578136444,0,-0.0,0
259,0,0,0.4320712089538574,0,-0.0,0
259,0,0,0.431861013174057,0,-0.0,0
259,0,0,0.4316805303096771,0,-0.0,0
259,0,0,0.4315459728240967,0,-0.0,0
259,0,0,0.43144169449806213,0,-0.0,0
259,0,0,0.43135765194892883,0,-0.0,0
259,0,0,0.4312954246997833,0,-0.0,0
259,0,0,0.43124765157699585,0,-0.0,0
259,0,0,0.4312056005001068,0,-0.0,0
259,0,0,0.43117085099220276,0,-0.0,0
259,0,0,0.43113645911216736,0,-0.0,0
259,0,0,0.431104451417923,0,-0.0,0
259,0,0,0.4310818910598755,0,-0.0,0
259,0,0,0.43106910586357117,0,-0.0,0
259,0,0,0.43105536699295044,0,-0.0,0
259,0,0,0.43104374408721924,0,-0.0,0
259,0,0,0.43103528022766113,0,-0.0,0
259,0,0,0.431027889251709,0,-0.0,0
259,0,0,0.4310216009616852,0,-0.0,0
259,0,0,0.4310204088687897,0,-0.0,0
259,0,0,0.4310205280780792,0,-0.0,0
259,0,0,0.4310207962989807,0,-0.0,0
259,0,0,0.4310222566127777,0,-0.0,0
259,0,0,0.4310254454612732,0,-0.0,0
259,0,0,0.4310288727283478,0,-0.0,0
259,0,0,0.43103325366973877,0,-0.0,0
259,0,0,0.4310377240180969,0,-0.0,0
259,0,0,0.43104201555252075,0,-0.0,0
259,0,0,0.4310469329357147,0,-0.0,0
259,0,0,0.4310523569583893,0,-0.0,0
259,0,0,0.4310573637485504,0,-0.0,0
259,0,0,0.43106284737586975,0,-0.0,0
259,0,0,0.43106839060783386,0,-0.0,0
259,0,0,0.431073933839798,0,-0.0,0
259,0,0,0.43107935786247253,0,-0.0,0
259,0,0,0.4310849606990814,0,-0.0,0
259,0,0,0.43109026551246643,0,-0.0,0
259,0,0,0.4310959279537201,0,-0.0,0
259,0,0,0.4311011731624603,0,-0.0,0
259,0,0,0.431106835603714,0,-0.0,0
259,0,0,0.4311129152774811,0,-0.0,0
259,0,0,0.4311184883117676,0,-0.0,0
259,0,0,0.43112483620643616,0,-0.0,0
259,0,0,0.43113306164741516,0,-0.0,0
259,0,0,0.4311448633670807,0,-0.0,0
259,0,0,0.4311564862728119,0,-0.0,0
259,0,0,0.4311679005622864,0,-0.0,0
259,0,0,0.4311791658401489,0,-0.0,0
259,0,0,0.431189626455307,0,-0.0,0
259,0,0,0.43119946122169495,0,-0.0,0
259,0,0,0.4312095046043396,0,-0.0,0
259,0,0,0.43121960759162903,0,-0.0,0
259,0,0,0.43122926354408264,0,-0.0,0
259,0,0,0.43123918771743774,0,-0.0,0
259,0,0,0.43124863505363464,0,-0.0,0
259,0,0,0.43125778436660767,0,-0.0,0
259,0,0,0.4312669634819031,0,-0.0,0
259,0,0,0.4312759041786194,0,-0.0,0
259,0,0,0.431286096572876,0,-0.0,0
259,0,0,0.4312959611415863,0,-0.0,0
259,0,0,0.431305855512619,0,-0.0,0
259,0,0,0.4313155710697174,0,-0.0,0
259,0,0,0.431325227022171,0,-0.0,0
259,0,0,0.4313344955444336,0,-0.0,0
259,0,0,0.4313439428806305,0,-0.0,0
259,0,0,0.4313530921936035,0,-0.0,0
259,0,0,0.4313623011112213,0,-0.0,0
259,0,0,0.43137127161026,0,-0.0,0
259,0,0,0.43138015270233154,0,-0.0,0
259,0,0,0.4313892126083374,0,-0.0,0
259,0,0,0.4313977062702179,0,-0.0,0
259,0,0,0.4314064681529999,0,-0.0,0
259,0,0,0.4314148426055908,0,-0.0,0
259,0,0,0.43142345547676086,0,-0.0,0
259,0,0,0.4314318895339966,0,-0.0,0
259,0,0,0.4314398765563965,0,-0.0,0
259,0,0,0.4314481317996979,0,-0.0,0
259,0,0,0.43145596981048584,0,-0.0,0
259,0,0,0.4314641058444977,0,-0.0,0
259,0,0,0.4314720034599304,0,-0.0,0
259,0,0,0.4314796030521393,0,-0.0,0
259,0,0,0.4314872622489929,0,-0.0,0
259,0,0,0.43149495124816895,0,-0.0,0
259,0,0,0.43150249123573303,0,-0.0,0
259,0,0,0.43151018023490906,0,-0.0,0
259,0,0,0.4315176010131836,0,-0.0,0
259,0,0,0.43152502179145813,0,-0.0,0
259,0,0,0.4315323829650879,0,-0.0,0
259,0,0,0.4315395653247833,0,-0.0,0
259,0,0,0.43154680728912354,0,-0.0,0
259,0,0,0.4315539598464966,0,-0.0,0
259,0,0,0.431560754776001,0,-0.0,0
259,0,0,0.43156737089157104,0,-0.0,0
259,0,0,0.4315738379955292,0,-0.0,0
259,0,0,0.43158015608787537,0,-0.0,0
259,0,0,0.43158650398254395,0,-0.0,0
259,0,0,0.4315926432609558,0,-0.0,0
259,0,0,0.4315989911556244,0,-0.0,0
259,0,0,0.43160516023635864,0,-0.0,0
259,0,0,0.43161115050315857,0,-0.0,0
259,0,0,0.4316171109676361,0,-0.0,0
259,0,0,0.4316229820251465,0,-0.0,0
259,0,0,0.4316288232803345,0,-0.0,0
259,0,0,0.43163496255874634,0,-0.0,0
259,0,0,0.43164074420928955,0,-0.0,0
259,0,0,0.4316464364528656,0,-0.0,0
259,0,0,0.4316520690917969,0,-0.0,0
259,0,0,0.431657612323761,0,-0.0,0
259,0,0,0.4316632151603699,0,-0.0,0
259,0,0,0.43166863918304443,0,-0.0,0
259,0,0,0.4316740036010742,0,-0.0,0
259,0,0,0.4316793978214264,0,-0.0,0
259,0,0,0.431684672832489,0,-0.0,0
259,0,0,0.431689977645874,0,-0.0,0
259,0,0,0.4316951036453247,0,-0.0,0
259,0,0,0.43170034885406494,0,-0.0,0
259,0,0,0.431705504655838,0,-0.0,0
259,0,0,0.4317106306552887,0,-0.0,0
259,0,0,0.43171554803848267,0,-0.0,0
259,0,0,0.43172070384025574,0,-0.0,0
259,0,0,0.4317256510257721,0,-0.0,0
259,0,0,0.43173056840896606,0,-0.0,0
259,0,0,0.4317352771759033,0,-0.0,0
259,0,0,0.43174025416374207,0,-0.0,0
259,0,0,0.4317450523376465,0,-0.0,0
259,0,0,0.43174973130226135,0,-0.0,0
259,0,0,0.4317544400691986,0,-0.0,0
259,0,0,0.431759238243103,0,-0.0,0
259,0,0,0.43176382780075073,0,-0.0,0
259,0,0,0.4317684769630432,0,-0.0,0
259,0,0,0.43177297711372375,0,-0.0,0
259,0,0,0.43177759647369385,0,-0.0,0
259,0,0,0.4317820370197296,0,-0.0,0
259,0,0,0.43178653717041016,0,-0.0,0
259,0,0,0.43179085850715637,0,-0.0,0
259,0,0,0.4317953884601593,0,-0.0,0
259,0,0,0.43179982900619507,0,-0.0,0
259,0,0,0.43180400133132935,0,-0.0,0
259,0,0,0.4318082630634308,0,-0.0,0
259,0,0,0.4318126142024994,0,-1.0,0
53,0,1,0.5663060545921326,1,0.6939290165901184,1
53,1,1,0.6094802618026733,1,0.5324869751930237,1
53,2,0,0.7747807502746582,1,0.5744879841804504,1
53,3,1,0.8225831985473633,1,0.8932999968528748,1
53,4,1,0.7597247958183289,1,0.6945300102233887,1
53,5,0,0.90350741147995,1,0.7909770011901855,1
53,6,1,0.7732120156288147,1,0.9223989844322205,1
53,6,1,0.8627472519874573,1,0.9310160279273987,1
53,0,1,0.6756621599197388,1,0.7538800239562988,1
53,1,1,0.7161943912506104,1,0.6168000102043152,1
53,2,1,0.4929650127887726,0,0.46952199935913086,0
53,3,1,0.9492361545562744,1,0.9256100058555603,1
53,4,0,0.8799033761024475,1,0.7610849738121033,1
53,5,1,0.7798479795455933,1,0.7047439813613892,1
53,6,1,0.8929440975189209,1,0.9380519986152649,1
53,6,1,0.9333874583244324,1,0.9436990022659302,1
53,0,1,0.7758944034576416,1,0.8073019981384277,1
53,1,1,0.7492092251777649,1,0.678803026676178,1
53,2,1,0.7676571011543274,1,0.551701009273529,1
53,3,1,0.9489994049072266,1,0.9450510144233704,1
53,4,1,0.8216866254806519,1,0.6623860001564026,1
53,5,1,0.9131603837013245,1,0.7827749848365784,1
53,6,1,0.9351776242256165,1,0.9481719732284546,1
53,6,1,0.935056746006012,1,0.0,0
53,0,0,0.8058088421821594,1,-0.0,0
53,0,0,0.5478330850601196,1,-0.0,0
53,0,0,0.4342384934425354,0,-0.0,0
53,0,0,0.43237125873565674,0,-0.0,0
53,0,0,0.4320090413093567,0,-0.0,0
53,0,0,0.43182969093322754,0,-0.0,0
53,0,0,0.4317076802253723,0,-0.0,0
53,0,0,0.43161657452583313,0,-0.0,0
53,0,0,0.43154987692832947,0,-0.0,0
53,0,0,0.4315069019794464,0,-0.0,0
53,0,0,0.4314796030521393,0,-0.0,0
53,0,0,0.4314593970775604,0,-0.0,0
53,0,0,0.4314494729042053,0,-0.0,0
53,0,0,0.43145084381103516,0,-0.0,0
53,0,0,0.4314545691013336,0,-0.0,0
53,0,0,0.4314590394496918,0,-0.0,0
53,0,0,0.4314633905887604,0,-0.0,0
53,0,0,0.4314700663089752,0,-0.0,0
53,0,0,0.4314800500869751,0,-0.0,0
53,0,0,0.4314936101436615,0,-0.0,0
53,0,0,0.4315069913864136,0,-0.0,0
53,0,0,0.43152180314064026,0,-0.0,0
53,0,0,0.43153640627861023,0,-0.0,0
53,0,0,0.43155115842819214,0,-0.0,0
53,0,0,0.43156522512435913,0,-0.0,0
53,0,0,0.43157753348350525,0,-0.0,0
53,0,0,0.4315952956676483,0,-0.0,0
53,0,0,0.43161287903785706,0,-0.0,0
53,0,0,0.4316299855709076,0,-0.0,0
53,0,0,0.43164679408073425,0,-0.0,0
53,0,0,0.4316631257534027,0,-0.0,0
53,0,0,0.4316793382167816,0,-0.0,0
53,0,0,0.4316951036453247,0,-0.0,0
53,0,0,0.4317109286785126,0,-0.0,0
53,0,0,0.43172577023506165,0,-0.0,0
53,0,0,0.43174058198928833,0,-0.0,0
53,0,0,0.43175506591796875,0,-0.0,0
53,0,0,0.43176910281181335,0,-0.0,0
53,0,0,0.43178319931030273,0,-0.0,0
53,0,0,0.4317965805530548,0,-0.0,0
53,0,0,0.4318099617958069,0,-0.0,0
53,0,0,0.431822806596756,0,-0.0,0
53,0,0,0.4318353831768036,0,-0.0,0
53,0,0,0.43184810876846313,0,-0.0,0
53,0,0,0.4318601191043854,0,-0.0,0
53,0,0,0.4318721294403076,0,-0.0,0
53,0,0,0.4318835139274597,0,-0.0,0
53,0,0,0.431894987821579,0,-0.0,0
53,0,0,0.43190646171569824,0,-0.0,0
53,0,0,0.4319174289703369,0,-0.0,0
53,0,0,0.4319281578063965,0,-0.0,0
53,0,0,0.43193870782852173,0,-0.0,0
53,0,0,0.4319489598274231,0,-0.0,0
53,0,0,0.43195924162864685,0,-0.0,0
53,0,0,0.4319693446159363,0,-0.0,0
53,0,0,0.4319792091846466,0,-0.0,0
53,0,0,0.4319888651371002,0,-0.0,0
53,0,0,0.43199843168258667,0,-0.0,0
53,0,0,0.43200698494911194,0,-0.0,0
53,0,0,0.4320152699947357,0,-0.0,0
53,0,0,0.43202364444732666,0,-0.0,0
53,0,0,0.432031512260437,0,-0.0,0
53,0,0,0.4320395290851593,0,-0.0,0
53,0,0,0.4320472180843353,0,-0.0,0
53,0,0,0.4320548176765442,0,-0.0,0
53,0,0,0.4320623576641083,0,-0.0,0
53,0,0,0.4320698380470276,0,-0.0,0
53,0,0,0.4320770800113678,0,-0.0,0
53,0,0,0.43208447098731995,0,-0.0,0
53,0,0,0.4320926070213318,0,-0.0,0
53,0,0,0.43210068345069885,0,-0.0,0
53,0,0,0.4321085512638092,0,-0.0,0
53,0,0,0.43211624026298523,0,-0.0,0
53,0,0,0.43212395906448364,0,-0.0,0
53,0,0,0.43213143944740295,0,-0.0,0
53,0,0,0.43213891983032227,0,-0.0,0
53,0,0,0.43214625120162964,0,-0.0,0
53,0,0,0.43215325474739075,0,-0.0,0
53,0,0,0.43216046690940857,0,-0.0,0
53,0,0,0.43216732144355774,0,-0.0,0
53,0,0,0.43217432498931885,0,-0.0,0
53,0,0,0.4321812093257904,0,-0.0,0
53,0,0,0.43218788504600525,0,-0.0,0
53,0,0,0.43219441175460815,0,-0.0,0
53,0,0,0.4322008192539215,0,-0.0,0
53,0,0,0.43220722675323486,0,-0.0,0
53,0,0,0.43221336603164673,0,-0.0,0
53,0,0,0.4322195053100586,0,-0.0,0
53,0,0,0.43222576379776,0,-0.0,0
53,0,0,0.4322316348552704,0,-0.0,0
53,0,0,0.4322376847267151,0,-0.0,0
53,0,0,0.4322435259819031,0,-0.0,0
53,0,0,0.4322492182254791,0,-0.0,0
53,0,0,0.4322548806667328,0,-0.0,0
53,0,0,0.432260662317276,0,-0.0,0
53,0,0,0.43226614594459534,0,-0.0,0
53,0,0,0.43227171897888184,0,-0.0,0
53,0,0,0.4322770833969116,0,-0.0,0
53,0,0,0.43228232860565186,0,-0.0,0
53,0,0,0.43228763341903687,0,-0.0,0
53,0,0,0.4322928786277771,0,-0.0,0
53,0,0,0.4322980046272278,0,-0.0,0
53,0,0,0.4323031008243561,0,-0.0,0
53,0,0,0.43230825662612915,0,-0.0,0
53,0,0,0.4323132336139679,0,-0.0,0
53,0,0,0.43231815099716187,0,-0.0,0
53,0,0,0.4323231279850006,0,-0.0,0
53,0,0,0.4323279857635498,0,-0.0,0
53,0,0,0.4323328137397766,0,-0.0,0
53,0,0,0.43233758211135864,0,-0.0,0
53,0,0,0.43234220147132874,0,-0.0,0
53,0,0,0.4323469400405884,0,-0.0,0
53,0,0,0.4323515295982361,0,-0.0,0
53,0,0,0.4323561489582062,0,-0.0,0
53,0,0,0.43236058950424194,0,-0.0,0
53,0,0,0.4323651194572449,0,-0.0,0
53,0,0,0.4323694407939911,0,-0.0,0
53,0,0,0.4323738217353821,0,-0.0,0
53,0,0,0.4323781430721283,0,-0.0,0
53,0,0,0.4323824644088745,0,-0.0,0
53,0,0,0.4323866069316864,0,-0.0,0
53,0,0,0.43239080905914307,0,-0.0,0
53,0,0,0.43239498138427734,0,-0.0,0
53,0,0,0.43239909410476685,0,-0.0,0
53,0,0,0.43240317702293396,0,-0.0,0
53,0,0,0.43240728974342346,0,-0.0,0
53,0,0,0.43241116404533386,0,-0.0,0
53,0,0,0.4324151277542114,0,-0.0,0
53,0,0,0.4324190616607666,0,-0.0,0
53,0,0,0.4324229061603546,0,-0.0,0
53,0,0,0.43242672085762024,0,-0.0,0
53,0,0,0.4324304759502411,0,-0.0,0
53,0,0,0.4324342608451843,0,-0.0,0
53,0,0,0.43243804574012756,0,-0.0,0
53,0,0,0.43244171142578125,0,-0.0,0
53,0,0,0.43244534730911255,0,-0.0,0
53,0,0,0.43244901299476624,0,-0.0,0
53,0,0,0.432452529668808,0,-0.0,0
53,0,0,0.4324561655521393,0,-0.0,0
53,0,0,0.43245962262153625,0,-0.0,0
53,0,0,0.4324631989002228,0,-0.0,0
53,0,0,0.43246662616729736,0,-0.0,0
53,0,0,0.4324699640274048,0,-0.0,0
53,0,0,0.43247342109680176,0,-0.0,0
53,0,0,0.43247684836387634,0,-0.0,0
53,0,0,0.4324801564216614,0,-0.0,0
53,0,0,0.432483434677124,0,-0.0,0
53,0,0,0.43248674273490906,0,-0.0,0
53,0,0,0.4324899911880493,0,-0.0,0
53,0,0,0.43249329924583435,0,-0.0,0
53,0,0,0.43249642848968506,0,-0.0,0
53,0,0,0.43249961733818054,0,-0.0,0
53,0,0,0.4325028359889984,0,-0.0,0
53,0,0,0.43250587582588196,0,-0.0,0
53,0,0,0.43250903487205505,0,-0.0,0
53,0,0,0.4325120151042938,0,-0.0,0
53,0,0,0.43251511454582214,0,-0.0,0
53,0,0,0.4325180649757385,0,-0.0,0
53,0,0,0.4325210750102997,0,-0.0,0
53,0,0,0.43252402544021606,0,-0.0,0
53,0,0,0.4325268864631653,0,-0.0,0
53,0,0,0.43252983689308167,0,-0.0,0
53,0,0,0.4325326681137085,0,-0.0,0
53,0,0,0.4325356185436249,0,-0.0,0
53,0,0,0.4325384199619293,0,-0.0,0
53,0,0,0.43254125118255615,0,-0.0,0
53,0,0,0.4325440227985382,0,-0.0,0
53,0,0,0.43254685401916504,0,-0.0,0
53,0,0,0.43254953622817993,0,-0.0,0
53,0,0,0.4325522482395172,0,-0.0,0
53,0,0,0.4325549900531769,0,-0.0,0
53,0,0,0.432557612657547,0,-0.0,0
53,0,0,0.4325603246688843,0,-0.0,0
53,0,0,0.432562917470932,0,-0.0,0
53,0,0,0.4325656592845917,0,-0.0,0
53,0,0,0.43256819248199463,0,-1.0,0
