epoch,train_loss,train_auc,train_acc,val_loss,val_auc,val_acc,train_bce_loss,train_im_loss,val_bce_loss,val_im_loss,train_encoder1_auc,train_encoder1_acc,val_encoder1_auc,val_encoder1_acc,train_encoder2_auc,train_encoder2_acc,val_encoder2_auc,val_encoder2_acc
1,0.600837,0.677991,0.734370,0.600837,0.673812,0.740241,0.563586,0.610150,0.563586,0.610150,0.677991,0.734370,0.673812,0.740241,0.510438,0.734370,0.512809,0.740241
2,0.598364,0.688848,0.734370,0.598364,0.683124,0.740241,0.554694,0.609281,0.554694,0.609281,0.688848,0.734370,0.683124,0.740241,0.513569,0.734370,0.515490,0.740241
3,0.597232,0.693580,0.734370,0.597232,0.686981,0.740241,0.552456,0.608426,0.552456,0.608426,0.693580,0.734370,0.686981,0.740241,0.516303,0.734370,0.518039,0.740241
4,0.596255,0.697427,0.734370,0.596255,0.689418,0.740241,0.550926,0.607587,0.550926,0.607587,0.697427,0.734370,0.689418,0.740241,0.518350,0.734370,0.519909,0.740241
5,0.595332,0.700160,0.734370,0.595332,0.690326,0.740241,0.549595,0.606766,0.549595,0.606766,0.700160,0.734370,0.690326,0.740241,0.520385,0.734370,0.521940,0.740241
6,0.594444,0.701890,0.734370,0.594444,0.689858,0.740241,0.548361,0.605965,0.548361,0.605965,0.701890,0.734370,0.689858,0.740241,0.522750,0.734370,0.524318,0.740241
