{
  "tail_metrics": {
    "epoch": 12.0,
    "train_loss": 0.21087460791199936,
    "train_auc": 0.9616806296605351,
    "val_loss": 1.1702119318806394,
    "val_auc": 0.6197195908496643,
    "val_accuracy": 0.710177228002219,
    "monotonicity_violation_rate": 0.0,
    "negative_gain_rate": 0.0,
    "bounds_violation_rate": 0.0,
    "mastery_correlation": 0.0,
    "gain_correlation": 0.0,
    "main_loss_share": 1.0,
    "constraint_loss_share": 0.0,
    "alignment_loss_share": 0.0,
    "lag_loss_share": 0.0,
    "retention_loss_share": 0.0
  },
  "best_summary": {
    "best_epoch": 12.0,
    "best_val_auc": 0.6197195908496643,
    "best_val_accuracy": 0.710177228002219,
    "mastery_corr": null,
    "gain_corr": null
  },
  "config_md5": "2d5fb9be42d53d494bb68908639d7f5d"
}