epoch,train_loss,train_auc,val_loss,val_auc,val_accuracy,monotonicity_violation_rate,negative_gain_rate,bounds_violation_rate,mastery_correlation,gain_correlation,main_loss_share,constraint_loss_share,alignment_loss_share,lag_loss_share,retention_loss_share
1,0.5441299400490183,0.6887837833252797,0.5161509793631884,0.7155099932748763,0.7500510953877897,0.0,0.0,0.0,0.10048876168739934,0.020453563919945832,0.9820300135801259,0.01796998504889101,-0.005351387995716795,0.0,0.0
2,0.5192044772632382,0.7237315076765779,0.512188872512506,0.7242092849169551,0.7529319020136449,0.0,0.0,0.0,0.08560021856859514,0.007898669237944814,0.9905767599316301,0.009423246560254788,-0.022312313194468244,0.0,0.0
