{
  "tail_metrics": {
    "epoch": 2.0,
    "train_loss": 0.5192044772632382,
    "train_auc": 0.7237315076765779,
    "val_loss": 0.512188872512506,
    "val_auc": 0.7242092849169551,
    "val_accuracy": 0.7529319020136449,
    "monotonicity_violation_rate": 0.0,
    "negative_gain_rate": 0.0,
    "bounds_violation_rate": 0.0,
    "mastery_correlation": 0.08560021856859514,
    "gain_correlation": 0.007898669237944814,
    "main_loss_share": 0.9905767599316301,
    "constraint_loss_share": 0.009423246560254788,
    "alignment_loss_share": -0.022312313194468244,
    "lag_loss_share": 0.0,
    "retention_loss_share": 0.0
  },
  "best_summary": {
    "best_epoch": 2.0,
    "best_val_auc": 0.7242092849169551,
    "best_val_accuracy": 0.7529319020136449,
    "mastery_corr": null,
    "gain_corr": null
  },
  "config_md5": "75e5a2c836b2c2eeeeaaa4fd287b4131"
}