{
  "train": {
    "total_auc": 0.7406875024360213,
    "total_acc": 0.7562911234383652,
    "bce_auc": 0.7418674304800725,
    "bce_acc": 0.7574972545265114,
    "mastery_auc": 0.6633085870355927,
    "mastery_acc": 0.7384103473845258
  },
  "valid": {
    "total_auc": 0.7120168318878832,
    "total_acc": 0.7504014637612045,
    "bce_auc": 0.7122127220940188,
    "bce_acc": 0.7512871171495586,
    "mastery_auc": 0.6541742697519665,
    "mastery_acc": 0.7381093733272344
  },
  "test": {
    "total_auc": 0.7070347917840165,
    "total_acc": 0.7455792320494532,
    "bce_auc": 0.707203314918904,
    "bce_acc": 0.7465674037089871,
    "mastery_auc": 0.6470935877597132,
    "mastery_acc": 0.7302885758440323
  },
  "checkpoint_epoch": 11,
  "checkpoint_val_auc": 0.7122127220940188
}