{
  "experiment_id": "20251116_225317_gainakt3exp_p1bce09_b2.0_m0.9_g0.9_o1.5_157500",
  "dataset": "assist2015",
  "fold": 0,
  "train_auc": 0.6988300596151721,
  "train_acc": 0.7410337998291705,
  "valid_auc": 0.689919021572016,
  "valid_acc": 0.7362115446379041,
  "test_auc": 0.6857817397552349,
  "test_acc": 0.7304000237755587,
  "train_encoder1_auc": 0.6988300596151721,
  "train_encoder1_acc": 0.7410337998291705,
  "valid_encoder1_auc": 0.689919021572016,
  "valid_encoder1_acc": 0.7362115446379041,
  "test_encoder1_auc": 0.6857817397552349,
  "test_encoder1_acc": 0.7304000237755587,
  "train_encoder2_auc": 0.5122478362964988,
  "train_encoder2_acc": 0.5738321178160111,
  "valid_encoder2_auc": 0.5146785433884861,
  "valid_encoder2_acc": 0.5730274747199486,
  "test_encoder2_auc": 0.511306858737348,
  "test_encoder2_acc": 0.5752793628150261,
  "train_mastery_correlation": 0.0,
  "train_gain_correlation": 0.0,
  "train_correlation_students": 0,
  "test_mastery_correlation": 0.0,
  "test_gain_correlation": 0.0,
  "test_correlation_students": 0,
  "timestamp": "2025-11-16T22:58:37.413794Z"
}