epoch,train_loss,train_auc,train_acc,val_loss,val_auc,val_acc,train_bce_loss,train_im_loss,val_bce_loss,val_im_loss,train_encoder1_auc,train_encoder1_acc,val_encoder1_auc,val_encoder1_acc,train_encoder2_auc,train_encoder2_acc,val_encoder2_auc,val_encoder2_acc
1,0.567611,0.680382,0.734370,0.567611,0.675598,0.740241,0.563305,0.606363,0.563305,0.606363,0.680382,0.734370,0.675598,0.740241,0.508557,0.734370,0.511075,0.740241
2,0.559184,0.693518,0.734370,0.559184,0.686649,0.740241,0.553997,0.605874,0.553997,0.605874,0.693518,0.734370,0.686649,0.740241,0.510910,0.734370,0.513360,0.740241
3,0.556654,0.698830,0.734370,0.556654,0.689919,0.740241,0.551237,0.605403,0.551237,0.605403,0.698830,0.734370,0.689919,0.740241,0.512249,0.734370,0.514679,0.740241
4,0.554691,0.700914,0.734370,0.554691,0.688637,0.740241,0.549107,0.604947,0.549107,0.604947,0.700914,0.734370,0.688637,0.740241,0.513024,0.734370,0.515462,0.740241
5,0.552787,0.705300,0.734370,0.552787,0.689311,0.740241,0.547041,0.604507,0.547041,0.604507,0.705300,0.734370,0.689311,0.740241,0.513565,0.734370,0.516002,0.740241
6,0.550780,0.708423,0.734370,0.550780,0.688419,0.740241,0.544857,0.604085,0.544857,0.604085,0.708423,0.734370,0.688419,0.740241,0.514321,0.734370,0.516797,0.740241
