epoch,train_loss,train_auc,train_acc,val_loss,val_auc,val_acc,train_bce_loss,train_im_loss,val_bce_loss,val_im_loss,train_encoder1_auc,train_encoder1_acc,val_encoder1_auc,val_encoder1_acc,train_encoder2_auc,train_encoder2_acc,val_encoder2_auc,val_encoder2_acc
1,0.597930,0.677991,0.734370,0.597930,0.673812,0.740241,0.563586,0.606515,0.563586,0.606515,0.677991,0.734370,0.673812,0.740241,0.520642,0.734370,0.521967,0.740241
2,0.595495,0.688848,0.734370,0.595495,0.683124,0.740241,0.554694,0.605695,0.554694,0.605695,0.688848,0.734370,0.683124,0.740241,0.524900,0.734370,0.526050,0.740241
3,0.594407,0.693580,0.734370,0.594407,0.686981,0.740241,0.552456,0.604895,0.552456,0.604895,0.693580,0.734370,0.686981,0.740241,0.527792,0.734370,0.528582,0.740241
4,0.593480,0.697427,0.734370,0.593480,0.689418,0.740241,0.550926,0.604119,0.550926,0.604119,0.697427,0.734370,0.689418,0.740241,0.529475,0.734370,0.530190,0.740241
5,0.592613,0.700160,0.734370,0.592613,0.690326,0.740241,0.549595,0.603367,0.549595,0.603367,0.700160,0.734370,0.690326,0.740241,0.530893,0.734370,0.531591,0.740241
6,0.591783,0.701890,0.734370,0.591783,0.689858,0.740241,0.548361,0.602639,0.548361,0.602639,0.701890,0.734370,0.689858,0.740241,0.532432,0.734370,0.533225,0.740241
