epoch,train_loss,train_auc,train_acc,val_loss,val_auc,val_acc,train_bce_loss,train_im_loss,val_bce_loss,val_im_loss,train_encoder1_auc,train_encoder1_acc,val_encoder1_auc,val_encoder1_acc,train_encoder2_auc,train_encoder2_acc,val_encoder2_auc,val_encoder2_acc
1,0.598801,0.677991,0.734370,0.598801,0.673812,0.740241,0.563586,0.607605,0.563586,0.607605,0.677991,0.734370,0.673812,0.740241,0.511321,0.734370,0.513562,0.740241
2,0.596421,0.688848,0.734370,0.596421,0.683124,0.740241,0.554694,0.606853,0.554694,0.606853,0.688848,0.734370,0.683124,0.740241,0.514006,0.734370,0.515887,0.740241
3,0.595384,0.693580,0.734370,0.595384,0.686981,0.740241,0.552456,0.606116,0.552456,0.606116,0.693580,0.734370,0.686981,0.740241,0.516002,0.734370,0.517767,0.740241
4,0.594505,0.697427,0.734370,0.594505,0.689418,0.740241,0.550926,0.605399,0.550926,0.605399,0.697427,0.734370,0.689418,0.740241,0.517406,0.734370,0.519045,0.740241
5,0.593697,0.700160,0.734370,0.593697,0.690326,0.740241,0.549595,0.604722,0.549595,0.604722,0.700160,0.734370,0.690326,0.740241,0.518418,0.734370,0.519989,0.740241
6,0.592942,0.701890,0.734370,0.592942,0.689858,0.740241,0.548361,0.604088,0.548361,0.604088,0.701890,0.734370,0.689858,0.740241,0.519395,0.734370,0.520979,0.740241
