{
  "experiment_id": "20251116_230357_gainakt3exp_p1bce09_b2.5_m0.7_g0.9_o2.0_101586",
  "dataset": "assist2015",
  "fold": 0,
  "train_auc": 0.6988300596151721,
  "train_acc": 0.7410337998291705,
  "valid_auc": 0.689919021572016,
  "valid_acc": 0.7362115446379041,
  "test_auc": 0.6857817397552349,
  "test_acc": 0.7304000237755587,
  "train_encoder1_auc": 0.6988300596151721,
  "train_encoder1_acc": 0.7410337998291705,
  "valid_encoder1_auc": 0.689919021572016,
  "valid_encoder1_acc": 0.7362115446379041,
  "test_encoder1_auc": 0.6857817397552349,
  "test_encoder1_acc": 0.7304000237755587,
  "train_encoder2_auc": 0.5179438135321701,
  "train_encoder2_acc": 0.4739860520560546,
  "valid_encoder2_auc": 0.5198393830850615,
  "valid_encoder2_acc": 0.46972719929147727,
  "test_encoder2_auc": 0.5172088081830947,
  "test_encoder2_acc": 0.47803732762719925,
  "train_mastery_correlation": 0.0,
  "train_gain_correlation": 0.0,
  "train_correlation_students": 0,
  "test_mastery_correlation": 0.0,
  "test_gain_correlation": 0.0,
  "test_correlation_students": 0,
  "timestamp": "2025-11-16T23:09:15.039199Z"
}