epoch,train_loss,train_auc,train_acc,val_loss,val_auc,val_acc,train_bce_loss,train_im_loss,val_bce_loss,val_im_loss,train_encoder1_auc,train_encoder1_acc,val_encoder1_auc,val_encoder1_acc,train_encoder2_auc,train_encoder2_acc,val_encoder2_auc,val_encoder2_acc
1,0.567868,0.680382,0.734370,0.567868,0.675598,0.740241,0.563305,0.608933,0.563305,0.608933,0.680382,0.734370,0.675598,0.740241,0.514422,0.734370,0.516406,0.740241
2,0.559430,0.693518,0.734370,0.559430,0.686649,0.740241,0.553997,0.608334,0.553997,0.608334,0.693518,0.734370,0.686649,0.740241,0.516688,0.734370,0.518630,0.740241
3,0.556889,0.698830,0.734370,0.556889,0.689919,0.740241,0.551237,0.607760,0.551237,0.607760,0.698830,0.734370,0.689919,0.740241,0.517946,0.734370,0.519840,0.740241
4,0.554917,0.700914,0.734370,0.554917,0.688637,0.740241,0.549107,0.607208,0.549107,0.607208,0.700914,0.734370,0.688637,0.740241,0.518876,0.734370,0.520741,0.740241
5,0.553004,0.705300,0.734370,0.553004,0.689311,0.740241,0.547041,0.606678,0.547041,0.606678,0.705300,0.734370,0.689311,0.740241,0.519485,0.734370,0.521311,0.740241
6,0.550988,0.708423,0.734370,0.550988,0.688419,0.740241,0.544857,0.606168,0.544857,0.606168,0.708423,0.734370,0.688419,0.740241,0.520102,0.734370,0.521986,0.740241
