epoch,train_loss,train_auc,val_loss,val_auc,val_accuracy,monotonicity_violation_rate,negative_gain_rate,bounds_violation_rate,mastery_correlation,gain_correlation,main_loss_share,constraint_loss_share,alignment_loss_share,lag_loss_share,retention_loss_share
1,0.7163752493463031,0.6792366034229964,0.5198202449448255,0.7083906024996243,0.748970792903094,0.0,0.0,0.0,0.02283408280085769,0.0648936695052199,0.7472269300869141,0.2527730716506014,-0.0016615881556705544,0.0,0.0
2,0.7605353519706528,0.7152250355151023,0.5136471603597913,0.7187121671152816,0.7516277530681564,0.0,0.0,0.0,0.023046369881082898,0.0402798836122768,0.6832200396021708,0.3167799631608263,-0.006561286913829125,0.0,0.0
3,0.8127679763062631,0.7271054381192548,0.5111218088743638,0.7228761605870333,0.7533601300255963,0.0,0.0,0.0,0.02315889418008307,0.048558219916695955,0.630225938327764,0.3697740617004373,-0.011950900340450342,0.0,0.0
4,0.8663584250242599,0.7354559458216663,0.5103410111398113,0.7242476112402161,0.7540122044983406,0.0,0.0,0.0,0.02324897834708701,0.06747389160805291,0.584988356823259,0.415011643179526,-0.01739430578189035,0.0,0.0
5,0.9200537578429583,0.7423279731699604,0.5105709226763978,0.724215112953541,0.7540024720435236,0.0,0.0,0.0,0.023362774194003812,0.08281978722060765,0.5457875535822915,0.45421244486000045,-0.022881900578394804,0.0,0.0
6,0.9726020672160727,0.7489503934515997,0.5129866125632305,0.7219635497124057,0.7532822703870597,0.0,0.0,0.0,0.02342892338753398,0.09852265721817499,0.5115855992683919,0.48841439924813795,-0.029053478289092438,0.0,0.0
