{
  "valid_auc": 0.7178767237821712,
  "valid_acc": 0.7499555509072844,
  "valid_metrics": {
    "l_sup": 0.5126189321663255,
    "l_reg": 3.828516336549607e-07,
    "l_ref": 0.009408413209409142,
    "l_init": 0.028242671142547127,
    "l_rate": 0.05769417108908192
  },
  "test_auc": 0.7112009968975075,
  "test_acc": 0.7452419859678219,
  "test_metrics": {
    "l_sup": 0.5216759863365236,
    "l_reg": 3.871069543107543e-07,
    "l_ref": 0.009426298961674764,
    "l_init": 0.027896245244088964,
    "l_rate": 0.05703986980366055
  },
  "window_test_auc": 0.7112009968975075,
  "window_test_acc": 0.7452419859678219,
  "window_metrics": {
    "l_sup": 0.5216759863365236,
    "l_reg": 3.871069543107543e-07,
    "l_ref": 0.0,
    "l_init": 0.027896245244088964,
    "l_rate": 0.05703986980366055
  },
  "checkpoint": "/workspaces/pykt-toolkit/experiments/20251231_010606_idkt_assist2015_S_hr_sweep_l0.3_425317/best_model.pt"
}