split,auc,acc,l_sup,l_ref,l_init,l_rate,l_reg
test,0.711201,0.745242,0.521676,0.009426,0.027896,0.057040,0.000000
