{
  "0": {
    "r2": -1.9493118804624157,
    "pearson": 0.12789794494203732,
    "count": 1088
  },
  "1": {
    "r2": -10.061006069323987,
    "pearson": -0.024655254179799895,
    "count": 668
  },
  "2": {
    "r2": -0.07087431464915239,
    "pearson": 0.34918757831538016,
    "count": 1072
  },
  "3": {
    "r2": -10.836700602241365,
    "pearson": 0.0154795512328287,
    "count": 591
  },
  "4": {
    "r2": -962792.7593064074,
    "pearson": -0.004334110870507954,
    "count": 337
  },
  "5": {
    "r2": -6.05735003502496,
    "pearson": 0.31126581567313594,
    "count": 494
  },
  "6": {
    "r2": -20.551330261810794,
    "pearson": 0.268214682475391,
    "count": 441
  },
  "7": {
    "r2": -0.38140355174653395,
    "pearson": 0.1875734415155922,
    "count": 1422
  },
  "8": {
    "r2": -0.22799657410317775,
    "pearson": 0.206776269180706,
    "count": 808
  },
  "9": {
    "r2": -0.8020772304171839,
    "pearson": 0.06001453825129126,
    "count": 761
  },
  "10": {
    "r2": -0.044385623808083086,
    "pearson": 0.2961601587318725,
    "count": 1261
  },
  "11": {
    "r2": -3.8114685727486934,
    "pearson": 0.2915698166033562,
    "count": 577
  },
  "12": {
    "r2": -4.299595494197685,
    "pearson": 0.09521552979872512,
    "count": 575
  },
  "13": {
    "r2": -3.1302112394023984,
    "pearson": 0.19944532599237041,
    "count": 584
  },
  "14": {
    "r2": -1.8000030807822647,
    "pearson": 0.10502885030573263,
    "count": 668
  },
  "15": {
    "r2": -459229.65943624947,
    "pearson": 0.0169591909823758,
    "count": 215
  },
  "16": {
    "r2": -1872244.3671097804,
    "pearson": -0.02388586269277898,
    "count": 362
  },
  "17": {
    "r2": -5.440807725886983,
    "pearson": 0.0581972001116084,
    "count": 522
  },
  "18": {
    "r2": -0.9874487503395426,
    "pearson": 0.36145676686434014,
    "count": 265
  },
  "19": {
    "r2": -0.8982818807023367,
    "pearson": 0.20296422020384206,
    "count": 1069
  },
  "20": {
    "r2": -3.85898087476788,
    "pearson": 0.17664481224460526,
    "count": 580
  },
  "21": {
    "r2": -0.4432589459221037,
    "pearson": 0.3508716402973297,
    "count": 705
  },
  "22": {
    "r2": -78.20387354905104,
    "pearson": -0.05017575346512245,
    "count": 336
  },
  "23": {
    "r2": -490.34386868542543,
    "pearson": 0.4521853144210711,
    "count": 213
  },
  "24": {
    "r2": -4.870532051032461,
    "pearson": 0.0606916839037867,
    "count": 630
  },
  "25": {
    "r2": -7.885755488021939,
    "pearson": 0.1950136539012666,
    "count": 477
  },
  "26": {
    "r2": -17745312.246392258,
    "pearson": 0.0739968269855976,
    "count": 340
  },
  "27": {
    "r2": -10.553921233656906,
    "pearson": 0.07342222523362317,
    "count": 574
  },
  "28": {
    "r2": -221.73669749187945,
    "pearson": -0.17425960540765442,
    "count": 377
  },
  "29": {
    "r2": -45.53933247131795,
    "pearson": 0.18656530812632097,
    "count": 297
  },
  "30": {
    "r2": -38.30001825089358,
    "pearson": -0.16139182672673408,
    "count": 453
  },
  "31": {
    "r2": -138.05483315228875,
    "pearson": 0.039551057098529886,
    "count": 193
  },
  "32": {
    "r2": -2.893498942026167,
    "pearson": 0.19582824811546723,
    "count": 679
  },
  "33": {
    "r2": -0.27614189293629576,
    "pearson": 0.28943500877379624,
    "count": 718
  },
  "34": {
    "r2": -4.589603555132918,
    "pearson": 0.21952904937896414,
    "count": 491
  },
  "35": {
    "r2": -255.94666915778066,
    "pearson": 0.27624081972733416,
    "count": 228
  },
  "36": {
    "r2": -1.1853067001604707,
    "pearson": 0.23592292839089823,
    "count": 603
  },
  "37": {
    "r2": -0.21201633775322803,
    "pearson": 0.40818833867071447,
    "count": 833
  },
  "38": {
    "r2": 0.8393954314500033,
    "pearson": 0.9591941033022195,
    "count": 73
  },
  "39": {
    "r2": -119.61222608776968,
    "pearson": -0.22311485288383676,
    "count": 161
  },
  "40": {
    "r2": -97742313.71273367,
    "pearson": -0.28330747482672547,
    "count": 318
  },
  "41": {
    "r2": -161.32748720497224,
    "pearson": -0.04827483641136581,
    "count": 289
  },
  "42": {
    "r2": -54194860.49114205,
    "pearson": -0.004480951046209986,
    "count": 255
  },
  "43": {
    "r2": -11007965664.754274,
    "pearson": 0.3171010516367579,
    "count": 224
  },
  "44": {
    "r2": 0.004664428159633305,
    "pearson": 0.3126127456039564,
    "count": 171
  },
  "45": {
    "r2": -1.1100039020349937,
    "pearson": 0.2633728359683521,
    "count": 704
  },
  "46": {
    "r2": 0.7991097616104976,
    "pearson": 0.9031470595420474,
    "count": 68
  },
  "47": {
    "r2": -62466510.277450986,
    "pearson": 0.04082968275600943,
    "count": 284
  },
  "48": {
    "r2": 0.9599429450696899,
    "pearson": 0.9847066754695711,
    "count": 69
  },
  "49": {
    "r2": -3.9120240667273256,
    "pearson": 0.17840206965346797,
    "count": 183
  },
  "50": {
    "r2": -539.5649511943625,
    "pearson": -0.09322981673535091,
    "count": 364
  },
  "51": {
    "r2": -5.646567715197711,
    "pearson": 0.25974514650838537,
    "count": 437
  },
  "52": {
    "r2": -5724119.580803794,
    "pearson": 0.08736914575671226,
    "count": 323
  },
  "53": {
    "r2": -275404007.03529596,
    "pearson": 0.09940180543125995,
    "count": 333
  },
  "54": {
    "r2": -144674621.56517947,
    "pearson": 0.10026316061374486,
    "count": 146
  },
  "55": {
    "r2": -0.2689815950069627,
    "pearson": 0.8204498862065378,
    "count": 82
  },
  "56": {
    "r2": -1776322.3329861395,
    "pearson": 0.25808613709663536,
    "count": 311
  },
  "57": {
    "r2": -121721.67405600994,
    "pearson": -0.23407525704677354,
    "count": 342
  },
  "58": {
    "r2": 0.32261510032057117,
    "pearson": 0.750335474300611,
    "count": 200
  },
  "59": {
    "r2": -95.83755195225997,
    "pearson": 0.28110472558734034,
    "count": 188
  },
  "60": {
    "r2": -1.5125661087576896,
    "pearson": 0.1693963344380082,
    "count": 558
  },
  "61": {
    "r2": -42.462240651400094,
    "pearson": 0.15904723131621912,
    "count": 468
  },
  "62": {
    "r2": -7.727279793080525,
    "pearson": 0.2586063312929008,
    "count": 518
  },
  "63": {
    "r2": -20.881105765002626,
    "pearson": -0.1218199748667518,
    "count": 399
  },
  "64": {
    "r2": -127.65403811733611,
    "pearson": 0.11697177590667675,
    "count": 418
  },
  "65": {
    "r2": -367809512.3802259,
    "pearson": 0.06430110731318546,
    "count": 233
  },
  "66": {
    "r2": -6.798434806417629,
    "pearson": 0.09407832512912571,
    "count": 409
  },
  "67": {
    "r2": -1798.567769957423,
    "pearson": -0.11277988671945027,
    "count": 441
  },
  "68": {
    "r2": 0.2894440397250323,
    "pearson": 0.8003199195094967,
    "count": 31
  },
  "69": {
    "r2": -0.020146512320612153,
    "pearson": 0.5117099987497093,
    "count": 667
  },
  "70": {
    "r2": -3007.0324042168713,
    "pearson": -0.3955607200143921,
    "count": 161
  },
  "71": {
    "r2": -364.1062224553109,
    "pearson": -0.043241099533142514,
    "count": 230
  },
  "72": {
    "r2": -0.5113771456591056,
    "pearson": -0.03170216762374227,
    "count": 33
  },
  "73": {
    "r2": -1641.3803429563966,
    "pearson": 0.040004312244106305,
    "count": 364
  },
  "74": {
    "r2": -34.455415883171625,
    "pearson": 0.1381278870313395,
    "count": 436
  },
  "75": {
    "r2": -44.87610501569936,
    "pearson": -0.09378149216952333,
    "count": 468
  },
  "76": {
    "r2": -5.082463174824477,
    "pearson": 0.15464311316814058,
    "count": 619
  },
  "77": {
    "r2": -1.2541811643781537,
    "pearson": 0.10589948183171438,
    "count": 821
  },
  "78": {
    "r2": -4921979.4215075085,
    "pearson": 0.07472339139255636,
    "count": 325
  },
  "79": {
    "r2": -134765368.5939914,
    "pearson": 0.25574447312827364,
    "count": 285
  },
  "81": {
    "r2": -25.455451411659222,
    "pearson": 0.007579223539305661,
    "count": 474
  },