{
  "r2_true": 0.3931002690327158,
  "pearson_true": 0.6270367997370824,
  "r2_control": -0.01468846584744532,
  "pearson_control": -0.0009491678609499911,
  "selectivity_r2": 0.4077887348801611
}