{
  "valid_auc": 0.7178767237821712,
  "valid_acc": 0.7499555509072844,
  "valid_metrics": {
    "l_sup": 0.5133180813017134,
    "l_reg": 1.1258029305831012e-06,
    "l_ref": 0.009361650755939385,
    "l_init": 0.019481057931530682,
    "l_rate": 0.04317281416009081
  },
  "test_auc": 0.7168852684196823,
  "test_acc": 0.7512733357736757,
  "test_metrics": {
    "l_sup": 0.5133180813017134,
    "l_reg": 1.1258029305831012e-06,
    "l_ref": 0.009361650755939385,
    "l_init": 0.019481057931530682,
    "l_rate": 0.04317281416009081
  },
  "best_epoch": 14,
  "params": {
    "model_name": "idkt",
    "dataset_name": "assist2015_S",
    "fold": 0,
    "seed": 42,
    "emb_type": "qid",
    "save_dir": "/workspaces/pykt-toolkit/experiments/20251231_010606_idkt_assist2015_S_hr_sweep_l0.3_425317",
    "d_model": 256,
    "d_ff": 512,
    "num_attn_heads": 8,
    "n_blocks": 4,
    "dropout": 0.2,
    "final_fc_dim": 512,
    "learning_rate": 0.0001,
    "weight_decay": 0.0,
    "batch_size": 64,
    "num_epochs": 100,
    "optimizer": "Adam",
    "gradient_clip": 1.0,
    "patience": 10,
    "seq_len": 200,
    "l2": 1e-05,
    "lambda_student": 1e-05,
    "lambda_gap": 1e-05,
    "lambda_ref": 0.3,
    "lambda_initmastery": 0.3,
    "lambda_rate": 0.3,
    "theory_guided": 1,
    "calibrate": 1,
    "use_wandb": 0,
    "add_uuid": 0
  }
}