{
  "train": {
    "total_auc": 0.7525490743977059,
    "total_acc": 0.761211856690977,
    "bce_auc": 0.7537244206469468,
    "bce_acc": 0.7625259294718366,
    "mastery_auc": 0.6463554285473563,
    "mastery_acc": 0.7350688480274828
  },
  "valid": {
    "total_auc": 0.7246746140573533,
    "total_acc": 0.7538564852212674,
    "bce_auc": 0.7252277130050945,
    "bce_acc": 0.7544209676006579,
    "mastery_auc": 0.6329312899412438,
    "mastery_acc": 0.7346932816864398
  },
  "test": {
    "total_auc": 0.7183212532416586,
    "total_acc": 0.7471617926771279,
    "bce_auc": 0.71892183901089,
    "bce_acc": 0.7473475392296719,
    "mastery_auc": 0.6297037204591884,
    "mastery_acc": 0.7261798621017594
  },
  "checkpoint_epoch": 9,
  "checkpoint_val_auc": 0.7252277130050945
}