split,total_auc,bce_auc,mastery_auc,total_acc,bce_acc,mastery_acc
training,0.7525490743977059,0.7537244206469468,0.6463554285473563,0.761211856690977,0.7625259294718366,0.7350688480274828
validation,0.7246746140573533,0.7252277130050945,0.6329312899412438,0.7538564852212674,0.7544209676006579,0.7346932816864398
test,0.7183212532416586,0.71892183901089,0.6297037204591884,0.7471617926771279,0.7473475392296719,0.7261798621017594
