{
  "comparison_type": "baseline_vs_intrinsic",
  "dataset": "ASSIST2015",
  "fold": 0,
  "n_seeds": 5,
  "seeds": [
    42,
    7,
    123,
    2025,
    31415
  ],
  "baseline": {
    "model": "GainAKT2Exp (standard mode)",
    "parameters": 14658761,
    "statistics": {
      "test_auc": {
        "mean": 0.7195803612923892,
        "std": 0.00047091105483764275,
        "ci_lower": 0.7192754288605235,
        "ci_upper": 0.7199310144438853,
        "values": [
          0.7195749796661843,
          0.7191454389368737,
          0.7199899181616437,
          0.719081131628933,
          0.7201103380683117
        ]
      },
      "test_acc": {
        "mean": 0.747427781740371,
        "std": 0.00023118693776703227,
        "ci_lower": 0.7472568949120304,
        "ci_upper": 0.7476135282929149,
        "values": [
          0.7472063718497385,
          0.7473252496433667,
          0.7472732406086543,
          0.7475778649548265,
          0.7477561816452687
        ]
      },
      "test_mastery_correlation": {
        "mean": 0.0952285156825043,
        "std": 0.017694812169612602,
        "ci_lower": 0.08084893906692722,
        "ci_upper": 0.10820253874131407,
        "values": [
          0.1121515356328593,
          0.08740947748240646,
          0.09912886620829306,
          0.06866232097268335,
          0.10879037811627935
        ]
      },
      "test_gain_correlation": {
        "mean": 0.027562499814421947,
        "std": 0.0035438203619370715,
        "ci_lower": 0.024867689047079873,
        "ci_upper": 0.030420237994805633,
        "values": [
          0.0323406303534231,
          0.023662727092243024,
          0.026729842712684745,
          0.025141574169114278,
          0.029937724744644595
        ]
      },
      "valid_auc": {
        "mean": 0.7254893075627024,
        "std": 0.00024605695468928556,
        "ci_lower": 0.7252823486769217,
        "ci_upper": 0.7256683593699181,
        "values": [
          0.7253737057895506,
          0.7255450151393238,
          0.7255767594905753,
          0.7251456185260845,
          0.7258054388679775
        ]
      },
      "valid_acc": {
        "mean": 0.7541815492121577,
        "std": 0.00039042795125387373,
        "ci_lower": 0.7538834441211106,
        "ci_upper": 0.7544735228566701,
        "values": [
          0.7545182921488287,
          0.753691033489377,
          0.7544598974199263,
          0.7538272878568161,
          0.7544112351458409
        ]
      }
    }
  },
  "intrinsic": {
    "model": "GainAKT2Exp (intrinsic mode)",
    "parameters": 12738265,
    "statistics": {
      "test_auc": {
        "mean": 0.7141719133160425,
        "std": 0.0006838334048262655,
        "ci_lower": 0.7136685247819033,
        "ci_upper": 0.7146932868188911,
        "values": [
          0.7146036524193029,
          0.7138626894490322,
          0.7132758447168197,
          0.7140655555778131,
          0.7150518244172441
        ]
      },
      "test_acc": {
        "mean": 0.7460131359961959,
        "std": 0.0005949366681315556,
        "ci_lower": 0.7455688302425106,
        "ci_upper": 0.7464708155016643,
        "values": [
          0.745646100808369,
          0.7467085710889206,
          0.7466119828815977,
          0.7454826438421303,
          0.745616381359962
        ]
      },
      "test_mastery_correlation": {
        "mean": 0.03219616962021584,
        "std": 0.0008479186416932445,
        "ci_lower": 0.03155922733302259,
        "ci_upper": 0.032858545295461145,
        "values": [
          0.033183339870821255,
          0.032950276085916344,
          0.031156473741845724,
          0.03189832762357026,
          0.031792430778925615
        ]
      },
      "test_gain_correlation": {
        "mean": -0.006506348540028378,
        "std": 0.023757946604880162,
        "ci_lower": -0.024624907835487056,
        "ci_upper": 0.014396166339855262,
        "values": [
          0.008406103063933284,
          0.023367902009843556,
          -0.03622003993648315,
          -0.022598751467033395,
          -0.005486956370402188
        ]
      },
      "valid_auc": {
        "mean": 0.720428892606399,
        "std": 0.0006137316922927628,
        "ci_lower": 0.719865205656564,
        "ci_upper": 0.7208009863632958,
        "values": [
          0.7204651073686063,
          0.7193815307377749,
          0.7205907180347476,
          0.7209573003537496,
          0.7207498065371161
        ]
      },
      "valid_acc": {
        "mean": 0.7518204556735346,
        "std": 0.00033243136672620393,
        "ci_lower": 0.7515674118482905,
        "ci_upper": 0.7520540345891444,
        "values": [
          0.7517153451615101,
          0.7521435731734616,
          0.7520267837156566,
          0.7512968496043757,
          0.7519197267126687
        ]
      }
    }
  },
  "comparison": {
    "auc_difference": -0.005408447976346764,
    "auc_difference_pct": -0.7516113928725097,
    "parameter_reduction": 1920496,
    "parameter_reduction_pct": 13.101352836027546,
    "mastery_correlation_difference": -0.06303234606228847,
    "mastery_correlation_difference_pct": -66.19062117112152,
    "gain_correlation_difference": -0.03406884835445033,
    "gain_correlation_difference_pct": -123.60579985065058
  }
}