{
  "experiment_type": "multi_seed_baseline",
  "model": "GainAKT2Exp",
  "dataset": "ASSIST2015",
  "fold": 0,
  "n_seeds": 5,
  "seeds": [
    42,
    7,
    123,
    2025,
    31415
  ],
  "statistics": {
    "test_auc": {
      "mean": 0.7195803612923892,
      "std": 0.00047091105483764275,
      "ci_lower": 0.7192056241595595,
      "ci_upper": 0.719955098425219,
      "values": [
        0.7195749796661843,
        0.7191454389368737,
        0.7199899181616437,
        0.719081131628933,
        0.7201103380683117
      ]
    },
    "test_acc": {
      "mean": 0.747427781740371,
      "std": 0.00023118693776703227,
      "ci_lower": 0.7472568949120304,
      "ci_upper": 0.7476239300998573,
      "values": [
        0.7472063718497385,
        0.7473252496433667,
        0.7472732406086543,
        0.7475778649548265,
        0.7477561816452687
      ]
    },
    "test_mastery_correlation": {
      "mean": 0.0952285156825043,
      "std": 0.017694812169612602,
      "ci_lower": 0.07991061487851722,
      "ci_upper": 0.10821934452889695,
      "values": [
        0.1121515356328593,
        0.08740947748240646,
        0.09912886620829306,
        0.06866232097268335,
        0.10879037811627935
      ]
    },
    "test_gain_correlation": {
      "mean": 0.027562499814421947,
      "std": 0.0035438203619370715,
      "ci_lower": 0.025163458462454123,
      "ci_upper": 0.030257310581764025,
      "values": [
        0.0323406303534231,
        0.023662727092243024,
        0.026729842712684745,
        0.025141574169114278,
        0.029937724744644595
      ]
    },
    "valid_auc": {
      "mean": 0.7254893075627024,
      "std": 0.00024605695468928556,
      "ci_lower": 0.7252775825944632,
      "ci_upper": 0.7256670380999358,
      "values": [
        0.7253737057895506,
        0.7255450151393238,
        0.7255767594905753,
        0.7251456185260845,
        0.7258054388679775
      ]
    },
    "valid_acc": {
      "mean": 0.7541815492121577,
      "std": 0.00039042795125387373,
      "ci_lower": 0.7538720571489747,
      "ci_upper": 0.7544735228566701,
      "values": [
        0.7545182921488287,
        0.753691033489377,
        0.7544598974199263,
        0.7538272878568161,
        0.7544112351458409
      ]
    }
  },
  "reproducibility": {
    "coefficient_of_variation_auc": 0.06544245509867327,
    "status": "EXCELLENT",
    "comment": "Variance < 1%, highly reproducible"
  }
}