{
  "lambda_ref": 5.338895278659045,
  "lambda_initmastery": 9.724581190561915,
  "lambda_rate": 5.2465926647920185
}