{
  "valid_auc": 0.6994132191738958,
  "valid_acc": 0.7462636615593787,
  "valid_metrics": {
    "l_sup": 0.5228607199727645,
    "l_reg": 1.541979206542976e-07,
    "l_ref": 0.006178906973218545,
    "l_init": 0.033032109783984416,
    "l_rate": 0.06567267121699007
  },
  "test_auc": 0.6918430498274404,
  "test_acc": 0.7400551206068144,
  "test_metrics": {
    "l_sup": 0.5321978812102632,
    "l_reg": 1.5596408040005758e-07,
    "l_ref": 0.006155367498680697,
    "l_init": 0.03265781329358358,
    "l_rate": 0.06494911156937289
  },
  "window_test_auc": 0.6918430498274404,
  "window_test_acc": 0.7400551206068144,
  "window_metrics": {
    "l_sup": 0.5321978812102632,
    "l_reg": 1.5596408040005758e-07,
    "l_ref": 0.0,
    "l_init": 0.03265781329358358,
    "l_rate": 0.06494911156937289
  },
  "checkpoint": "/workspaces/pykt-toolkit/experiments/20251231_010612_idkt_assist2015_S_hr_sweep_l0.6_354586/best_model.pt"
}