{
  "prediction_mse": 0.006186668761074543,
  "prediction_corr": 0.8600541403559664,
  "initmastery_mse": 0.03311413526535034,
  "initmastery_corr": 0.7834727864002355,
  "learning_rate_mse": 0.06557844579219818,
  "learning_rate_corr": 0.6647760483799294,
  "h2_functional_alignment": 0.15277187709230153,
  "h3_discriminant_overlap": 0.0006338456278085476,
  "h3_latent_overlap": -0.0585714571722532
}