split,auc,acc,l_sup,l_ref,l_init,l_rate,l_reg
test,0.691843,0.740055,0.532198,0.006155,0.032658,0.064949,0.000000
