{
  "0": {
    "r2": -0.9762761585024011,
    "pearson": 0.1843072307368712,
    "count": 997
  },
  "1": {
    "r2": -2.3930567604907664,
    "pearson": 0.13545927762203192,
    "count": 707
  },
  "2": {
    "r2": -0.19650583310852898,
    "pearson": 0.2684446576734171,
    "count": 970
  },
  "3": {
    "r2": -14.06803157361186,
    "pearson": -0.00023367619716426583,
    "count": 565
  },
  "4": {
    "r2": -359056.49772622815,
    "pearson": 0.0412096729187901,
    "count": 318
  },
  "5": {
    "r2": -4.033356010296816,
    "pearson": 0.2816392186151734,
    "count": 460
  },
  "6": {
    "r2": -2.4746589178043843,
    "pearson": 0.39264623141350546,
    "count": 458
  },
  "7": {
    "r2": -1.730228310468933,
    "pearson": 0.16049762931725342,
    "count": 1368
  },
  "8": {
    "r2": -4.780221844012919,
    "pearson": 0.03090243165841719,
    "count": 749
  },
  "9": {
    "r2": -0.9475681803886149,
    "pearson": 0.04077950324670296,
    "count": 805
  },
  "10": {
    "r2": -0.8258387372344407,
    "pearson": 0.2786907913738454,
    "count": 1250
  },
  "11": {
    "r2": -8.579583613516618,
    "pearson": -0.11007640191005444,
    "count": 557
  },
  "12": {
    "r2": -5.779094841392292,
    "pearson": 0.0257410376322994,
    "count": 532
  },
  "13": {
    "r2": -1.141638732671836,
    "pearson": 0.08866249025564302,
    "count": 625
  },
  "14": {
    "r2": -1.2639729043382983,
    "pearson": 0.09055645520581329,
    "count": 681
  },
  "15": {
    "r2": -63087349.12332433,
    "pearson": -0.13071339598967144,
    "count": 221
  },
  "16": {
    "r2": -1247010.6895141813,
    "pearson": -0.02307711797334657,
    "count": 362
  },
  "17": {
    "r2": -3.2911935531479015,
    "pearson": 0.10225432329381388,
    "count": 550
  },
  "18": {
    "r2": -33.18965968893159,
    "pearson": 0.32752795308024174,
    "count": 300
  },
  "19": {
    "r2": -0.09473386054024302,
    "pearson": 0.3722544423302382,
    "count": 966
  },
  "20": {
    "r2": -1.0717334464498847,
    "pearson": 0.3757149278239845,
    "count": 644
  },
  "21": {
    "r2": -1.2209614878573394,
    "pearson": 0.24957775573139085,
    "count": 659
  },
  "22": {
    "r2": -25118.52941841487,
    "pearson": 0.2812862032777726,
    "count": 355
  },
  "23": {
    "r2": -24.366319415216367,
    "pearson": 0.04668527646930683,
    "count": 206
  },
  "24": {
    "r2": -0.3137795268654393,
    "pearson": 0.36843057389419026,
    "count": 664
  },
  "25": {
    "r2": -0.22062462006578687,
    "pearson": 0.5820288101812215,
    "count": 583
  },
  "26": {
    "r2": -57430932.76444926,
    "pearson": -0.08195607414625693,
    "count": 357
  },
  "27": {
    "r2": -8.924032468366816,
    "pearson": 0.05617559604117133,
    "count": 557
  },
  "28": {
    "r2": -358.0799175061874,
    "pearson": 0.10008642740194187,
    "count": 382
  },
  "29": {
    "r2": -52.93424859473849,
    "pearson": -0.11800243221797843,
    "count": 328
  },
  "30": {
    "r2": -5.043948764241323,
    "pearson": 0.12169598281424995,
    "count": 461
  },
  "31": {
    "r2": -8115.2197766126465,
    "pearson": 0.10936377190595917,
    "count": 247
  },
  "32": {
    "r2": -6.48308576368084,
    "pearson": 0.11808189480154385,
    "count": 672
  },
  "33": {
    "r2": -10.961499259251239,
    "pearson": 0.292767609003621,
    "count": 659
  },
  "34": {
    "r2": -3.7812223296384655,
    "pearson": 0.3754612742489272,
    "count": 465
  },
  "35": {
    "r2": -37.79254447139366,
    "pearson": 0.06379353169303201,
    "count": 232
  },
  "36": {
    "r2": -5.170523794013567,
    "pearson": 0.09105265584017146,
    "count": 600
  },
  "37": {
    "r2": -0.6543555833685886,
    "pearson": 0.3681696128447317,
    "count": 829
  },
  "38": {
    "r2": 0.8998103597991323,
    "pearson": 0.948872817868315,
    "count": 66
  },
  "39": {
    "r2": -108.02617709349573,
    "pearson": -0.16149813142030678,
    "count": 192
  },
  "40": {
    "r2": -18059629.913828637,
    "pearson": 0.12829419703423045,
    "count": 327
  },
  "41": {
    "r2": -2312.09294057716,
    "pearson": -0.029683912681761102,
    "count": 306
  },
  "42": {
    "r2": -48018660.415087335,
    "pearson": -0.0858626050903557,
    "count": 233
  },
  "43": {
    "r2": -19.17493683409366,
    "pearson": -0.07372099288290059,
    "count": 203
  },
  "44": {
    "r2": -87698.39316087042,
    "pearson": 0.026467139160791603,
    "count": 191
  },
  "45": {
    "r2": -1.9745483143947928,
    "pearson": 0.21520517123905553,
    "count": 679
  },
  "46": {
    "r2": -0.4109773974453661,
    "pearson": 0.3139772722611526,
    "count": 77
  },
  "47": {
    "r2": -157644513.3401472,
    "pearson": 0.026331193686823354,
    "count": 321
  },
  "48": {
    "r2": -0.09798987770286471,
    "pearson": -0.34381949028993714,
    "count": 66
  },
  "49": {
    "r2": -156.86358032554205,
    "pearson": -0.25494384085281147,
    "count": 192
  },
  "50": {
    "r2": -7.406525072641493,
    "pearson": 0.1706816261982437,
    "count": 406
  },
  "51": {
    "r2": -3.4830185023928815,
    "pearson": 0.1409767579539211,
    "count": 480
  },
  "52": {
    "r2": -99980456.56826264,
    "pearson": -0.0027216191576798065,
    "count": 346
  },
  "53": {
    "r2": -11016874.559613064,
    "pearson": 0.06026226364579611,
    "count": 340
  },
  "54": {
    "r2": -15620704.046048919,
    "pearson": -0.13419134007550848,
    "count": 132
  },
  "55": {
    "r2": 0.46854689256450854,
    "pearson": 0.7787551895191233,
    "count": 71
  },
  "56": {
    "r2": -2601300.1387975127,
    "pearson": -0.08168221506972355,
    "count": 307
  },
  "57": {
    "r2": -3174500.531332617,
    "pearson": 0.10005481977527289,
    "count": 318
  },
  "58": {
    "r2": 0.3850159998949809,
    "pearson": 0.706537918619941,
    "count": 194
  },
  "59": {
    "r2": -25.349728747432135,
    "pearson": 0.2519751271324604,
    "count": 212
  },
  "60": {
    "r2": -1.413775846951221,
    "pearson": 0.4053226706778939,
    "count": 552
  },
  "61": {
    "r2": -12.869043760987624,
    "pearson": 0.16705179100101125,
    "count": 497
  },
  "62": {
    "r2": -17.127648706701617,
    "pearson": -0.066446303082862,
    "count": 519
  },
  "63": {
    "r2": -430.2775375039654,
    "pearson": -0.08056711323041792,
    "count": 405
  },
  "64": {
    "r2": -87.85337994679996,
    "pearson": 0.006945447958608696,
    "count": 421
  },
  "65": {
    "r2": -119749053.3472077,
    "pearson": 0.21028184100658526,
    "count": 227
  },
  "66": {
    "r2": -2.494467596599183,
    "pearson": 0.5871511092901659,
    "count": 432
  },
  "67": {
    "r2": -96634.37016561675,
    "pearson": 0.13734079636931135,
    "count": 444
  },
  "68": {
    "r2": -1.275427194312618,
    "pearson": -0.017577542670619905,
    "count": 41
  },
  "69": {
    "r2": 0.06625216915797816,
    "pearson": 0.6091971885769274,
    "count": 760
  },
  "70": {
    "r2": -28354.613793823348,
    "pearson": -0.15528293208634944,
    "count": 137
  },
  "71": {
    "r2": -104.77737861786945,
    "pearson": 0.08171331744108921,
    "count": 238
  },
  "72": {
    "r2": -31349.202741475634,
    "pearson": -0.45638161092694074,
    "count": 30
  },
  "73": {
    "r2": -37.31743789342668,
    "pearson": 0.06248958545454945,
    "count": 424
  },
  "74": {
    "r2": -299.70796846437935,
    "pearson": -0.02039667544984924,
    "count": 425
  },
  "75": {
    "r2": -17.499041294469976,
    "pearson": 0.13107382587213923,
    "count": 462
  },
  "76": {
    "r2": -2.524016580080814,
    "pearson": 0.20230887417219132,
    "count": 601
  },
  "77": {
    "r2": -1.8632449992402536,
    "pearson": 0.05593450451197285,
    "count": 870
  },
  "78": {
    "r2": -8287134.783524813,
    "pearson": 0.13028078228240036,
    "count": 324
  },
  "79": {
    "r2": -19106.662249745197,
    "pearson": -0.11831461213008569,
    "count": 378
  },
  "81": {
    "r2": -11.267781006663649,
    "pearson": 0.12958087144340685,
    "count": 477
  },