{
  "r2_true": 0.3964001770162635,
  "pearson_true": 0.6296281613542759,
  "r2_control": -0.014674013380559847,
  "pearson_control": -0.003123624962636806,
  "selectivity_r2": 0.41107419039682336
}