{
  "valid_auc": 0.6994132191738958,
  "valid_acc": 0.7462636615593787,
  "valid_metrics": {
    "l_sup": 0.5233869493627845,
    "l_reg": 7.110822564844929e-07,
    "l_ref": 0.004919575265375897,
    "l_init": 0.022625248091923168,
    "l_rate": 0.04883171618480008
  },
  "test_auc": 0.6975716570481701,
  "test_acc": 0.7462218271191758,
  "test_metrics": {
    "l_sup": 0.5233869493627845,
    "l_reg": 7.110822564844929e-07,
    "l_ref": 0.004919575265375897,
    "l_init": 0.022625248091923168,
    "l_rate": 0.04883171618480008
  },
  "best_epoch": 9,
  "params": {
    "model_name": "idkt",
    "dataset_name": "assist2015_S",
    "fold": 0,
    "seed": 42,
    "emb_type": "qid",
    "save_dir": "/workspaces/pykt-toolkit/experiments/20251231_010612_idkt_assist2015_S_hr_sweep_l0.6_354586",
    "d_model": 256,
    "d_ff": 512,
    "num_attn_heads": 8,
    "n_blocks": 4,
    "dropout": 0.2,
    "final_fc_dim": 512,
    "learning_rate": 0.0001,
    "weight_decay": 0.0,
    "batch_size": 64,
    "num_epochs": 100,
    "optimizer": "Adam",
    "gradient_clip": 1.0,
    "patience": 10,
    "seq_len": 200,
    "l2": 1e-05,
    "lambda_student": 1e-05,
    "lambda_gap": 1e-05,
    "lambda_ref": 0.6,
    "lambda_initmastery": 0.6,
    "lambda_rate": 0.6,
    "theory_guided": 1,
    "calibrate": 1,
    "use_wandb": 0,
    "add_uuid": 0
  }
}