split,total_auc,bce_auc,mastery_auc,total_acc,bce_acc,mastery_acc
training,0.7411102032423121,0.7426454067764953,0.6638852371354702,0.7570795671068811,0.7582856981950272,0.7372206422061405
validation,0.7107064002506662,0.7111965659105988,0.652854813056995,0.7500705602974238,0.750586380402729,0.7353842859784523
test,0.7061661380682573,0.7066693501565613,0.6472328119930869,0.7453860556348074,0.7459581550166429,0.7275395268663813
