{
  "experiment_id": "20251116_182414_gainakt3exp_lc_b2.0_m0.9_g1.0_o2.0_137007",
  "dataset": "assist2015",
  "fold": 0,
  "train_auc": 0.7001608669308191,
  "train_acc": 0.7482025361604671,
  "valid_auc": 0.6903256444875713,
  "valid_acc": 0.7413600132361385,
  "test_auc": 0.6860181657407145,
  "test_acc": 0.7358758321445554,
  "train_encoder1_auc": 0.7001608669308191,
  "train_encoder1_acc": 0.7482025361604671,
  "valid_encoder1_auc": 0.6903256444875713,
  "valid_encoder1_acc": 0.7413600132361385,
  "test_encoder1_auc": 0.6860181657407145,
  "test_encoder1_acc": 0.7358758321445554,
  "train_encoder2_auc": 0.5220102848114844,
  "train_encoder2_acc": 0.5830282807234909,
  "valid_encoder2_auc": 0.5233351725318286,
  "valid_encoder2_acc": 0.5826334076244051,
  "test_encoder2_auc": 0.520895743707389,
  "test_encoder2_acc": 0.5840911792677128,
  "train_mastery_correlation": 0.0,
  "train_gain_correlation": 0.0,
  "train_correlation_students": 0,
  "test_mastery_correlation": 0.0,
  "test_gain_correlation": 0.0,
  "test_correlation_students": 0,
  "timestamp": "2025-11-16T18:29:17.854757Z"
}