epoch,train_loss,train_auc,train_acc,val_loss,val_auc,val_acc,train_bce_loss,train_im_loss,val_bce_loss,val_im_loss,train_encoder1_auc,train_encoder1_acc,val_encoder1_auc,val_encoder1_acc,train_encoder2_auc,train_encoder2_acc,val_encoder2_auc,val_encoder2_acc
1,0.598333,0.677991,0.734370,0.598333,0.673812,0.740241,0.563586,0.607020,0.563586,0.607020,0.677991,0.734370,0.673812,0.740241,0.513907,0.734370,0.515828,0.740241
2,0.595931,0.688848,0.734370,0.595931,0.683124,0.740241,0.554694,0.606240,0.554694,0.606240,0.688848,0.734370,0.683124,0.740241,0.517522,0.734370,0.519160,0.740241
3,0.594871,0.693580,0.734370,0.594871,0.686981,0.740241,0.552456,0.605475,0.552456,0.605475,0.693580,0.734370,0.686981,0.740241,0.519497,0.734370,0.520917,0.740241
4,0.593970,0.697427,0.734370,0.593970,0.689418,0.740241,0.550926,0.604731,0.550926,0.604731,0.697427,0.734370,0.689418,0.740241,0.520838,0.734370,0.522141,0.740241
5,0.593148,0.700160,0.734370,0.593148,0.690326,0.740241,0.549595,0.604036,0.549595,0.604036,0.700160,0.734370,0.690326,0.740241,0.522011,0.734370,0.523335,0.740241
6,0.592386,0.701890,0.734370,0.592386,0.689858,0.740241,0.548361,0.603393,0.548361,0.603393,0.701890,0.734370,0.689858,0.740241,0.523269,0.734370,0.524535,0.740241
