{
  "train": {
    "bce_auc": 0.6810858340668308,
    "bce_acc": 0.7409094322266964,
    "mastery_auc": 0.5977127873663994,
    "mastery_acc": 0.7152193093608913
  },
  "valid": {
    "bce_auc": 0.6729816263252595,
    "bce_acc": 0.7426836270912612,
    "mastery_auc": 0.5934289030348947,
    "mastery_acc": 0.7183816874130162
  },
  "test": {
    "bce_auc": 0.6726003008439321,
    "bce_acc": 0.7370200309082263,
    "mastery_auc": 0.5922398727569075,
    "mastery_acc": 0.7071594151212554
  },
  "checkpoint_epoch": 1,
  "checkpoint_val_auc": 0.6729816263252595
}