epoch,train_loss,train_bce_loss,train_mastery_loss,val_loss,val_bce_auc,val_bce_acc,val_mastery_auc,val_mastery_acc
1,0.10737217451238261,0.10533902220852634,0.1256705717101616,0.09295922548187022,0.6729816263252595,0.7426836270912612,0.5934289030348947,0.7183816874130162
