epoch,train_loss,train_auc,train_acc,val_loss,val_auc,val_acc,train_bce_loss,train_im_loss,val_bce_loss,val_im_loss,train_encoder1_auc,train_encoder1_acc,val_encoder1_auc,val_encoder1_acc,train_encoder2_auc,train_encoder2_acc,val_encoder2_auc,val_encoder2_acc
1,0.567783,0.680382,0.734370,0.567783,0.675598,0.740241,0.563305,0.608079,0.563305,0.608079,0.680382,0.734370,0.675598,0.740241,0.520522,0.734370,0.522287,0.740241
2,0.559339,0.693518,0.734370,0.559339,0.686649,0.740241,0.553997,0.607418,0.553997,0.607418,0.693518,0.734370,0.686649,0.740241,0.525035,0.734370,0.526355,0.740241
3,0.556792,0.698830,0.734370,0.556792,0.689919,0.740241,0.551237,0.606783,0.551237,0.606783,0.698830,0.734370,0.689919,0.740241,0.526411,0.734370,0.527715,0.740241
4,0.554813,0.700914,0.734370,0.554813,0.688637,0.740241,0.549107,0.606172,0.549107,0.606172,0.700914,0.734370,0.688637,0.740241,0.527313,0.734370,0.528590,0.740241
5,0.552895,0.705300,0.734370,0.552895,0.689311,0.740241,0.547041,0.605585,0.547041,0.605585,0.705300,0.734370,0.689311,0.740241,0.528246,0.734370,0.529572,0.740241
6,0.550874,0.708423,0.734370,0.550874,0.688419,0.740241,0.544857,0.605021,0.544857,0.605021,0.708423,0.734370,0.688419,0.740241,0.529272,0.734370,0.530645,0.740241
