{
  "valid_auc": 0.8438664455390495,
  "valid_acc": 0.7872598201609087,
  "valid_metrics": {
    "l_sup": 0.4748777787888705,
    "l_reg": 9.406753542862134e-05,
    "l_ref": 0.08967256856461366,
    "l_init": 0.04757424989787324,
    "l_rate": 0.1657108706996414
  },
  "test_auc": 0.8380209486181496,
  "test_acc": 0.7744817794604827,
  "test_metrics": {
    "l_sup": 0.4748777787888705,
    "l_reg": 9.406753542862134e-05,
    "l_ref": 0.08967256856461366,
    "l_init": 0.04757424989787324,
    "l_rate": 0.1657108706996414
  },
  "best_epoch": 39,
  "params": {
    "model_name": "idkt",
    "dataset_name": "assist2009",
    "fold": 0,
    "seed": 42,
    "emb_type": "qid",
    "save_dir": "/workspaces/pykt-toolkit/experiments/20251226_181543_idkt_assist2009_hr_sweep_l0.0_230665",
    "d_model": 256,
    "d_ff": 512,
    "num_attn_heads": 8,
    "n_blocks": 4,
    "dropout": 0.2,
    "final_fc_dim": 512,
    "learning_rate": 0.0001,
    "weight_decay": 0.0,
    "batch_size": 64,
    "num_epochs": 100,
    "optimizer": "Adam",
    "gradient_clip": 1.0,
    "patience": 10,
    "seq_len": 200,
    "l2": 1e-05,
    "lambda_student": 1e-05,
    "lambda_gap": 1e-05,
    "lambda_ref": 0.0,
    "lambda_initmastery": 0.0,
    "lambda_rate": 0.0,
    "theory_guided": 1,
    "calibrate": 1,
    "use_wandb": 0,
    "add_uuid": 0
  }
}