epoch,train_loss,train_auc,train_acc,val_loss,val_auc,val_acc,train_bce_loss,train_im_loss,val_bce_loss,val_im_loss,train_encoder1_auc,train_encoder1_acc,val_encoder1_auc,val_encoder1_acc,train_encoder2_auc,train_encoder2_acc,val_encoder2_auc,val_encoder2_acc
1,0.602108,0.677991,0.734370,0.602108,0.673812,0.740241,0.563586,0.611739,0.563586,0.611739,0.677991,0.734370,0.673812,0.740241,0.506599,0.734370,0.509426,0.740241
2,0.599692,0.688848,0.734370,0.599692,0.683124,0.740241,0.554694,0.610942,0.554694,0.610942,0.688848,0.734370,0.683124,0.740241,0.508486,0.734370,0.510912,0.740241
3,0.598616,0.693580,0.734370,0.598616,0.686981,0.740241,0.552456,0.610156,0.552456,0.610156,0.693580,0.734370,0.686981,0.740241,0.510211,0.734370,0.512481,0.740241
4,0.597694,0.697427,0.734370,0.597694,0.689418,0.740241,0.550926,0.609386,0.550926,0.609386,0.697427,0.734370,0.689418,0.740241,0.511586,0.734370,0.513644,0.740241
5,0.596825,0.700160,0.734370,0.596825,0.690326,0.740241,0.549595,0.608633,0.549595,0.608633,0.700160,0.734370,0.690326,0.740241,0.512810,0.734370,0.514798,0.740241
6,0.595990,0.701890,0.734370,0.595990,0.689858,0.740241,0.548361,0.607897,0.548361,0.607897,0.701890,0.734370,0.689858,0.740241,0.514447,0.734370,0.516463,0.740241
