{
  "valid_auc": 0.8388803638497155,
  "valid_acc": 0.7835494557501184,
  "valid_metrics": {
    "l_sup": 0.4602757678454374,
    "l_reg": 0.001232453010743484,
    "l_ref": 0.07663257978856564,
    "l_init": 0.012130826315206641,
    "l_rate": 0.18419529802009404
  },
  "test_auc": 0.8317439886253382,
  "test_acc": 0.7705156371155337,
  "test_metrics": {
    "l_sup": 0.48181607294973644,
    "l_reg": 0.0011993127428771308,
    "l_ref": 0.07474172363678615,
    "l_init": 0.012092480441721636,
    "l_rate": 0.18615633061931
  },
  "window_test_auc": 0.8329914767360207,
  "window_test_acc": 0.77142166344294,
  "window_metrics": {
    "l_sup": 0.4480744092042223,
    "l_reg": 0.0012695217899413237,
    "l_ref": 0.0,
    "l_init": 0.01261731108006839,
    "l_rate": 0.18163152101814012
  },
  "checkpoint": "/workspaces/pykt-toolkit/experiments/20251221_101651_idkt_pareto_v2_l0.00_assist2009_213708/best_model.pt"
}