{
  "prediction_mse": 0.10907868295907974,
  "prediction_corr": 0.3949103782824992,
  "initmastery_mse": 0.012001367285847664,
  "initmastery_corr": 0.9992848795740688,
  "learning_rate_mse": 0.18332411348819733,
  "learning_rate_corr": 0.9998412575942707,
  "h2_functional_alignment": 0.26524007887043083,
  "h3_discriminant_overlap": -0.11637809386899856,
  "h3_latent_overlap": -0.032512010437737625
}