split,auc,acc,l_sup,l_ref,l_init,l_rate,l_reg
validation,0.838880,0.783549,0.460276,0.076633,0.012131,0.184195,0.001232
