split,auc,acc,l_sup,l_ref,l_init,l_rate,l_reg
test,0.831744,0.770516,0.481816,0.074742,0.012092,0.186156,0.001199
