split,total_auc,bce_auc,mastery_auc,total_acc,bce_acc,mastery_acc
training,0.7534262797930208,0.7534262797930208,N/A,0.7614253935178666,0.7614253935178666,N/A
validation,0.7241722967613373,0.7241722967613373,N/A,0.7531557484744377,0.7531557484744377,N/A
test,0.7179869043346558,0.7179869043346558,N/A,0.7472881003328579,0.7472881003328579,N/A
