{
  "experiment_id": "20251116_220546_gainakt3exp_p1bce09_b1.5_m0.7_g0.9_o2.0_807926",
  "dataset": "assist2015",
  "fold": 0,
  "train_auc": 0.6988300596151721,
  "train_acc": 0.7410337998291705,
  "valid_auc": 0.689919021572016,
  "valid_acc": 0.7362115446379041,
  "test_auc": 0.6857817397552349,
  "test_acc": 0.7304000237755587,
  "train_encoder1_auc": 0.6988300596151721,
  "train_encoder1_acc": 0.7410337998291705,
  "valid_encoder1_auc": 0.689919021572016,
  "valid_encoder1_acc": 0.7362115446379041,
  "test_encoder1_auc": 0.6857817397552349,
  "test_encoder1_acc": 0.7304000237755587,
  "train_encoder2_auc": 0.5035857963127343,
  "train_encoder2_acc": 0.39655666000244044,
  "valid_encoder2_auc": 0.5064248169906118,
  "valid_encoder2_acc": 0.39066073635753146,
  "test_encoder2_auc": 0.5022335870335355,
  "test_encoder2_acc": 0.39786168568711366,
  "train_mastery_correlation": 0.0,
  "train_gain_correlation": 0.0,
  "train_correlation_students": 0,
  "test_mastery_correlation": 0.0,
  "test_gain_correlation": 0.0,
  "test_correlation_students": 0,
  "timestamp": "2025-11-16T22:11:08.763958Z"
}