epoch,train_loss,train_auc,train_acc,val_loss,val_auc,val_acc,train_bce_loss,train_im_loss,val_bce_loss,val_im_loss,train_encoder1_auc,train_encoder1_acc,val_encoder1_auc,val_encoder1_acc,train_encoder2_auc,train_encoder2_acc,val_encoder2_auc,val_encoder2_acc
1,0.568093,0.680382,0.734370,0.568093,0.675598,0.740241,0.563305,0.611178,0.563305,0.611178,0.680382,0.734370,0.675598,0.740241,0.501886,0.734370,0.504927,0.740241
2,0.559663,0.693518,0.734370,0.559663,0.686649,0.740241,0.553997,0.610665,0.553997,0.610665,0.693518,0.734370,0.686649,0.740241,0.503021,0.734370,0.505909,0.740241
3,0.557130,0.698830,0.734370,0.557130,0.689919,0.740241,0.551237,0.610165,0.551237,0.610165,0.698830,0.734370,0.689919,0.740241,0.503586,0.734370,0.506425,0.740241
4,0.555164,0.700914,0.734370,0.555164,0.688637,0.740241,0.549107,0.609677,0.549107,0.609677,0.700914,0.734370,0.688637,0.740241,0.503984,0.734370,0.506824,0.740241
5,0.553256,0.705300,0.734370,0.553256,0.689311,0.740241,0.547041,0.609198,0.547041,0.609198,0.705300,0.734370,0.689311,0.740241,0.504351,0.734370,0.507213,0.740241
6,0.551244,0.708423,0.734370,0.551244,0.688419,0.740241,0.544857,0.608728,0.544857,0.608728,0.708423,0.734370,0.688419,0.740241,0.505084,0.734370,0.508036,0.740241
