{
  "lambda_ref": 6.228711158435552,
  "lambda_initmastery": 11.345344722322233,
  "lambda_rate": 6.121024775590688
}