split,auc,acc,l_sup,l_ref,l_init,l_rate,l_reg
test,0.687382,0.739421,0.534776,0.005609,0.032587,0.064871,0.000000
