{
  "r2_true": 0.4008529546387686,
  "pearson_true": 0.6334583147083771,
  "r2_control": -0.00969525773459412,
  "pearson_control": 0.014508804778233892,
  "selectivity_r2": 0.4105482123733627
}