{
  "0": {
    "r2": -0.38661435103161,
    "pearson": 0.22388099086393615,
    "count": 963
  },
  "1": {
    "r2": -2.5524090800061336,
    "pearson": 0.23769808546844684,
    "count": 705
  },
  "2": {
    "r2": -3.3601779686112634,
    "pearson": 0.13039854395715936,
    "count": 974
  },
  "3": {
    "r2": -16.198393236373196,
    "pearson": -0.13694351776753896,
    "count": 572
  },
  "4": {
    "r2": -2444493.858328604,
    "pearson": 0.08866086277015518,
    "count": 317
  },
  "5": {
    "r2": -3.9078084234798327,
    "pearson": 0.24876029746083958,
    "count": 483
  },
  "6": {
    "r2": -8.805606484298929,
    "pearson": 0.2574404640926004,
    "count": 428
  },
  "7": {
    "r2": -0.5356171527203706,
    "pearson": 0.12008474521443262,
    "count": 1356
  },
  "8": {
    "r2": -3.4357988392123886,
    "pearson": 0.17063195953236673,
    "count": 727
  },
  "9": {
    "r2": -2.476693314819751,
    "pearson": 0.029778090126392837,
    "count": 788
  },
  "10": {
    "r2": -0.13949782017201473,
    "pearson": 0.32419702173803727,
    "count": 1281
  },
  "11": {
    "r2": -8.73564238313418,
    "pearson": 0.08638019358265853,
    "count": 533
  },
  "12": {
    "r2": -8.481023499533224,
    "pearson": 0.2708039065517542,
    "count": 549
  },
  "13": {
    "r2": -1.7762506271526926,
    "pearson": 0.20945578724200947,
    "count": 601
  },
  "14": {
    "r2": -1.1093375552138802,
    "pearson": 0.08669585936786614,
    "count": 705
  },
  "15": {
    "r2": -2227331015.480649,
    "pearson": -0.005318129892942657,
    "count": 227
  },
  "16": {
    "r2": -15917811.000334188,
    "pearson": 0.06173609464750353,
    "count": 360
  },
  "17": {
    "r2": -5.71430144809922,
    "pearson": 0.006567034495036358,
    "count": 521
  },
  "18": {
    "r2": -71.77419408542171,
    "pearson": 0.08797453859861416,
    "count": 285
  },
  "19": {
    "r2": -1.7191394486276819,
    "pearson": 0.2737847899409613,
    "count": 962
  },
  "20": {
    "r2": -1.1235927788458246,
    "pearson": 0.3285160325088668,
    "count": 672
  },
  "21": {
    "r2": -1.0117897426181588,
    "pearson": 0.1390976844805286,
    "count": 655
  },
  "22": {
    "r2": -32.04423067151354,
    "pearson": 0.08917737680467067,
    "count": 405
  },
  "23": {
    "r2": -78.97759048481541,
    "pearson": 0.04553883584855792,
    "count": 211
  },
  "24": {
    "r2": -0.6435245646079326,
    "pearson": 0.3232870380263277,
    "count": 671
  },
  "25": {
    "r2": -0.1197063005644059,
    "pearson": 0.5353448816663244,
    "count": 562
  },
  "26": {
    "r2": -6225276.655850449,
    "pearson": 0.10843259189181571,
    "count": 330
  },
  "27": {
    "r2": -7.2832292048590705,
    "pearson": 0.12218223503343659,
    "count": 546
  },
  "28": {
    "r2": -136.7138753016942,
    "pearson": 0.058816738103916535,
    "count": 390
  },
  "29": {
    "r2": -57.8075791831066,
    "pearson": 0.04570241433072984,
    "count": 316
  },
  "30": {
    "r2": -8.052933500271195,
    "pearson": -0.0103821166925254,
    "count": 489
  },
  "31": {
    "r2": -21355.740624647642,
    "pearson": 0.09663026684140892,
    "count": 237
  },
  "32": {
    "r2": -1.4057092820121269,
    "pearson": 0.030832114578817384,
    "count": 623
  },
  "33": {
    "r2": -0.8953300977623326,
    "pearson": 0.28439982570743366,
    "count": 670
  },
  "34": {
    "r2": -6.987692363961564,
    "pearson": 0.3424312208063323,
    "count": 482
  },
  "35": {
    "r2": -175.98562907033022,
    "pearson": 0.056601498515279694,
    "count": 235
  },
  "36": {
    "r2": -11.580182045747618,
    "pearson": 0.04555823708298475,
    "count": 606
  },
  "37": {
    "r2": -0.35412229071467705,
    "pearson": 0.3423280685830717,
    "count": 831
  },
  "38": {
    "r2": 0.7996080424286809,
    "pearson": 0.8949959661797593,
    "count": 72
  },
  "39": {
    "r2": -0.6259144760626065,
    "pearson": -0.0020709654331165423,
    "count": 187
  },
  "40": {
    "r2": -3955405.9125923794,
    "pearson": -0.07666375569572481,
    "count": 316
  },
  "41": {
    "r2": -265.77873950032676,
    "pearson": -0.11901955401153538,
    "count": 315
  },
  "42": {
    "r2": -23989072.857815433,
    "pearson": 0.09449479985122192,
    "count": 241
  },
  "43": {
    "r2": -284806524.93819004,
    "pearson": 0.42997777167037365,
    "count": 206
  },
  "44": {
    "r2": -66675.39511043298,
    "pearson": -0.6734915784919987,
    "count": 168
  },
  "45": {
    "r2": -12.410642620982324,
    "pearson": 0.06238063224166192,
    "count": 682
  },
  "46": {
    "r2": 0.5908570097553787,
    "pearson": 0.7776742065995268,
    "count": 77
  },
  "47": {
    "r2": -938037.0470683143,
    "pearson": 0.10212823748864978,
    "count": 310
  },
  "48": {
    "r2": -1646.8116197533413,
    "pearson": -0.5879733798578162,
    "count": 73
  },
  "49": {
    "r2": 0.13758388842969016,
    "pearson": 0.5092598171855168,
    "count": 194
  },
  "50": {
    "r2": -10.712868193356284,
    "pearson": 0.1514235554960164,
    "count": 398
  },
  "51": {
    "r2": -2.549612604081701,
    "pearson": 0.295918605070194,
    "count": 453
  },
  "52": {
    "r2": -31040732.957500987,
    "pearson": 0.028229897982044273,
    "count": 345
  },
  "53": {
    "r2": -22563.260432651034,
    "pearson": -0.04579729020930946,
    "count": 376
  },
  "54": {
    "r2": -327067339.82068914,
    "pearson": 0.07537600804022355,
    "count": 145
  },
  "55": {
    "r2": -0.7589145368201504,
    "pearson": 0.30467410526947414,
    "count": 68
  },
  "56": {
    "r2": -209.75259305776328,
    "pearson": 0.16665027838350618,
    "count": 311
  },
  "57": {
    "r2": -1592015.5784816993,
    "pearson": -0.11950387896736253,
    "count": 336
  },
  "58": {
    "r2": -0.8006389795136186,
    "pearson": 0.6331136602894221,
    "count": 211
  },
  "59": {
    "r2": -18.527154259261476,
    "pearson": 0.05077863497595348,
    "count": 194
  },
  "60": {
    "r2": -1.6907701654613883,
    "pearson": 0.35986617107686975,
    "count": 565
  },
  "61": {
    "r2": -5.8838845136878,
    "pearson": 0.3287718811083746,
    "count": 515
  },
  "62": {
    "r2": -107.03102520310065,
    "pearson": 0.1445749095040076,
    "count": 509
  },
  "63": {
    "r2": -417.8851725121596,
    "pearson": 0.26252194197720835,
    "count": 411
  },
  "64": {
    "r2": -82.5551921737128,
    "pearson": 0.1130203999723479,
    "count": 415
  },
  "65": {
    "r2": -79816418.10760283,
    "pearson": -0.2843915810338434,
    "count": 208
  },
  "66": {
    "r2": -6.491381159777171,
    "pearson": 0.2876106771203801,
    "count": 433
  },
  "67": {
    "r2": -335.5016312011684,
    "pearson": -0.01562638390708799,
    "count": 465
  },
  "68": {
    "r2": -7.83583844317832,
    "pearson": -0.25372454115029514,
    "count": 41
  },
  "69": {
    "r2": -0.8392438168771692,
    "pearson": 0.30393751928509694,
    "count": 796
  },
  "70": {
    "r2": -10221.380855814132,
    "pearson": 0.01684629435206932,
    "count": 150
  },
  "71": {
    "r2": -30.017619638016534,
    "pearson": 0.03560001635580748,
    "count": 216
  },
  "72": {
    "r2": -1033.8523616227435,
    "pearson": 0.5497829775969996,
    "count": 32
  },
  "73": {
    "r2": -37.058264389128354,
    "pearson": 0.02238802555023236,
    "count": 441
  },
  "74": {
    "r2": -47.19549982635857,
    "pearson": 0.002928867894426011,
    "count": 465
  },
  "75": {
    "r2": -20.486215321769645,
    "pearson": 0.06773625620857972,
    "count": 459
  },
  "76": {
    "r2": -2.6638285871986596,
    "pearson": 0.13927413569555042,
    "count": 600
  },
  "77": {
    "r2": -0.5834831029757519,
    "pearson": 0.06015080387982175,
    "count": 857
  },
  "78": {
    "r2": -43852.9068551667,
    "pearson": -0.008466552351159416,
    "count": 313
  },
  "79": {
    "r2": -3264.873412491011,
    "pearson": 0.20006783568717645,
    "count": 365
  },
  "81": {
    "r2": -28.047116632823233,
    "pearson": 0.1694920265555167,
    "count": 491
  },