{
  "lambda_ref": 10.05123744035257,
  "lambda_initmastery": 9.98853014912735,
  "lambda_rate": 2.8503057387689066
}