{
  "valid_auc": 0.7603849893285319,
  "valid_acc": 0.7292380501656412,
  "valid_metrics": {
    "l_sup": 0.5411466466127032,
    "l_reg": 6.002489120267758e-06,
    "l_ref": 0.013636083497355381,
    "l_init": 0.04164882778681791,
    "l_rate": 0.15317751513989405
  },
  "test_auc": 0.7551197152851385,
  "test_acc": 0.7203573274747996,
  "test_metrics": {
    "l_sup": 0.5554099380674103,
    "l_reg": 5.607651727738509e-06,
    "l_ref": 0.01371516597767671,
    "l_init": 0.04173249653955519,
    "l_rate": 0.15638949077038913
  },
  "window_test_auc": 0.7571871699759286,
  "window_test_acc": 0.7216956802063185,
  "window_metrics": {
    "l_sup": 0.5355585778874323,
    "l_reg": 1.754557488019312e-05,
    "l_ref": 0.0,
    "l_init": 0.04398035156766555,
    "l_rate": 0.14951477627880733
  },
  "checkpoint": "/workspaces/pykt-toolkit/experiments/20251226_181543_idkt_assist2009_hr_sweep_l0.7_845101/best_model.pt"
}