{
  "prediction_mse": 0.013416651636362076,
  "prediction_corr": 0.8497178438514341,
  "initmastery_mse": 0.04185457527637482,
  "initmastery_corr": 0.24624909409211376,
  "learning_rate_mse": 0.15273134410381317,
  "learning_rate_corr": 0.10032812629782656,
  "h2_functional_alignment": 0.20789578805968212,
  "h3_discriminant_overlap": -0.19788840584710435,
  "h3_latent_overlap": 0.21699172626786273
}