split,auc,acc,l_sup,l_ref,l_init,l_rate,l_reg
test,0.755120,0.720357,0.555410,0.013715,0.041732,0.156389,0.000006
