{
  "r2_true": 0.7871953238657907,
  "pearson_true": 0.8872536565113379,
  "r2_control": -0.015467608190297133,
  "pearson_control": -0.017641643847539155,
  "selectivity_r2": 0.8026629320560879
}