epoch,train_loss,train_auc,train_acc,val_loss,val_auc,val_acc,train_bce_loss,train_im_loss,val_bce_loss,val_im_loss,train_encoder1_auc,train_encoder1_acc,val_encoder1_auc,val_encoder1_acc,train_encoder2_auc,train_encoder2_acc,val_encoder2_auc,val_encoder2_acc
1,0.600774,0.677991,0.734370,0.600774,0.673812,0.740241,0.563586,0.610070,0.563586,0.610070,0.677991,0.734370,0.673812,0.740241,0.506523,0.734370,0.509408,0.740241
2,0.598354,0.688848,0.734370,0.598354,0.683124,0.740241,0.554694,0.609270,0.554694,0.609270,0.688848,0.734370,0.683124,0.740241,0.508604,0.734370,0.511114,0.740241
3,0.597276,0.693580,0.734370,0.597276,0.686981,0.740241,0.552456,0.608481,0.552456,0.608481,0.693580,0.734370,0.686981,0.740241,0.510333,0.734370,0.512704,0.740241
4,0.596353,0.697427,0.734370,0.596353,0.689418,0.740241,0.550926,0.607710,0.550926,0.607710,0.697427,0.734370,0.689418,0.740241,0.511895,0.734370,0.514054,0.740241
5,0.595484,0.700160,0.734370,0.595484,0.690326,0.740241,0.549595,0.606956,0.549595,0.606956,0.700160,0.734370,0.690326,0.740241,0.513509,0.734370,0.515643,0.740241
6,0.594649,0.701890,0.734370,0.594649,0.689858,0.740241,0.548361,0.606221,0.548361,0.606221,0.701890,0.734370,0.689858,0.740241,0.515563,0.734370,0.517737,0.740241
