{
  "prediction_mse": 0.016171270981431007,
  "prediction_corr": 0.6623227974754722,
  "initmastery_mse": 3.614902379922569e-05,
  "initmastery_corr": 0.9997282528865908,
  "learning_rate_mse": 3.4176344342995435e-05,
  "learning_rate_corr": 0.999654396855086
}