split,auc,acc
test,0.723598,0.748960
