epoch,train_loss,train_auc,train_acc,val_loss,val_auc,val_acc,train_bce_loss,train_im_loss,val_bce_loss,val_im_loss,train_encoder1_auc,train_encoder1_acc,val_encoder1_auc,val_encoder1_acc,train_encoder2_auc,train_encoder2_acc,val_encoder2_auc,val_encoder2_acc
1,0.567699,0.680382,0.734370,0.567699,0.675598,0.740241,0.563305,0.607238,0.563305,0.607238,0.680382,0.734370,0.675598,0.740241,0.504319,0.734370,0.507199,0.740241
2,0.559274,0.693518,0.734370,0.559274,0.686649,0.740241,0.553997,0.606767,0.553997,0.606767,0.693518,0.734370,0.686649,0.740241,0.506263,0.734370,0.508992,0.740241
3,0.556744,0.698830,0.734370,0.556744,0.689919,0.740241,0.551237,0.606310,0.551237,0.606310,0.698830,0.734370,0.689919,0.740241,0.507277,0.734370,0.509998,0.740241
4,0.554782,0.700914,0.734370,0.554782,0.688637,0.740241,0.549107,0.605863,0.549107,0.605863,0.700914,0.734370,0.688637,0.740241,0.507978,0.734370,0.510703,0.740241
5,0.552879,0.705300,0.734370,0.552879,0.689311,0.740241,0.547041,0.605426,0.547041,0.605426,0.705300,0.734370,0.689311,0.740241,0.508643,0.734370,0.511406,0.740241
6,0.550871,0.708423,0.734370,0.550871,0.688419,0.740241,0.544857,0.604999,0.544857,0.604999,0.708423,0.734370,0.688419,0.740241,0.509602,0.734370,0.512390,0.740241
