epoch,train_loss,train_auc,train_acc,val_loss,val_auc,val_acc,train_bce_loss,train_im_loss,val_bce_loss,val_im_loss,train_encoder1_auc,train_encoder1_acc,val_encoder1_auc,val_encoder1_acc,train_encoder2_auc,train_encoder2_acc,val_encoder2_auc,val_encoder2_acc
1,0.567857,0.680382,0.734370,0.567857,0.675598,0.740241,0.563305,0.608824,0.563305,0.608824,0.680382,0.734370,0.675598,0.740241,0.506323,0.734370,0.508879,0.740241
2,0.559430,0.693518,0.734370,0.559430,0.686649,0.740241,0.553997,0.608336,0.553997,0.608336,0.693518,0.734370,0.686649,0.740241,0.508061,0.734370,0.510489,0.740241
3,0.556900,0.698830,0.734370,0.556900,0.689919,0.740241,0.551237,0.607868,0.551237,0.607868,0.698830,0.734370,0.689919,0.740241,0.508951,0.734370,0.511370,0.740241
4,0.554938,0.700914,0.734370,0.554938,0.688637,0.740241,0.549107,0.607414,0.549107,0.607414,0.700914,0.734370,0.688637,0.740241,0.509495,0.734370,0.511889,0.740241
5,0.553034,0.705300,0.734370,0.553034,0.689311,0.740241,0.547041,0.606974,0.547041,0.606974,0.705300,0.734370,0.689311,0.740241,0.509855,0.734370,0.512290,0.740241
6,0.551026,0.708423,0.734370,0.551026,0.688419,0.740241,0.544857,0.606546,0.544857,0.606546,0.708423,0.734370,0.688419,0.740241,0.509983,0.734370,0.512500,0.740241
