{
  "valid_auc": 0.7584515920883521,
  "valid_acc": 0.7348603880738287,
  "valid_metrics": {
    "l_sup": 0.5424671310648246,
    "l_reg": 0.0011784401431214064,
    "l_ref": 0.013925746238480011,
    "l_init": 0.010960271212729557,
    "l_rate": 0.17709123468716573
  },
  "test_auc": 0.7535125507558901,
  "test_acc": 0.7263666322047041,
  "test_metrics": {
    "l_sup": 0.5558618313967562,
    "l_reg": 0.00114724823506549,
    "l_ref": 0.0138422263165315,
    "l_init": 0.010952967661589872,
    "l_rate": 0.17898128340480896
  },
  "window_test_auc": 0.7543029640292053,
  "window_test_acc": 0.7268052869116699,
  "window_metrics": {
    "l_sup": 0.540850670434482,
    "l_reg": 0.0010748415426695085,
    "l_ref": 0.0,
    "l_init": 0.011392800024869188,
    "l_rate": 0.1745517058396993
  },
  "checkpoint": "/workspaces/pykt-toolkit/experiments/20251221_135309_idkt_pareto_v2_l0.85_assist2009_841121/best_model.pt"
}