{
  "prediction_mse": 0.018632613122463226,
  "prediction_corr": 0.8093726105258742,
  "initmastery_mse": 0.010875396430492401,
  "initmastery_corr": 0.9944681366316532,
  "learning_rate_mse": 0.17621617019176483,
  "learning_rate_corr": 0.9994839377063007,
  "h2_functional_alignment": 0.27570635033852214,
  "h3_discriminant_overlap": -0.10575903377847243,
  "h3_latent_overlap": -0.033108159875088555
}