split,auc,acc,l_sup,l_ref,l_init,l_rate,l_reg
test,0.753513,0.726367,0.555862,0.013842,0.010953,0.178981,0.001147
