{
  "valid_auc": 0.7584515920883521,
  "valid_acc": 0.7348603880738287,
  "valid_metrics": {
    "l_sup": 0.5421473490967708,
    "l_reg": 0.0011803024729791407,
    "l_ref": 0.010599055172254642,
    "l_init": 0.009699932667026042,
    "l_rate": 0.16889272722717671
  },
  "test_auc": 0.7569969292219769,
  "test_acc": 0.732531945101751,
  "test_metrics": {
    "l_sup": 0.5421473490967708,
    "l_reg": 0.0011803024729791407,
    "l_ref": 0.010599055172254642,
    "l_init": 0.009699932667026042,
    "l_rate": 0.16889272722717671
  },
  "best_epoch": 8,
  "params": {
    "model_name": "idkt",
    "dataset_name": "assist2009",
    "fold": 0,
    "seed": 42,
    "emb_type": "qid",
    "save_dir": "/workspaces/pykt-toolkit/experiments/20251221_135309_idkt_pareto_v2_l0.85_assist2009_841121",
    "d_model": 256,
    "d_ff": 512,
    "num_attn_heads": 8,
    "n_blocks": 4,
    "dropout": 0.2,
    "final_fc_dim": 512,
    "learning_rate": 0.0001,
    "weight_decay": 0.0,
    "batch_size": 64,
    "num_epochs": 100,
    "optimizer": "Adam",
    "gradient_clip": 1.0,
    "patience": 10,
    "seq_len": 200,
    "l2": 1e-05,
    "lambda_student": 1e-05,
    "lambda_gap": 1e-05,
    "lambda_ref": 0.85,
    "lambda_initmastery": 0.85,
    "lambda_rate": 0.85,
    "theory_guided": 1,
    "calibrate": 1,
    "use_wandb": 0,
    "add_uuid": 0
  }
}