split,total_auc,bce_auc,mastery_auc,total_acc,bce_acc,mastery_acc
training,0.7504269520586937,0.7504269520586937,N/A,0.7611602324031576,0.7611602324031576,N/A
validation,0.7242383058889262,0.7242383058889262,N/A,0.7535353142123038,0.7535353142123038,N/A
test,0.718140765244108,0.718140765244108,N/A,0.7467011412268189,0.7467011412268189,N/A
