{
  "train": {
    "total_auc": 0.7057232353687307,
    "total_acc": 0.7449431663522278,
    "bce_auc": 0.7083147412638233,
    "bce_acc": 0.7451402772693567,
    "mastery_auc": 0.5162133694512967,
    "mastery_acc": 0.7215315518260919
  },
  "valid": {
    "total_auc": 0.7003211888055727,
    "total_acc": 0.7456714907201043,
    "bce_auc": 0.7030279630338245,
    "bce_acc": 0.7458369424519946,
    "mastery_auc": 0.5129773002974939,
    "mastery_acc": 0.7265277520949109
  },
  "test": {
    "total_auc": 0.6960301870208749,
    "total_acc": 0.7406309438896814,
    "bce_auc": 0.6991475064077759,
    "bce_acc": 0.7411658939610081,
    "mastery_auc": 0.513720448471809,
    "mastery_acc": 0.7160901093675701
  },
  "checkpoint_epoch": 2,
  "checkpoint_val_auc": 0.7030279630338245
}