split,total_auc,bce_auc,mastery_auc,total_acc,bce_acc,mastery_acc
training,0.7057232353687307,0.7083147412638233,0.5162133694512967,0.7449431663522278,0.7451402772693567,0.7215315518260919
validation,0.7003211888055727,0.7030279630338245,0.5129773002974939,0.7456714907201043,0.7458369424519946,0.7265277520949109
test,0.6960301870208749,0.6991475064077759,0.513720448471809,0.7406309438896814,0.7411658939610081,0.7160901093675701
