epoch,train_loss,train_auc,train_acc,val_loss,val_auc,val_acc,train_bce_loss,train_im_loss,val_bce_loss,val_im_loss,train_encoder1_auc,train_encoder1_acc,val_encoder1_auc,val_encoder1_acc,train_encoder2_auc,train_encoder2_acc,val_encoder2_auc,val_encoder2_acc
1,0.567918,0.680382,0.734370,0.567918,0.675598,0.740241,0.563305,0.609432,0.563305,0.609432,0.680382,0.734370,0.675598,0.740241,0.514083,0.734370,0.516034,0.740241
2,0.559483,0.693518,0.734370,0.559483,0.686649,0.740241,0.553997,0.608862,0.553997,0.608862,0.693518,0.734370,0.686649,0.740241,0.515993,0.734370,0.517876,0.740241
3,0.556945,0.698830,0.734370,0.556945,0.689919,0.740241,0.551237,0.608319,0.551237,0.608319,0.698830,0.734370,0.689919,0.740241,0.516863,0.734370,0.518690,0.740241
4,0.554976,0.700914,0.734370,0.554976,0.688637,0.740241,0.549107,0.607798,0.549107,0.607798,0.700914,0.734370,0.688637,0.740241,0.517352,0.734370,0.519168,0.740241
5,0.553066,0.705300,0.734370,0.553066,0.689311,0.740241,0.547041,0.607297,0.547041,0.607297,0.705300,0.734370,0.689311,0.740241,0.517712,0.734370,0.519559,0.740241
6,0.551053,0.708423,0.734370,0.551053,0.688419,0.740241,0.544857,0.606815,0.544857,0.606815,0.708423,0.734370,0.688419,0.740241,0.517791,0.734370,0.519641,0.740241
