{
  "train": {
    "total_auc": 0.7525067994916095,
    "total_acc": 0.7608692591445386,
    "bce_auc": 0.7525067994916095,
    "bce_acc": 0.7608692591445386,
    "mastery_auc": "N/A",
    "mastery_acc": "N/A"
  },
  "valid": {
    "total_auc": 0.7235331464667071,
    "total_acc": 0.7533212002063281,
    "bce_auc": 0.7235331464667071,
    "bce_acc": 0.7533212002063281,
    "mastery_auc": "N/A",
    "mastery_acc": "N/A"
  },
  "test": {
    "total_auc": 0.7180742448819237,
    "total_acc": 0.7470800641940085,
    "bce_auc": 0.7180742448819237,
    "bce_acc": 0.7470800641940085,
    "mastery_auc": "N/A",
    "mastery_acc": "N/A"
  },
  "checkpoint_epoch": 8,
  "checkpoint_val_auc": 0.7235331464667071
}